ISO-10303-21;
HEADER;
/* Generated by software containing ST-Developer
 * from STEP Tools, Inc. (www.steptools.com) 
 */

FILE_DESCRIPTION(
/* description */ (''),
/* implementation_level */ '2;1');

FILE_NAME(
/* name */ 'naca0018_1m.step',
/* time_stamp */ '2026-07-16T09:56:29-04:00',
/* author */ (''),
/* organization */ (''),
/* preprocessor_version */ 'ST-DEVELOPER v20.1',
/* originating_system */ 'Autodesk Translation Framework v14.21.0.0',
/* authorisation */ '');

FILE_SCHEMA (('AUTOMOTIVE_DESIGN { 1 0 10303 214 3 1 1 }'));
ENDSEC;

DATA;
#10=MECHANICAL_DESIGN_GEOMETRIC_PRESENTATION_REPRESENTATION('',(#13),#4127);
#11=SHAPE_REPRESENTATION_RELATIONSHIP('SRR','None',#4134,#12);
#12=ADVANCED_BREP_SHAPE_REPRESENTATION('',(#14),#4126);
#13=STYLED_ITEM('',(#4143),#14);
#14=MANIFOLD_SOLID_BREP('Body1',#63);
#15=(
BOUNDED_SURFACE()
B_SPLINE_SURFACE(5,1,((#1108,#1109),(#1110,#1111),(#1112,#1113),(#1114,
#1115),(#1116,#1117),(#1118,#1119),(#1120,#1121),(#1122,#1123),(#1124,#1125),
(#1126,#1127),(#1128,#1129),(#1130,#1131),(#1132,#1133),(#1134,#1135),(#1136,
#1137),(#1138,#1139),(#1140,#1141),(#1142,#1143),(#1144,#1145),(#1146,#1147),
(#1148,#1149),(#1150,#1151),(#1152,#1153),(#1154,#1155),(#1156,#1157),(#1158,
#1159),(#1160,#1161),(#1162,#1163),(#1164,#1165),(#1166,#1167),(#1168,#1169),
(#1170,#1171),(#1172,#1173),(#1174,#1175),(#1176,#1177),(#1178,#1179),(#1180,
#1181),(#1182,#1183),(#1184,#1185),(#1186,#1187),(#1188,#1189),(#1190,#1191),
(#1192,#1193),(#1194,#1195),(#1196,#1197),(#1198,#1199),(#1200,#1201),(#1202,
#1203),(#1204,#1205),(#1206,#1207),(#1208,#1209),(#1210,#1211),(#1212,#1213),
(#1214,#1215),(#1216,#1217),(#1218,#1219),(#1220,#1221),(#1222,#1223),(#1224,
#1225),(#1226,#1227),(#1228,#1229),(#1230,#1231),(#1232,#1233),(#1234,#1235),
(#1236,#1237),(#1238,#1239),(#1240,#1241),(#1242,#1243),(#1244,#1245),(#1246,
#1247),(#1248,#1249),(#1250,#1251),(#1252,#1253),(#1254,#1255),(#1256,#1257),
(#1258,#1259),(#1260,#1261),(#1262,#1263),(#1264,#1265),(#1266,#1267),(#1268,
#1269),(#1270,#1271),(#1272,#1273),(#1274,#1275),(#1276,#1277),(#1278,#1279),
(#1280,#1281),(#1282,#1283),(#1284,#1285),(#1286,#1287),(#1288,#1289),(#1290,
#1291),(#1292,#1293),(#1294,#1295),(#1296,#1297),(#1298,#1299),(#1300,#1301),
(#1302,#1303),(#1304,#1305),(#1306,#1307),(#1308,#1309),(#1310,#1311),(#1312,
#1313),(#1314,#1315),(#1316,#1317),(#1318,#1319),(#1320,#1321),(#1322,#1323),
(#1324,#1325),(#1326,#1327),(#1328,#1329),(#1330,#1331),(#1332,#1333),(#1334,
#1335),(#1336,#1337),(#1338,#1339),(#1340,#1341),(#1342,#1343),(#1344,#1345),
(#1346,#1347),(#1348,#1349),(#1350,#1351),(#1352,#1353),(#1354,#1355),(#1356,
#1357),(#1358,#1359),(#1360,#1361),(#1362,#1363),(#1364,#1365),(#1366,#1367),
(#1368,#1369),(#1370,#1371),(#1372,#1373),(#1374,#1375),(#1376,#1377),(#1378,
#1379),(#1380,#1381),(#1382,#1383),(#1384,#1385),(#1386,#1387),(#1388,#1389),
(#1390,#1391),(#1392,#1393),(#1394,#1395),(#1396,#1397),(#1398,#1399),(#1400,
#1401),(#1402,#1403),(#1404,#1405),(#1406,#1407),(#1408,#1409),(#1410,#1411),
(#1412,#1413),(#1414,#1415),(#1416,#1417),(#1418,#1419),(#1420,#1421),(#1422,
#1423),(#1424,#1425),(#1426,#1427),(#1428,#1429),(#1430,#1431),(#1432,#1433),
(#1434,#1435),(#1436,#1437),(#1438,#1439),(#1440,#1441),(#1442,#1443),(#1444,
#1445),(#1446,#1447),(#1448,#1449),(#1450,#1451),(#1452,#1453),(#1454,#1455),
(#1456,#1457),(#1458,#1459),(#1460,#1461),(#1462,#1463),(#1464,#1465),(#1466,
#1467),(#1468,#1469),(#1470,#1471),(#1472,#1473),(#1474,#1475),(#1476,#1477),
(#1478,#1479),(#1480,#1481),(#1482,#1483),(#1484,#1485),(#1486,#1487),(#1488,
#1489),(#1490,#1491),(#1492,#1493),(#1494,#1495),(#1496,#1497),(#1498,#1499),
(#1500,#1501),(#1502,#1503),(#1504,#1505),(#1506,#1507),(#1508,#1509),(#1510,
#1511),(#1512,#1513),(#1514,#1515),(#1516,#1517),(#1518,#1519),(#1520,#1521),
(#1522,#1523),(#1524,#1525),(#1526,#1527),(#1528,#1529),(#1530,#1531),(#1532,
#1533),(#1534,#1535),(#1536,#1537),(#1538,#1539),(#1540,#1541),(#1542,#1543),
(#1544,#1545),(#1546,#1547),(#1548,#1549),(#1550,#1551),(#1552,#1553),(#1554,
#1555),(#1556,#1557),(#1558,#1559),(#1560,#1561),(#1562,#1563),(#1564,#1565),
(#1566,#1567),(#1568,#1569),(#1570,#1571),(#1572,#1573),(#1574,#1575),(#1576,
#1577),(#1578,#1579),(#1580,#1581),(#1582,#1583),(#1584,#1585),(#1586,#1587),
(#1588,#1589),(#1590,#1591),(#1592,#1593),(#1594,#1595),(#1596,#1597),(#1598,
#1599),(#1600,#1601),(#1602,#1603),(#1604,#1605),(#1606,#1607),(#1608,#1609),
(#1610,#1611),(#1612,#1613),(#1614,#1615),(#1616,#1617),(#1618,#1619),(#1620,
#1621),(#1622,#1623),(#1624,#1625),(#1626,#1627),(#1628,#1629),(#1630,#1631),
(#1632,#1633),(#1634,#1635),(#1636,#1637),(#1638,#1639),(#1640,#1641),(#1642,
#1643),(#1644,#1645),(#1646,#1647),(#1648,#1649),(#1650,#1651),(#1652,#1653),
(#1654,#1655),(#1656,#1657),(#1658,#1659),(#1660,#1661),(#1662,#1663),(#1664,
#1665),(#1666,#1667),(#1668,#1669),(#1670,#1671),(#1672,#1673),(#1674,#1675),
(#1676,#1677),(#1678,#1679),(#1680,#1681),(#1682,#1683),(#1684,#1685),(#1686,
#1687),(#1688,#1689),(#1690,#1691),(#1692,#1693),(#1694,#1695),(#1696,#1697),
(#1698,#1699),(#1700,#1701),(#1702,#1703),(#1704,#1705),(#1706,#1707),(#1708,
#1709),(#1710,#1711),(#1712,#1713),(#1714,#1715),(#1716,#1717),(#1718,#1719),
(#1720,#1721),(#1722,#1723),(#1724,#1725),(#1726,#1727),(#1728,#1729),(#1730,
#1731),(#1732,#1733),(#1734,#1735),(#1736,#1737),(#1738,#1739),(#1740,#1741),
(#1742,#1743),(#1744,#1745),(#1746,#1747),(#1748,#1749),(#1750,#1751),(#1752,
#1753),(#1754,#1755),(#1756,#1757),(#1758,#1759),(#1760,#1761),(#1762,#1763),
(#1764,#1765),(#1766,#1767),(#1768,#1769),(#1770,#1771),(#1772,#1773),(#1774,
#1775),(#1776,#1777),(#1778,#1779),(#1780,#1781),(#1782,#1783),(#1784,#1785),
(#1786,#1787),(#1788,#1789),(#1790,#1791),(#1792,#1793),(#1794,#1795),(#1796,
#1797),(#1798,#1799),(#1800,#1801),(#1802,#1803),(#1804,#1805),(#1806,#1807),
(#1808,#1809),(#1810,#1811),(#1812,#1813),(#1814,#1815),(#1816,#1817),(#1818,
#1819),(#1820,#1821),(#1822,#1823),(#1824,#1825),(#1826,#1827),(#1828,#1829),
(#1830,#1831),(#1832,#1833),(#1834,#1835),(#1836,#1837),(#1838,#1839),(#1840,
#1841),(#1842,#1843),(#1844,#1845),(#1846,#1847),(#1848,#1849),(#1850,#1851),
(#1852,#1853),(#1854,#1855),(#1856,#1857),(#1858,#1859),(#1860,#1861),(#1862,
#1863),(#1864,#1865),(#1866,#1867),(#1868,#1869),(#1870,#1871),(#1872,#1873),
(#1874,#1875),(#1876,#1877),(#1878,#1879),(#1880,#1881),(#1882,#1883),(#1884,
#1885),(#1886,#1887),(#1888,#1889),(#1890,#1891),(#1892,#1893),(#1894,#1895),
(#1896,#1897),(#1898,#1899),(#1900,#1901),(#1902,#1903),(#1904,#1905),(#1906,
#1907),(#1908,#1909),(#1910,#1911),(#1912,#1913),(#1914,#1915),(#1916,#1917),
(#1918,#1919),(#1920,#1921),(#1922,#1923),(#1924,#1925),(#1926,#1927),(#1928,
#1929),(#1930,#1931),(#1932,#1933),(#1934,#1935),(#1936,#1937),(#1938,#1939),
(#1940,#1941),(#1942,#1943),(#1944,#1945),(#1946,#1947),(#1948,#1949),(#1950,
#1951),(#1952,#1953),(#1954,#1955),(#1956,#1957),(#1958,#1959),(#1960,#1961),
(#1962,#1963),(#1964,#1965),(#1966,#1967),(#1968,#1969),(#1970,#1971),(#1972,
#1973),(#1974,#1975),(#1976,#1977),(#1978,#1979),(#1980,#1981),(#1982,#1983),
(#1984,#1985),(#1986,#1987),(#1988,#1989),(#1990,#1991),(#1992,#1993),(#1994,
#1995),(#1996,#1997),(#1998,#1999),(#2000,#2001),(#2002,#2003),(#2004,#2005),
(#2006,#2007),(#2008,#2009),(#2010,#2011),(#2012,#2013),(#2014,#2015),(#2016,
#2017),(#2018,#2019),(#2020,#2021),(#2022,#2023),(#2024,#2025),(#2026,#2027),
(#2028,#2029),(#2030,#2031),(#2032,#2033),(#2034,#2035),(#2036,#2037),(#2038,
#2039),(#2040,#2041),(#2042,#2043),(#2044,#2045),(#2046,#2047),(#2048,#2049),
(#2050,#2051),(#2052,#2053),(#2054,#2055),(#2056,#2057),(#2058,#2059),(#2060,
#2061),(#2062,#2063),(#2064,#2065),(#2066,#2067),(#2068,#2069),(#2070,#2071),
(#2072,#2073),(#2074,#2075),(#2076,#2077),(#2078,#2079),(#2080,#2081),(#2082,
#2083),(#2084,#2085),(#2086,#2087),(#2088,#2089),(#2090,#2091),(#2092,#2093),
(#2094,#2095),(#2096,#2097),(#2098,#2099),(#2100,#2101),(#2102,#2103),(#2104,
#2105),(#2106,#2107),(#2108,#2109),(#2110,#2111),(#2112,#2113),(#2114,#2115),
(#2116,#2117),(#2118,#2119),(#2120,#2121),(#2122,#2123),(#2124,#2125),(#2126,
#2127),(#2128,#2129),(#2130,#2131),(#2132,#2133),(#2134,#2135),(#2136,#2137),
(#2138,#2139),(#2140,#2141),(#2142,#2143),(#2144,#2145),(#2146,#2147),(#2148,
#2149),(#2150,#2151),(#2152,#2153),(#2154,#2155),(#2156,#2157),(#2158,#2159),
(#2160,#2161),(#2162,#2163),(#2164,#2165),(#2166,#2167),(#2168,#2169),(#2170,
#2171),(#2172,#2173),(#2174,#2175),(#2176,#2177),(#2178,#2179),(#2180,#2181),
(#2182,#2183),(#2184,#2185),(#2186,#2187),(#2188,#2189),(#2190,#2191),(#2192,
#2193),(#2194,#2195),(#2196,#2197),(#2198,#2199),(#2200,#2201),(#2202,#2203),
(#2204,#2205),(#2206,#2207),(#2208,#2209),(#2210,#2211),(#2212,#2213),(#2214,
#2215),(#2216,#2217),(#2218,#2219),(#2220,#2221),(#2222,#2223),(#2224,#2225),
(#2226,#2227),(#2228,#2229),(#2230,#2231),(#2232,#2233),(#2234,#2235),(#2236,
#2237),(#2238,#2239),(#2240,#2241),(#2242,#2243),(#2244,#2245),(#2246,#2247),
(#2248,#2249),(#2250,#2251),(#2252,#2253),(#2254,#2255),(#2256,#2257),(#2258,
#2259),(#2260,#2261),(#2262,#2263),(#2264,#2265),(#2266,#2267),(#2268,#2269),
(#2270,#2271),(#2272,#2273),(#2274,#2275),(#2276,#2277),(#2278,#2279),(#2280,
#2281),(#2282,#2283),(#2284,#2285),(#2286,#2287),(#2288,#2289),(#2290,#2291),
(#2292,#2293),(#2294,#2295),(#2296,#2297),(#2298,#2299),(#2300,#2301),(#2302,
#2303),(#2304,#2305),(#2306,#2307),(#2308,#2309),(#2310,#2311),(#2312,#2313),
(#2314,#2315),(#2316,#2317),(#2318,#2319),(#2320,#2321),(#2322,#2323),(#2324,
#2325),(#2326,#2327),(#2328,#2329),(#2330,#2331),(#2332,#2333),(#2334,#2335),
(#2336,#2337),(#2338,#2339),(#2340,#2341),(#2342,#2343),(#2344,#2345),(#2346,
#2347),(#2348,#2349),(#2350,#2351),(#2352,#2353),(#2354,#2355),(#2356,#2357),
(#2358,#2359),(#2360,#2361),(#2362,#2363),(#2364,#2365),(#2366,#2367),(#2368,
#2369),(#2370,#2371),(#2372,#2373),(#2374,#2375),(#2376,#2377),(#2378,#2379),
(#2380,#2381),(#2382,#2383),(#2384,#2385),(#2386,#2387),(#2388,#2389),(#2390,
#2391),(#2392,#2393),(#2394,#2395),(#2396,#2397),(#2398,#2399),(#2400,#2401),
(#2402,#2403),(#2404,#2405),(#2406,#2407),(#2408,#2409),(#2410,#2411),(#2412,
#2413),(#2414,#2415),(#2416,#2417),(#2418,#2419),(#2420,#2421),(#2422,#2423),
(#2424,#2425),(#2426,#2427),(#2428,#2429),(#2430,#2431),(#2432,#2433),(#2434,
#2435),(#2436,#2437),(#2438,#2439),(#2440,#2441),(#2442,#2443),(#2444,#2445),
(#2446,#2447),(#2448,#2449),(#2450,#2451),(#2452,#2453),(#2454,#2455),(#2456,
#2457),(#2458,#2459),(#2460,#2461),(#2462,#2463),(#2464,#2465),(#2466,#2467),
(#2468,#2469),(#2470,#2471),(#2472,#2473),(#2474,#2475),(#2476,#2477),(#2478,
#2479),(#2480,#2481),(#2482,#2483),(#2484,#2485),(#2486,#2487),(#2488,#2489),
(#2490,#2491),(#2492,#2493),(#2494,#2495),(#2496,#2497),(#2498,#2499),(#2500,
#2501),(#2502,#2503),(#2504,#2505),(#2506,#2507),(#2508,#2509),(#2510,#2511),
(#2512,#2513),(#2514,#2515),(#2516,#2517),(#2518,#2519),(#2520,#2521),(#2522,
#2523),(#2524,#2525),(#2526,#2527),(#2528,#2529),(#2530,#2531),(#2532,#2533),
(#2534,#2535),(#2536,#2537),(#2538,#2539),(#2540,#2541),(#2542,#2543),(#2544,
#2545),(#2546,#2547),(#2548,#2549),(#2550,#2551),(#2552,#2553),(#2554,#2555),
(#2556,#2557),(#2558,#2559),(#2560,#2561),(#2562,#2563),(#2564,#2565),(#2566,
#2567),(#2568,#2569),(#2570,#2571),(#2572,#2573),(#2574,#2575),(#2576,#2577),
(#2578,#2579),(#2580,#2581),(#2582,#2583),(#2584,#2585),(#2586,#2587),(#2588,
#2589),(#2590,#2591),(#2592,#2593),(#2594,#2595),(#2596,#2597),(#2598,#2599),
(#2600,#2601),(#2602,#2603),(#2604,#2605),(#2606,#2607),(#2608,#2609),(#2610,
#2611),(#2612,#2613),(#2614,#2615),(#2616,#2617),(#2618,#2619),(#2620,#2621),
(#2622,#2623),(#2624,#2625),(#2626,#2627),(#2628,#2629),(#2630,#2631),(#2632,
#2633),(#2634,#2635),(#2636,#2637),(#2638,#2639),(#2640,#2641),(#2642,#2643),
(#2644,#2645),(#2646,#2647),(#2648,#2649),(#2650,#2651),(#2652,#2653),(#2654,
#2655),(#2656,#2657),(#2658,#2659),(#2660,#2661),(#2662,#2663),(#2664,#2665),
(#2666,#2667),(#2668,#2669),(#2670,#2671),(#2672,#2673),(#2674,#2675),(#2676,
#2677),(#2678,#2679),(#2680,#2681),(#2682,#2683),(#2684,#2685),(#2686,#2687),
(#2688,#2689),(#2690,#2691),(#2692,#2693),(#2694,#2695),(#2696,#2697),(#2698,
#2699),(#2700,#2701),(#2702,#2703),(#2704,#2705),(#2706,#2707),(#2708,#2709),
(#2710,#2711),(#2712,#2713),(#2714,#2715),(#2716,#2717),(#2718,#2719),(#2720,
#2721),(#2722,#2723),(#2724,#2725),(#2726,#2727),(#2728,#2729),(#2730,#2731),
(#2732,#2733),(#2734,#2735),(#2736,#2737),(#2738,#2739),(#2740,#2741),(#2742,
#2743),(#2744,#2745),(#2746,#2747),(#2748,#2749),(#2750,#2751),(#2752,#2753),
(#2754,#2755),(#2756,#2757),(#2758,#2759),(#2760,#2761),(#2762,#2763),(#2764,
#2765),(#2766,#2767),(#2768,#2769),(#2770,#2771),(#2772,#2773),(#2774,#2775),
(#2776,#2777),(#2778,#2779),(#2780,#2781),(#2782,#2783),(#2784,#2785),(#2786,
#2787),(#2788,#2789),(#2790,#2791),(#2792,#2793),(#2794,#2795),(#2796,#2797),
(#2798,#2799),(#2800,#2801),(#2802,#2803),(#2804,#2805),(#2806,#2807),(#2808,
#2809),(#2810,#2811),(#2812,#2813),(#2814,#2815),(#2816,#2817),(#2818,#2819),
(#2820,#2821),(#2822,#2823),(#2824,#2825),(#2826,#2827),(#2828,#2829),(#2830,
#2831),(#2832,#2833),(#2834,#2835),(#2836,#2837),(#2838,#2839),(#2840,#2841),
(#2842,#2843),(#2844,#2845),(#2846,#2847),(#2848,#2849),(#2850,#2851),(#2852,
#2853),(#2854,#2855),(#2856,#2857),(#2858,#2859),(#2860,#2861),(#2862,#2863),
(#2864,#2865),(#2866,#2867),(#2868,#2869),(#2870,#2871),(#2872,#2873),(#2874,
#2875),(#2876,#2877),(#2878,#2879),(#2880,#2881),(#2882,#2883),(#2884,#2885),
(#2886,#2887),(#2888,#2889),(#2890,#2891),(#2892,#2893),(#2894,#2895),(#2896,
#2897),(#2898,#2899),(#2900,#2901),(#2902,#2903),(#2904,#2905),(#2906,#2907),
(#2908,#2909),(#2910,#2911),(#2912,#2913),(#2914,#2915),(#2916,#2917),(#2918,
#2919),(#2920,#2921),(#2922,#2923),(#2924,#2925),(#2926,#2927),(#2928,#2929),
(#2930,#2931),(#2932,#2933),(#2934,#2935),(#2936,#2937),(#2938,#2939),(#2940,
#2941),(#2942,#2943),(#2944,#2945),(#2946,#2947),(#2948,#2949),(#2950,#2951),
(#2952,#2953),(#2954,#2955),(#2956,#2957),(#2958,#2959),(#2960,#2961),(#2962,
#2963),(#2964,#2965),(#2966,#2967),(#2968,#2969),(#2970,#2971),(#2972,#2973),
(#2974,#2975),(#2976,#2977),(#2978,#2979),(#2980,#2981),(#2982,#2983),(#2984,
#2985),(#2986,#2987),(#2988,#2989),(#2990,#2991),(#2992,#2993),(#2994,#2995),
(#2996,#2997),(#2998,#2999),(#3000,#3001),(#3002,#3003),(#3004,#3005),(#3006,
#3007),(#3008,#3009),(#3010,#3011),(#3012,#3013),(#3014,#3015),(#3016,#3017),
(#3018,#3019),(#3020,#3021),(#3022,#3023),(#3024,#3025),(#3026,#3027),(#3028,
#3029),(#3030,#3031),(#3032,#3033),(#3034,#3035),(#3036,#3037),(#3038,#3039),
(#3040,#3041),(#3042,#3043),(#3044,#3045),(#3046,#3047),(#3048,#3049),(#3050,
#3051),(#3052,#3053),(#3054,#3055),(#3056,#3057),(#3058,#3059),(#3060,#3061),
(#3062,#3063),(#3064,#3065),(#3066,#3067),(#3068,#3069),(#3070,#3071),(#3072,
#3073),(#3074,#3075),(#3076,#3077),(#3078,#3079),(#3080,#3081),(#3082,#3083),
(#3084,#3085),(#3086,#3087),(#3088,#3089),(#3090,#3091),(#3092,#3093),(#3094,
#3095),(#3096,#3097),(#3098,#3099),(#3100,#3101),(#3102,#3103),(#3104,#3105),
(#3106,#3107),(#3108,#3109),(#3110,#3111),(#3112,#3113),(#3114,#3115),(#3116,
#3117)),.UNSPECIFIED.,.F.,.F.,.F.)
B_SPLINE_SURFACE_WITH_KNOTS((6,1,1,1,1,1,1,1,1,1,1,1,1,1,1,1,1,1,1,1,1,
1,1,1,1,1,1,1,1,1,1,1,1,1,1,1,1,1,1,1,1,1,1,1,1,1,1,1,1,1,1,1,1,1,1,1,1,
1,1,1,1,1,1,1,1,1,1,1,1,1,1,1,1,1,1,1,1,1,1,1,1,1,1,1,1,1,1,1,1,1,1,1,1,
1,1,1,1,1,1,1,1,1,1,1,1,1,1,1,1,1,1,1,1,1,1,1,1,1,1,1,1,1,1,1,1,1,1,1,1,
1,1,1,1,1,1,1,1,1,1,1,1,1,1,1,1,1,1,1,1,1,1,1,1,1,1,1,1,1,1,1,1,1,1,1,1,
1,1,1,1,1,1,1,1,1,1,1,1,1,1,1,1,1,1,1,1,1,1,1,1,1,1,1,1,1,1,1,1,1,1,1,1,
1,1,1,1,1,1,1,1,1,1,1,1,1,1,1,1,1,1,1,1,1,1,1,1,1,1,1,1,1,1,1,1,1,1,1,1,
1,1,1,1,1,1,1,1,1,1,1,1,1,1,1,1,1,1,1,1,1,1,1,1,1,1,1,1,1,1,1,1,1,1,1,1,
1,1,1,1,1,1,1,1,1,1,1,1,1,1,1,1,1,1,1,1,1,1,1,1,1,1,1,1,1,1,1,1,1,1,1,1,
1,1,1,1,1,1,1,1,1,1,1,1,1,1,1,1,1,1,1,1,1,1,1,1,1,1,1,1,1,1,1,1,1,1,1,1,
1,1,1,1,1,1,1,1,1,1,1,1,1,1,1,1,1,1,1,1,1,1,1,1,1,1,1,1,1,1,1,1,1,1,1,1,
1,1,1,1,1,1,1,1,1,1,1,1,1,1,1,1,1,1,1,1,1,1,1,1,1,1,1,1,1,1,1,1,1,1,1,1,
1,1,1,1,1,1,1,1,1,1,1,1,1,1,1,1,1,1,1,1,1,1,1,1,1,1,1,1,1,1,1,1,1,1,1,1,
1,1,1,1,1,1,1,1,1,1,1,1,1,1,1,1,1,1,1,1,1,1,1,1,1,1,1,1,1,1,1,1,1,1,1,1,
1,1,1,1,1,1,1,1,1,1,1,1,1,1,1,1,1,1,1,1,1,1,1,1,1,1,1,1,1,1,1,1,1,1,1,1,
1,1,1,1,1,1,1,1,1,1,1,1,1,1,1,1,1,1,1,1,1,1,1,1,1,1,1,1,1,1,1,1,1,1,1,1,
1,1,1,1,1,1,1,1,1,1,1,1,1,1,1,1,1,1,1,1,1,1,1,1,1,1,1,1,1,1,1,1,1,1,1,1,
1,1,1,1,1,1,1,1,1,1,1,1,1,1,1,1,1,1,1,1,1,1,1,1,1,1,1,1,1,1,1,1,1,1,1,1,
1,1,1,1,1,1,1,1,1,1,1,1,1,1,1,1,1,1,1,1,1,1,1,1,1,1,1,1,1,1,1,1,1,1,1,1,
1,1,1,1,1,1,1,1,1,1,1,1,1,1,1,1,1,1,1,1,1,1,1,1,1,1,1,1,1,1,1,1,1,1,1,1,
1,1,1,1,1,1,1,1,1,1,1,1,1,1,1,1,1,1,1,1,1,1,1,1,1,1,1,1,1,1,1,1,1,1,1,1,
1,1,1,1,1,1,1,1,1,1,1,1,1,1,1,1,1,1,1,1,1,1,1,1,1,1,1,1,1,1,1,1,1,1,1,1,
1,1,1,1,1,1,1,1,1,1,1,1,1,1,1,1,1,1,1,1,1,1,1,1,1,1,1,1,1,1,1,1,1,1,1,1,
1,1,1,1,1,1,1,1,1,1,1,1,1,1,1,1,1,1,1,1,1,1,1,1,1,1,1,1,1,1,1,1,1,1,1,1,
1,1,1,1,1,1,1,1,1,1,1,1,1,1,1,1,1,1,1,1,1,1,1,1,1,1,1,1,1,1,1,1,1,1,1,1,
1,1,1,1,1,1,1,1,1,1,1,1,1,1,1,1,1,1,1,1,1,1,1,1,1,1,1,1,1,1,1,1,1,1,1,1,
1,1,1,1,1,1,1,1,1,1,1,1,1,1,1,1,1,1,1,1,1,1,1,1,1,1,1,1,1,1,1,1,1,1,1,1,
1,1,1,1,1,1,1,1,1,1,1,1,1,1,1,1,1,1,1,1,1,1,1,1,1,1,1,1,1,1,1,1,1,1,1,1,
1,1,1,1,1,1,1,6),(2,2),(0.000822115354212526,0.001,0.002,0.003,0.004,0.005,
0.006,0.007,0.008,0.009,0.01,0.011,0.012,0.013,0.014,0.015,0.016,0.017,
0.018,0.019,0.02,0.021,0.022,0.023,0.024,0.025,0.026,0.027,0.028,0.029,
0.03,0.031,0.032,0.033,0.034,0.035,0.036,0.037,0.038,0.039,0.04,0.041,0.042,
0.043,0.044,0.045,0.046,0.047,0.048,0.049,0.05,0.051,0.052,0.053,0.054,
0.055,0.056,0.057,0.058,0.059,0.06,0.061,0.062,0.063,0.064,0.065,0.066,
0.067,0.068,0.069,0.07,0.071,0.0720000000000001,0.0730000000000001,0.0740000000000001,
0.0750000000000001,0.0760000000000001,0.0770000000000001,0.0780000000000001,
0.0790000000000001,0.0800000000000001,0.0810000000000001,0.0820000000000001,
0.0830000000000001,0.0840000000000001,0.0850000000000001,0.0860000000000001,
0.0870000000000001,0.0880000000000001,0.0890000000000001,0.0900000000000001,
0.0910000000000001,0.0920000000000001,0.0930000000000001,0.0940000000000001,
0.0950000000000001,0.0960000000000001,0.0970000000000001,0.0980000000000001,
0.0990000000000001,0.1,0.101,0.102,0.103,0.104,0.105,0.106,0.107,0.108,
0.109,0.11,0.111,0.112,0.113,0.114,0.115,0.116,0.117,0.118,0.119,0.12,0.121,
0.122,0.123,0.124,0.125,0.126,0.127,0.128,0.129,0.13,0.131,0.132,0.133,
0.134,0.135,0.136,0.137,0.138,0.139,0.14,0.141,0.142,0.143,0.144,0.145,
0.146,0.147,0.148,0.149,0.15,0.151,0.152,0.153,0.154,0.155,0.156,0.157,
0.158,0.159,0.16,0.161,0.162,0.163,0.164,0.165,0.166,0.167,0.168,0.169,
0.17,0.171,0.172,0.173,0.174,0.175,0.176,0.177,0.178,0.179,0.18,0.181,0.182,
0.183,0.184,0.185,0.186,0.187,0.188,0.189,0.19,0.191,0.192,0.193,0.194,
0.195,0.196,0.197,0.198,0.199,0.2,0.201,0.202,0.203,0.204,0.205,0.206,0.207,
0.208,0.209,0.21,0.211,0.212,0.213,0.214,0.215,0.216,0.217,0.218,0.219,
0.22,0.221,0.222,0.223,0.224,0.225,0.226,0.227,0.228,0.229,0.23,0.231,0.232,
0.233,0.234,0.235,0.236,0.237,0.238,0.239,0.24,0.241,0.242,0.243,0.244,
0.245,0.246,0.247,0.248,0.249,0.25,0.251,0.252,0.253,0.254,0.255,0.256,
0.257,0.258,0.259,0.26,0.261,0.262,0.263,0.264,0.265,0.266,0.267,0.268,
0.269,0.27,0.271,0.272,0.273,0.274,0.275,0.276,0.277,0.278,0.279,0.28,0.281,
0.282,0.283,0.284,0.285,0.286,0.287,0.288,0.289,0.29,0.291,0.292,0.293,
0.294,0.295,0.296,0.297,0.298,0.299,0.3,0.301,0.302,0.303,0.304,0.305,0.306,
0.307,0.308,0.309,0.31,0.311,0.312,0.313,0.314,0.315,0.316,0.317,0.318,
0.319,0.32,0.321,0.322,0.323,0.324,0.325,0.326,0.327,0.328,0.329,0.33,0.331,
0.332,0.333,0.334,0.335,0.336,0.337,0.338,0.339,0.34,0.341,0.342,0.343,
0.344,0.345,0.346,0.347,0.348,0.349,0.35,0.351,0.352,0.353,0.354,0.355,
0.356,0.357,0.358,0.359,0.36,0.361,0.362,0.363,0.364,0.365,0.366,0.367,
0.368,0.369,0.37,0.371,0.372,0.373,0.374,0.375,0.376,0.377,0.378,0.379,
0.38,0.381,0.382,0.383,0.384,0.385,0.386,0.387,0.388,0.389,0.39,0.391,0.392,
0.393,0.394,0.395,0.396,0.397,0.398,0.399,0.4,0.401,0.402,0.403,0.404,0.405,
0.406,0.407,0.408,0.409,0.41,0.411,0.412,0.413,0.414,0.415,0.416,0.417,
0.418,0.419,0.42,0.421,0.422,0.423,0.424,0.425,0.426,0.427,0.428,0.429,
0.43,0.431,0.432,0.433,0.434,0.435,0.436,0.437,0.438,0.439,0.44,0.441,0.442,
0.443,0.444,0.445,0.446,0.447,0.448,0.449,0.45,0.451,0.452,0.453,0.454,
0.455,0.456,0.457,0.458,0.459,0.46,0.461,0.462,0.463,0.464,0.465,0.466,
0.467,0.468,0.469,0.47,0.471,0.472,0.473,0.474,0.475,0.476,0.477,0.478,
0.479,0.48,0.481,0.482,0.483,0.484,0.485,0.486,0.487,0.488,0.489,0.49,0.491,
0.492,0.493,0.494,0.495,0.496,0.497,0.498,0.499,0.5,0.501,0.502,0.503,0.504,
0.505,0.506,0.507,0.508,0.509,0.51,0.511,0.512,0.513,0.514,0.515,0.516,
0.517,0.518,0.519,0.52,0.521,0.522,0.523,0.524,0.525,0.526,0.527,0.528,
0.529,0.53,0.531,0.532,0.533,0.534,0.535,0.536,0.537,0.538,0.539,0.54,0.541,
0.542,0.543,0.544,0.545,0.546,0.547,0.548,0.549,0.55,0.551,0.552,0.553,
0.554,0.555,0.556,0.557,0.558,0.559,0.56,0.561,0.562,0.563,0.564,0.565,
0.566,0.567,0.568,0.569,0.57,0.571,0.572,0.573,0.574,0.575,0.576,0.577,
0.578,0.579,0.58,0.581,0.582,0.583,0.584,0.585,0.586,0.587,0.588,0.589,
0.59,0.591,0.592,0.593,0.594,0.595,0.596,0.597,0.598,0.599,0.6,0.601,0.602,
0.603,0.604,0.605,0.606,0.607,0.608,0.609,0.61,0.611,0.612,0.613,0.614,
0.615,0.616,0.617,0.618,0.619,0.62,0.621,0.622,0.623,0.624,0.625,0.626,
0.627,0.628,0.629,0.63,0.631,0.632,0.633,0.634,0.635,0.636,0.637,0.638,
0.639,0.64,0.641,0.642,0.643,0.644,0.645,0.646,0.647,0.648,0.649,0.65,0.651,
0.652,0.653,0.654,0.655,0.656,0.657,0.658,0.659,0.66,0.661,0.662,0.663,
0.664,0.665,0.666,0.667,0.668,0.669,0.67,0.671,0.672,0.673,0.674,0.675,
0.676,0.677,0.678,0.679,0.68,0.681,0.682,0.683,0.684,0.685,0.686,0.687,
0.688000000000001,0.689000000000001,0.690000000000001,0.691000000000001,
0.692000000000001,0.693000000000001,0.694000000000001,0.695000000000001,
0.696000000000001,0.697000000000001,0.698000000000001,0.699000000000001,
0.700000000000001,0.701000000000001,0.702000000000001,0.703000000000001,
0.704000000000001,0.705000000000001,0.706000000000001,0.707000000000001,
0.708000000000001,0.709000000000001,0.710000000000001,0.711000000000001,
0.712000000000001,0.713000000000001,0.714000000000001,0.715000000000001,
0.716000000000001,0.717000000000001,0.718000000000001,0.719000000000001,
0.720000000000001,0.721000000000001,0.722000000000001,0.723000000000001,
0.724000000000001,0.725000000000001,0.726000000000001,0.727000000000001,
0.728000000000001,0.729000000000001,0.730000000000001,0.731000000000001,
0.732000000000001,0.733000000000001,0.734000000000001,0.735000000000001,
0.736000000000001,0.737000000000001,0.738000000000001,0.739000000000001,
0.740000000000001,0.741000000000001,0.742000000000001,0.743000000000001,
0.744000000000001,0.745000000000001,0.746000000000001,0.747000000000001,
0.748000000000001,0.749000000000001,0.750000000000001,0.751000000000001,
0.752000000000001,0.753000000000001,0.754000000000001,0.755000000000001,
0.756000000000001,0.757000000000001,0.758000000000001,0.759000000000001,
0.760000000000001,0.761000000000001,0.762000000000001,0.763000000000001,
0.764000000000001,0.765000000000001,0.766000000000001,0.767000000000001,
0.768000000000001,0.769000000000001,0.770000000000001,0.771000000000001,
0.772000000000001,0.773000000000001,0.774000000000001,0.775000000000001,
0.776000000000001,0.777000000000001,0.778000000000001,0.779000000000001,
0.780000000000001,0.781000000000001,0.782000000000001,0.783000000000001,
0.784000000000001,0.785000000000001,0.786000000000001,0.787000000000001,
0.788000000000001,0.789000000000001,0.790000000000001,0.791000000000001,
0.792000000000001,0.793000000000001,0.794000000000001,0.795000000000001,
0.796000000000001,0.797000000000001,0.798000000000001,0.799000000000001,
0.800000000000001,0.801000000000001,0.802000000000001,0.803000000000001,
0.804000000000001,0.805000000000001,0.806000000000001,0.807000000000001,
0.808000000000001,0.809000000000001,0.810000000000001,0.811000000000001,
0.812000000000001,0.813000000000001,0.814000000000001,0.815000000000001,
0.816000000000001,0.817000000000001,0.818000000000001,0.819000000000001,
0.820000000000001,0.821000000000001,0.822000000000001,0.823000000000001,
0.824000000000001,0.825000000000001,0.826000000000001,0.827000000000001,
0.828000000000001,0.829000000000001,0.830000000000001,0.831000000000001,
0.832000000000001,0.833000000000001,0.834000000000001,0.835000000000001,
0.836000000000001,0.837000000000001,0.838000000000001,0.839000000000001,
0.840000000000001,0.841000000000001,0.842000000000001,0.843000000000001,
0.844000000000001,0.845000000000001,0.846000000000001,0.847000000000001,
0.848000000000001,0.849000000000001,0.850000000000001,0.851000000000001,
0.852000000000001,0.853000000000001,0.854000000000001,0.855000000000001,
0.856000000000001,0.857000000000001,0.858000000000001,0.859000000000001,
0.860000000000001,0.861000000000001,0.862000000000001,0.863000000000001,
0.864000000000001,0.865000000000001,0.866000000000001,0.867000000000001,
0.868000000000001,0.869000000000001,0.870000000000001,0.871000000000001,
0.872000000000001,0.873000000000001,0.874000000000001,0.875000000000001,
0.876000000000001,0.877000000000001,0.878000000000001,0.879000000000001,
0.880000000000001,0.881000000000001,0.882000000000001,0.883000000000001,
0.884000000000001,0.885000000000001,0.886000000000001,0.887000000000001,
0.888000000000001,0.889000000000001,0.890000000000001,0.891000000000001,
0.892000000000001,0.893000000000001,0.894000000000001,0.895000000000001,
0.896000000000001,0.897000000000001,0.898000000000001,0.899000000000001,
0.900000000000001,0.901000000000001,0.902000000000001,0.903000000000001,
0.904000000000001,0.905000000000001,0.906000000000001,0.907000000000001,
0.908000000000001,0.909000000000001,0.910000000000001,0.911000000000001,
0.912000000000001,0.913000000000001,0.914000000000001,0.915000000000001,
0.916000000000001,0.917000000000001,0.918000000000001,0.919000000000001,
0.920000000000001,0.921000000000001,0.922000000000001,0.923000000000001,
0.924000000000001,0.925000000000001,0.926000000000001,0.927000000000001,
0.928000000000001,0.929000000000001,0.930000000000001,0.931000000000001,
0.932000000000001,0.933000000000001,0.934000000000001,0.935000000000001,
0.936000000000001,0.937000000000001,0.938000000000001,0.939000000000001,
0.940000000000001,0.941000000000001,0.942000000000001,0.943000000000001,
0.944000000000001,0.945000000000001,0.946000000000001,0.947000000000001,
0.948000000000001,0.949000000000001,0.950000000000001,0.951000000000001,
0.952000000000001,0.953000000000001,0.954000000000001,0.955000000000001,
0.956000000000001,0.957000000000001,0.958000000000001,0.959000000000001,
0.960000000000001,0.961000000000001,0.962000000000001,0.963000000000001,
0.964000000000001,0.965000000000001,0.966000000000001,0.967000000000001,
0.968000000000001,0.969000000000001,0.970000000000001,0.971000000000001,
0.972000000000001,0.973000000000001,0.974000000000001,0.975000000000001,
0.976000000000001,0.977000000000001,0.978000000000001,0.979000000000001,
0.980000000000001,0.981000000000001,0.982000000000001,0.983000000000001,
0.984000000000001,0.985000000000001,0.986000000000001,0.987000000000001,
0.988000000000001,0.989000000000001,0.990000000000001,0.991000000000001,
0.992000000000001,0.993000000000001,0.994000000000001,0.995000000000001,
0.996000000000001,0.997000000000001,0.998000000000001,0.999000000000001,
0.999177884645785),(-50.,50.),.UNSPECIFIED.)
GEOMETRIC_REPRESENTATION_ITEM()
RATIONAL_B_SPLINE_SURFACE(((1.,1.),(1.,1.),(1.,1.),(1.,1.),(1.,1.),(1.,
1.),(1.,1.),(1.,1.),(1.,1.),(1.,1.),(1.,1.),(1.,1.),(1.,1.),(1.,1.),(1.,
1.),(1.,1.),(1.,1.),(1.,1.),(1.,1.),(1.,1.),(1.,1.),(1.,1.),(1.,1.),(1.,
1.),(1.,1.),(1.,1.),(1.,1.),(1.,1.),(1.,1.),(1.,1.),(1.,1.),(1.,1.),(1.,
1.),(1.,1.),(1.,1.),(1.,1.),(1.,1.),(1.,1.),(1.,1.),(1.,1.),(1.,1.),(1.,
1.),(1.,1.),(1.,1.),(1.,1.),(1.,1.),(1.,1.),(1.,1.),(1.,1.),(1.,1.),(1.,
1.),(1.,1.),(1.,1.),(1.,1.),(1.,1.),(1.,1.),(1.,1.),(1.,1.),(1.,1.),(1.,
1.),(1.,1.),(1.,1.),(1.,1.),(1.,1.),(1.,1.),(1.,1.),(1.,1.),(1.,1.),(1.,
1.),(1.,1.),(1.,1.),(1.,1.),(1.,1.),(1.,1.),(1.,1.),(1.,1.),(1.,1.),(1.,
1.),(1.,1.),(1.,1.),(1.,1.),(1.,1.),(1.,1.),(1.,1.),(1.,1.),(1.,1.),(1.,
1.),(1.,1.),(1.,1.),(1.,1.),(1.,1.),(1.,1.),(1.,1.),(1.,1.),(1.,1.),(1.,
1.),(1.,1.),(1.,1.),(1.,1.),(1.,1.),(1.,1.),(1.,1.),(1.,1.),(1.,1.),(1.,
1.),(1.,1.),(1.,1.),(1.,1.),(1.,1.),(1.,1.),(1.,1.),(1.,1.),(1.,1.),(1.,
1.),(1.,1.),(1.,1.),(1.,1.),(1.,1.),(1.,1.),(1.,1.),(1.,1.),(1.,1.),(1.,
1.),(1.,1.),(1.,1.),(1.,1.),(1.,1.),(1.,1.),(1.,1.),(1.,1.),(1.,1.),(1.,
1.),(1.,1.),(1.,1.),(1.,1.),(1.,1.),(1.,1.),(1.,1.),(1.,1.),(1.,1.),(1.,
1.),(1.,1.),(1.,1.),(1.,1.),(1.,1.),(1.,1.),(1.,1.),(1.,1.),(1.,1.),(1.,
1.),(1.,1.),(1.,1.),(1.,1.),(1.,1.),(1.,1.),(1.,1.),(1.,1.),(1.,1.),(1.,
1.),(1.,1.),(1.,1.),(1.,1.),(1.,1.),(1.,1.),(1.,1.),(1.,1.),(1.,1.),(1.,
1.),(1.,1.),(1.,1.),(1.,1.),(1.,1.),(1.,1.),(1.,1.),(1.,1.),(1.,1.),(1.,
1.),(1.,1.),(1.,1.),(1.,1.),(1.,1.),(1.,1.),(1.,1.),(1.,1.),(1.,1.),(1.,
1.),(1.,1.),(1.,1.),(1.,1.),(1.,1.),(1.,1.),(1.,1.),(1.,1.),(1.,1.),(1.,
1.),(1.,1.),(1.,1.),(1.,1.),(1.,1.),(1.,1.),(1.,1.),(1.,1.),(1.,1.),(1.,
1.),(1.,1.),(1.,1.),(1.,1.),(1.,1.),(1.,1.),(1.,1.),(1.,1.),(1.,1.),(1.,
1.),(1.,1.),(1.,1.),(1.,1.),(1.,1.),(1.,1.),(1.,1.),(1.,1.),(1.,1.),(1.,
1.),(1.,1.),(1.,1.),(1.,1.),(1.,1.),(1.,1.),(1.,1.),(1.,1.),(1.,1.),(1.,
1.),(1.,1.),(1.,1.),(1.,1.),(1.,1.),(1.,1.),(1.,1.),(1.,1.),(1.,1.),(1.,
1.),(1.,1.),(1.,1.),(1.,1.),(1.,1.),(1.,1.),(1.,1.),(1.,1.),(1.,1.),(1.,
1.),(1.,1.),(1.,1.),(1.,1.),(1.,1.),(1.,1.),(1.,1.),(1.,1.),(1.,1.),(1.,
1.),(1.,1.),(1.,1.),(1.,1.),(1.,1.),(1.,1.),(1.,1.),(1.,1.),(1.,1.),(1.,
1.),(1.,1.),(1.,1.),(1.,1.),(1.,1.),(1.,1.),(1.,1.),(1.,1.),(1.,1.),(1.,
1.),(1.,1.),(1.,1.),(1.,1.),(1.,1.),(1.,1.),(1.,1.),(1.,1.),(1.,1.),(1.,
1.),(1.,1.),(1.,1.),(1.,1.),(1.,1.),(1.,1.),(1.,1.),(1.,1.),(1.,1.),(1.,
1.),(1.,1.),(1.,1.),(1.,1.),(1.,1.),(1.,1.),(1.,1.),(1.,1.),(1.,1.),(1.,
1.),(1.,1.),(1.,1.),(1.,1.),(1.,1.),(1.,1.),(1.,1.),(1.,1.),(1.,1.),(1.,
1.),(1.,1.),(1.,1.),(1.,1.),(1.,1.),(1.,1.),(1.,1.),(1.,1.),(1.,1.),(1.,
1.),(1.,1.),(1.,1.),(1.,1.),(1.,1.),(1.,1.),(1.,1.),(1.,1.),(1.,1.),(1.,
1.),(1.,1.),(1.,1.),(1.,1.),(1.,1.),(1.,1.),(1.,1.),(1.,1.),(1.,1.),(1.,
1.),(1.,1.),(1.,1.),(1.,1.),(1.,1.),(1.,1.),(1.,1.),(1.,1.),(1.,1.),(1.,
1.),(1.,1.),(1.,1.),(1.,1.),(1.,1.),(1.,1.),(1.,1.),(1.,1.),(1.,1.),(1.,
1.),(1.,1.),(1.,1.),(1.,1.),(1.,1.),(1.,1.),(1.,1.),(1.,1.),(1.,1.),(1.,
1.),(1.,1.),(1.,1.),(1.,1.),(1.,1.),(1.,1.),(1.,1.),(1.,1.),(1.,1.),(1.,
1.),(1.,1.),(1.,1.),(1.,1.),(1.,1.),(1.,1.),(1.,1.),(1.,1.),(1.,1.),(1.,
1.),(1.,1.),(1.,1.),(1.,1.),(1.,1.),(1.,1.),(1.,1.),(1.,1.),(1.,1.),(1.,
1.),(1.,1.),(1.,1.),(1.,1.),(1.,1.),(1.,1.),(1.,1.),(1.,1.),(1.,1.),(1.,
1.),(1.,1.),(1.,1.),(1.,1.),(1.,1.),(1.,1.),(1.,1.),(1.,1.),(1.,1.),(1.,
1.),(1.,1.),(1.,1.),(1.,1.),(1.,1.),(1.,1.),(1.,1.),(1.,1.),(1.,1.),(1.,
1.),(1.,1.),(1.,1.),(1.,1.),(1.,1.),(1.,1.),(1.,1.),(1.,1.),(1.,1.),(1.,
1.),(1.,1.),(1.,1.),(1.,1.),(1.,1.),(1.,1.),(1.,1.),(1.,1.),(1.,1.),(1.,
1.),(1.,1.),(1.,1.),(1.,1.),(1.,1.),(1.,1.),(1.,1.),(1.,1.),(1.,1.),(1.,
1.),(1.,1.),(1.,1.),(1.,1.),(1.,1.),(1.,1.),(1.,1.),(1.,1.),(1.,1.),(1.,
1.),(1.,1.),(1.,1.),(1.,1.),(1.,1.),(1.,1.),(1.,1.),(1.,1.),(1.,1.),(1.,
1.),(1.,1.),(1.,1.),(1.,1.),(1.,1.),(1.,1.),(1.,1.),(1.,1.),(1.,1.),(1.,
1.),(1.,1.),(1.,1.),(1.,1.),(1.,1.),(1.,1.),(1.,1.),(1.,1.),(1.,1.),(1.,
1.),(1.,1.),(1.,1.),(1.,1.),(1.,1.),(1.,1.),(1.,1.),(1.,1.),(1.,1.),(1.,
1.),(1.,1.),(1.,1.),(1.,1.),(1.,1.),(1.,1.),(1.,1.),(1.,1.),(1.,1.),(1.,
1.),(1.,1.),(1.,1.),(1.,1.),(1.,1.),(1.,1.),(1.,1.),(1.,1.),(1.,1.),(1.,
1.),(1.,1.),(1.,1.),(1.,1.),(1.,1.),(1.,1.),(1.,1.),(1.,1.),(1.,1.),(1.,
1.),(1.,1.),(1.,1.),(1.,1.),(1.,1.),(1.,1.),(1.,1.),(1.,1.),(1.,1.),(1.,
1.),(1.,1.),(1.,1.),(1.,1.),(1.,1.),(1.,1.),(1.,1.),(1.,1.),(1.,1.),(1.,
1.),(1.,1.),(1.,1.),(1.,1.),(1.,1.),(1.,1.),(1.,1.),(1.,1.),(1.,1.),(1.,
1.),(1.,1.),(1.,1.),(1.,1.),(1.,1.),(1.,1.),(1.,1.),(1.,1.),(1.,1.),(1.,
1.),(1.,1.),(1.,1.),(1.,1.),(1.,1.),(1.,1.),(1.,1.),(1.,1.),(1.,1.),(1.,
1.),(1.,1.),(1.,1.),(1.,1.),(1.,1.),(1.,1.),(1.,1.),(1.,1.),(1.,1.),(1.,
1.),(1.,1.),(1.,1.),(1.,1.),(1.,1.),(1.,1.),(1.,1.),(1.,1.),(1.,1.),(1.,
1.),(1.,1.),(1.,1.),(1.,1.),(1.,1.),(1.,1.),(1.,1.),(1.,1.),(1.,1.),(1.,
1.),(1.,1.),(1.,1.),(1.,1.),(1.,1.),(1.,1.),(1.,1.),(1.,1.),(1.,1.),(1.,
1.),(1.,1.),(1.,1.),(1.,1.),(1.,1.),(1.,1.),(1.,1.),(1.,1.),(1.,1.),(1.,
1.),(1.,1.),(1.,1.),(1.,1.),(1.,1.),(1.,1.),(1.,1.),(1.,1.),(1.,1.),(1.,
1.),(1.,1.),(1.,1.),(1.,1.),(1.,1.),(1.,1.),(1.,1.),(1.,1.),(1.,1.),(1.,
1.),(1.,1.),(1.,1.),(1.,1.),(1.,1.),(1.,1.),(1.,1.),(1.,1.),(1.,1.),(1.,
1.),(1.,1.),(1.,1.),(1.,1.),(1.,1.),(1.,1.),(1.,1.),(1.,1.),(1.,1.),(1.,
1.),(1.,1.),(1.,1.),(1.,1.),(1.,1.),(1.,1.),(1.,1.),(1.,1.),(1.,1.),(1.,
1.),(1.,1.),(1.,1.),(1.,1.),(1.,1.),(1.,1.),(1.,1.),(1.,1.),(1.,1.),(1.,
1.),(1.,1.),(1.,1.),(1.,1.),(1.,1.),(1.,1.),(1.,1.),(1.,1.),(1.,1.),(1.,
1.),(1.,1.),(1.,1.),(1.,1.),(1.,1.),(1.,1.),(1.,1.),(1.,1.),(1.,1.),(1.,
1.),(1.,1.),(1.,1.),(1.,1.),(1.,1.),(1.,1.),(1.,1.),(1.,1.),(1.,1.),(1.,
1.),(1.,1.),(1.,1.),(1.,1.),(1.,1.),(1.,1.),(1.,1.),(1.,1.),(1.,1.),(1.,
1.),(1.,1.),(1.,1.),(1.,1.),(1.,1.),(1.,1.),(1.,1.),(1.,1.),(1.,1.),(1.,
1.),(1.,1.),(1.,1.),(1.,1.),(1.,1.),(1.,1.),(1.,1.),(1.,1.),(1.,1.),(1.,
1.),(1.,1.),(1.,1.),(1.,1.),(1.,1.),(1.,1.),(1.,1.),(1.,1.),(1.,1.),(1.,
1.),(1.,1.),(1.,1.),(1.,1.),(1.,1.),(1.,1.),(1.,1.),(1.,1.),(1.,1.),(1.,
1.),(1.,1.),(1.,1.),(1.,1.),(1.,1.),(1.,1.),(1.,1.),(1.,1.),(1.,1.),(1.,
1.),(1.,1.),(1.,1.),(1.,1.),(1.,1.),(1.,1.),(1.,1.),(1.,1.),(1.,1.),(1.,
1.),(1.,1.),(1.,1.),(1.,1.),(1.,1.),(1.,1.),(1.,1.),(1.,1.),(1.,1.),(1.,
1.),(1.,1.),(1.,1.),(1.,1.),(1.,1.),(1.,1.),(1.,1.),(1.,1.),(1.,1.),(1.,
1.),(1.,1.),(1.,1.),(1.,1.),(1.,1.),(1.,1.),(1.,1.),(1.,1.),(1.,1.),(1.,
1.),(1.,1.),(1.,1.),(1.,1.),(1.,1.),(1.,1.),(1.,1.),(1.,1.),(1.,1.),(1.,
1.),(1.,1.),(1.,1.),(1.,1.),(1.,1.),(1.,1.),(1.,1.),(1.,1.),(1.,1.),(1.,
1.),(1.,1.),(1.,1.),(1.,1.),(1.,1.),(1.,1.),(1.,1.),(1.,1.),(1.,1.),(1.,
1.),(1.,1.),(1.,1.),(1.,1.),(1.,1.),(1.,1.),(1.,1.),(1.,1.),(1.,1.),(1.,
1.),(1.,1.),(1.,1.),(1.,1.),(1.,1.),(1.,1.),(1.,1.),(1.,1.),(1.,1.),(1.,
1.),(1.,1.),(1.,1.),(1.,1.),(1.,1.),(1.,1.),(1.,1.),(1.,1.),(1.,1.),(1.,
1.),(1.,1.),(1.,1.),(1.,1.),(1.,1.),(1.,1.),(1.,1.),(1.,1.),(1.,1.),(1.,
1.),(1.,1.),(1.,1.),(1.,1.),(1.,1.),(1.,1.),(1.,1.),(1.,1.),(1.,1.),(1.,
1.),(1.,1.),(1.,1.),(1.,1.),(1.,1.),(1.,1.),(1.,1.),(1.,1.),(1.,1.),(1.,
1.),(1.,1.),(1.,1.),(1.,1.),(1.,1.),(1.,1.),(1.,1.),(1.,1.),(1.,1.),(1.,
1.),(1.,1.),(1.,1.),(1.,1.),(1.,1.),(1.,1.),(1.,1.),(1.,1.),(1.,1.),(1.,
1.),(1.,1.),(1.,1.),(1.,1.),(1.,1.),(1.,1.),(1.,1.),(1.,1.),(1.,1.),(1.,
1.),(1.,1.),(1.,1.),(1.,1.),(1.,1.),(1.,1.),(1.,1.),(1.,1.),(1.,1.),(1.,
1.),(1.,1.),(1.,1.),(1.,1.),(1.,1.),(1.,1.),(1.,1.),(1.,1.),(1.,1.),(1.,
1.),(1.,1.),(1.,1.),(1.,1.),(1.,1.),(1.,1.),(1.,1.),(1.,1.),(1.,1.),(1.,
1.),(1.,1.),(1.,1.),(1.,1.),(1.,1.),(1.,1.),(1.,1.),(1.,1.),(1.,1.),(1.,
1.),(1.,1.),(1.,1.),(1.,1.),(1.,1.),(1.,1.),(1.,1.),(1.,1.),(1.,1.),(1.,
1.),(1.,1.),(1.,1.),(1.,1.),(1.,1.),(1.,1.),(1.,1.),(1.,1.),(1.,1.),(1.,
1.),(1.,1.),(1.,1.),(1.,1.),(1.,1.),(1.,1.),(1.,1.),(1.,1.),(1.,1.),(1.,
1.),(1.,1.),(1.,1.),(1.,1.),(1.,1.),(1.,1.),(1.,1.),(1.,1.),(1.,1.),(1.,
1.),(1.,1.),(1.,1.),(1.,1.),(1.,1.),(1.,1.),(1.,1.),(1.,1.),(1.,1.),(1.,
1.),(1.,1.),(1.,1.),(1.,1.),(1.,1.),(1.,1.),(1.,1.),(1.,1.),(1.,1.),(1.,
1.),(1.,1.),(1.,1.),(1.,1.),(1.,1.),(1.,1.),(1.,1.),(1.,1.),(1.,1.),(1.,
1.),(1.,1.),(1.,1.),(1.,1.),(1.,1.),(1.,1.),(1.,1.),(1.,1.),(1.,1.),(1.,
1.),(1.,1.),(1.,1.),(1.,1.),(1.,1.),(1.,1.),(1.,1.),(1.,1.),(1.,1.),(1.,
1.)))
REPRESENTATION_ITEM('')
SURFACE()
);
#16=FACE_OUTER_BOUND('',#20,.T.);
#17=FACE_OUTER_BOUND('',#21,.T.);
#18=FACE_OUTER_BOUND('',#22,.T.);
#19=FACE_OUTER_BOUND('',#23,.T.);
#20=EDGE_LOOP('',(#44,#45));
#21=EDGE_LOOP('',(#46,#47,#48,#49));
#22=EDGE_LOOP('',(#50,#51,#52,#53));
#23=EDGE_LOOP('',(#54,#55));
#24=LINE('',#1101,#28);
#25=LINE('',#1104,#29);
#26=LINE('',#1106,#30);
#27=LINE('',#1107,#31);
#28=VECTOR('',#84,10.);
#29=VECTOR('',#87,10.);
#30=VECTOR('',#88,10.);
#31=VECTOR('',#89,10.);
#32=(
BOUNDED_CURVE()
B_SPLINE_CURVE(5,(#96,#97,#98,#99,#100,#101,#102,#103,#104,#105,#106,#107,
#108,#109,#110,#111,#112,#113,#114,#115,#116,#117,#118,#119,#120,#121,#122,
#123,#124,#125,#126,#127,#128,#129,#130,#131,#132,#133,#134,#135,#136,#137,
#138,#139,#140,#141,#142,#143,#144,#145,#146,#147,#148,#149,#150,#151,#152,
#153,#154,#155,#156,#157,#158,#159,#160,#161,#162,#163,#164,#165,#166,#167,
#168,#169,#170,#171,#172,#173,#174,#175,#176,#177,#178,#179,#180,#181,#182,
#183,#184,#185,#186,#187,#188,#189,#190,#191,#192,#193,#194,#195,#196,#197,
#198,#199,#200,#201,#202,#203,#204,#205,#206,#207,#208,#209,#210,#211,#212,
#213,#214,#215,#216,#217,#218,#219,#220,#221,#222,#223,#224,#225,#226,#227,
#228,#229,#230,#231,#232,#233,#234,#235,#236,#237,#238,#239,#240,#241,#242,
#243,#244,#245,#246,#247,#248,#249,#250,#251,#252,#253,#254,#255,#256,#257,
#258,#259,#260,#261,#262,#263,#264,#265,#266,#267,#268,#269,#270,#271,#272,
#273,#274,#275,#276,#277,#278,#279,#280,#281,#282,#283,#284,#285,#286,#287,
#288,#289,#290,#291,#292,#293,#294,#295,#296,#297,#298,#299,#300,#301,#302,
#303,#304,#305,#306,#307,#308,#309,#310,#311,#312,#313,#314,#315,#316,#317,
#318,#319,#320,#321,#322,#323,#324,#325,#326,#327,#328,#329,#330,#331,#332,
#333,#334,#335,#336,#337,#338,#339,#340,#341,#342,#343,#344,#345,#346,#347,
#348,#349,#350,#351,#352,#353,#354,#355,#356,#357,#358,#359,#360,#361,#362,
#363,#364,#365,#366,#367,#368,#369,#370,#371,#372,#373,#374,#375,#376,#377,
#378,#379,#380,#381,#382,#383,#384,#385,#386,#387,#388,#389,#390,#391,#392,
#393,#394,#395,#396,#397,#398,#399,#400,#401,#402,#403,#404,#405,#406,#407,
#408,#409,#410,#411,#412,#413,#414,#415,#416,#417,#418,#419,#420,#421,#422,
#423,#424,#425,#426,#427,#428,#429,#430,#431,#432,#433,#434,#435,#436,#437,
#438,#439,#440,#441,#442,#443,#444,#445,#446,#447,#448,#449,#450,#451,#452,
#453,#454,#455,#456,#457,#458,#459,#460,#461,#462,#463,#464,#465,#466,#467,
#468,#469,#470,#471,#472,#473,#474,#475,#476,#477,#478,#479,#480,#481,#482,
#483,#484,#485,#486,#487,#488,#489,#490,#491,#492,#493,#494,#495,#496,#497,
#498,#499,#500,#501,#502,#503,#504,#505,#506,#507,#508,#509,#510,#511,#512,
#513,#514,#515,#516,#517,#518,#519,#520,#521,#522,#523,#524,#525,#526,#527,
#528,#529,#530,#531,#532,#533,#534,#535,#536,#537,#538,#539,#540,#541,#542,
#543,#544,#545,#546,#547,#548,#549,#550,#551,#552,#553,#554,#555,#556,#557,
#558,#559,#560,#561,#562,#563,#564,#565,#566,#567,#568,#569,#570,#571,#572,
#573,#574,#575,#576,#577,#578,#579,#580,#581,#582,#583,#584,#585,#586,#587,
#588,#589,#590,#591,#592,#593,#594,#595,#596,#597,#598,#599,#600,#601,#602,
#603,#604,#605,#606,#607,#608,#609,#610,#611,#612,#613,#614,#615,#616,#617,
#618,#619,#620,#621,#622,#623,#624,#625,#626,#627,#628,#629,#630,#631,#632,
#633,#634,#635,#636,#637,#638,#639,#640,#641,#642,#643,#644,#645,#646,#647,
#648,#649,#650,#651,#652,#653,#654,#655,#656,#657,#658,#659,#660,#661,#662,
#663,#664,#665,#666,#667,#668,#669,#670,#671,#672,#673,#674,#675,#676,#677,
#678,#679,#680,#681,#682,#683,#684,#685,#686,#687,#688,#689,#690,#691,#692,
#693,#694,#695,#696,#697,#698,#699,#700,#701,#702,#703,#704,#705,#706,#707,
#708,#709,#710,#711,#712,#713,#714,#715,#716,#717,#718,#719,#720,#721,#722,
#723,#724,#725,#726,#727,#728,#729,#730,#731,#732,#733,#734,#735,#736,#737,
#738,#739,#740,#741,#742,#743,#744,#745,#746,#747,#748,#749,#750,#751,#752,
#753,#754,#755,#756,#757,#758,#759,#760,#761,#762,#763,#764,#765,#766,#767,
#768,#769,#770,#771,#772,#773,#774,#775,#776,#777,#778,#779,#780,#781,#782,
#783,#784,#785,#786,#787,#788,#789,#790,#791,#792,#793,#794,#795,#796,#797,
#798,#799,#800,#801,#802,#803,#804,#805,#806,#807,#808,#809,#810,#811,#812,
#813,#814,#815,#816,#817,#818,#819,#820,#821,#822,#823,#824,#825,#826,#827,
#828,#829,#830,#831,#832,#833,#834,#835,#836,#837,#838,#839,#840,#841,#842,
#843,#844,#845,#846,#847,#848,#849,#850,#851,#852,#853,#854,#855,#856,#857,
#858,#859,#860,#861,#862,#863,#864,#865,#866,#867,#868,#869,#870,#871,#872,
#873,#874,#875,#876,#877,#878,#879,#880,#881,#882,#883,#884,#885,#886,#887,
#888,#889,#890,#891,#892,#893,#894,#895,#896,#897,#898,#899,#900,#901,#902,
#903,#904,#905,#906,#907,#908,#909,#910,#911,#912,#913,#914,#915,#916,#917,
#918,#919,#920,#921,#922,#923,#924,#925,#926,#927,#928,#929,#930,#931,#932,
#933,#934,#935,#936,#937,#938,#939,#940,#941,#942,#943,#944,#945,#946,#947,
#948,#949,#950,#951,#952,#953,#954,#955,#956,#957,#958,#959,#960,#961,#962,
#963,#964,#965,#966,#967,#968,#969,#970,#971,#972,#973,#974,#975,#976,#977,
#978,#979,#980,#981,#982,#983,#984,#985,#986,#987,#988,#989,#990,#991,#992,
#993,#994,#995,#996,#997,#998,#999,#1000,#1001,#1002,#1003,#1004,#1005,
#1006,#1007,#1008,#1009,#1010,#1011,#1012,#1013,#1014,#1015,#1016,#1017,
#1018,#1019,#1020,#1021,#1022,#1023,#1024,#1025,#1026,#1027,#1028,#1029,
#1030,#1031,#1032,#1033,#1034,#1035,#1036,#1037,#1038,#1039,#1040,#1041,
#1042,#1043,#1044,#1045,#1046,#1047,#1048,#1049,#1050,#1051,#1052,#1053,
#1054,#1055,#1056,#1057,#1058,#1059,#1060,#1061,#1062,#1063,#1064,#1065,
#1066,#1067,#1068,#1069,#1070,#1071,#1072,#1073,#1074,#1075,#1076,#1077,
#1078,#1079,#1080,#1081,#1082,#1083,#1084,#1085,#1086,#1087,#1088,#1089,
#1090,#1091,#1092,#1093,#1094,#1095,#1096,#1097,#1098,#1099,#1100),
 .UNSPECIFIED.,.F.,.F.)
B_SPLINE_CURVE_WITH_KNOTS((6,1,1,1,1,1,1,1,1,1,1,1,1,1,1,1,1,1,1,1,1,1,
1,1,1,1,1,1,1,1,1,1,1,1,1,1,1,1,1,1,1,1,1,1,1,1,1,1,1,1,1,1,1,1,1,1,1,1,
1,1,1,1,1,1,1,1,1,1,1,1,1,1,1,1,1,1,1,1,1,1,1,1,1,1,1,1,1,1,1,1,1,1,1,1,
1,1,1,1,1,1,1,1,1,1,1,1,1,1,1,1,1,1,1,1,1,1,1,1,1,1,1,1,1,1,1,1,1,1,1,1,
1,1,1,1,1,1,1,1,1,1,1,1,1,1,1,1,1,1,1,1,1,1,1,1,1,1,1,1,1,1,1,1,1,1,1,1,
1,1,1,1,1,1,1,1,1,1,1,1,1,1,1,1,1,1,1,1,1,1,1,1,1,1,1,1,1,1,1,1,1,1,1,1,
1,1,1,1,1,1,1,1,1,1,1,1,1,1,1,1,1,1,1,1,1,1,1,1,1,1,1,1,1,1,1,1,1,1,1,1,
1,1,1,1,1,1,1,1,1,1,1,1,1,1,1,1,1,1,1,1,1,1,1,1,1,1,1,1,1,1,1,1,1,1,1,1,
1,1,1,1,1,1,1,1,1,1,1,1,1,1,1,1,1,1,1,1,1,1,1,1,1,1,1,1,1,1,1,1,1,1,1,1,
1,1,1,1,1,1,1,1,1,1,1,1,1,1,1,1,1,1,1,1,1,1,1,1,1,1,1,1,1,1,1,1,1,1,1,1,
1,1,1,1,1,1,1,1,1,1,1,1,1,1,1,1,1,1,1,1,1,1,1,1,1,1,1,1,1,1,1,1,1,1,1,1,
1,1,1,1,1,1,1,1,1,1,1,1,1,1,1,1,1,1,1,1,1,1,1,1,1,1,1,1,1,1,1,1,1,1,1,1,
1,1,1,1,1,1,1,1,1,1,1,1,1,1,1,1,1,1,1,1,1,1,1,1,1,1,1,1,1,1,1,1,1,1,1,1,
1,1,1,1,1,1,1,1,1,1,1,1,1,1,1,1,1,1,1,1,1,1,1,1,1,1,1,1,1,1,1,1,1,1,1,1,
1,1,1,1,1,1,1,1,1,1,1,1,1,1,1,1,1,1,1,1,1,1,1,1,1,1,1,1,1,1,1,1,1,1,1,1,
1,1,1,1,1,1,1,1,1,1,1,1,1,1,1,1,1,1,1,1,1,1,1,1,1,1,1,1,1,1,1,1,1,1,1,1,
1,1,1,1,1,1,1,1,1,1,1,1,1,1,1,1,1,1,1,1,1,1,1,1,1,1,1,1,1,1,1,1,1,1,1,1,
1,1,1,1,1,1,1,1,1,1,1,1,1,1,1,1,1,1,1,1,1,1,1,1,1,1,1,1,1,1,1,1,1,1,1,1,
1,1,1,1,1,1,1,1,1,1,1,1,1,1,1,1,1,1,1,1,1,1,1,1,1,1,1,1,1,1,1,1,1,1,1,1,
1,1,1,1,1,1,1,1,1,1,1,1,1,1,1,1,1,1,1,1,1,1,1,1,1,1,1,1,1,1,1,1,1,1,1,1,
1,1,1,1,1,1,1,1,1,1,1,1,1,1,1,1,1,1,1,1,1,1,1,1,1,1,1,1,1,1,1,1,1,1,1,1,
1,1,1,1,1,1,1,1,1,1,1,1,1,1,1,1,1,1,1,1,1,1,1,1,1,1,1,1,1,1,1,1,1,1,1,1,
1,1,1,1,1,1,1,1,1,1,1,1,1,1,1,1,1,1,1,1,1,1,1,1,1,1,1,1,1,1,1,1,1,1,1,1,
1,1,1,1,1,1,1,1,1,1,1,1,1,1,1,1,1,1,1,1,1,1,1,1,1,1,1,1,1,1,1,1,1,1,1,1,
1,1,1,1,1,1,1,1,1,1,1,1,1,1,1,1,1,1,1,1,1,1,1,1,1,1,1,1,1,1,1,1,1,1,1,1,
1,1,1,1,1,1,1,1,1,1,1,1,1,1,1,1,1,1,1,1,1,1,1,1,1,1,1,1,1,1,1,1,1,1,1,1,
1,1,1,1,1,1,1,1,1,1,1,1,1,1,1,1,1,1,1,1,1,1,1,1,1,1,1,1,1,1,1,1,1,1,1,1,
1,1,1,1,1,1,1,1,1,1,1,1,1,1,1,1,1,1,1,1,1,1,1,1,1,1,1,1,1,1,1,1,1,1,1,1,
1,1,1,1,1,1,6),(-0.999177884645785,-0.999000000000001,-0.998000000000001,
-0.997000000000001,-0.996000000000001,-0.995000000000001,-0.994000000000001,
-0.993000000000001,-0.992000000000001,-0.991000000000001,-0.990000000000001,
-0.989000000000001,-0.988000000000001,-0.987000000000001,-0.986000000000001,
-0.985000000000001,-0.984000000000001,-0.983000000000001,-0.982000000000001,
-0.981000000000001,-0.980000000000001,-0.979000000000001,-0.978000000000001,
-0.977000000000001,-0.976000000000001,-0.975000000000001,-0.974000000000001,
-0.973000000000001,-0.972000000000001,-0.971000000000001,-0.970000000000001,
-0.969000000000001,-0.968000000000001,-0.967000000000001,-0.966000000000001,
-0.965000000000001,-0.964000000000001,-0.963000000000001,-0.962000000000001,
-0.961000000000001,-0.960000000000001,-0.959000000000001,-0.958000000000001,
-0.957000000000001,-0.956000000000001,-0.955000000000001,-0.954000000000001,
-0.953000000000001,-0.952000000000001,-0.951000000000001,-0.950000000000001,
-0.949000000000001,-0.948000000000001,-0.947000000000001,-0.946000000000001,
-0.945000000000001,-0.944000000000001,-0.943000000000001,-0.942000000000001,
-0.941000000000001,-0.940000000000001,-0.939000000000001,-0.938000000000001,
-0.937000000000001,-0.936000000000001,-0.935000000000001,-0.934000000000001,
-0.933000000000001,-0.932000000000001,-0.931000000000001,-0.930000000000001,
-0.929000000000001,-0.928000000000001,-0.927000000000001,-0.926000000000001,
-0.925000000000001,-0.924000000000001,-0.923000000000001,-0.922000000000001,
-0.921000000000001,-0.920000000000001,-0.919000000000001,-0.918000000000001,
-0.917000000000001,-0.916000000000001,-0.915000000000001,-0.914000000000001,
-0.913000000000001,-0.912000000000001,-0.911000000000001,-0.910000000000001,
-0.909000000000001,-0.908000000000001,-0.907000000000001,-0.906000000000001,
-0.905000000000001,-0.904000000000001,-0.903000000000001,-0.902000000000001,
-0.901000000000001,-0.900000000000001,-0.899000000000001,-0.898000000000001,
-0.897000000000001,-0.896000000000001,-0.895000000000001,-0.894000000000001,
-0.893000000000001,-0.892000000000001,-0.891000000000001,-0.890000000000001,
-0.889000000000001,-0.888000000000001,-0.887000000000001,-0.886000000000001,
-0.885000000000001,-0.884000000000001,-0.883000000000001,-0.882000000000001,
-0.881000000000001,-0.880000000000001,-0.879000000000001,-0.878000000000001,
-0.877000000000001,-0.876000000000001,-0.875000000000001,-0.874000000000001,
-0.873000000000001,-0.872000000000001,-0.871000000000001,-0.870000000000001,
-0.869000000000001,-0.868000000000001,-0.867000000000001,-0.866000000000001,
-0.865000000000001,-0.864000000000001,-0.863000000000001,-0.862000000000001,
-0.861000000000001,-0.860000000000001,-0.859000000000001,-0.858000000000001,
-0.857000000000001,-0.856000000000001,-0.855000000000001,-0.854000000000001,
-0.853000000000001,-0.852000000000001,-0.851000000000001,-0.850000000000001,
-0.849000000000001,-0.848000000000001,-0.847000000000001,-0.846000000000001,
-0.845000000000001,-0.844000000000001,-0.843000000000001,-0.842000000000001,
-0.841000000000001,-0.840000000000001,-0.839000000000001,-0.838000000000001,
-0.837000000000001,-0.836000000000001,-0.835000000000001,-0.834000000000001,
-0.833000000000001,-0.832000000000001,-0.831000000000001,-0.830000000000001,
-0.829000000000001,-0.828000000000001,-0.827000000000001,-0.826000000000001,
-0.825000000000001,-0.824000000000001,-0.823000000000001,-0.822000000000001,
-0.821000000000001,-0.820000000000001,-0.819000000000001,-0.818000000000001,
-0.817000000000001,-0.816000000000001,-0.815000000000001,-0.814000000000001,
-0.813000000000001,-0.812000000000001,-0.811000000000001,-0.810000000000001,
-0.809000000000001,-0.808000000000001,-0.807000000000001,-0.806000000000001,
-0.805000000000001,-0.804000000000001,-0.803000000000001,-0.802000000000001,
-0.801000000000001,-0.800000000000001,-0.799000000000001,-0.798000000000001,
-0.797000000000001,-0.796000000000001,-0.795000000000001,-0.794000000000001,
-0.793000000000001,-0.792000000000001,-0.791000000000001,-0.790000000000001,
-0.789000000000001,-0.788000000000001,-0.787000000000001,-0.786000000000001,
-0.785000000000001,-0.784000000000001,-0.783000000000001,-0.782000000000001,
-0.781000000000001,-0.780000000000001,-0.779000000000001,-0.778000000000001,
-0.777000000000001,-0.776000000000001,-0.775000000000001,-0.774000000000001,
-0.773000000000001,-0.772000000000001,-0.771000000000001,-0.770000000000001,
-0.769000000000001,-0.768000000000001,-0.767000000000001,-0.766000000000001,
-0.765000000000001,-0.764000000000001,-0.763000000000001,-0.762000000000001,
-0.761000000000001,-0.760000000000001,-0.759000000000001,-0.758000000000001,
-0.757000000000001,-0.756000000000001,-0.755000000000001,-0.754000000000001,
-0.753000000000001,-0.752000000000001,-0.751000000000001,-0.750000000000001,
-0.749000000000001,-0.748000000000001,-0.747000000000001,-0.746000000000001,
-0.745000000000001,-0.744000000000001,-0.743000000000001,-0.742000000000001,
-0.741000000000001,-0.740000000000001,-0.739000000000001,-0.738000000000001,
-0.737000000000001,-0.736000000000001,-0.735000000000001,-0.734000000000001,
-0.733000000000001,-0.732000000000001,-0.731000000000001,-0.730000000000001,
-0.729000000000001,-0.728000000000001,-0.727000000000001,-0.726000000000001,
-0.725000000000001,-0.724000000000001,-0.723000000000001,-0.722000000000001,
-0.721000000000001,-0.720000000000001,-0.719000000000001,-0.718000000000001,
-0.717000000000001,-0.716000000000001,-0.715000000000001,-0.714000000000001,
-0.713000000000001,-0.712000000000001,-0.711000000000001,-0.710000000000001,
-0.709000000000001,-0.708000000000001,-0.707000000000001,-0.706000000000001,
-0.705000000000001,-0.704000000000001,-0.703000000000001,-0.702000000000001,
-0.701000000000001,-0.700000000000001,-0.699000000000001,-0.698000000000001,
-0.697000000000001,-0.696000000000001,-0.695000000000001,-0.694000000000001,
-0.693000000000001,-0.692000000000001,-0.691000000000001,-0.690000000000001,
-0.689000000000001,-0.688000000000001,-0.687,-0.686,-0.685,-0.684,-0.683,
-0.682,-0.681,-0.68,-0.679,-0.678,-0.677,-0.676,-0.675,-0.674,-0.673,-0.672,
-0.671,-0.67,-0.669,-0.668,-0.667,-0.666,-0.665,-0.664,-0.663,-0.662,-0.661,
-0.66,-0.659,-0.658,-0.657,-0.656,-0.655,-0.654,-0.653,-0.652,-0.651,-0.65,
-0.649,-0.648,-0.647,-0.646,-0.645,-0.644,-0.643,-0.642,-0.641,-0.64,-0.639,
-0.638,-0.637,-0.636,-0.635,-0.634,-0.633,-0.632,-0.631,-0.63,-0.629,-0.628,
-0.627,-0.626,-0.625,-0.624,-0.623,-0.622,-0.621,-0.62,-0.619,-0.618,-0.617,
-0.616,-0.615,-0.614,-0.613,-0.612,-0.611,-0.61,-0.609,-0.608,-0.607,-0.606,
-0.605,-0.604,-0.603,-0.602,-0.601,-0.6,-0.599,-0.598,-0.597,-0.596,-0.595,
-0.594,-0.593,-0.592,-0.591,-0.59,-0.589,-0.588,-0.587,-0.586,-0.585,-0.584,
-0.583,-0.582,-0.581,-0.58,-0.579,-0.578,-0.577,-0.576,-0.575,-0.574,-0.573,
-0.572,-0.571,-0.57,-0.569,-0.568,-0.567,-0.566,-0.565,-0.564,-0.563,-0.562,
-0.561,-0.56,-0.559,-0.558,-0.557,-0.556,-0.555,-0.554,-0.553,-0.552,-0.551,
-0.55,-0.549,-0.548,-0.547,-0.546,-0.545,-0.544,-0.543,-0.542,-0.541,-0.54,
-0.539,-0.538,-0.537,-0.536,-0.535,-0.534,-0.533,-0.532,-0.531,-0.53,-0.529,
-0.528,-0.527,-0.526,-0.525,-0.524,-0.523,-0.522,-0.521,-0.52,-0.519,-0.518,
-0.517,-0.516,-0.515,-0.514,-0.513,-0.512,-0.511,-0.51,-0.509,-0.508,-0.507,
-0.506,-0.505,-0.504,-0.503,-0.502,-0.501,-0.5,-0.499,-0.498,-0.497,-0.496,
-0.495,-0.494,-0.493,-0.492,-0.491,-0.49,-0.489,-0.488,-0.487,-0.486,-0.485,
-0.484,-0.483,-0.482,-0.481,-0.48,-0.479,-0.478,-0.477,-0.476,-0.475,-0.474,
-0.473,-0.472,-0.471,-0.47,-0.469,-0.468,-0.467,-0.466,-0.465,-0.464,-0.463,
-0.462,-0.461,-0.46,-0.459,-0.458,-0.457,-0.456,-0.455,-0.454,-0.453,-0.452,
-0.451,-0.45,-0.449,-0.448,-0.447,-0.446,-0.445,-0.444,-0.443,-0.442,-0.441,
-0.44,-0.439,-0.438,-0.437,-0.436,-0.435,-0.434,-0.433,-0.432,-0.431,-0.43,
-0.429,-0.428,-0.427,-0.426,-0.425,-0.424,-0.423,-0.422,-0.421,-0.42,-0.419,
-0.418,-0.417,-0.416,-0.415,-0.414,-0.413,-0.412,-0.411,-0.41,-0.409,-0.408,
-0.407,-0.406,-0.405,-0.404,-0.403,-0.402,-0.401,-0.4,-0.399,-0.398,-0.397,
-0.396,-0.395,-0.394,-0.393,-0.392,-0.391,-0.39,-0.389,-0.388,-0.387,-0.386,
-0.385,-0.384,-0.383,-0.382,-0.381,-0.38,-0.379,-0.378,-0.377,-0.376,-0.375,
-0.374,-0.373,-0.372,-0.371,-0.37,-0.369,-0.368,-0.367,-0.366,-0.365,-0.364,
-0.363,-0.362,-0.361,-0.36,-0.359,-0.358,-0.357,-0.356,-0.355,-0.354,-0.353,
-0.352,-0.351,-0.35,-0.349,-0.348,-0.347,-0.346,-0.345,-0.344,-0.343,-0.342,
-0.341,-0.34,-0.339,-0.338,-0.337,-0.336,-0.335,-0.334,-0.333,-0.332,-0.331,
-0.33,-0.329,-0.328,-0.327,-0.326,-0.325,-0.324,-0.323,-0.322,-0.321,-0.32,
-0.319,-0.318,-0.317,-0.316,-0.315,-0.314,-0.313,-0.312,-0.311,-0.31,-0.309,
-0.308,-0.307,-0.306,-0.305,-0.304,-0.303,-0.302,-0.301,-0.3,-0.299,-0.298,
-0.297,-0.296,-0.295,-0.294,-0.293,-0.292,-0.291,-0.29,-0.289,-0.288,-0.287,
-0.286,-0.285,-0.284,-0.283,-0.282,-0.281,-0.28,-0.279,-0.278,-0.277,-0.276,
-0.275,-0.274,-0.273,-0.272,-0.271,-0.27,-0.269,-0.268,-0.267,-0.266,-0.265,
-0.264,-0.263,-0.262,-0.261,-0.26,-0.259,-0.258,-0.257,-0.256,-0.255,-0.254,
-0.253,-0.252,-0.251,-0.25,-0.249,-0.248,-0.247,-0.246,-0.245,-0.244,-0.243,
-0.242,-0.241,-0.24,-0.239,-0.238,-0.237,-0.236,-0.235,-0.234,-0.233,-0.232,
-0.231,-0.23,-0.229,-0.228,-0.227,-0.226,-0.225,-0.224,-0.223,-0.222,-0.221,
-0.22,-0.219,-0.218,-0.217,-0.216,-0.215,-0.214,-0.213,-0.212,-0.211,-0.21,
-0.209,-0.208,-0.207,-0.206,-0.205,-0.204,-0.203,-0.202,-0.201,-0.2,-0.199,
-0.198,-0.197,-0.196,-0.195,-0.194,-0.193,-0.192,-0.191,-0.19,-0.189,-0.188,
-0.187,-0.186,-0.185,-0.184,-0.183,-0.182,-0.181,-0.18,-0.179,-0.178,-0.177,
-0.176,-0.175,-0.174,-0.173,-0.172,-0.171,-0.17,-0.169,-0.168,-0.167,-0.166,
-0.165,-0.164,-0.163,-0.162,-0.161,-0.16,-0.159,-0.158,-0.157,-0.156,-0.155,
-0.154,-0.153,-0.152,-0.151,-0.15,-0.149,-0.148,-0.147,-0.146,-0.145,-0.144,
-0.143,-0.142,-0.141,-0.14,-0.139,-0.138,-0.137,-0.136,-0.135,-0.134,-0.133,
-0.132,-0.131,-0.13,-0.129,-0.128,-0.127,-0.126,-0.125,-0.124,-0.123,-0.122,
-0.121,-0.12,-0.119,-0.118,-0.117,-0.116,-0.115,-0.114,-0.113,-0.112,-0.111,
-0.11,-0.109,-0.108,-0.107,-0.106,-0.105,-0.104,-0.103,-0.102,-0.101,-0.1,
-0.0990000000000001,-0.0980000000000001,-0.0970000000000001,-0.0960000000000001,
-0.0950000000000001,-0.0940000000000001,-0.0930000000000001,-0.0920000000000001,
-0.0910000000000001,-0.0900000000000001,-0.0890000000000001,-0.0880000000000001,
-0.0870000000000001,-0.0860000000000001,-0.0850000000000001,-0.0840000000000001,
-0.0830000000000001,-0.0820000000000001,-0.0810000000000001,-0.0800000000000001,
-0.0790000000000001,-0.0780000000000001,-0.0770000000000001,-0.0760000000000001,
-0.0750000000000001,-0.0740000000000001,-0.0730000000000001,-0.0720000000000001,
-0.071,-0.07,-0.069,-0.068,-0.067,-0.066,-0.065,-0.064,-0.063,-0.062,-0.061,
-0.06,-0.059,-0.058,-0.057,-0.056,-0.055,-0.054,-0.053,-0.052,-0.051,-0.05,
-0.049,-0.048,-0.047,-0.046,-0.045,-0.044,-0.043,-0.042,-0.041,-0.04,-0.039,
-0.038,-0.037,-0.036,-0.035,-0.034,-0.033,-0.032,-0.031,-0.03,-0.029,-0.028,
-0.027,-0.026,-0.025,-0.024,-0.023,-0.022,-0.021,-0.02,-0.019,-0.018,-0.017,
-0.016,-0.015,-0.014,-0.013,-0.012,-0.011,-0.01,-0.009,-0.008,-0.007,-0.006,
-0.005,-0.004,-0.003,-0.002,-0.001,-0.000822115354212526),.UNSPECIFIED.)
CURVE()
GEOMETRIC_REPRESENTATION_ITEM()
RATIONAL_B_SPLINE_CURVE((1.,1.,1.,1.,1.,1.,1.,1.,1.,1.,1.,1.,1.,1.,1.,1.,
1.,1.,1.,1.,1.,1.,1.,1.,1.,1.,1.,1.,1.,1.,1.,1.,1.,1.,1.,1.,1.,1.,1.,1.,
1.,1.,1.,1.,1.,1.,1.,1.,1.,1.,1.,1.,1.,1.,1.,1.,1.,1.,1.,1.,1.,1.,1.,1.,
1.,1.,1.,1.,1.,1.,1.,1.,1.,1.,1.,1.,1.,1.,1.,1.,1.,1.,1.,1.,1.,1.,1.,1.,
1.,1.,1.,1.,1.,1.,1.,1.,1.,1.,1.,1.,1.,1.,1.,1.,1.,1.,1.,1.,1.,1.,1.,1.,
1.,1.,1.,1.,1.,1.,1.,1.,1.,1.,1.,1.,1.,1.,1.,1.,1.,1.,1.,1.,1.,1.,1.,1.,
1.,1.,1.,1.,1.,1.,1.,1.,1.,1.,1.,1.,1.,1.,1.,1.,1.,1.,1.,1.,1.,1.,1.,1.,
1.,1.,1.,1.,1.,1.,1.,1.,1.,1.,1.,1.,1.,1.,1.,1.,1.,1.,1.,1.,1.,1.,1.,1.,
1.,1.,1.,1.,1.,1.,1.,1.,1.,1.,1.,1.,1.,1.,1.,1.,1.,1.,1.,1.,1.,1.,1.,1.,
1.,1.,1.,1.,1.,1.,1.,1.,1.,1.,1.,1.,1.,1.,1.,1.,1.,1.,1.,1.,1.,1.,1.,1.,
1.,1.,1.,1.,1.,1.,1.,1.,1.,1.,1.,1.,1.,1.,1.,1.,1.,1.,1.,1.,1.,1.,1.,1.,
1.,1.,1.,1.,1.,1.,1.,1.,1.,1.,1.,1.,1.,1.,1.,1.,1.,1.,1.,1.,1.,1.,1.,1.,
1.,1.,1.,1.,1.,1.,1.,1.,1.,1.,1.,1.,1.,1.,1.,1.,1.,1.,1.,1.,1.,1.,1.,1.,
1.,1.,1.,1.,1.,1.,1.,1.,1.,1.,1.,1.,1.,1.,1.,1.,1.,1.,1.,1.,1.,1.,1.,1.,
1.,1.,1.,1.,1.,1.,1.,1.,1.,1.,1.,1.,1.,1.,1.,1.,1.,1.,1.,1.,1.,1.,1.,1.,
1.,1.,1.,1.,1.,1.,1.,1.,1.,1.,1.,1.,1.,1.,1.,1.,1.,1.,1.,1.,1.,1.,1.,1.,
1.,1.,1.,1.,1.,1.,1.,1.,1.,1.,1.,1.,1.,1.,1.,1.,1.,1.,1.,1.,1.,1.,1.,1.,
1.,1.,1.,1.,1.,1.,1.,1.,1.,1.,1.,1.,1.,1.,1.,1.,1.,1.,1.,1.,1.,1.,1.,1.,
1.,1.,1.,1.,1.,1.,1.,1.,1.,1.,1.,1.,1.,1.,1.,1.,1.,1.,1.,1.,1.,1.,1.,1.,
1.,1.,1.,1.,1.,1.,1.,1.,1.,1.,1.,1.,1.,1.,1.,1.,1.,1.,1.,1.,1.,1.,1.,1.,
1.,1.,1.,1.,1.,1.,1.,1.,1.,1.,1.,1.,1.,1.,1.,1.,1.,1.,1.,1.,1.,1.,1.,1.,
1.,1.,1.,1.,1.,1.,1.,1.,1.,1.,1.,1.,1.,1.,1.,1.,1.,1.,1.,1.,1.,1.,1.,1.,
1.,1.,1.,1.,1.,1.,1.,1.,1.,1.,1.,1.,1.,1.,1.,1.,1.,1.,1.,1.,1.,1.,1.,1.,
1.,1.,1.,1.,1.,1.,1.,1.,1.,1.,1.,1.,1.,1.,1.,1.,1.,1.,1.,1.,1.,1.,1.,1.,
1.,1.,1.,1.,1.,1.,1.,1.,1.,1.,1.,1.,1.,1.,1.,1.,1.,1.,1.,1.,1.,1.,1.,1.,
1.,1.,1.,1.,1.,1.,1.,1.,1.,1.,1.,1.,1.,1.,1.,1.,1.,1.,1.,1.,1.,1.,1.,1.,
1.,1.,1.,1.,1.,1.,1.,1.,1.,1.,1.,1.,1.,1.,1.,1.,1.,1.,1.,1.,1.,1.,1.,1.,
1.,1.,1.,1.,1.,1.,1.,1.,1.,1.,1.,1.,1.,1.,1.,1.,1.,1.,1.,1.,1.,1.,1.,1.,
1.,1.,1.,1.,1.,1.,1.,1.,1.,1.,1.,1.,1.,1.,1.,1.,1.,1.,1.,1.,1.,1.,1.,1.,
1.,1.,1.,1.,1.,1.,1.,1.,1.,1.,1.,1.,1.,1.,1.,1.,1.,1.,1.,1.,1.,1.,1.,1.,
1.,1.,1.,1.,1.,1.,1.,1.,1.,1.,1.,1.,1.,1.,1.,1.,1.,1.,1.,1.,1.,1.,1.,1.,
1.,1.,1.,1.,1.,1.,1.,1.,1.,1.,1.,1.,1.,1.,1.,1.,1.,1.,1.,1.,1.,1.,1.,1.,
1.,1.,1.,1.,1.,1.,1.,1.,1.,1.,1.,1.,1.,1.,1.,1.,1.,1.,1.,1.,1.,1.,1.,1.,
1.,1.,1.,1.,1.,1.,1.,1.,1.,1.,1.,1.,1.,1.,1.,1.,1.,1.,1.,1.,1.,1.,1.,1.,
1.,1.,1.,1.,1.,1.,1.,1.,1.,1.,1.,1.,1.,1.,1.,1.,1.,1.,1.,1.,1.,1.,1.,1.,
1.,1.,1.,1.,1.,1.,1.,1.,1.,1.,1.,1.,1.,1.,1.,1.,1.,1.,1.,1.,1.,1.,1.,1.,
1.,1.,1.,1.,1.,1.,1.,1.,1.,1.,1.,1.,1.,1.,1.,1.,1.,1.,1.,1.,1.,1.,1.,1.,
1.,1.,1.,1.,1.,1.,1.,1.,1.,1.,1.,1.,1.,1.,1.,1.,1.,1.,1.,1.,1.,1.,1.,1.,
1.,1.,1.,1.,1.,1.,1.,1.,1.,1.,1.,1.,1.,1.,1.,1.,1.,1.,1.,1.,1.,1.,1.,1.,
1.,1.,1.,1.,1.,1.,1.,1.,1.,1.,1.,1.,1.,1.,1.,1.,1.,1.,1.,1.,1.,1.,1.,1.,
1.,1.,1.,1.,1.,1.,1.,1.,1.,1.,1.,1.,1.,1.,1.,1.,1.,1.,1.,1.,1.,1.,1.,1.,
1.,1.,1.,1.,1.,1.,1.,1.,1.,1.,1.,1.,1.,1.,1.,1.,1.,1.,1.,1.,1.,1.,1.,1.,
1.,1.,1.,1.,1.))
REPRESENTATION_ITEM('')
);
#33=(
BOUNDED_CURVE()
B_SPLINE_CURVE(5,(#3118,#3119,#3120,#3121,#3122,#3123,#3124,#3125,#3126,
#3127,#3128,#3129,#3130,#3131,#3132,#3133,#3134,#3135,#3136,#3137,#3138,
#3139,#3140,#3141,#3142,#3143,#3144,#3145,#3146,#3147,#3148,#3149,#3150,
#3151,#3152,#3153,#3154,#3155,#3156,#3157,#3158,#3159,#3160,#3161,#3162,
#3163,#3164,#3165,#3166,#3167,#3168,#3169,#3170,#3171,#3172,#3173,#3174,
#3175,#3176,#3177,#3178,#3179,#3180,#3181,#3182,#3183,#3184,#3185,#3186,
#3187,#3188,#3189,#3190,#3191,#3192,#3193,#3194,#3195,#3196,#3197,#3198,
#3199,#3200,#3201,#3202,#3203,#3204,#3205,#3206,#3207,#3208,#3209,#3210,
#3211,#3212,#3213,#3214,#3215,#3216,#3217,#3218,#3219,#3220,#3221,#3222,
#3223,#3224,#3225,#3226,#3227,#3228,#3229,#3230,#3231,#3232,#3233,#3234,
#3235,#3236,#3237,#3238,#3239,#3240,#3241,#3242,#3243,#3244,#3245,#3246,
#3247,#3248,#3249,#3250,#3251,#3252,#3253,#3254,#3255,#3256,#3257,#3258,
#3259,#3260,#3261,#3262,#3263,#3264,#3265,#3266,#3267,#3268,#3269,#3270,
#3271,#3272,#3273,#3274,#3275,#3276,#3277,#3278,#3279,#3280,#3281,#3282,
#3283,#3284,#3285,#3286,#3287,#3288,#3289,#3290,#3291,#3292,#3293,#3294,
#3295,#3296,#3297,#3298,#3299,#3300,#3301,#3302,#3303,#3304,#3305,#3306,
#3307,#3308,#3309,#3310,#3311,#3312,#3313,#3314,#3315,#3316,#3317,#3318,
#3319,#3320,#3321,#3322,#3323,#3324,#3325,#3326,#3327,#3328,#3329,#3330,
#3331,#3332,#3333,#3334,#3335,#3336,#3337,#3338,#3339,#3340,#3341,#3342,
#3343,#3344,#3345,#3346,#3347,#3348,#3349,#3350,#3351,#3352,#3353,#3354,
#3355,#3356,#3357,#3358,#3359,#3360,#3361,#3362,#3363,#3364,#3365,#3366,
#3367,#3368,#3369,#3370,#3371,#3372,#3373,#3374,#3375,#3376,#3377,#3378,
#3379,#3380,#3381,#3382,#3383,#3384,#3385,#3386,#3387,#3388,#3389,#3390,
#3391,#3392,#3393,#3394,#3395,#3396,#3397,#3398,#3399,#3400,#3401,#3402,
#3403,#3404,#3405,#3406,#3407,#3408,#3409,#3410,#3411,#3412,#3413,#3414,
#3415,#3416,#3417,#3418,#3419,#3420,#3421,#3422,#3423,#3424,#3425,#3426,
#3427,#3428,#3429,#3430,#3431,#3432,#3433,#3434,#3435,#3436,#3437,#3438,
#3439,#3440,#3441,#3442,#3443,#3444,#3445,#3446,#3447,#3448,#3449,#3450,
#3451,#3452,#3453,#3454,#3455,#3456,#3457,#3458,#3459,#3460,#3461,#3462,
#3463,#3464,#3465,#3466,#3467,#3468,#3469,#3470,#3471,#3472,#3473,#3474,
#3475,#3476,#3477,#3478,#3479,#3480,#3481,#3482,#3483,#3484,#3485,#3486,
#3487,#3488,#3489,#3490,#3491,#3492,#3493,#3494,#3495,#3496,#3497,#3498,
#3499,#3500,#3501,#3502,#3503,#3504,#3505,#3506,#3507,#3508,#3509,#3510,
#3511,#3512,#3513,#3514,#3515,#3516,#3517,#3518,#3519,#3520,#3521,#3522,
#3523,#3524,#3525,#3526,#3527,#3528,#3529,#3530,#3531,#3532,#3533,#3534,
#3535,#3536,#3537,#3538,#3539,#3540,#3541,#3542,#3543,#3544,#3545,#3546,
#3547,#3548,#3549,#3550,#3551,#3552,#3553,#3554,#3555,#3556,#3557,#3558,
#3559,#3560,#3561,#3562,#3563,#3564,#3565,#3566,#3567,#3568,#3569,#3570,
#3571,#3572,#3573,#3574,#3575,#3576,#3577,#3578,#3579,#3580,#3581,#3582,
#3583,#3584,#3585,#3586,#3587,#3588,#3589,#3590,#3591,#3592,#3593,#3594,
#3595,#3596,#3597,#3598,#3599,#3600,#3601,#3602,#3603,#3604,#3605,#3606,
#3607,#3608,#3609,#3610,#3611,#3612,#3613,#3614,#3615,#3616,#3617,#3618,
#3619,#3620,#3621,#3622,#3623,#3624,#3625,#3626,#3627,#3628,#3629,#3630,
#3631,#3632,#3633,#3634,#3635,#3636,#3637,#3638,#3639,#3640,#3641,#3642,
#3643,#3644,#3645,#3646,#3647,#3648,#3649,#3650,#3651,#3652,#3653,#3654,
#3655,#3656,#3657,#3658,#3659,#3660,#3661,#3662,#3663,#3664,#3665,#3666,
#3667,#3668,#3669,#3670,#3671,#3672,#3673,#3674,#3675,#3676,#3677,#3678,
#3679,#3680,#3681,#3682,#3683,#3684,#3685,#3686,#3687,#3688,#3689,#3690,
#3691,#3692,#3693,#3694,#3695,#3696,#3697,#3698,#3699,#3700,#3701,#3702,
#3703,#3704,#3705,#3706,#3707,#3708,#3709,#3710,#3711,#3712,#3713,#3714,
#3715,#3716,#3717,#3718,#3719,#3720,#3721,#3722,#3723,#3724,#3725,#3726,
#3727,#3728,#3729,#3730,#3731,#3732,#3733,#3734,#3735,#3736,#3737,#3738,
#3739,#3740,#3741,#3742,#3743,#3744,#3745,#3746,#3747,#3748,#3749,#3750,
#3751,#3752,#3753,#3754,#3755,#3756,#3757,#3758,#3759,#3760,#3761,#3762,
#3763,#3764,#3765,#3766,#3767,#3768,#3769,#3770,#3771,#3772,#3773,#3774,
#3775,#3776,#3777,#3778,#3779,#3780,#3781,#3782,#3783,#3784,#3785,#3786,
#3787,#3788,#3789,#3790,#3791,#3792,#3793,#3794,#3795,#3796,#3797,#3798,
#3799,#3800,#3801,#3802,#3803,#3804,#3805,#3806,#3807,#3808,#3809,#3810,
#3811,#3812,#3813,#3814,#3815,#3816,#3817,#3818,#3819,#3820,#3821,#3822,
#3823,#3824,#3825,#3826,#3827,#3828,#3829,#3830,#3831,#3832,#3833,#3834,
#3835,#3836,#3837,#3838,#3839,#3840,#3841,#3842,#3843,#3844,#3845,#3846,
#3847,#3848,#3849,#3850,#3851,#3852,#3853,#3854,#3855,#3856,#3857,#3858,
#3859,#3860,#3861,#3862,#3863,#3864,#3865,#3866,#3867,#3868,#3869,#3870,
#3871,#3872,#3873,#3874,#3875,#3876,#3877,#3878,#3879,#3880,#3881,#3882,
#3883,#3884,#3885,#3886,#3887,#3888,#3889,#3890,#3891,#3892,#3893,#3894,
#3895,#3896,#3897,#3898,#3899,#3900,#3901,#3902,#3903,#3904,#3905,#3906,
#3907,#3908,#3909,#3910,#3911,#3912,#3913,#3914,#3915,#3916,#3917,#3918,
#3919,#3920,#3921,#3922,#3923,#3924,#3925,#3926,#3927,#3928,#3929,#3930,
#3931,#3932,#3933,#3934,#3935,#3936,#3937,#3938,#3939,#3940,#3941,#3942,
#3943,#3944,#3945,#3946,#3947,#3948,#3949,#3950,#3951,#3952,#3953,#3954,
#3955,#3956,#3957,#3958,#3959,#3960,#3961,#3962,#3963,#3964,#3965,#3966,
#3967,#3968,#3969,#3970,#3971,#3972,#3973,#3974,#3975,#3976,#3977,#3978,
#3979,#3980,#3981,#3982,#3983,#3984,#3985,#3986,#3987,#3988,#3989,#3990,
#3991,#3992,#3993,#3994,#3995,#3996,#3997,#3998,#3999,#4000,#4001,#4002,
#4003,#4004,#4005,#4006,#4007,#4008,#4009,#4010,#4011,#4012,#4013,#4014,
#4015,#4016,#4017,#4018,#4019,#4020,#4021,#4022,#4023,#4024,#4025,#4026,
#4027,#4028,#4029,#4030,#4031,#4032,#4033,#4034,#4035,#4036,#4037,#4038,
#4039,#4040,#4041,#4042,#4043,#4044,#4045,#4046,#4047,#4048,#4049,#4050,
#4051,#4052,#4053,#4054,#4055,#4056,#4057,#4058,#4059,#4060,#4061,#4062,
#4063,#4064,#4065,#4066,#4067,#4068,#4069,#4070,#4071,#4072,#4073,#4074,
#4075,#4076,#4077,#4078,#4079,#4080,#4081,#4082,#4083,#4084,#4085,#4086,
#4087,#4088,#4089,#4090,#4091,#4092,#4093,#4094,#4095,#4096,#4097,#4098,
#4099,#4100,#4101,#4102,#4103,#4104,#4105,#4106,#4107,#4108,#4109,#4110,
#4111,#4112,#4113,#4114,#4115,#4116,#4117,#4118,#4119,#4120,#4121,#4122),
 .UNSPECIFIED.,.F.,.F.)
B_SPLINE_CURVE_WITH_KNOTS((6,1,1,1,1,1,1,1,1,1,1,1,1,1,1,1,1,1,1,1,1,1,
1,1,1,1,1,1,1,1,1,1,1,1,1,1,1,1,1,1,1,1,1,1,1,1,1,1,1,1,1,1,1,1,1,1,1,1,
1,1,1,1,1,1,1,1,1,1,1,1,1,1,1,1,1,1,1,1,1,1,1,1,1,1,1,1,1,1,1,1,1,1,1,1,
1,1,1,1,1,1,1,1,1,1,1,1,1,1,1,1,1,1,1,1,1,1,1,1,1,1,1,1,1,1,1,1,1,1,1,1,
1,1,1,1,1,1,1,1,1,1,1,1,1,1,1,1,1,1,1,1,1,1,1,1,1,1,1,1,1,1,1,1,1,1,1,1,
1,1,1,1,1,1,1,1,1,1,1,1,1,1,1,1,1,1,1,1,1,1,1,1,1,1,1,1,1,1,1,1,1,1,1,1,
1,1,1,1,1,1,1,1,1,1,1,1,1,1,1,1,1,1,1,1,1,1,1,1,1,1,1,1,1,1,1,1,1,1,1,1,
1,1,1,1,1,1,1,1,1,1,1,1,1,1,1,1,1,1,1,1,1,1,1,1,1,1,1,1,1,1,1,1,1,1,1,1,
1,1,1,1,1,1,1,1,1,1,1,1,1,1,1,1,1,1,1,1,1,1,1,1,1,1,1,1,1,1,1,1,1,1,1,1,
1,1,1,1,1,1,1,1,1,1,1,1,1,1,1,1,1,1,1,1,1,1,1,1,1,1,1,1,1,1,1,1,1,1,1,1,
1,1,1,1,1,1,1,1,1,1,1,1,1,1,1,1,1,1,1,1,1,1,1,1,1,1,1,1,1,1,1,1,1,1,1,1,
1,1,1,1,1,1,1,1,1,1,1,1,1,1,1,1,1,1,1,1,1,1,1,1,1,1,1,1,1,1,1,1,1,1,1,1,
1,1,1,1,1,1,1,1,1,1,1,1,1,1,1,1,1,1,1,1,1,1,1,1,1,1,1,1,1,1,1,1,1,1,1,1,
1,1,1,1,1,1,1,1,1,1,1,1,1,1,1,1,1,1,1,1,1,1,1,1,1,1,1,1,1,1,1,1,1,1,1,1,
1,1,1,1,1,1,1,1,1,1,1,1,1,1,1,1,1,1,1,1,1,1,1,1,1,1,1,1,1,1,1,1,1,1,1,1,
1,1,1,1,1,1,1,1,1,1,1,1,1,1,1,1,1,1,1,1,1,1,1,1,1,1,1,1,1,1,1,1,1,1,1,1,
1,1,1,1,1,1,1,1,1,1,1,1,1,1,1,1,1,1,1,1,1,1,1,1,1,1,1,1,1,1,1,1,1,1,1,1,
1,1,1,1,1,1,1,1,1,1,1,1,1,1,1,1,1,1,1,1,1,1,1,1,1,1,1,1,1,1,1,1,1,1,1,1,
1,1,1,1,1,1,1,1,1,1,1,1,1,1,1,1,1,1,1,1,1,1,1,1,1,1,1,1,1,1,1,1,1,1,1,1,
1,1,1,1,1,1,1,1,1,1,1,1,1,1,1,1,1,1,1,1,1,1,1,1,1,1,1,1,1,1,1,1,1,1,1,1,
1,1,1,1,1,1,1,1,1,1,1,1,1,1,1,1,1,1,1,1,1,1,1,1,1,1,1,1,1,1,1,1,1,1,1,1,
1,1,1,1,1,1,1,1,1,1,1,1,1,1,1,1,1,1,1,1,1,1,1,1,1,1,1,1,1,1,1,1,1,1,1,1,
1,1,1,1,1,1,1,1,1,1,1,1,1,1,1,1,1,1,1,1,1,1,1,1,1,1,1,1,1,1,1,1,1,1,1,1,
1,1,1,1,1,1,1,1,1,1,1,1,1,1,1,1,1,1,1,1,1,1,1,1,1,1,1,1,1,1,1,1,1,1,1,1,
1,1,1,1,1,1,1,1,1,1,1,1,1,1,1,1,1,1,1,1,1,1,1,1,1,1,1,1,1,1,1,1,1,1,1,1,
1,1,1,1,1,1,1,1,1,1,1,1,1,1,1,1,1,1,1,1,1,1,1,1,1,1,1,1,1,1,1,1,1,1,1,1,
1,1,1,1,1,1,1,1,1,1,1,1,1,1,1,1,1,1,1,1,1,1,1,1,1,1,1,1,1,1,1,1,1,1,1,1,
1,1,1,1,1,1,1,1,1,1,1,1,1,1,1,1,1,1,1,1,1,1,1,1,1,1,1,1,1,1,1,1,1,1,1,1,
1,1,1,1,1,1,6),(0.000822115354212526,0.001,0.002,0.003,0.004,0.005,0.006,
0.007,0.008,0.009,0.01,0.011,0.012,0.013,0.014,0.015,0.016,0.017,0.018,
0.019,0.02,0.021,0.022,0.023,0.024,0.025,0.026,0.027,0.028,0.029,0.03,0.031,
0.032,0.033,0.034,0.035,0.036,0.037,0.038,0.039,0.04,0.041,0.042,0.043,
0.044,0.045,0.046,0.047,0.048,0.049,0.05,0.051,0.052,0.053,0.054,0.055,
0.056,0.057,0.058,0.059,0.06,0.061,0.062,0.063,0.064,0.065,0.066,0.067,
0.068,0.069,0.07,0.071,0.0720000000000001,0.0730000000000001,0.0740000000000001,
0.0750000000000001,0.0760000000000001,0.0770000000000001,0.0780000000000001,
0.0790000000000001,0.0800000000000001,0.0810000000000001,0.0820000000000001,
0.0830000000000001,0.0840000000000001,0.0850000000000001,0.0860000000000001,
0.0870000000000001,0.0880000000000001,0.0890000000000001,0.0900000000000001,
0.0910000000000001,0.0920000000000001,0.0930000000000001,0.0940000000000001,
0.0950000000000001,0.0960000000000001,0.0970000000000001,0.0980000000000001,
0.0990000000000001,0.1,0.101,0.102,0.103,0.104,0.105,0.106,0.107,0.108,
0.109,0.11,0.111,0.112,0.113,0.114,0.115,0.116,0.117,0.118,0.119,0.12,0.121,
0.122,0.123,0.124,0.125,0.126,0.127,0.128,0.129,0.13,0.131,0.132,0.133,
0.134,0.135,0.136,0.137,0.138,0.139,0.14,0.141,0.142,0.143,0.144,0.145,
0.146,0.147,0.148,0.149,0.15,0.151,0.152,0.153,0.154,0.155,0.156,0.157,
0.158,0.159,0.16,0.161,0.162,0.163,0.164,0.165,0.166,0.167,0.168,0.169,
0.17,0.171,0.172,0.173,0.174,0.175,0.176,0.177,0.178,0.179,0.18,0.181,0.182,
0.183,0.184,0.185,0.186,0.187,0.188,0.189,0.19,0.191,0.192,0.193,0.194,
0.195,0.196,0.197,0.198,0.199,0.2,0.201,0.202,0.203,0.204,0.205,0.206,0.207,
0.208,0.209,0.21,0.211,0.212,0.213,0.214,0.215,0.216,0.217,0.218,0.219,
0.22,0.221,0.222,0.223,0.224,0.225,0.226,0.227,0.228,0.229,0.23,0.231,0.232,
0.233,0.234,0.235,0.236,0.237,0.238,0.239,0.24,0.241,0.242,0.243,0.244,
0.245,0.246,0.247,0.248,0.249,0.25,0.251,0.252,0.253,0.254,0.255,0.256,
0.257,0.258,0.259,0.26,0.261,0.262,0.263,0.264,0.265,0.266,0.267,0.268,
0.269,0.27,0.271,0.272,0.273,0.274,0.275,0.276,0.277,0.278,0.279,0.28,0.281,
0.282,0.283,0.284,0.285,0.286,0.287,0.288,0.289,0.29,0.291,0.292,0.293,
0.294,0.295,0.296,0.297,0.298,0.299,0.3,0.301,0.302,0.303,0.304,0.305,0.306,
0.307,0.308,0.309,0.31,0.311,0.312,0.313,0.314,0.315,0.316,0.317,0.318,
0.319,0.32,0.321,0.322,0.323,0.324,0.325,0.326,0.327,0.328,0.329,0.33,0.331,
0.332,0.333,0.334,0.335,0.336,0.337,0.338,0.339,0.34,0.341,0.342,0.343,
0.344,0.345,0.346,0.347,0.348,0.349,0.35,0.351,0.352,0.353,0.354,0.355,
0.356,0.357,0.358,0.359,0.36,0.361,0.362,0.363,0.364,0.365,0.366,0.367,
0.368,0.369,0.37,0.371,0.372,0.373,0.374,0.375,0.376,0.377,0.378,0.379,
0.38,0.381,0.382,0.383,0.384,0.385,0.386,0.387,0.388,0.389,0.39,0.391,0.392,
0.393,0.394,0.395,0.396,0.397,0.398,0.399,0.4,0.401,0.402,0.403,0.404,0.405,
0.406,0.407,0.408,0.409,0.41,0.411,0.412,0.413,0.414,0.415,0.416,0.417,
0.418,0.419,0.42,0.421,0.422,0.423,0.424,0.425,0.426,0.427,0.428,0.429,
0.43,0.431,0.432,0.433,0.434,0.435,0.436,0.437,0.438,0.439,0.44,0.441,0.442,
0.443,0.444,0.445,0.446,0.447,0.448,0.449,0.45,0.451,0.452,0.453,0.454,
0.455,0.456,0.457,0.458,0.459,0.46,0.461,0.462,0.463,0.464,0.465,0.466,
0.467,0.468,0.469,0.47,0.471,0.472,0.473,0.474,0.475,0.476,0.477,0.478,
0.479,0.48,0.481,0.482,0.483,0.484,0.485,0.486,0.487,0.488,0.489,0.49,0.491,
0.492,0.493,0.494,0.495,0.496,0.497,0.498,0.499,0.5,0.501,0.502,0.503,0.504,
0.505,0.506,0.507,0.508,0.509,0.51,0.511,0.512,0.513,0.514,0.515,0.516,
0.517,0.518,0.519,0.52,0.521,0.522,0.523,0.524,0.525,0.526,0.527,0.528,
0.529,0.53,0.531,0.532,0.533,0.534,0.535,0.536,0.537,0.538,0.539,0.54,0.541,
0.542,0.543,0.544,0.545,0.546,0.547,0.548,0.549,0.55,0.551,0.552,0.553,
0.554,0.555,0.556,0.557,0.558,0.559,0.56,0.561,0.562,0.563,0.564,0.565,
0.566,0.567,0.568,0.569,0.57,0.571,0.572,0.573,0.574,0.575,0.576,0.577,
0.578,0.579,0.58,0.581,0.582,0.583,0.584,0.585,0.586,0.587,0.588,0.589,
0.59,0.591,0.592,0.593,0.594,0.595,0.596,0.597,0.598,0.599,0.6,0.601,0.602,
0.603,0.604,0.605,0.606,0.607,0.608,0.609,0.61,0.611,0.612,0.613,0.614,
0.615,0.616,0.617,0.618,0.619,0.62,0.621,0.622,0.623,0.624,0.625,0.626,
0.627,0.628,0.629,0.63,0.631,0.632,0.633,0.634,0.635,0.636,0.637,0.638,
0.639,0.64,0.641,0.642,0.643,0.644,0.645,0.646,0.647,0.648,0.649,0.65,0.651,
0.652,0.653,0.654,0.655,0.656,0.657,0.658,0.659,0.66,0.661,0.662,0.663,
0.664,0.665,0.666,0.667,0.668,0.669,0.67,0.671,0.672,0.673,0.674,0.675,
0.676,0.677,0.678,0.679,0.68,0.681,0.682,0.683,0.684,0.685,0.686,0.687,
0.688000000000001,0.689000000000001,0.690000000000001,0.691000000000001,
0.692000000000001,0.693000000000001,0.694000000000001,0.695000000000001,
0.696000000000001,0.697000000000001,0.698000000000001,0.699000000000001,
0.700000000000001,0.701000000000001,0.702000000000001,0.703000000000001,
0.704000000000001,0.705000000000001,0.706000000000001,0.707000000000001,
0.708000000000001,0.709000000000001,0.710000000000001,0.711000000000001,
0.712000000000001,0.713000000000001,0.714000000000001,0.715000000000001,
0.716000000000001,0.717000000000001,0.718000000000001,0.719000000000001,
0.720000000000001,0.721000000000001,0.722000000000001,0.723000000000001,
0.724000000000001,0.725000000000001,0.726000000000001,0.727000000000001,
0.728000000000001,0.729000000000001,0.730000000000001,0.731000000000001,
0.732000000000001,0.733000000000001,0.734000000000001,0.735000000000001,
0.736000000000001,0.737000000000001,0.738000000000001,0.739000000000001,
0.740000000000001,0.741000000000001,0.742000000000001,0.743000000000001,
0.744000000000001,0.745000000000001,0.746000000000001,0.747000000000001,
0.748000000000001,0.749000000000001,0.750000000000001,0.751000000000001,
0.752000000000001,0.753000000000001,0.754000000000001,0.755000000000001,
0.756000000000001,0.757000000000001,0.758000000000001,0.759000000000001,
0.760000000000001,0.761000000000001,0.762000000000001,0.763000000000001,
0.764000000000001,0.765000000000001,0.766000000000001,0.767000000000001,
0.768000000000001,0.769000000000001,0.770000000000001,0.771000000000001,
0.772000000000001,0.773000000000001,0.774000000000001,0.775000000000001,
0.776000000000001,0.777000000000001,0.778000000000001,0.779000000000001,
0.780000000000001,0.781000000000001,0.782000000000001,0.783000000000001,
0.784000000000001,0.785000000000001,0.786000000000001,0.787000000000001,
0.788000000000001,0.789000000000001,0.790000000000001,0.791000000000001,
0.792000000000001,0.793000000000001,0.794000000000001,0.795000000000001,
0.796000000000001,0.797000000000001,0.798000000000001,0.799000000000001,
0.800000000000001,0.801000000000001,0.802000000000001,0.803000000000001,
0.804000000000001,0.805000000000001,0.806000000000001,0.807000000000001,
0.808000000000001,0.809000000000001,0.810000000000001,0.811000000000001,
0.812000000000001,0.813000000000001,0.814000000000001,0.815000000000001,
0.816000000000001,0.817000000000001,0.818000000000001,0.819000000000001,
0.820000000000001,0.821000000000001,0.822000000000001,0.823000000000001,
0.824000000000001,0.825000000000001,0.826000000000001,0.827000000000001,
0.828000000000001,0.829000000000001,0.830000000000001,0.831000000000001,
0.832000000000001,0.833000000000001,0.834000000000001,0.835000000000001,
0.836000000000001,0.837000000000001,0.838000000000001,0.839000000000001,
0.840000000000001,0.841000000000001,0.842000000000001,0.843000000000001,
0.844000000000001,0.845000000000001,0.846000000000001,0.847000000000001,
0.848000000000001,0.849000000000001,0.850000000000001,0.851000000000001,
0.852000000000001,0.853000000000001,0.854000000000001,0.855000000000001,
0.856000000000001,0.857000000000001,0.858000000000001,0.859000000000001,
0.860000000000001,0.861000000000001,0.862000000000001,0.863000000000001,
0.864000000000001,0.865000000000001,0.866000000000001,0.867000000000001,
0.868000000000001,0.869000000000001,0.870000000000001,0.871000000000001,
0.872000000000001,0.873000000000001,0.874000000000001,0.875000000000001,
0.876000000000001,0.877000000000001,0.878000000000001,0.879000000000001,
0.880000000000001,0.881000000000001,0.882000000000001,0.883000000000001,
0.884000000000001,0.885000000000001,0.886000000000001,0.887000000000001,
0.888000000000001,0.889000000000001,0.890000000000001,0.891000000000001,
0.892000000000001,0.893000000000001,0.894000000000001,0.895000000000001,
0.896000000000001,0.897000000000001,0.898000000000001,0.899000000000001,
0.900000000000001,0.901000000000001,0.902000000000001,0.903000000000001,
0.904000000000001,0.905000000000001,0.906000000000001,0.907000000000001,
0.908000000000001,0.909000000000001,0.910000000000001,0.911000000000001,
0.912000000000001,0.913000000000001,0.914000000000001,0.915000000000001,
0.916000000000001,0.917000000000001,0.918000000000001,0.919000000000001,
0.920000000000001,0.921000000000001,0.922000000000001,0.923000000000001,
0.924000000000001,0.925000000000001,0.926000000000001,0.927000000000001,
0.928000000000001,0.929000000000001,0.930000000000001,0.931000000000001,
0.932000000000001,0.933000000000001,0.934000000000001,0.935000000000001,
0.936000000000001,0.937000000000001,0.938000000000001,0.939000000000001,
0.940000000000001,0.941000000000001,0.942000000000001,0.943000000000001,
0.944000000000001,0.945000000000001,0.946000000000001,0.947000000000001,
0.948000000000001,0.949000000000001,0.950000000000001,0.951000000000001,
0.952000000000001,0.953000000000001,0.954000000000001,0.955000000000001,
0.956000000000001,0.957000000000001,0.958000000000001,0.959000000000001,
0.960000000000001,0.961000000000001,0.962000000000001,0.963000000000001,
0.964000000000001,0.965000000000001,0.966000000000001,0.967000000000001,
0.968000000000001,0.969000000000001,0.970000000000001,0.971000000000001,
0.972000000000001,0.973000000000001,0.974000000000001,0.975000000000001,
0.976000000000001,0.977000000000001,0.978000000000001,0.979000000000001,
0.980000000000001,0.981000000000001,0.982000000000001,0.983000000000001,
0.984000000000001,0.985000000000001,0.986000000000001,0.987000000000001,
0.988000000000001,0.989000000000001,0.990000000000001,0.991000000000001,
0.992000000000001,0.993000000000001,0.994000000000001,0.995000000000001,
0.996000000000001,0.997000000000001,0.998000000000001,0.999000000000001,
0.999177884645785),.UNSPECIFIED.)
CURVE()
GEOMETRIC_REPRESENTATION_ITEM()
RATIONAL_B_SPLINE_CURVE((1.,1.,1.,1.,1.,1.,1.,1.,1.,1.,1.,1.,1.,1.,1.,1.,
1.,1.,1.,1.,1.,1.,1.,1.,1.,1.,1.,1.,1.,1.,1.,1.,1.,1.,1.,1.,1.,1.,1.,1.,
1.,1.,1.,1.,1.,1.,1.,1.,1.,1.,1.,1.,1.,1.,1.,1.,1.,1.,1.,1.,1.,1.,1.,1.,
1.,1.,1.,1.,1.,1.,1.,1.,1.,1.,1.,1.,1.,1.,1.,1.,1.,1.,1.,1.,1.,1.,1.,1.,
1.,1.,1.,1.,1.,1.,1.,1.,1.,1.,1.,1.,1.,1.,1.,1.,1.,1.,1.,1.,1.,1.,1.,1.,
1.,1.,1.,1.,1.,1.,1.,1.,1.,1.,1.,1.,1.,1.,1.,1.,1.,1.,1.,1.,1.,1.,1.,1.,
1.,1.,1.,1.,1.,1.,1.,1.,1.,1.,1.,1.,1.,1.,1.,1.,1.,1.,1.,1.,1.,1.,1.,1.,
1.,1.,1.,1.,1.,1.,1.,1.,1.,1.,1.,1.,1.,1.,1.,1.,1.,1.,1.,1.,1.,1.,1.,1.,
1.,1.,1.,1.,1.,1.,1.,1.,1.,1.,1.,1.,1.,1.,1.,1.,1.,1.,1.,1.,1.,1.,1.,1.,
1.,1.,1.,1.,1.,1.,1.,1.,1.,1.,1.,1.,1.,1.,1.,1.,1.,1.,1.,1.,1.,1.,1.,1.,
1.,1.,1.,1.,1.,1.,1.,1.,1.,1.,1.,1.,1.,1.,1.,1.,1.,1.,1.,1.,1.,1.,1.,1.,
1.,1.,1.,1.,1.,1.,1.,1.,1.,1.,1.,1.,1.,1.,1.,1.,1.,1.,1.,1.,1.,1.,1.,1.,
1.,1.,1.,1.,1.,1.,1.,1.,1.,1.,1.,1.,1.,1.,1.,1.,1.,1.,1.,1.,1.,1.,1.,1.,
1.,1.,1.,1.,1.,1.,1.,1.,1.,1.,1.,1.,1.,1.,1.,1.,1.,1.,1.,1.,1.,1.,1.,1.,
1.,1.,1.,1.,1.,1.,1.,1.,1.,1.,1.,1.,1.,1.,1.,1.,1.,1.,1.,1.,1.,1.,1.,1.,
1.,1.,1.,1.,1.,1.,1.,1.,1.,1.,1.,1.,1.,1.,1.,1.,1.,1.,1.,1.,1.,1.,1.,1.,
1.,1.,1.,1.,1.,1.,1.,1.,1.,1.,1.,1.,1.,1.,1.,1.,1.,1.,1.,1.,1.,1.,1.,1.,
1.,1.,1.,1.,1.,1.,1.,1.,1.,1.,1.,1.,1.,1.,1.,1.,1.,1.,1.,1.,1.,1.,1.,1.,
1.,1.,1.,1.,1.,1.,1.,1.,1.,1.,1.,1.,1.,1.,1.,1.,1.,1.,1.,1.,1.,1.,1.,1.,
1.,1.,1.,1.,1.,1.,1.,1.,1.,1.,1.,1.,1.,1.,1.,1.,1.,1.,1.,1.,1.,1.,1.,1.,
1.,1.,1.,1.,1.,1.,1.,1.,1.,1.,1.,1.,1.,1.,1.,1.,1.,1.,1.,1.,1.,1.,1.,1.,
1.,1.,1.,1.,1.,1.,1.,1.,1.,1.,1.,1.,1.,1.,1.,1.,1.,1.,1.,1.,1.,1.,1.,1.,
1.,1.,1.,1.,1.,1.,1.,1.,1.,1.,1.,1.,1.,1.,1.,1.,1.,1.,1.,1.,1.,1.,1.,1.,
1.,1.,1.,1.,1.,1.,1.,1.,1.,1.,1.,1.,1.,1.,1.,1.,1.,1.,1.,1.,1.,1.,1.,1.,
1.,1.,1.,1.,1.,1.,1.,1.,1.,1.,1.,1.,1.,1.,1.,1.,1.,1.,1.,1.,1.,1.,1.,1.,
1.,1.,1.,1.,1.,1.,1.,1.,1.,1.,1.,1.,1.,1.,1.,1.,1.,1.,1.,1.,1.,1.,1.,1.,
1.,1.,1.,1.,1.,1.,1.,1.,1.,1.,1.,1.,1.,1.,1.,1.,1.,1.,1.,1.,1.,1.,1.,1.,
1.,1.,1.,1.,1.,1.,1.,1.,1.,1.,1.,1.,1.,1.,1.,1.,1.,1.,1.,1.,1.,1.,1.,1.,
1.,1.,1.,1.,1.,1.,1.,1.,1.,1.,1.,1.,1.,1.,1.,1.,1.,1.,1.,1.,1.,1.,1.,1.,
1.,1.,1.,1.,1.,1.,1.,1.,1.,1.,1.,1.,1.,1.,1.,1.,1.,1.,1.,1.,1.,1.,1.,1.,
1.,1.,1.,1.,1.,1.,1.,1.,1.,1.,1.,1.,1.,1.,1.,1.,1.,1.,1.,1.,1.,1.,1.,1.,
1.,1.,1.,1.,1.,1.,1.,1.,1.,1.,1.,1.,1.,1.,1.,1.,1.,1.,1.,1.,1.,1.,1.,1.,
1.,1.,1.,1.,1.,1.,1.,1.,1.,1.,1.,1.,1.,1.,1.,1.,1.,1.,1.,1.,1.,1.,1.,1.,
1.,1.,1.,1.,1.,1.,1.,1.,1.,1.,1.,1.,1.,1.,1.,1.,1.,1.,1.,1.,1.,1.,1.,1.,
1.,1.,1.,1.,1.,1.,1.,1.,1.,1.,1.,1.,1.,1.,1.,1.,1.,1.,1.,1.,1.,1.,1.,1.,
1.,1.,1.,1.,1.,1.,1.,1.,1.,1.,1.,1.,1.,1.,1.,1.,1.,1.,1.,1.,1.,1.,1.,1.,
1.,1.,1.,1.,1.,1.,1.,1.,1.,1.,1.,1.,1.,1.,1.,1.,1.,1.,1.,1.,1.,1.,1.,1.,
1.,1.,1.,1.,1.,1.,1.,1.,1.,1.,1.,1.,1.,1.,1.,1.,1.,1.,1.,1.,1.,1.,1.,1.,
1.,1.,1.,1.,1.,1.,1.,1.,1.,1.,1.,1.,1.,1.,1.,1.,1.,1.,1.,1.,1.,1.,1.,1.,
1.,1.,1.,1.,1.,1.,1.,1.,1.,1.,1.,1.,1.,1.,1.,1.,1.,1.,1.,1.,1.,1.,1.,1.,
1.,1.,1.,1.,1.,1.,1.,1.,1.,1.,1.,1.,1.,1.,1.,1.,1.,1.,1.,1.,1.,1.,1.,1.,
1.,1.,1.,1.,1.,1.,1.,1.,1.,1.,1.,1.,1.,1.,1.,1.,1.,1.,1.,1.,1.,1.,1.,1.,
1.,1.,1.,1.,1.))
REPRESENTATION_ITEM('')
);
#34=VERTEX_POINT('',#94);
#35=VERTEX_POINT('',#95);
#36=VERTEX_POINT('',#1103);
#37=VERTEX_POINT('',#1105);
#38=EDGE_CURVE('',#34,#35,#32,.T.);
#39=EDGE_CURVE('',#35,#34,#24,.T.);
#40=EDGE_CURVE('',#36,#35,#25,.T.);
#41=EDGE_CURVE('',#37,#36,#26,.T.);
#42=EDGE_CURVE('',#34,#37,#27,.T.);
#43=EDGE_CURVE('',#36,#37,#33,.T.);
#44=ORIENTED_EDGE('',*,*,#38,.T.);
#45=ORIENTED_EDGE('',*,*,#39,.T.);
#46=ORIENTED_EDGE('',*,*,#40,.F.);
#47=ORIENTED_EDGE('',*,*,#41,.F.);
#48=ORIENTED_EDGE('',*,*,#42,.F.);
#49=ORIENTED_EDGE('',*,*,#39,.F.);
#50=ORIENTED_EDGE('',*,*,#42,.T.);
#51=ORIENTED_EDGE('',*,*,#43,.F.);
#52=ORIENTED_EDGE('',*,*,#40,.T.);
#53=ORIENTED_EDGE('',*,*,#38,.F.);
#54=ORIENTED_EDGE('',*,*,#43,.T.);
#55=ORIENTED_EDGE('',*,*,#41,.T.);
#56=PLANE('',#77);
#57=PLANE('',#78);
#58=PLANE('',#79);
#59=ADVANCED_FACE('',(#16),#56,.F.);
#60=ADVANCED_FACE('',(#17),#57,.T.);
#61=ADVANCED_FACE('',(#18),#15,.T.);
#62=ADVANCED_FACE('',(#19),#58,.T.);
#63=CLOSED_SHELL('',(#59,#60,#61,#62));
#64=DERIVED_UNIT_ELEMENT(#66,1.);
#65=DERIVED_UNIT_ELEMENT(#4129,-3.);
#66=(
MASS_UNIT()
NAMED_UNIT(*)
SI_UNIT(.KILO.,.GRAM.)
);
#67=DERIVED_UNIT((#64,#65));
#68=MEASURE_REPRESENTATION_ITEM('density measure',
POSITIVE_RATIO_MEASURE(7850.),#67);
#69=PROPERTY_DEFINITION_REPRESENTATION(#74,#71);
#70=PROPERTY_DEFINITION_REPRESENTATION(#75,#72);
#71=REPRESENTATION('material name',(#73),#4126);
#72=REPRESENTATION('density',(#68),#4126);
#73=DESCRIPTIVE_REPRESENTATION_ITEM('Steel','Steel');
#74=PROPERTY_DEFINITION('material property','material name',#4136);
#75=PROPERTY_DEFINITION('material property','density of part',#4136);
#76=AXIS2_PLACEMENT_3D('',#92,#80,#81);
#77=AXIS2_PLACEMENT_3D('',#93,#82,#83);
#78=AXIS2_PLACEMENT_3D('',#1102,#85,#86);
#79=AXIS2_PLACEMENT_3D('',#4123,#90,#91);
#80=DIRECTION('axis',(0.,0.,1.));
#81=DIRECTION('refdir',(1.,0.,0.));
#82=DIRECTION('center_axis',(0.,0.,1.));
#83=DIRECTION('ref_axis',(1.,0.,0.));
#84=DIRECTION('',(0.,-1.,0.));
#85=DIRECTION('center_axis',(1.,0.,0.));
#86=DIRECTION('ref_axis',(0.,1.,0.));
#87=DIRECTION('',(0.,0.,-1.));
#88=DIRECTION('',(0.,1.,0.));
#89=DIRECTION('',(0.,0.,1.));
#90=DIRECTION('center_axis',(0.,0.,1.));
#91=DIRECTION('ref_axis',(1.,0.,0.));
#92=CARTESIAN_POINT('',(0.,0.,0.));
#93=CARTESIAN_POINT('Origin',(-10.1292405932283,4.2632564145606E-13,-500.));
#94=CARTESIAN_POINT('',(489.753,-1.942,-500.));
#95=CARTESIAN_POINT('',(489.753,1.942,-500.));
#96=CARTESIAN_POINT('Ctrl Pts',(489.753,-1.94200000000004,-500.));
#97=CARTESIAN_POINT('Ctrl Pts',(489.738839431437,-1.94498847124224,-500.));
#98=CARTESIAN_POINT('Ctrl Pts',(489.642690940521,-1.96528263094284,-500.));
#99=CARTESIAN_POINT('Ctrl Pts',(489.436178781222,-2.00890025293814,-500.));
#100=CARTESIAN_POINT('Ctrl Pts',(489.066526672959,-2.08694367219999,-500.));
#101=CARTESIAN_POINT('Ctrl Pts',(488.52150455988,-2.2011900890864,-500.));
#102=CARTESIAN_POINT('Ctrl Pts',(487.821389226491,-2.34734992288859,-500.));
#103=CARTESIAN_POINT('Ctrl Pts',(487.047698378465,-2.50974378036377,-500.));
#104=CARTESIAN_POINT('Ctrl Pts',(486.209128371826,-2.68617854975541,-500.));
#105=CARTESIAN_POINT('Ctrl Pts',(485.325079763116,-2.87164195357971,-500.));
#106=CARTESIAN_POINT('Ctrl Pts',(484.403398501247,-3.06429392694228,-500.));
#107=CARTESIAN_POINT('Ctrl Pts',(483.442897424164,-3.26471896653941,-500.));
#108=CARTESIAN_POINT('Ctrl Pts',(482.443282558004,-3.47322831995885,-500.));
#109=CARTESIAN_POINT('Ctrl Pts',(481.407932382563,-3.68907936114516,-500.));
#110=CARTESIAN_POINT('Ctrl Pts',(480.340919339872,-3.91127911581474,-500.));
#111=CARTESIAN_POINT('Ctrl Pts',(479.244871256526,-4.13914064175696,-500.));
#112=CARTESIAN_POINT('Ctrl Pts',(478.120977635321,-4.37233481836073,-500.));
#113=CARTESIAN_POINT('Ctrl Pts',(476.969978281757,-4.6106896988524,-500.));
#114=CARTESIAN_POINT('Ctrl Pts',(475.792890253488,-4.85407121542309,-500.));
#115=CARTESIAN_POINT('Ctrl Pts',(474.590955962787,-5.1023280786323,-500.));
#116=CARTESIAN_POINT('Ctrl Pts',(473.365405820695,-5.35527429576994,-500.));
#117=CARTESIAN_POINT('Ctrl Pts',(472.117255425388,-5.61264509245042,-500.));
#118=CARTESIAN_POINT('Ctrl Pts',(470.84731731117,-5.87413805753255,-500.));
#119=CARTESIAN_POINT('Ctrl Pts',(469.55629396426,-6.13946856044387,-500.));
#120=CARTESIAN_POINT('Ctrl Pts',(468.244855332577,-6.40843450507823,-500.));
#121=CARTESIAN_POINT('Ctrl Pts',(466.913675903091,-6.68092695621975,-500.));
#122=CARTESIAN_POINT('Ctrl Pts',(465.563402916015,-6.95687156379198,-500.));
#123=CARTESIAN_POINT('Ctrl Pts',(464.194643494301,-7.23618871515851,-500.));
#124=CARTESIAN_POINT('Ctrl Pts',(462.807943517234,-7.51874441735553,-500.));
#125=CARTESIAN_POINT('Ctrl Pts',(461.40379805207,-7.80438000895913,-500.));
#126=CARTESIAN_POINT('Ctrl Pts',(459.982660752475,-8.09293955056096,-500.));
#127=CARTESIAN_POINT('Ctrl Pts',(458.544954154274,-8.38430332840808,-500.));
#128=CARTESIAN_POINT('Ctrl Pts',(457.091078279263,-8.67840194581475,-500.));
#129=CARTESIAN_POINT('Ctrl Pts',(455.621416961151,-8.97518623388027,-500.));
#130=CARTESIAN_POINT('Ctrl Pts',(454.136343577983,-9.27460858225368,-500.));
#131=CARTESIAN_POINT('Ctrl Pts',(452.636229380321,-9.57659444963898,-500.));
#132=CARTESIAN_POINT('Ctrl Pts',(451.121441220181,-9.88103895565242,-500.));
#133=CARTESIAN_POINT('Ctrl Pts',(449.59232770848,-10.187826576227,-500.));
#134=CARTESIAN_POINT('Ctrl Pts',(448.049210239156,-10.4968433122558,-500.));
#135=CARTESIAN_POINT('Ctrl Pts',(446.492368072206,-10.8079949858217,-500.));
#136=CARTESIAN_POINT('Ctrl Pts',(444.922042459339,-11.1212102704005,-500.));
#137=CARTESIAN_POINT('Ctrl Pts',(443.338457462788,-11.436431777216,-500.));
#138=CARTESIAN_POINT('Ctrl Pts',(441.741834449677,-11.7536108418659,-500.));
#139=CARTESIAN_POINT('Ctrl Pts',(440.132412957645,-12.0726998861111,-500.));
#140=CARTESIAN_POINT('Ctrl Pts',(438.510455239179,-12.3936490913247,-500.));
#141=CARTESIAN_POINT('Ctrl Pts',(436.876229154194,-12.7164081021696,-500.));
#142=CARTESIAN_POINT('Ctrl Pts',(435.229996784317,-13.0409264540179,-500.));
#143=CARTESIAN_POINT('Ctrl Pts',(433.571999670314,-13.3671547124961,-500.));
#144=CARTESIAN_POINT('Ctrl Pts',(431.902448630426,-13.6950447346729,-500.));
#145=CARTESIAN_POINT('Ctrl Pts',(430.221532588497,-14.0245467984516,-500.));
#146=CARTESIAN_POINT('Ctrl Pts',(428.529425335925,-14.3556068352892,-500.));
#147=CARTESIAN_POINT('Ctrl Pts',(426.826292714117,-14.688164161848,-500.));
#148=CARTESIAN_POINT('Ctrl Pts',(425.11230056718,-15.0221476202151,-500.));
#149=CARTESIAN_POINT('Ctrl Pts',(423.387615511205,-15.3574827568648,-500.));
#150=CARTESIAN_POINT('Ctrl Pts',(421.652403698352,-15.6941025298897,-500.));
#151=CARTESIAN_POINT('Ctrl Pts',(419.906830232641,-16.0319558035955,-500.));
#152=CARTESIAN_POINT('Ctrl Pts',(418.151058388199,-16.371019120095,-500.));
#153=CARTESIAN_POINT('Ctrl Pts',(416.385248682132,-16.7112997091467,-500.));
#154=CARTESIAN_POINT('Ctrl Pts',(414.609557279044,-17.0528150529273,-500.));
#155=CARTESIAN_POINT('Ctrl Pts',(412.824134373413,-17.3955754913701,-500.));
#156=CARTESIAN_POINT('Ctrl Pts',(411.029122907022,-17.7395680292339,-500.));
#157=CARTESIAN_POINT('Ctrl Pts',(409.224656332,-18.0847336712875,-500.));
#158=CARTESIAN_POINT('Ctrl Pts',(407.410860711643,-18.4309764513664,-500.));
#159=CARTESIAN_POINT('Ctrl Pts',(405.587859199906,-18.7781902892534,-500.));
#160=CARTESIAN_POINT('Ctrl Pts',(403.755775920664,-19.1262809581524,-500.));
#161=CARTESIAN_POINT('Ctrl Pts',(401.914739801774,-19.4751887215096,-500.));
#162=CARTESIAN_POINT('Ctrl Pts',(400.064889207942,-19.8249142810879,-500.));
#163=CARTESIAN_POINT('Ctrl Pts',(398.20636639566,-20.1754979479588,-500.));
#164=CARTESIAN_POINT('Ctrl Pts',(396.339310675166,-20.5269928132009,-500.));
#165=CARTESIAN_POINT('Ctrl Pts',(394.463852079727,-20.879440215791,-500.));
#166=CARTESIAN_POINT('Ctrl Pts',(392.580104715593,-21.2328438957459,-500.));
#167=CARTESIAN_POINT('Ctrl Pts',(390.688160540902,-21.5871456708106,-500.));
#168=CARTESIAN_POINT('Ctrl Pts',(388.788097798725,-21.942249504912,-500.));
#169=CARTESIAN_POINT('Ctrl Pts',(386.879989208404,-22.298044762087,-500.));
#170=CARTESIAN_POINT('Ctrl Pts',(384.963910130027,-22.654429448106,-500.));
#171=CARTESIAN_POINT('Ctrl Pts',(383.039947009208,-23.0113341801001,-500.));
#172=CARTESIAN_POINT('Ctrl Pts',(381.108204940112,-23.3687437973835,-500.));
#173=CARTESIAN_POINT('Ctrl Pts',(379.168799841995,-23.726677620965,-500.));
#174=CARTESIAN_POINT('Ctrl Pts',(377.221851423049,-24.0851718294207,-500.));
#175=CARTESIAN_POINT('Ctrl Pts',(375.267475838245,-24.4442610148026,-500.));
#176=CARTESIAN_POINT('Ctrl Pts',(373.305778497276,-24.8039601349068,-500.));
#177=CARTESIAN_POINT('Ctrl Pts',(371.336846754278,-25.164246166892,-500.));
#178=CARTESIAN_POINT('Ctrl Pts',(369.360755438962,-25.5250705601867,-500.));
#179=CARTESIAN_POINT('Ctrl Pts',(367.377572355107,-25.8863716114025,-500.));
#180=CARTESIAN_POINT('Ctrl Pts',(365.387363935774,-26.2480872089127,-500.));
#181=CARTESIAN_POINT('Ctrl Pts',(363.390200502198,-26.6101666439986,-500.));
#182=CARTESIAN_POINT('Ctrl Pts',(361.386162558666,-26.9725848604354,-500.));
#183=CARTESIAN_POINT('Ctrl Pts',(359.375338711237,-27.3353370414163,-500.));
#184=CARTESIAN_POINT('Ctrl Pts',(357.357822088339,-27.6984297318159,-500.));
#185=CARTESIAN_POINT('Ctrl Pts',(355.333707188831,-28.0618728505454,-500.));
#186=CARTESIAN_POINT('Ctrl Pts',(353.303086761349,-28.4256720386571,-500.));
#187=CARTESIAN_POINT('Ctrl Pts',(351.266048144657,-28.7898190955001,-500.));
#188=CARTESIAN_POINT('Ctrl Pts',(349.222672182976,-29.1542910982004,-500.));
#189=CARTESIAN_POINT('Ctrl Pts',(347.173034022591,-29.5190557340213,-500.));
#190=CARTESIAN_POINT('Ctrl Pts',(345.117203329654,-29.8840748501913,-500.));
#191=CARTESIAN_POINT('Ctrl Pts',(343.055244795561,-30.2493086223879,-500.));
#192=CARTESIAN_POINT('Ctrl Pts',(340.987218402466,-30.614719735507,-500.));
#193=CARTESIAN_POINT('Ctrl Pts',(338.913180157693,-30.9802766952784,-500.));
#194=CARTESIAN_POINT('Ctrl Pts',(336.83318425898,-31.3459537901517,-500.));
#195=CARTESIAN_POINT('Ctrl Pts',(334.747284991488,-31.7117315867109,-500.));
#196=CARTESIAN_POINT('Ctrl Pts',(332.655538802299,-32.0775972981302,-500.));
#197=CARTESIAN_POINT('Ctrl Pts',(330.558006132043,-32.4435450132248,-500.));
#198=CARTESIAN_POINT('Ctrl Pts',(328.454753788535,-32.8095764908592,-500.));
#199=CARTESIAN_POINT('Ctrl Pts',(326.345853388065,-33.1756975009716,-500.));
#200=CARTESIAN_POINT('Ctrl Pts',(324.231379014858,-33.5419133369259,-500.));
#201=CARTESIAN_POINT('Ctrl Pts',(322.111405095516,-33.9082244193923,-500.));
#202=CARTESIAN_POINT('Ctrl Pts',(319.98600430562,-34.2746222994959,-500.));
#203=CARTESIAN_POINT('Ctrl Pts',(317.855245167708,-34.6410844358502,-500.));
#204=CARTESIAN_POINT('Ctrl Pts',(315.719190752215,-35.0075729783967,-500.));
#205=CARTESIAN_POINT('Ctrl Pts',(313.577899922686,-35.3740427672006,-500.));
#206=CARTESIAN_POINT('Ctrl Pts',(311.431428061011,-35.7404473278483,-500.));
#207=CARTESIAN_POINT('Ctrl Pts',(309.279828007694,-36.1067459579665,-500.));
#208=CARTESIAN_POINT('Ctrl Pts',(307.123150892262,-36.4729096702515,-500.));
#209=CARTESIAN_POINT('Ctrl Pts',(304.961447057274,-36.8389293692689,-500.));
#210=CARTESIAN_POINT('Ctrl Pts',(302.79476664854,-37.2048121487725,-500.));
#211=CARTESIAN_POINT('Ctrl Pts',(300.623160099529,-37.5705736265914,-500.));
#212=CARTESIAN_POINT('Ctrl Pts',(298.44667865847,-37.9362315312137,-500.));
#213=CARTESIAN_POINT('Ctrl Pts',(296.265374878837,-38.3017988862001,-500.));
#214=CARTESIAN_POINT('Ctrl Pts',(294.079303170137,-38.6672770821894,-500.));
#215=CARTESIAN_POINT('Ctrl Pts',(291.888520193457,-39.0326498175348,-500.));
#216=CARTESIAN_POINT('Ctrl Pts',(289.693083418047,-39.3978883299302,-500.));
#217=CARTESIAN_POINT('Ctrl Pts',(287.493049842604,-39.7629557583522,-500.));
#218=CARTESIAN_POINT('Ctrl Pts',(285.288474583597,-40.1278119486009,-500.));
#219=CARTESIAN_POINT('Ctrl Pts',(283.079409680565,-40.4924178143982,-500.));
#220=CARTESIAN_POINT('Ctrl Pts',(280.865902418423,-40.8567405105161,-500.));
#221=CARTESIAN_POINT('Ctrl Pts',(278.647995202441,-41.2207561227906,-500.));
#222=CARTESIAN_POINT('Ctrl Pts',(276.425728206064,-41.5844480598538,-500.));
#223=CARTESIAN_POINT('Ctrl Pts',(274.199141337091,-41.9478063878863,-500.));
#224=CARTESIAN_POINT('Ctrl Pts',(271.968276604194,-42.3108268289114,-500.));
#225=CARTESIAN_POINT('Ctrl Pts',(269.733180019998,-42.6735098056227,-500.));
#226=CARTESIAN_POINT('Ctrl Pts',(267.493904434863,-43.035859710011,-500.));
#227=CARTESIAN_POINT('Ctrl Pts',(265.250508684267,-43.3978829719974,-500.));
#228=CARTESIAN_POINT('Ctrl Pts',(263.003054161998,-43.7595852150815,-500.));
#229=CARTESIAN_POINT('Ctrl Pts',(260.751602206745,-44.1209687530868,-500.));
#230=CARTESIAN_POINT('Ctrl Pts',(258.496211035517,-44.482029793849,-500.));
#231=CARTESIAN_POINT('Ctrl Pts',(256.236933145608,-44.8427561230612,-500.));
#232=CARTESIAN_POINT('Ctrl Pts',(253.973811807992,-45.2031236674482,-500.));
#233=CARTESIAN_POINT('Ctrl Pts',(251.706882466669,-45.5630993866294,-500.));
#234=CARTESIAN_POINT('Ctrl Pts',(249.436175757518,-45.922646288349,-500.));
#235=CARTESIAN_POINT('Ctrl Pts',(247.161719965135,-46.281727677545,-500.));
#236=CARTESIAN_POINT('Ctrl Pts',(244.88354377386,-46.640311866361,-500.));
#237=CARTESIAN_POINT('Ctrl Pts',(242.601678753409,-46.9983763566845,-500.));
#238=CARTESIAN_POINT('Ctrl Pts',(240.316162325854,-47.3559131199905,-500.));
#239=CARTESIAN_POINT('Ctrl Pts',(238.027037014462,-47.7129250640493,-500.));
#240=CARTESIAN_POINT('Ctrl Pts',(235.73434904724,-48.0694209410248,-500.));
#241=CARTESIAN_POINT('Ctrl Pts',(233.438147189905,-48.425410842582,-500.));
#242=CARTESIAN_POINT('Ctrl Pts',(231.138481471401,-48.7809013493547,-500.));
#243=CARTESIAN_POINT('Ctrl Pts',(228.835401981453,-49.1358910608968,-500.));
#244=CARTESIAN_POINT('Ctrl Pts',(226.528957568071,-49.4903653414807,-500.));
#245=CARTESIAN_POINT('Ctrl Pts',(224.219195462005,-49.8442994183231,-500.));
#246=CARTESIAN_POINT('Ctrl Pts',(221.906161002719,-50.1976624710599,-500.));
#247=CARTESIAN_POINT('Ctrl Pts',(219.589897335333,-50.5504213383794,-500.));
#248=CARTESIAN_POINT('Ctrl Pts',(217.270445104357,-50.9025444549889,-500.));
#249=CARTESIAN_POINT('Ctrl Pts',(214.947842184979,-51.2540055276077,-500.));
#250=CARTESIAN_POINT('Ctrl Pts',(212.622123301506,-51.6047877556936,-500.));
#251=CARTESIAN_POINT('Ctrl Pts',(210.293320899451,-51.9548824594086,-500.));
#252=CARTESIAN_POINT('Ctrl Pts',(207.961466179687,-52.304287016586,-500.));
#253=CARTESIAN_POINT('Ctrl Pts',(205.626590063987,-52.6530030517325,-500.));
#254=CARTESIAN_POINT('Ctrl Pts',(203.288724214255,-53.0010345030603,-500.));
#255=CARTESIAN_POINT('Ctrl Pts',(200.947901970616,-53.3483857789803,-500.));
#256=CARTESIAN_POINT('Ctrl Pts',(198.60415947726,-53.6950597790289,-500.));
#257=CARTESIAN_POINT('Ctrl Pts',(196.257535352866,-54.0410568268109,-500.));
#258=CARTESIAN_POINT('Ctrl Pts',(193.908070083469,-54.3863737516154,-500.));
#259=CARTESIAN_POINT('Ctrl Pts',(191.555805511433,-54.7310029569512,-500.));
#260=CARTESIAN_POINT('Ctrl Pts',(189.200784284339,-55.0749314089512,-500.));
#261=CARTESIAN_POINT('Ctrl Pts',(186.843049320424,-55.4181398591497,-500.));
#262=CARTESIAN_POINT('Ctrl Pts',(184.482643268841,-55.7606014511934,-500.));
#263=CARTESIAN_POINT('Ctrl Pts',(182.119607952345,-56.1022838211543,-500.));
#264=CARTESIAN_POINT('Ctrl Pts',(179.753983786396,-56.4431524444936,-500.));
#265=CARTESIAN_POINT('Ctrl Pts',(177.385809232232,-56.7831735026859,-500.));
#266=CARTESIAN_POINT('Ctrl Pts',(175.015120177812,-57.122317104419,-500.));
#267=CARTESIAN_POINT('Ctrl Pts',(172.641949484511,-57.4605599963024,-500.));
#268=CARTESIAN_POINT('Ctrl Pts',(170.266326124119,-57.7978893922948,-500.));
#269=CARTESIAN_POINT('Ctrl Pts',(167.888276049011,-58.1343021957543,-500.));
#270=CARTESIAN_POINT('Ctrl Pts',(165.507824230211,-58.4698011713466,-500.));
#271=CARTESIAN_POINT('Ctrl Pts',(163.124996301989,-58.8043920821643,-500.));
#272=CARTESIAN_POINT('Ctrl Pts',(160.73982046639,-59.1380803090486,-500.));
#273=CARTESIAN_POINT('Ctrl Pts',(158.352329060603,-59.470867968257,-500.));
#274=CARTESIAN_POINT('Ctrl Pts',(155.962560821953,-59.8027501383284,-500.));
#275=CARTESIAN_POINT('Ctrl Pts',(153.570560842036,-60.1337139302461,-500.));
#276=CARTESIAN_POINT('Ctrl Pts',(151.176377356188,-60.4637414123731,-500.));
#277=CARTESIAN_POINT('Ctrl Pts',(148.780059342687,-60.7928115638588,-500.));
#278=CARTESIAN_POINT('Ctrl Pts',(146.381653727045,-61.1209026740065,-500.));
#279=CARTESIAN_POINT('Ctrl Pts',(143.981202909756,-61.4479944293881,-500.));
#280=CARTESIAN_POINT('Ctrl Pts',(141.578741784495,-61.7740704264305,-500.));
#281=CARTESIAN_POINT('Ctrl Pts',(139.174296116191,-62.0991196043568,-500.));
#282=CARTESIAN_POINT('Ctrl Pts',(136.767885929729,-62.4231337447218,-500.));
#283=CARTESIAN_POINT('Ctrl Pts',(134.359528128552,-62.7461055738425,-500.));
#284=CARTESIAN_POINT('Ctrl Pts',(131.949239410593,-63.068026633265,-500.));
#285=CARTESIAN_POINT('Ctrl Pts',(129.537039066588,-63.3888852402544,-500.));
#286=CARTESIAN_POINT('Ctrl Pts',(127.122951807446,-63.7086644304824,-500.));
#287=CARTESIAN_POINT('Ctrl Pts',(124.707010638948,-64.0273398495636,-500.));
#288=CARTESIAN_POINT('Ctrl Pts',(122.289254761431,-64.3448828040985,-500.));
#289=CARTESIAN_POINT('Ctrl Pts',(119.869727372259,-64.6612634345689,-500.));
#290=CARTESIAN_POINT('Ctrl Pts',(117.448473535048,-64.9764537682672,-500.));
#291=CARTESIAN_POINT('Ctrl Pts',(115.025537951436,-65.2904309921074,-500.));
#292=CARTESIAN_POINT('Ctrl Pts',(112.600962936635,-65.6031802354286,-500.));
#293=CARTESIAN_POINT('Ctrl Pts',(110.174785891901,-65.9146985792409,-500.));
#294=CARTESIAN_POINT('Ctrl Pts',(107.74703947315,-66.2249924507219,-500.));
#295=CARTESIAN_POINT('Ctrl Pts',(105.317752767231,-66.5340724923971,-500.));
#296=CARTESIAN_POINT('Ctrl Pts',(102.886952134479,-66.841949356778,-500.));
#297=CARTESIAN_POINT('Ctrl Pts',(100.454662200686,-67.1486288917051,-500.));
#298=CARTESIAN_POINT('Ctrl Pts',(98.0209067612184,-67.4541081052356,-500.));
#299=CARTESIAN_POINT('Ctrl Pts',(95.5857097809789,-67.7583695259161,-500.));
#300=CARTESIAN_POINT('Ctrl Pts',(93.1490961415882,-68.0613808976244,-500.));
#301=CARTESIAN_POINT('Ctrl Pts',(90.7110920761158,-68.3631019667775,-500.));
#302=CARTESIAN_POINT('Ctrl Pts',(88.2717256735955,-68.6634894730072,-500.));
#303=CARTESIAN_POINT('Ctrl Pts',(85.8310273703006,-68.9625029468709,-500.));
#304=CARTESIAN_POINT('Ctrl Pts',(83.3890304122488,-69.2601099800482,-500.));
#305=CARTESIAN_POINT('Ctrl Pts',(80.9457714120913,-69.5562921563374,-500.));
#306=CARTESIAN_POINT('Ctrl Pts',(78.5012906264474,-69.8510494326601,-500.));
#307=CARTESIAN_POINT('Ctrl Pts',(76.0556301042057,-70.1443932096153,-500.));
#308=CARTESIAN_POINT('Ctrl Pts',(73.6088320250524,-70.4363404369136,-500.));
#309=CARTESIAN_POINT('Ctrl Pts',(71.1609369967177,-70.7269074214279,-500.));
#310=CARTESIAN_POINT('Ctrl Pts',(68.711982297685,-71.016103536621,-500.));
#311=CARTESIAN_POINT('Ctrl Pts',(66.262000312461,-71.3039255024092,-500.));
#312=CARTESIAN_POINT('Ctrl Pts',(63.8110164419152,-71.5903500395082,-500.));
#313=CARTESIAN_POINT('Ctrl Pts',(61.3590506964641,-71.875338007851,-500.));
#314=CARTESIAN_POINT('Ctrl Pts',(58.9061201926852,-72.1588413557881,-500.));
#315=CARTESIAN_POINT('Ctrl Pts',(56.4522412969424,-72.4408089888174,-500.));
#316=CARTESIAN_POINT('Ctrl Pts',(53.9974320160008,-72.7211933591611,-500.));
#317=CARTESIAN_POINT('Ctrl Pts',(51.54171405164,-72.999956123731,-500.));
#318=CARTESIAN_POINT('Ctrl Pts',(49.0851155650594,-73.2770757320267,-500.));
#319=CARTESIAN_POINT('Ctrl Pts',(46.6276715082281,-73.5525484277815,-500.));
#320=CARTESIAN_POINT('Ctrl Pts',(44.1694210644974,-73.826381432964,-500.));
#321=CARTESIAN_POINT('Ctrl Pts',(41.7104058420535,-74.0985881663883,-500.));
#322=CARTESIAN_POINT('Ctrl Pts',(39.250667741384,-74.3691825835282,-500.));
#323=CARTESIAN_POINT('Ctrl Pts',(36.7902470082102,-74.6381740115756,-500.));
#324=CARTESIAN_POINT('Ctrl Pts',(34.3291800973686,-74.9055614881356,-500.));
#325=CARTESIAN_POINT('Ctrl Pts',(31.8674979343751,-75.1713291339056,-500.));
#326=CARTESIAN_POINT('Ctrl Pts',(29.4052275190109,-75.4354502023231,-500.));
#327=CARTESIAN_POINT('Ctrl Pts',(26.9423932577316,-75.6978904204442,-500.));
#328=CARTESIAN_POINT('Ctrl Pts',(24.4790183791664,-75.9586115575764,-500.));
#329=CARTESIAN_POINT('Ctrl Pts',(22.0151263603231,-76.2175749932738,-500.));
#330=CARTESIAN_POINT('Ctrl Pts',(19.5507422403609,-76.4747450602709,-500.));
#331=CARTESIAN_POINT('Ctrl Pts',(17.0858942611993,-76.7300930659579,-500.));
#332=CARTESIAN_POINT('Ctrl Pts',(14.6206135542152,-76.9835972406017,-500.));
#333=CARTESIAN_POINT('Ctrl Pts',(12.1549331943142,-77.2352413774136,-500.));
#334=CARTESIAN_POINT('Ctrl Pts',(9.68888747379803,-77.4850139062996,-500.));
#335=CARTESIAN_POINT('Ctrl Pts',(7.22251106355223,-77.7329067898059,-500.));
#336=CARTESIAN_POINT('Ctrl Pts',(4.75583827086686,-77.9789144873481,-500.));
#337=CARTESIAN_POINT('Ctrl Pts',(2.28890213810812,-78.2230329097402,-500.));
#338=CARTESIAN_POINT('Ctrl Pts',(-0.178265979801939,-78.465258309096,-500.));
#339=CARTESIAN_POINT('Ctrl Pts',(-2.6456360689479,-78.7055860315476,-500.));
#340=CARTESIAN_POINT('Ctrl Pts',(-5.11317928683861,-78.9440093047139,-500.));
#341=CARTESIAN_POINT('Ctrl Pts',(-7.58086772189934,-79.1805180071854,-500.));
#342=CARTESIAN_POINT('Ctrl Pts',(-10.0486741827644,-79.4150974546524,-500.));
#343=CARTESIAN_POINT('Ctrl Pts',(-12.5165719760035,-79.6477271576387,-500.));
#344=CARTESIAN_POINT('Ctrl Pts',(-14.984534685526,-79.8783796499084,-500.));
#345=CARTESIAN_POINT('Ctrl Pts',(-17.4525358006088,-80.1070228839399,-500.));
#346=CARTESIAN_POINT('Ctrl Pts',(-19.9205483411162,-80.3336225887875,-500.));
#347=CARTESIAN_POINT('Ctrl Pts',(-22.3885444963491,-80.5581445945656,-500.));
#348=CARTESIAN_POINT('Ctrl Pts',(-24.8564952294907,-80.7805572783226,-500.));
#349=CARTESIAN_POINT('Ctrl Pts',(-27.3243699637168,-81.000833707157,-500.));
#350=CARTESIAN_POINT('Ctrl Pts',(-29.792136063559,-81.2189545468262,-500.));
#351=CARTESIAN_POINT('Ctrl Pts',(-32.2597592753868,-81.4349073865683,-500.));
#352=CARTESIAN_POINT('Ctrl Pts',(-34.7272046642701,-81.6486842309415,-500.));
#353=CARTESIAN_POINT('Ctrl Pts',(-37.1944373801007,-81.8602795860777,-500.));
#354=CARTESIAN_POINT('Ctrl Pts',(-39.6614235285831,-82.0696882533223,-500.));
#355=CARTESIAN_POINT('Ctrl Pts',(-42.1281309185315,-82.2769033546878,-500.));
#356=CARTESIAN_POINT('Ctrl Pts',(-44.5945300524322,-82.4819140019358,-500.));
#357=CARTESIAN_POINT('Ctrl Pts',(-47.0605943957745,-82.684703951937,-500.));
#358=CARTESIAN_POINT('Ctrl Pts',(-49.5262988873377,-82.8852526381967,-500.));
#359=CARTESIAN_POINT('Ctrl Pts',(-51.9916187861948,-83.0835357434487,-500.));
#360=CARTESIAN_POINT('Ctrl Pts',(-54.4565283923829,-83.2795259555506,-500.));
#361=CARTESIAN_POINT('Ctrl Pts',(-56.9209998046553,-83.473193642393,-500.));
#362=CARTESIAN_POINT('Ctrl Pts',(-59.3850017020444,-83.6645075680523,-500.));
#363=CARTESIAN_POINT('Ctrl Pts',(-61.8484980063935,-83.8534355731303,-500.));
#364=CARTESIAN_POINT('Ctrl Pts',(-64.3114494558421,-84.0399458110802,-500.));
#365=CARTESIAN_POINT('Ctrl Pts',(-66.773815352205,-84.2240080330163,-500.));
#366=CARTESIAN_POINT('Ctrl Pts',(-69.2355552062333,-84.4055948118892,-500.));
#367=CARTESIAN_POINT('Ctrl Pts',(-71.6966305132559,-84.5846828896486,-500.));
#368=CARTESIAN_POINT('Ctrl Pts',(-74.1570062693274,-84.7612542444613,-500.));
#369=CARTESIAN_POINT('Ctrl Pts',(-76.6166531102548,-84.935297849088,-500.));
#370=CARTESIAN_POINT('Ctrl Pts',(-79.0755468087186,-85.1068084797895,-500.));
#371=CARTESIAN_POINT('Ctrl Pts',(-81.5336660749498,-85.275783621897,-500.));
#372=CARTESIAN_POINT('Ctrl Pts',(-83.9909908892151,-85.4422209838819,-500.));
#373=CARTESIAN_POINT('Ctrl Pts',(-86.4475005665965,-85.6061156804264,-500.));
#374=CARTESIAN_POINT('Ctrl Pts',(-88.9031720475224,-85.7674577414409,-500.));
#375=CARTESIAN_POINT('Ctrl Pts',(-91.3579778236782,-85.9262290372322,-500.));
#376=CARTESIAN_POINT('Ctrl Pts',(-93.8118848777294,-86.0824018759779,-500.));
#377=CARTESIAN_POINT('Ctrl Pts',(-96.264856304699,-86.2359420518681,-500.));
#378=CARTESIAN_POINT('Ctrl Pts',(-98.7168524392128,-86.386811072585,-500.));
#379=CARTESIAN_POINT('Ctrl Pts',(-101.167832176152,-86.5349687072455,-500.));
#380=CARTESIAN_POINT('Ctrl Pts',(-103.617754213575,-86.6803754074169,-500.));
#381=CARTESIAN_POINT('Ctrl Pts',(-106.066578317693,-86.8229947594702,-500.));
#382=CARTESIAN_POINT('Ctrl Pts',(-108.514266609433,-86.9627959869804,-500.));
#383=CARTESIAN_POINT('Ctrl Pts',(-110.960783473603,-87.0997536318531,-500.));
#384=CARTESIAN_POINT('Ctrl Pts',(-113.40609543211,-87.2338471624783,-500.));
#385=CARTESIAN_POINT('Ctrl Pts',(-115.850171019492,-87.3650605873019,-500.));
#386=CARTESIAN_POINT('Ctrl Pts',(-118.292980682475,-87.4933821151296,-500.));
#387=CARTESIAN_POINT('Ctrl Pts',(-120.734496610792,-87.618803680831,-500.));
#388=CARTESIAN_POINT('Ctrl Pts',(-123.174692746579,-87.741320821104,-500.));
#389=CARTESIAN_POINT('Ctrl Pts',(-125.613543903349,-87.8609308042238,-500.));
#390=CARTESIAN_POINT('Ctrl Pts',(-128.051024461634,-87.9776299293115,-500.));
#391=CARTESIAN_POINT('Ctrl Pts',(-130.487107233788,-88.0914111580059,-500.));
#392=CARTESIAN_POINT('Ctrl Pts',(-132.92176218254,-88.2022614577808,-500.));
#393=CARTESIAN_POINT('Ctrl Pts',(-135.354955378238,-88.3101596169683,-500.));
#394=CARTESIAN_POINT('Ctrl Pts',(-137.786647423177,-88.4150730059214,-500.));
#395=CARTESIAN_POINT('Ctrl Pts',(-140.216793653212,-88.5169578528262,-500.));
#396=CARTESIAN_POINT('Ctrl Pts',(-142.645346898359,-88.6157645756227,-500.));
#397=CARTESIAN_POINT('Ctrl Pts',(-145.072259599974,-88.7114418484425,-500.));
#398=CARTESIAN_POINT('Ctrl Pts',(-147.497486238901,-88.8039412676525,-500.));
#399=CARTESIAN_POINT('Ctrl Pts',(-149.920985513585,-88.8932215588901,-500.));
#400=CARTESIAN_POINT('Ctrl Pts',(-152.342722905355,-88.9792534654677,-500.));
#401=CARTESIAN_POINT('Ctrl Pts',(-154.762672238218,-89.0620228916628,-500.));
#402=CARTESIAN_POINT('Ctrl Pts',(-157.180812294962,-89.1415254897008,-500.));
#403=CARTESIAN_POINT('Ctrl Pts',(-159.597124065138,-89.2177623411303,-500.));
#404=CARTESIAN_POINT('Ctrl Pts',(-162.011587757576,-89.2907352275826,-500.));
#405=CARTESIAN_POINT('Ctrl Pts',(-164.424179891463,-89.3604420452779,-500.));
#406=CARTESIAN_POINT('Ctrl Pts',(-166.834870404851,-89.4268722311353,-500.));
#407=CARTESIAN_POINT('Ctrl Pts',(-169.243619614729,-89.4900019820525,-500.));
#408=CARTESIAN_POINT('Ctrl Pts',(-171.650380847996,-89.5497975618145,-500.));
#409=CARTESIAN_POINT('Ctrl Pts',(-174.055103283442,-89.6062189045508,-500.));
#410=CARTESIAN_POINT('Ctrl Pts',(-176.457734676161,-89.65922306274,-500.));
#411=CARTESIAN_POINT('Ctrl Pts',(-178.858224221974,-89.708767825611,-500.));
#412=CARTESIAN_POINT('Ctrl Pts',(-181.256525150174,-89.7548150191522,-500.));
#413=CARTESIAN_POINT('Ctrl Pts',(-183.652597984225,-89.7973345817936,-500.));
#414=CARTESIAN_POINT('Ctrl Pts',(-186.046409403979,-89.8363035436617,-500.));
#415=CARTESIAN_POINT('Ctrl Pts',(-188.437929968946,-89.871703689546,-500.));
#416=CARTESIAN_POINT('Ctrl Pts',(-190.827132258541,-89.9035196986107,-500.));
#417=CARTESIAN_POINT('Ctrl Pts',(-193.213988769946,-89.9317370176055,-500.));
#418=CARTESIAN_POINT('Ctrl Pts',(-195.59847007772,-89.9563400040224,-500.));
#419=CARTESIAN_POINT('Ctrl Pts',(-197.980542482158,-89.9773095599094,-500.));
#420=CARTESIAN_POINT('Ctrl Pts',(-200.360167867555,-89.9946229485683,-500.));
#421=CARTESIAN_POINT('Ctrl Pts',(-202.737304735619,-90.008254772681,-500.));
#422=CARTESIAN_POINT('Ctrl Pts',(-205.111908871848,-90.0181775853137,-500.));
#423=CARTESIAN_POINT('Ctrl Pts',(-207.483934171199,-90.0243626700588,-500.));
#424=CARTESIAN_POINT('Ctrl Pts',(-209.853333378782,-90.026780709219,-500.));
#425=CARTESIAN_POINT('Ctrl Pts',(-212.220058908398,-90.0254025980688,-500.));
#426=CARTESIAN_POINT('Ctrl Pts',(-214.584063457662,-90.0201997878881,-500.));
#427=CARTESIAN_POINT('Ctrl Pts',(-216.945300478305,-90.0111442469764,-500.));
#428=CARTESIAN_POINT('Ctrl Pts',(-219.303724668829,-89.9982085267941,-500.));
#429=CARTESIAN_POINT('Ctrl Pts',(-221.659292496936,-89.9813657897592,-500.));
#430=CARTESIAN_POINT('Ctrl Pts',(-224.011962619164,-89.9605898424659,-500.));
#431=CARTESIAN_POINT('Ctrl Pts',(-226.361696566599,-89.9358551936808,-500.));
#432=CARTESIAN_POINT('Ctrl Pts',(-228.708458461247,-89.907136997667,-500.));
#433=CARTESIAN_POINT('Ctrl Pts',(-231.052213647897,-89.8744108668367,-500.));
#434=CARTESIAN_POINT('Ctrl Pts',(-233.392927630715,-89.8376527174947,-500.));
#435=CARTESIAN_POINT('Ctrl Pts',(-235.730564845089,-89.7968386055591,-500.));
#436=CARTESIAN_POINT('Ctrl Pts',(-238.06508759376,-89.7519445585432,-500.));
#437=CARTESIAN_POINT('Ctrl Pts',(-240.396454681988,-89.7029464289427,-500.));
#438=CARTESIAN_POINT('Ctrl Pts',(-242.724621048211,-89.6498196623544,-500.));
#439=CARTESIAN_POINT('Ctrl Pts',(-245.049538564289,-89.5925389511524,-500.));
#440=CARTESIAN_POINT('Ctrl Pts',(-247.371156538777,-89.5310779326309,-500.));
#441=CARTESIAN_POINT('Ctrl Pts',(-249.689422333376,-89.4654088368831,-500.));
#442=CARTESIAN_POINT('Ctrl Pts',(-252.004281948294,-89.3955022305455,-500.));
#443=CARTESIAN_POINT('Ctrl Pts',(-254.315680577995,-89.3213265358283,-500.));
#444=CARTESIAN_POINT('Ctrl Pts',(-256.623563351272,-89.2428483637813,-500.));
#445=CARTESIAN_POINT('Ctrl Pts',(-258.927876307442,-89.1600337297359,-500.));
#446=CARTESIAN_POINT('Ctrl Pts',(-261.228567270923,-89.0728490012168,-500.));
#447=CARTESIAN_POINT('Ctrl Pts',(-263.525586849428,-88.9812620247376,-500.));
#448=CARTESIAN_POINT('Ctrl Pts',(-265.818889189137,-88.8852430145471,-500.));
#449=CARTESIAN_POINT('Ctrl Pts',(-268.10843330882,-88.7847659467145,-500.));
#450=CARTESIAN_POINT('Ctrl Pts',(-270.394182118242,-88.6798079802044,-500.));
#451=CARTESIAN_POINT('Ctrl Pts',(-272.676099648604,-88.5703473602898,-500.));
#452=CARTESIAN_POINT('Ctrl Pts',(-274.954148856792,-88.456361810797,-500.));
#453=CARTESIAN_POINT('Ctrl Pts',(-277.228289072939,-88.3378266182119,-500.));
#454=CARTESIAN_POINT('Ctrl Pts',(-279.498473881089,-88.2147130965857,-500.));
#455=CARTESIAN_POINT('Ctrl Pts',(-281.764648097785,-88.0869862532403,-500.));
#456=CARTESIAN_POINT('Ctrl Pts',(-284.026749182371,-87.95460639112,-500.));
#457=CARTESIAN_POINT('Ctrl Pts',(-286.284710490739,-87.8175323568413,-500.));
#458=CARTESIAN_POINT('Ctrl Pts',(-288.538463907644,-87.6757242211607,-500.));
#459=CARTESIAN_POINT('Ctrl Pts',(-290.787942800372,-87.5291462800269,-500.));
#460=CARTESIAN_POINT('Ctrl Pts',(-293.033084687925,-87.3777697208281,-500.));
#461=CARTESIAN_POINT('Ctrl Pts',(-295.273834423861,-87.2215759588937,-500.));
#462=CARTESIAN_POINT('Ctrl Pts',(-297.51014215844,-87.060552981779,-500.));
#463=CARTESIAN_POINT('Ctrl Pts',(-299.741960711757,-86.8946909132897,-500.));
#464=CARTESIAN_POINT('Ctrl Pts',(-301.969243122721,-86.7239777850647,-500.));
#465=CARTESIAN_POINT('Ctrl Pts',(-304.191940198418,-86.5483953771023,-500.));
#466=CARTESIAN_POINT('Ctrl Pts',(-306.409997886345,-86.3679146568765,-500.));
#467=CARTESIAN_POINT('Ctrl Pts',(-308.623355244069,-86.1824924877342,-500.));
#468=CARTESIAN_POINT('Ctrl Pts',(-310.831946760788,-85.9920775561055,-500.));
#469=CARTESIAN_POINT('Ctrl Pts',(-313.035704188748,-85.796615223578,-500.));
#470=CARTESIAN_POINT('Ctrl Pts',(-315.234558639748,-85.5960530331065,-500.));
#471=CARTESIAN_POINT('Ctrl Pts',(-317.42844239384,-85.3903453866622,-500.));
#472=CARTESIAN_POINT('Ctrl Pts',(-319.617291260387,-85.1794599268932,-500.));
#473=CARTESIAN_POINT('Ctrl Pts',(-321.801045113463,-84.9633781876938,-500.));
#474=CARTESIAN_POINT('Ctrl Pts',(-323.979646130029,-84.742088974986,-500.));
#475=CARTESIAN_POINT('Ctrl Pts',(-326.153037616849,-84.5155836576967,-500.));
#476=CARTESIAN_POINT('Ctrl Pts',(-328.321162577935,-84.2838505194285,-500.));
#477=CARTESIAN_POINT('Ctrl Pts',(-330.483962440954,-84.0468698939909,-500.));
#478=CARTESIAN_POINT('Ctrl Pts',(-332.641375589321,-83.8046079633255,-500.));
#479=CARTESIAN_POINT('Ctrl Pts',(-334.793337064091,-83.5570196124301,-500.));
#480=CARTESIAN_POINT('Ctrl Pts',(-336.939778511347,-83.3040530702268,-500.));
#481=CARTESIAN_POINT('Ctrl Pts',(-339.080628018348,-83.0456540332901,-500.));
#482=CARTESIAN_POINT('Ctrl Pts',(-341.215810057318,-82.7817697888575,-500.));
#483=CARTESIAN_POINT('Ctrl Pts',(-343.345245236735,-82.5123538600169,-500.));
#484=CARTESIAN_POINT('Ctrl Pts',(-345.468850600313,-82.2373687738541,-500.));
#485=CARTESIAN_POINT('Ctrl Pts',(-347.586541564518,-81.9567830856328,-500.));
#486=CARTESIAN_POINT('Ctrl Pts',(-349.698233531156,-81.6705694439894,-500.));
#487=CARTESIAN_POINT('Ctrl Pts',(-351.803843703628,-81.3787022013741,-500.));
#488=CARTESIAN_POINT('Ctrl Pts',(-353.90329264189,-81.0811553193101,-500.));
#489=CARTESIAN_POINT('Ctrl Pts',(-355.996506381679,-80.7778998852101,-500.));
#490=CARTESIAN_POINT('Ctrl Pts',(-358.083415105627,-80.4689036755326,-500.));
#491=CARTESIAN_POINT('Ctrl Pts',(-360.163950902389,-80.1541312777054,-500.));
#492=CARTESIAN_POINT('Ctrl Pts',(-362.238045788796,-79.8335439867474,-500.));
#493=CARTESIAN_POINT('Ctrl Pts',(-364.305629721315,-79.5070998811343,-500.));
#494=CARTESIAN_POINT('Ctrl Pts',(-366.366628371579,-79.1747536161988,-500.));
#495=CARTESIAN_POINT('Ctrl Pts',(-368.42096182679,-78.8364570418703,-500.));
#496=CARTESIAN_POINT('Ctrl Pts',(-370.468545010463,-78.4921612667593,-500.));
#497=CARTESIAN_POINT('Ctrl Pts',(-372.509287715765,-78.1418184082764,-500.));
#498=CARTESIAN_POINT('Ctrl Pts',(-374.54309479963,-77.7853834546849,-500.));
#499=CARTESIAN_POINT('Ctrl Pts',(-376.569866295895,-77.4228161121411,-500.));
#500=CARTESIAN_POINT('Ctrl Pts',(-378.589497599737,-77.0540825655748,-500.));
#501=CARTESIAN_POINT('Ctrl Pts',(-380.601881813523,-76.6791528615048,-500.));
#502=CARTESIAN_POINT('Ctrl Pts',(-382.606911972441,-76.2979984285086,-500.));
#503=CARTESIAN_POINT('Ctrl Pts',(-384.604483456808,-75.9105894949616,-500.));
#504=CARTESIAN_POINT('Ctrl Pts',(-386.594496000157,-75.5168926672598,-500.));
#505=CARTESIAN_POINT('Ctrl Pts',(-388.576856709897,-75.1168681350809,-500.));
#506=CARTESIAN_POINT('Ctrl Pts',(-390.551476841879,-74.7104692353679,-500.));
#507=CARTESIAN_POINT('Ctrl Pts',(-392.518266996955,-74.2976427580811,-500.));
#508=CARTESIAN_POINT('Ctrl Pts',(-394.477132563097,-73.8783288478204,-500.));
#509=CARTESIAN_POINT('Ctrl Pts',(-396.427969696758,-73.4524614208716,-500.));
#510=CARTESIAN_POINT('Ctrl Pts',(-398.370659472226,-73.0199674994657,-500.));
#511=CARTESIAN_POINT('Ctrl Pts',(-400.305070098546,-72.5807708846297,-500.));
#512=CARTESIAN_POINT('Ctrl Pts',(-402.23106423358,-72.1347983548452,-500.));
#513=CARTESIAN_POINT('Ctrl Pts',(-404.148505133668,-71.6819855744738,-500.));
#514=CARTESIAN_POINT('Ctrl Pts',(-406.05726248348,-71.2222820975768,-500.));
#515=CARTESIAN_POINT('Ctrl Pts',(-407.957220328248,-70.7556592727439,-500.));
#516=CARTESIAN_POINT('Ctrl Pts',(-409.84827625106,-70.2821068880922,-500.));
#517=CARTESIAN_POINT('Ctrl Pts',(-411.730332318367,-69.801619503879,-500.));
#518=CARTESIAN_POINT('Ctrl Pts',(-413.603287942561,-69.3141849546544,-500.));
#519=CARTESIAN_POINT('Ctrl Pts',(-415.467032730703,-68.8197734233534,-500.));
#520=CARTESIAN_POINT('Ctrl Pts',(-417.321437449125,-68.3183226927704,-500.));
#521=CARTESIAN_POINT('Ctrl Pts',(-419.166353373443,-67.809739354912,-500.));
#522=CARTESIAN_POINT('Ctrl Pts',(-421.00161961721,-67.2939149169377,-500.));
#523=CARTESIAN_POINT('Ctrl Pts',(-422.827068499986,-66.7707384569239,-500.));
#524=CARTESIAN_POINT('Ctrl Pts',(-424.642531177562,-66.2401092379292,-500.));
#525=CARTESIAN_POINT('Ctrl Pts',(-426.447844505046,-65.7019529564312,-500.));
#526=CARTESIAN_POINT('Ctrl Pts',(-428.242851143389,-65.156219715046,-500.));
#527=CARTESIAN_POINT('Ctrl Pts',(-430.027395254662,-64.6028703084191,-500.));
#528=CARTESIAN_POINT('Ctrl Pts',(-431.801319441373,-64.0418656405015,-500.));
#529=CARTESIAN_POINT('Ctrl Pts',(-433.564461377183,-63.4731557418497,-500.));
#530=CARTESIAN_POINT('Ctrl Pts',(-435.3166500368,-62.8966666409069,-500.));
#531=CARTESIAN_POINT('Ctrl Pts',(-437.057706166753,-62.3123059067579,-500.));
#532=CARTESIAN_POINT('Ctrl Pts',(-438.78744387214,-61.7199730705553,-500.));
#533=CARTESIAN_POINT('Ctrl Pts',(-440.505671809541,-61.1195681761798,-500.));
#534=CARTESIAN_POINT('Ctrl Pts',(-442.212194567392,-60.5110015670198,-500.));
#535=CARTESIAN_POINT('Ctrl Pts',(-443.906813898052,-59.8942018781693,-500.));
#536=CARTESIAN_POINT('Ctrl Pts',(-445.589328552885,-59.269106120351,-500.));
#537=CARTESIAN_POINT('Ctrl Pts',(-447.259534326724,-58.6356503023149,-500.));
#538=CARTESIAN_POINT('Ctrl Pts',(-448.917223758461,-57.9937609521957,-500.));
#539=CARTESIAN_POINT('Ctrl Pts',(-450.562186614117,-57.3433436153274,-500.));
#540=CARTESIAN_POINT('Ctrl Pts',(-452.194207647812,-56.6842825714658,-500.));
#541=CARTESIAN_POINT('Ctrl Pts',(-453.81306120407,-56.0164538522477,-500.));
#542=CARTESIAN_POINT('Ctrl Pts',(-455.418506561189,-55.3397349510046,-500.));
#543=CARTESIAN_POINT('Ctrl Pts',(-457.010283135484,-54.6540155909391,-500.));
#544=CARTESIAN_POINT('Ctrl Pts',(-458.588105291104,-53.9592088342437,-500.));
#545=CARTESIAN_POINT('Ctrl Pts',(-460.151671030757,-53.2552392145136,-500.));
#546=CARTESIAN_POINT('Ctrl Pts',(-461.700672127326,-52.5420286866096,-500.));
#547=CARTESIAN_POINT('Ctrl Pts',(-463.234802428516,-51.8194849946363,-500.));
#548=CARTESIAN_POINT('Ctrl Pts',(-464.753770072222,-51.0874851176808,-500.));
#549=CARTESIAN_POINT('Ctrl Pts',(-466.257294980365,-50.3458770274591,-500.));
#550=CARTESIAN_POINT('Ctrl Pts',(-467.745093159163,-49.5944977835548,-500.));
#551=CARTESIAN_POINT('Ctrl Pts',(-469.216865436891,-48.8331861891133,-500.));
#552=CARTESIAN_POINT('Ctrl Pts',(-470.672282734851,-48.0617995954882,-500.));
#553=CARTESIAN_POINT('Ctrl Pts',(-472.110977882707,-47.2802230384645,-500.));
#554=CARTESIAN_POINT('Ctrl Pts',(-473.532558285007,-46.4883541572666,-500.));
#555=CARTESIAN_POINT('Ctrl Pts',(-474.936615235439,-45.6860919649669,-500.));
#556=CARTESIAN_POINT('Ctrl Pts',(-476.322734739624,-44.8733239597776,-500.));
#557=CARTESIAN_POINT('Ctrl Pts',(-477.690507153485,-44.0499143682971,-500.));
#558=CARTESIAN_POINT('Ctrl Pts',(-479.039516392023,-43.2157092320796,-500.));
#559=CARTESIAN_POINT('Ctrl Pts',(-480.369329450941,-42.3705411245592,-500.));
#560=CARTESIAN_POINT('Ctrl Pts',(-481.679486124489,-41.5142340333688,-500.));
#561=CARTESIAN_POINT('Ctrl Pts',(-482.969487819235,-40.6466080791508,-500.));
#562=CARTESIAN_POINT('Ctrl Pts',(-484.2388072528,-39.7674871185027,-500.));
#563=CARTESIAN_POINT('Ctrl Pts',(-485.48689952594,-38.8767066655674,-500.));
#564=CARTESIAN_POINT('Ctrl Pts',(-486.713212303694,-37.9741213685664,-500.));
#565=CARTESIAN_POINT('Ctrl Pts',(-487.917197390579,-37.059613532554,-500.));
#566=CARTESIAN_POINT('Ctrl Pts',(-489.098288555487,-36.1330735109225,-500.));
#567=CARTESIAN_POINT('Ctrl Pts',(-490.255878918711,-35.1943797675816,-500.));
#568=CARTESIAN_POINT('Ctrl Pts',(-491.389297058747,-34.2433777404781,-500.));
#569=CARTESIAN_POINT('Ctrl Pts',(-492.497787865011,-33.2798630417108,-500.));
#570=CARTESIAN_POINT('Ctrl Pts',(-493.580560794535,-32.3036243720347,-500.));
#571=CARTESIAN_POINT('Ctrl Pts',(-494.636828130272,-31.3144781295121,-500.));
#572=CARTESIAN_POINT('Ctrl Pts',(-495.665857671588,-30.312314437225,-500.));
#573=CARTESIAN_POINT('Ctrl Pts',(-496.666984262165,-29.297111147466,-500.));
#574=CARTESIAN_POINT('Ctrl Pts',(-497.639525459516,-28.2688741380213,-500.));
#575=CARTESIAN_POINT('Ctrl Pts',(-498.582726059914,-27.2275991604665,-500.));
#576=CARTESIAN_POINT('Ctrl Pts',(-499.495669834796,-26.1732101728279,-500.));
#577=CARTESIAN_POINT('Ctrl Pts',(-500.377312411206,-25.1055828488336,-500.));
#578=CARTESIAN_POINT('Ctrl Pts',(-501.226570321549,-24.0246074041514,-500.));
#579=CARTESIAN_POINT('Ctrl Pts',(-502.042395727468,-22.9302413673414,-500.));
#580=CARTESIAN_POINT('Ctrl Pts',(-502.823848429538,-21.8225606127669,-500.));
#581=CARTESIAN_POINT('Ctrl Pts',(-503.570040819923,-20.7017263431152,-500.));
#582=CARTESIAN_POINT('Ctrl Pts',(-504.280097381009,-19.5679607300033,-500.));
#583=CARTESIAN_POINT('Ctrl Pts',(-504.953099395662,-18.4215153106615,-500.));
#584=CARTESIAN_POINT('Ctrl Pts',(-505.588077991091,-17.2626606440686,-500.));
#585=CARTESIAN_POINT('Ctrl Pts',(-506.184036897335,-16.0916897472923,-500.));
#586=CARTESIAN_POINT('Ctrl Pts',(-506.739964819513,-14.9089149221858,-500.));
#587=CARTESIAN_POINT('Ctrl Pts',(-507.254856667482,-13.7146749847133,-500.));
#588=CARTESIAN_POINT('Ctrl Pts',(-507.727759660285,-12.5093896535036,-500.));
#589=CARTESIAN_POINT('Ctrl Pts',(-508.157813015221,-11.2935990423166,-500.));
#590=CARTESIAN_POINT('Ctrl Pts',(-508.544297634379,-10.0680277982378,-500.));
#591=CARTESIAN_POINT('Ctrl Pts',(-508.886611005932,-8.83347697360704,-500.));
#592=CARTESIAN_POINT('Ctrl Pts',(-509.184236826015,-7.59071787834028,-500.));
#593=CARTESIAN_POINT('Ctrl Pts',(-509.436704631955,-6.34032988143805,-500.));
#594=CARTESIAN_POINT('Ctrl Pts',(-509.643600843012,-5.08278495778709,-500.));
#595=CARTESIAN_POINT('Ctrl Pts',(-509.804614971466,-3.81870769722329,-500.));
#596=CARTESIAN_POINT('Ctrl Pts',(-509.919587182542,-2.5491217062843,-500.));
#597=CARTESIAN_POINT('Ctrl Pts',(-509.98852052555,-1.27559035224222,-500.));
#598=CARTESIAN_POINT('Ctrl Pts',(-510.011481186457,-8.89371042089859E-13,
-500.));
#599=CARTESIAN_POINT('Ctrl Pts',(-509.988520525556,1.27559035224049,-500.));
#600=CARTESIAN_POINT('Ctrl Pts',(-509.919587182549,2.54912170628269,-500.));
#601=CARTESIAN_POINT('Ctrl Pts',(-509.804614971467,3.81870769722157,-500.));
#602=CARTESIAN_POINT('Ctrl Pts',(-509.643600843009,5.08278495778524,-500.));
#603=CARTESIAN_POINT('Ctrl Pts',(-509.436704631949,6.3403298814362,-500.));
#604=CARTESIAN_POINT('Ctrl Pts',(-509.184236826013,7.59071787833848,-500.));
#605=CARTESIAN_POINT('Ctrl Pts',(-508.886611005935,8.83347697360526,-500.));
#606=CARTESIAN_POINT('Ctrl Pts',(-508.544297634383,10.068027798236,-500.));
#607=CARTESIAN_POINT('Ctrl Pts',(-508.157813015222,11.2935990423148,-500.));
#608=CARTESIAN_POINT('Ctrl Pts',(-507.727759660285,12.5093896535019,-500.));
#609=CARTESIAN_POINT('Ctrl Pts',(-507.254856667483,13.7146749847116,-500.));
#610=CARTESIAN_POINT('Ctrl Pts',(-506.739964819515,14.9089149221841,-500.));
#611=CARTESIAN_POINT('Ctrl Pts',(-506.184036897335,16.0916897472906,-500.));
#612=CARTESIAN_POINT('Ctrl Pts',(-505.588077991093,17.262660644067,-500.));
#613=CARTESIAN_POINT('Ctrl Pts',(-504.953099395665,18.4215153106601,-500.));
#614=CARTESIAN_POINT('Ctrl Pts',(-504.280097381012,19.5679607300018,-500.));
#615=CARTESIAN_POINT('Ctrl Pts',(-503.570040819923,20.7017263431134,-500.));
#616=CARTESIAN_POINT('Ctrl Pts',(-502.823848429537,21.8225606127649,-500.));
#617=CARTESIAN_POINT('Ctrl Pts',(-502.042395727468,22.9302413673394,-500.));
#618=CARTESIAN_POINT('Ctrl Pts',(-501.22657032155,24.0246074041498,-500.));
#619=CARTESIAN_POINT('Ctrl Pts',(-500.377312411209,25.1055828488323,-500.));
#620=CARTESIAN_POINT('Ctrl Pts',(-499.495669834798,26.1732101728267,-500.));
#621=CARTESIAN_POINT('Ctrl Pts',(-498.582726059914,27.2275991604651,-500.));
#622=CARTESIAN_POINT('Ctrl Pts',(-497.639525459518,28.2688741380197,-500.));
#623=CARTESIAN_POINT('Ctrl Pts',(-496.666984262171,29.2971111474643,-500.));
#624=CARTESIAN_POINT('Ctrl Pts',(-495.665857671595,30.3123144372235,-500.));
#625=CARTESIAN_POINT('Ctrl Pts',(-494.636828130275,31.3144781295107,-500.));
#626=CARTESIAN_POINT('Ctrl Pts',(-493.580560794533,32.3036243720333,-500.));
#627=CARTESIAN_POINT('Ctrl Pts',(-492.497787865005,33.2798630417092,-500.));
#628=CARTESIAN_POINT('Ctrl Pts',(-491.389297058743,34.2433777404764,-500.));
#629=CARTESIAN_POINT('Ctrl Pts',(-490.255878918713,35.1943797675802,-500.));
#630=CARTESIAN_POINT('Ctrl Pts',(-489.098288555492,36.1330735109214,-500.));
#631=CARTESIAN_POINT('Ctrl Pts',(-487.917197390583,37.0596135325533,-500.));
#632=CARTESIAN_POINT('Ctrl Pts',(-486.713212303696,37.9741213685657,-500.));
#633=CARTESIAN_POINT('Ctrl Pts',(-485.486899525941,38.8767066655661,-500.));
#634=CARTESIAN_POINT('Ctrl Pts',(-484.238807252802,39.7674871185004,-500.));
#635=CARTESIAN_POINT('Ctrl Pts',(-482.969487819237,40.6466080791478,-500.));
#636=CARTESIAN_POINT('Ctrl Pts',(-481.67948612449,41.5142340333662,-500.));
#637=CARTESIAN_POINT('Ctrl Pts',(-480.369329450943,42.3705411245579,-500.));
#638=CARTESIAN_POINT('Ctrl Pts',(-479.039516392027,43.2157092320797,-500.));
#639=CARTESIAN_POINT('Ctrl Pts',(-477.690507153488,44.0499143682975,-500.));
#640=CARTESIAN_POINT('Ctrl Pts',(-476.322734739626,44.8733239597771,-500.));
#641=CARTESIAN_POINT('Ctrl Pts',(-474.93661523544,45.6860919649655,-500.));
#642=CARTESIAN_POINT('Ctrl Pts',(-473.532558285012,46.488354157265,-500.));
#643=CARTESIAN_POINT('Ctrl Pts',(-472.110977882716,47.2802230384631,-500.));
#644=CARTESIAN_POINT('Ctrl Pts',(-470.672282734859,48.0617995954871,-500.));
#645=CARTESIAN_POINT('Ctrl Pts',(-469.216865436895,48.8331861891122,-500.));
#646=CARTESIAN_POINT('Ctrl Pts',(-467.745093159161,49.5944977835534,-500.));
#647=CARTESIAN_POINT('Ctrl Pts',(-466.25729498036,50.3458770274573,-500.));
#648=CARTESIAN_POINT('Ctrl Pts',(-464.753770072217,51.0874851176788,-500.));
#649=CARTESIAN_POINT('Ctrl Pts',(-463.234802428517,51.8194849946347,-500.));
#650=CARTESIAN_POINT('Ctrl Pts',(-461.70067212733,52.5420286866088,-500.));
#651=CARTESIAN_POINT('Ctrl Pts',(-460.151671030763,53.2552392145137,-500.));
#652=CARTESIAN_POINT('Ctrl Pts',(-458.588105291109,53.9592088342441,-500.));
#653=CARTESIAN_POINT('Ctrl Pts',(-457.010283135488,54.6540155909389,-500.));
#654=CARTESIAN_POINT('Ctrl Pts',(-455.41850656119,55.3397349510035,-500.));
#655=CARTESIAN_POINT('Ctrl Pts',(-453.813061204074,56.0164538522459,-500.));
#656=CARTESIAN_POINT('Ctrl Pts',(-452.19420764782,56.6842825714644,-500.));
#657=CARTESIAN_POINT('Ctrl Pts',(-450.562186614125,57.343343615327,-500.));
#658=CARTESIAN_POINT('Ctrl Pts',(-448.917223758467,57.9937609521953,-500.));
#659=CARTESIAN_POINT('Ctrl Pts',(-447.259534326723,58.6356503023133,-500.));
#660=CARTESIAN_POINT('Ctrl Pts',(-445.589328552879,59.2691061203475,-500.));
#661=CARTESIAN_POINT('Ctrl Pts',(-443.906813898046,59.8942018781646,-500.));
#662=CARTESIAN_POINT('Ctrl Pts',(-442.212194567389,60.5110015670159,-500.));
#663=CARTESIAN_POINT('Ctrl Pts',(-440.505671809544,61.1195681761786,-500.));
#664=CARTESIAN_POINT('Ctrl Pts',(-438.787443872146,61.719973070557,-500.));
#665=CARTESIAN_POINT('Ctrl Pts',(-437.057706166761,62.312305906761,-500.));
#666=CARTESIAN_POINT('Ctrl Pts',(-435.316650036808,62.8966666409095,-500.));
#667=CARTESIAN_POINT('Ctrl Pts',(-433.564461377189,63.4731557418505,-500.));
#668=CARTESIAN_POINT('Ctrl Pts',(-431.801319441375,64.0418656404999,-500.));
#669=CARTESIAN_POINT('Ctrl Pts',(-430.027395254662,64.6028703084159,-500.));
#670=CARTESIAN_POINT('Ctrl Pts',(-428.242851143387,65.1562197150424,-500.));
#671=CARTESIAN_POINT('Ctrl Pts',(-426.447844505047,65.7019529564281,-500.));
#672=CARTESIAN_POINT('Ctrl Pts',(-424.642531177565,66.2401092379275,-500.));
#673=CARTESIAN_POINT('Ctrl Pts',(-422.827068499989,66.7707384569236,-500.));
#674=CARTESIAN_POINT('Ctrl Pts',(-421.001619617214,67.2939149169385,-500.));
#675=CARTESIAN_POINT('Ctrl Pts',(-419.166353373449,67.8097393549137,-500.));
#676=CARTESIAN_POINT('Ctrl Pts',(-417.32143744913,68.3183226927718,-500.));
#677=CARTESIAN_POINT('Ctrl Pts',(-415.467032730705,68.8197734233536,-500.));
#678=CARTESIAN_POINT('Ctrl Pts',(-413.603287942564,69.3141849546527,-500.));
#679=CARTESIAN_POINT('Ctrl Pts',(-411.730332318374,69.8016195038756,-500.));
#680=CARTESIAN_POINT('Ctrl Pts',(-409.848276251071,70.2821068880883,-500.));
#681=CARTESIAN_POINT('Ctrl Pts',(-407.957220328258,70.7556592727408,-500.));
#682=CARTESIAN_POINT('Ctrl Pts',(-406.057262483487,71.2222820975755,-500.));
#683=CARTESIAN_POINT('Ctrl Pts',(-404.148505133667,71.6819855744737,-500.));
#684=CARTESIAN_POINT('Ctrl Pts',(-402.231064233571,72.1347983548458,-500.));
#685=CARTESIAN_POINT('Ctrl Pts',(-400.305070098531,72.5807708846298,-500.));
#686=CARTESIAN_POINT('Ctrl Pts',(-398.370659472213,73.0199674994651,-500.));
#687=CARTESIAN_POINT('Ctrl Pts',(-396.427969696753,73.4524614208706,-500.));
#688=CARTESIAN_POINT('Ctrl Pts',(-394.477132563105,73.8783288478198,-500.));
#689=CARTESIAN_POINT('Ctrl Pts',(-392.518266996977,74.2976427580813,-500.));
#690=CARTESIAN_POINT('Ctrl Pts',(-390.551476841908,74.7104692353685,-500.));
#691=CARTESIAN_POINT('Ctrl Pts',(-388.576856709925,75.1168681350814,-500.));
#692=CARTESIAN_POINT('Ctrl Pts',(-386.594496000173,75.5168926672595,-500.));
#693=CARTESIAN_POINT('Ctrl Pts',(-384.604483456807,75.9105894949608,-500.));
#694=CARTESIAN_POINT('Ctrl Pts',(-382.606911972426,76.2979984285078,-500.));
#695=CARTESIAN_POINT('Ctrl Pts',(-380.601881813502,76.679152861504,-500.));
#696=CARTESIAN_POINT('Ctrl Pts',(-378.589497599719,77.0540825655742,-500.));
#697=CARTESIAN_POINT('Ctrl Pts',(-376.569866295885,77.4228161121406,-500.));
#698=CARTESIAN_POINT('Ctrl Pts',(-374.543094799633,77.7853834546843,-500.));
#699=CARTESIAN_POINT('Ctrl Pts',(-372.509287715781,78.1418184082757,-500.));
#700=CARTESIAN_POINT('Ctrl Pts',(-370.468545010489,78.4921612667588,-500.));
#701=CARTESIAN_POINT('Ctrl Pts',(-368.420961826817,78.8364570418698,-500.));
#702=CARTESIAN_POINT('Ctrl Pts',(-366.366628371598,79.1747536161981,-500.));
#703=CARTESIAN_POINT('Ctrl Pts',(-364.305629721322,79.5070998811336,-500.));
#704=CARTESIAN_POINT('Ctrl Pts',(-362.238045788792,79.8335439867471,-500.));
#705=CARTESIAN_POINT('Ctrl Pts',(-360.163950902376,80.1541312777049,-500.));
#706=CARTESIAN_POINT('Ctrl Pts',(-358.083415105609,80.4689036755313,-500.));
#707=CARTESIAN_POINT('Ctrl Pts',(-355.996506381665,80.7778998852084,-500.));
#708=CARTESIAN_POINT('Ctrl Pts',(-353.903292641883,81.0811553193085,-500.));
#709=CARTESIAN_POINT('Ctrl Pts',(-351.803843703634,81.3787022013738,-500.));
#710=CARTESIAN_POINT('Ctrl Pts',(-349.698233531176,81.6705694439911,-500.));
#711=CARTESIAN_POINT('Ctrl Pts',(-347.586541564548,81.9567830856363,-500.));
#712=CARTESIAN_POINT('Ctrl Pts',(-345.468850600344,82.237368773858,-500.));
#713=CARTESIAN_POINT('Ctrl Pts',(-343.345245236758,82.5123538600199,-500.));
#714=CARTESIAN_POINT('Ctrl Pts',(-341.215810057326,82.7817697888583,-500.));
#715=CARTESIAN_POINT('Ctrl Pts',(-339.080628018338,83.0456540332871,-500.));
#716=CARTESIAN_POINT('Ctrl Pts',(-336.939778511321,83.3040530702194,-500.));
#717=CARTESIAN_POINT('Ctrl Pts',(-334.793337064053,83.5570196124203,-500.));
#718=CARTESIAN_POINT('Ctrl Pts',(-332.641375589286,83.8046079633165,-500.));
#719=CARTESIAN_POINT('Ctrl Pts',(-330.483962440934,84.0468698939861,-500.));
#720=CARTESIAN_POINT('Ctrl Pts',(-328.321162577943,84.2838505194293,-500.));
#721=CARTESIAN_POINT('Ctrl Pts',(-326.153037616886,84.5155836577023,-500.));
#722=CARTESIAN_POINT('Ctrl Pts',(-323.979646130089,84.7420889749943,-500.));
#723=CARTESIAN_POINT('Ctrl Pts',(-321.801045113528,84.9633781877028,-500.));
#724=CARTESIAN_POINT('Ctrl Pts',(-319.617291260439,85.1794599268998,-500.));
#725=CARTESIAN_POINT('Ctrl Pts',(-317.428442393861,85.3903453866643,-500.));
#726=CARTESIAN_POINT('Ctrl Pts',(-315.23455863973,85.5960530331031,-500.));
#727=CARTESIAN_POINT('Ctrl Pts',(-313.035704188697,85.7966152235703,-500.));
#728=CARTESIAN_POINT('Ctrl Pts',(-310.831946760721,85.9920775560953,-500.));
#729=CARTESIAN_POINT('Ctrl Pts',(-308.623355244007,86.1824924877248,-500.));
#730=CARTESIAN_POINT('Ctrl Pts',(-306.409997886308,86.3679146568703,-500.));
#731=CARTESIAN_POINT('Ctrl Pts',(-304.191940198418,86.5483953771012,-500.));
#732=CARTESIAN_POINT('Ctrl Pts',(-301.969243122755,86.7239777850692,-500.));
#733=CARTESIAN_POINT('Ctrl Pts',(-299.741960711816,86.8946909132983,-500.));
#734=CARTESIAN_POINT('Ctrl Pts',(-297.510142158504,87.0605529817893,-500.));
#735=CARTESIAN_POINT('Ctrl Pts',(-295.273834423912,87.2215759589023,-500.));
#736=CARTESIAN_POINT('Ctrl Pts',(-293.033084687952,87.3777697208323,-500.));
#737=CARTESIAN_POINT('Ctrl Pts',(-290.787942800371,87.5291462800261,-500.));
#738=CARTESIAN_POINT('Ctrl Pts',(-288.538463907622,87.6757242211548,-500.));
#739=CARTESIAN_POINT('Ctrl Pts',(-286.284710490706,87.8175323568319,-500.));
#740=CARTESIAN_POINT('Ctrl Pts',(-284.026749182338,87.9546063911099,-500.));
#741=CARTESIAN_POINT('Ctrl Pts',(-281.764648097765,88.0869862532323,-500.));
#742=CARTESIAN_POINT('Ctrl Pts',(-279.498473881085,88.2147130965822,-500.));
#743=CARTESIAN_POINT('Ctrl Pts',(-277.228289072948,88.3378266182133,-500.));
#744=CARTESIAN_POINT('Ctrl Pts',(-274.954148856804,88.4563618108021,-500.));
#745=CARTESIAN_POINT('Ctrl Pts',(-272.676099648611,88.5703473602963,-500.));
#746=CARTESIAN_POINT('Ctrl Pts',(-270.394182118241,88.6798079802097,-500.));
#747=CARTESIAN_POINT('Ctrl Pts',(-268.108433308815,88.784765946717,-500.));
#748=CARTESIAN_POINT('Ctrl Pts',(-265.818889189133,88.8852430145472,-500.));
#749=CARTESIAN_POINT('Ctrl Pts',(-263.525586849436,88.9812620247369,-500.));
#750=CARTESIAN_POINT('Ctrl Pts',(-261.228567270946,89.0728490012167,-500.));
#751=CARTESIAN_POINT('Ctrl Pts',(-258.927876307477,89.1600337297371,-500.));
#752=CARTESIAN_POINT('Ctrl Pts',(-256.623563351308,89.2428483637826,-500.));
#753=CARTESIAN_POINT('Ctrl Pts',(-254.315680578022,89.3213265358289,-500.));
#754=CARTESIAN_POINT('Ctrl Pts',(-252.004281948307,89.3955022305455,-500.));
#755=CARTESIAN_POINT('Ctrl Pts',(-249.689422333371,89.4654088368828,-500.));
#756=CARTESIAN_POINT('Ctrl Pts',(-247.371156538758,89.5310779326303,-500.));
#757=CARTESIAN_POINT('Ctrl Pts',(-245.049538564266,89.5925389511524,-500.));
#758=CARTESIAN_POINT('Ctrl Pts',(-242.724621048192,89.6498196623545,-500.));
#759=CARTESIAN_POINT('Ctrl Pts',(-240.39645468198,89.7029464289432,-500.));
#760=CARTESIAN_POINT('Ctrl Pts',(-238.065087593763,89.7519445585438,-500.));
#761=CARTESIAN_POINT('Ctrl Pts',(-235.730564845096,89.7968386055586,-500.));
#762=CARTESIAN_POINT('Ctrl Pts',(-233.392927630718,89.8376527174924,-500.));
#763=CARTESIAN_POINT('Ctrl Pts',(-231.052213647893,89.8744108668331,-500.));
#764=CARTESIAN_POINT('Ctrl Pts',(-228.708458461238,89.9071369976629,-500.));
#765=CARTESIAN_POINT('Ctrl Pts',(-226.36169656659,89.9358551936772,-500.));
#766=CARTESIAN_POINT('Ctrl Pts',(-224.011962619162,89.9605898424645,-500.));
#767=CARTESIAN_POINT('Ctrl Pts',(-221.659292496946,89.9813657897606,-500.));
#768=CARTESIAN_POINT('Ctrl Pts',(-219.303724668851,89.9982085267978,-500.));
#769=CARTESIAN_POINT('Ctrl Pts',(-216.945300478337,90.0111442469811,-500.));
#770=CARTESIAN_POINT('Ctrl Pts',(-214.584063457693,90.0201997878923,-500.));
#771=CARTESIAN_POINT('Ctrl Pts',(-212.220058908422,90.0254025980716,-500.));
#772=CARTESIAN_POINT('Ctrl Pts',(-209.853333378793,90.0267807092199,-500.));
#773=CARTESIAN_POINT('Ctrl Pts',(-207.483934171196,90.0243626700579,-500.));
#774=CARTESIAN_POINT('Ctrl Pts',(-205.111908871836,90.0181775853117,-500.));
#775=CARTESIAN_POINT('Ctrl Pts',(-202.737304735607,90.0082547726789,-500.));
#776=CARTESIAN_POINT('Ctrl Pts',(-200.360167867545,89.9946229485666,-500.));
#777=CARTESIAN_POINT('Ctrl Pts',(-197.980542482154,89.9773095599086,-500.));
#778=CARTESIAN_POINT('Ctrl Pts',(-195.598470077723,89.9563400040226,-500.));
#779=CARTESIAN_POINT('Ctrl Pts',(-193.213988769952,89.9317370176057,-500.));
#780=CARTESIAN_POINT('Ctrl Pts',(-190.827132258547,89.9035196986094,-500.));
#781=CARTESIAN_POINT('Ctrl Pts',(-188.437929968949,89.8717036895421,-500.));
#782=CARTESIAN_POINT('Ctrl Pts',(-186.046409403979,89.836303543656,-500.));
#783=CARTESIAN_POINT('Ctrl Pts',(-183.652597984225,89.7973345817881,-500.));
#784=CARTESIAN_POINT('Ctrl Pts',(-181.256525150177,89.7548150191493,-500.));
#785=CARTESIAN_POINT('Ctrl Pts',(-178.858224221979,89.7087678256118,-500.));
#786=CARTESIAN_POINT('Ctrl Pts',(-176.457734676164,89.6592230627444,-500.));
#787=CARTESIAN_POINT('Ctrl Pts',(-174.055103283441,89.6062189045575,-500.));
#788=CARTESIAN_POINT('Ctrl Pts',(-171.650380847992,89.549797561822,-500.));
#789=CARTESIAN_POINT('Ctrl Pts',(-169.243619614724,89.4900019820588,-500.));
#790=CARTESIAN_POINT('Ctrl Pts',(-166.834870404848,89.4268722311387,-500.));
#791=CARTESIAN_POINT('Ctrl Pts',(-164.424179891466,89.3604420452778,-500.));
#792=CARTESIAN_POINT('Ctrl Pts',(-162.011587757589,89.2907352275793,-500.));
#793=CARTESIAN_POINT('Ctrl Pts',(-159.597124065159,89.2177623411251,-500.));
#794=CARTESIAN_POINT('Ctrl Pts',(-157.180812294987,89.1415254896954,-500.));
#795=CARTESIAN_POINT('Ctrl Pts',(-154.762672238243,89.0620228916581,-500.));
#796=CARTESIAN_POINT('Ctrl Pts',(-152.342722905373,88.9792534654647,-500.));
#797=CARTESIAN_POINT('Ctrl Pts',(-149.920985513592,88.8932215588896,-500.));
#798=CARTESIAN_POINT('Ctrl Pts',(-147.497486238895,88.8039412676551,-500.));
#799=CARTESIAN_POINT('Ctrl Pts',(-145.072259599959,88.711441848448,-500.));
#800=CARTESIAN_POINT('Ctrl Pts',(-142.645346898341,88.61576457563,-500.));
#801=CARTESIAN_POINT('Ctrl Pts',(-140.216793653199,88.5169578528334,-500.));
#802=CARTESIAN_POINT('Ctrl Pts',(-137.786647423174,88.4150730059265,-500.));
#803=CARTESIAN_POINT('Ctrl Pts',(-135.354955378242,88.3101596169698,-500.));
#804=CARTESIAN_POINT('Ctrl Pts',(-132.921762182546,88.2022614577789,-500.));
#805=CARTESIAN_POINT('Ctrl Pts',(-130.487107233789,88.0914111580015,-500.));
#806=CARTESIAN_POINT('Ctrl Pts',(-128.051024461631,87.9776299293062,-500.));
#807=CARTESIAN_POINT('Ctrl Pts',(-125.613543903345,87.8609308042186,-500.));
#808=CARTESIAN_POINT('Ctrl Pts',(-123.174692746577,87.7413208210999,-500.));
#809=CARTESIAN_POINT('Ctrl Pts',(-120.734496610794,87.6188036808292,-500.));
#810=CARTESIAN_POINT('Ctrl Pts',(-118.29298068248,87.4933821151308,-500.));
#811=CARTESIAN_POINT('Ctrl Pts',(-115.850171019498,87.3650605873055,-500.));
#812=CARTESIAN_POINT('Ctrl Pts',(-113.406095432111,87.233847162483,-500.));
#813=CARTESIAN_POINT('Ctrl Pts',(-110.960783473601,87.0997536318568,-500.));
#814=CARTESIAN_POINT('Ctrl Pts',(-108.514266609429,86.9627959869823,-500.));
#815=CARTESIAN_POINT('Ctrl Pts',(-106.066578317691,86.8229947594705,-500.));
#816=CARTESIAN_POINT('Ctrl Pts',(-103.617754213579,86.6803754074168,-500.));
#817=CARTESIAN_POINT('Ctrl Pts',(-101.167832176163,86.5349687072464,-500.));
#818=CARTESIAN_POINT('Ctrl Pts',(-98.7168524392304,86.386811072588,-500.));
#819=CARTESIAN_POINT('Ctrl Pts',(-96.2648563047198,86.2359420518731,-500.));
#820=CARTESIAN_POINT('Ctrl Pts',(-93.8118848777482,86.0824018759838,-500.));
#821=CARTESIAN_POINT('Ctrl Pts',(-91.3579778236914,85.9262290372369,-500.));
#822=CARTESIAN_POINT('Ctrl Pts',(-88.9031720475281,85.7674577414423,-500.));
#823=CARTESIAN_POINT('Ctrl Pts',(-86.4475005665951,85.6061156804237,-500.));
#824=CARTESIAN_POINT('Ctrl Pts',(-83.9909908892081,85.4422209838751,-500.));
#825=CARTESIAN_POINT('Ctrl Pts',(-81.5336660749402,85.275783621888,-500.));
#826=CARTESIAN_POINT('Ctrl Pts',(-79.0755468087119,85.1068084797811,-500.));
#827=CARTESIAN_POINT('Ctrl Pts',(-76.616653110253,84.9352978490824,-500.));
#828=CARTESIAN_POINT('Ctrl Pts',(-74.1570062693305,84.7612542444596,-500.));
#829=CARTESIAN_POINT('Ctrl Pts',(-71.6966305132608,84.5846828896504,-500.));
#830=CARTESIAN_POINT('Ctrl Pts',(-69.2355552062371,84.4055948118932,-500.));
#831=CARTESIAN_POINT('Ctrl Pts',(-66.7738153522059,84.224008033021,-500.));
#832=CARTESIAN_POINT('Ctrl Pts',(-64.3114494558411,84.0399458110847,-500.));
#833=CARTESIAN_POINT('Ctrl Pts',(-61.8484980063918,83.8534355731334,-500.));
#834=CARTESIAN_POINT('Ctrl Pts',(-59.3850017020442,83.6645075680533,-500.));
#835=CARTESIAN_POINT('Ctrl Pts',(-56.9209998046588,83.4731936423929,-500.));
#836=CARTESIAN_POINT('Ctrl Pts',(-54.4565283923926,83.2795259555511,-500.));
#837=CARTESIAN_POINT('Ctrl Pts',(-51.9916187862139,83.0835357434501,-500.));
#838=CARTESIAN_POINT('Ctrl Pts',(-49.5262988873634,82.8852526381986,-500.));
#839=CARTESIAN_POINT('Ctrl Pts',(-47.0605943958019,82.6847039519385,-500.));
#840=CARTESIAN_POINT('Ctrl Pts',(-44.5945300524529,82.4819140019365,-500.));
#841=CARTESIAN_POINT('Ctrl Pts',(-42.1281309185404,82.2769033546879,-500.));
#842=CARTESIAN_POINT('Ctrl Pts',(-39.6614235285767,82.0696882533227,-500.));
#843=CARTESIAN_POINT('Ctrl Pts',(-37.194437380079,81.8602795860785,-500.));
#844=CARTESIAN_POINT('Ctrl Pts',(-34.7272046642359,81.6486842309416,-500.));
#845=CARTESIAN_POINT('Ctrl Pts',(-32.2597592753494,81.434907386567,-500.));
#846=CARTESIAN_POINT('Ctrl Pts',(-29.7921360635295,81.218954546824,-500.));
#847=CARTESIAN_POINT('Ctrl Pts',(-27.3243699637049,81.0008337071558,-500.));
#848=CARTESIAN_POINT('Ctrl Pts',(-24.8564952295029,80.7805572783236,-500.));
#849=CARTESIAN_POINT('Ctrl Pts',(-22.388544496385,80.5581445945695,-500.));
#850=CARTESIAN_POINT('Ctrl Pts',(-19.9205483411665,80.3336225887935,-500.));
#851=CARTESIAN_POINT('Ctrl Pts',(-17.4525358006576,80.1070228839462,-500.));
#852=CARTESIAN_POINT('Ctrl Pts',(-14.9845346855617,79.8783796499137,-500.));
#853=CARTESIAN_POINT('Ctrl Pts',(-12.5165719760215,79.6477271576419,-500.));
#854=CARTESIAN_POINT('Ctrl Pts',(-10.0486741827676,79.415097454653,-500.));
#855=CARTESIAN_POINT('Ctrl Pts',(-7.58086772189297,79.1805180071829,-500.));
#856=CARTESIAN_POINT('Ctrl Pts',(-5.11317928682809,78.9440093047089,-500.));
#857=CARTESIAN_POINT('Ctrl Pts',(-2.64563606893761,78.7055860315421,-500.));
#858=CARTESIAN_POINT('Ctrl Pts',(-0.178265979793932,78.4652583090917,-500.));
#859=CARTESIAN_POINT('Ctrl Pts',(2.28890213811375,78.2230329097383,-500.));
#860=CARTESIAN_POINT('Ctrl Pts',(4.75583827086739,77.9789144873484,-500.));
#861=CARTESIAN_POINT('Ctrl Pts',(7.22251106354221,77.732906789807,-500.));
#862=CARTESIAN_POINT('Ctrl Pts',(9.6888874737737,77.4850139062998,-500.));
#863=CARTESIAN_POINT('Ctrl Pts',(12.1549331942777,77.235241377412,-500.));
#864=CARTESIAN_POINT('Ctrl Pts',(14.620613554174,76.9835972405983,-500.));
#865=CARTESIAN_POINT('Ctrl Pts',(17.0858942611636,76.730093065954,-500.));
#866=CARTESIAN_POINT('Ctrl Pts',(19.5507422403414,76.4747450602687,-500.));
#867=CARTESIAN_POINT('Ctrl Pts',(22.0151263603243,76.2175749932751,-500.));
#868=CARTESIAN_POINT('Ctrl Pts',(24.4790183791848,75.9586115575813,-500.));
#869=CARTESIAN_POINT('Ctrl Pts',(26.9423932577578,75.6978904204513,-500.));
#870=CARTESIAN_POINT('Ctrl Pts',(29.4052275190342,75.4354502023302,-500.));
#871=CARTESIAN_POINT('Ctrl Pts',(31.8674979343874,75.171329133911,-500.));
#872=CARTESIAN_POINT('Ctrl Pts',(34.3291800973679,74.9055614881384,-500.));
#873=CARTESIAN_POINT('Ctrl Pts',(36.7902470082031,74.6381740115763,-500.));
#874=CARTESIAN_POINT('Ctrl Pts',(39.2506677413818,74.3691825835267,-500.));
#875=CARTESIAN_POINT('Ctrl Pts',(41.7104058420645,74.0985881663853,-500.));
#876=CARTESIAN_POINT('Ctrl Pts',(44.1694210645208,73.8263814329599,-500.));
#877=CARTESIAN_POINT('Ctrl Pts',(46.6276715082554,73.5525484277774,-500.));
#878=CARTESIAN_POINT('Ctrl Pts',(49.0851155650807,73.2770757320238,-500.));
#879=CARTESIAN_POINT('Ctrl Pts',(51.5417140516456,72.9999561237303,-500.));
#880=CARTESIAN_POINT('Ctrl Pts',(53.9974320159853,72.721193359163,-500.));
#881=CARTESIAN_POINT('Ctrl Pts',(56.4522412969071,72.4408089888216,-500.));
#882=CARTESIAN_POINT('Ctrl Pts',(58.906120192639,72.1588413557936,-500.));
#883=CARTESIAN_POINT('Ctrl Pts',(61.3590506964188,71.8753380078569,-500.));
#884=CARTESIAN_POINT('Ctrl Pts',(63.8110164418807,71.5903500395135,-500.));
#885=CARTESIAN_POINT('Ctrl Pts',(66.2620003124434,71.3039255024126,-500.));
#886=CARTESIAN_POINT('Ctrl Pts',(68.7119822976847,71.0161035366209,-500.));
#887=CARTESIAN_POINT('Ctrl Pts',(71.1609369967305,70.7269074214236,-500.));
#888=CARTESIAN_POINT('Ctrl Pts',(73.6088320250742,70.4363404369062,-500.));
#889=CARTESIAN_POINT('Ctrl Pts',(76.0556301042303,70.1443932096062,-500.));
#890=CARTESIAN_POINT('Ctrl Pts',(78.50129062647,69.8510494326517,-500.));
#891=CARTESIAN_POINT('Ctrl Pts',(80.9457714121052,69.5562921563319,-500.));
#892=CARTESIAN_POINT('Ctrl Pts',(83.3890304122475,69.2601099800478,-500.));
#893=CARTESIAN_POINT('Ctrl Pts',(85.8310273702801,68.9625029468766,-500.));
#894=CARTESIAN_POINT('Ctrl Pts',(88.2717256735588,68.663489473019,-500.));
#895=CARTESIAN_POINT('Ctrl Pts',(90.7110920760709,68.3631019667936,-500.));
#896=CARTESIAN_POINT('Ctrl Pts',(93.1490961415464,68.0613808976407,-500.));
#897=CARTESIAN_POINT('Ctrl Pts',(95.5857097809476,67.7583695259273,-500.));
#898=CARTESIAN_POINT('Ctrl Pts',(98.0209067612057,67.4541081052389,-500.));
#899=CARTESIAN_POINT('Ctrl Pts',(100.454662200692,67.1486288917015,-500.));
#900=CARTESIAN_POINT('Ctrl Pts',(102.8869521345,66.8419493567703,-500.));
#901=CARTESIAN_POINT('Ctrl Pts',(105.317752767257,66.5340724923882,-500.));
#902=CARTESIAN_POINT('Ctrl Pts',(107.747039473173,66.2249924507139,-500.));
#903=CARTESIAN_POINT('Ctrl Pts',(110.174785891912,65.9146985792353,-500.));
#904=CARTESIAN_POINT('Ctrl Pts',(112.600962936634,65.6031802354264,-500.));
#905=CARTESIAN_POINT('Ctrl Pts',(115.025537951429,65.2904309921091,-500.));
#906=CARTESIAN_POINT('Ctrl Pts',(117.448473535043,64.9764537682726,-500.));
#907=CARTESIAN_POINT('Ctrl Pts',(119.869727372261,64.6612634345768,-500.));
#908=CARTESIAN_POINT('Ctrl Pts',(122.28925476144,64.3448828041067,-500.));
#909=CARTESIAN_POINT('Ctrl Pts',(124.707010638956,64.0273398495699,-500.));
#910=CARTESIAN_POINT('Ctrl Pts',(127.122951807447,63.7086644304855,-500.));
#911=CARTESIAN_POINT('Ctrl Pts',(129.537039066582,63.3888852402546,-500.));
#912=CARTESIAN_POINT('Ctrl Pts',(131.949239410587,63.0680266332638,-500.));
#913=CARTESIAN_POINT('Ctrl Pts',(134.359528128553,62.7461055738419,-500.));
#914=CARTESIAN_POINT('Ctrl Pts',(136.76788592974,62.4231337447232,-500.));
#915=CARTESIAN_POINT('Ctrl Pts',(139.174296116207,62.0991196043604,-500.));
#916=CARTESIAN_POINT('Ctrl Pts',(141.578741784507,61.7740704264348,-500.));
#917=CARTESIAN_POINT('Ctrl Pts',(143.981202909756,61.4479944293902,-500.));
#918=CARTESIAN_POINT('Ctrl Pts',(146.381653727027,61.1209026740036,-500.));
#919=CARTESIAN_POINT('Ctrl Pts',(148.780059342655,60.79281156385,-500.));
#920=CARTESIAN_POINT('Ctrl Pts',(151.176377356151,60.4637414123597,-500.));
#921=CARTESIAN_POINT('Ctrl Pts',(153.57056084201,60.1337139302319,-500.));
#922=CARTESIAN_POINT('Ctrl Pts',(155.96256082194,59.8027501383181,-500.));
#923=CARTESIAN_POINT('Ctrl Pts',(158.3523290606,59.4708679682538,-500.));
#924=CARTESIAN_POINT('Ctrl Pts',(160.739820466387,59.1380803090542,-500.));
#925=CARTESIAN_POINT('Ctrl Pts',(163.124996301978,58.8043920821776,-500.));
#926=CARTESIAN_POINT('Ctrl Pts',(165.507824230189,58.4698011713639,-500.));
#927=CARTESIAN_POINT('Ctrl Pts',(167.888276048984,58.1343021957703,-500.));
#928=CARTESIAN_POINT('Ctrl Pts',(170.266326124094,57.7978893923057,-500.));
#929=CARTESIAN_POINT('Ctrl Pts',(172.641949484498,57.4605599963066,-500.));
#930=CARTESIAN_POINT('Ctrl Pts',(175.015120177813,57.122317104417,-500.));
#931=CARTESIAN_POINT('Ctrl Pts',(177.385809232246,56.7831735026796,-500.));
#932=CARTESIAN_POINT('Ctrl Pts',(179.753983786419,56.4431524444861,-500.));
#933=CARTESIAN_POINT('Ctrl Pts',(182.119607952368,56.1022838211485,-500.));
#934=CARTESIAN_POINT('Ctrl Pts',(184.482643268856,55.7606014511909,-500.));
#935=CARTESIAN_POINT('Ctrl Pts',(186.843049320428,55.4181398591502,-500.));
#936=CARTESIAN_POINT('Ctrl Pts',(189.200784284331,55.0749314089524,-500.));
#937=CARTESIAN_POINT('Ctrl Pts',(191.555805511416,54.7310029569506,-500.));
#938=CARTESIAN_POINT('Ctrl Pts',(193.908070083445,54.3863737516122,-500.));
#939=CARTESIAN_POINT('Ctrl Pts',(196.257535352842,54.0410568268057,-500.));
#940=CARTESIAN_POINT('Ctrl Pts',(198.604159477242,53.6950597790235,-500.));
#941=CARTESIAN_POINT('Ctrl Pts',(200.947901970606,53.3483857789773,-500.));
#942=CARTESIAN_POINT('Ctrl Pts',(203.288724214252,53.0010345030617,-500.));
#943=CARTESIAN_POINT('Ctrl Pts',(205.626590063987,52.6530030517385,-500.));
#944=CARTESIAN_POINT('Ctrl Pts',(207.961466179683,52.3042870165943,-500.));
#945=CARTESIAN_POINT('Ctrl Pts',(210.293320899438,51.9548824594172,-500.));
#946=CARTESIAN_POINT('Ctrl Pts',(212.622123301489,51.6047877557008,-500.));
#947=CARTESIAN_POINT('Ctrl Pts',(214.947842184963,51.2540055276119,-500.));
#948=CARTESIAN_POINT('Ctrl Pts',(217.270445104353,50.9025444549891,-500.));
#949=CARTESIAN_POINT('Ctrl Pts',(219.589897335345,50.5504213383754,-500.));
#950=CARTESIAN_POINT('Ctrl Pts',(221.906161002747,50.197662471053,-500.));
#951=CARTESIAN_POINT('Ctrl Pts',(224.21919546204,49.8442994183155,-500.));
#952=CARTESIAN_POINT('Ctrl Pts',(226.528957568102,49.4903653414748,-500.));
#953=CARTESIAN_POINT('Ctrl Pts',(228.835401981468,49.1358910608945,-500.));
#954=CARTESIAN_POINT('Ctrl Pts',(231.138481471394,48.780901349356,-500.));
#955=CARTESIAN_POINT('Ctrl Pts',(233.438147189875,48.4254108425858,-500.));
#956=CARTESIAN_POINT('Ctrl Pts',(235.73434904719,48.0694209410293,-500.));
#957=CARTESIAN_POINT('Ctrl Pts',(238.027037014405,47.7129250640528,-500.));
#958=CARTESIAN_POINT('Ctrl Pts',(240.316162325809,47.3559131199923,-500.));
#959=CARTESIAN_POINT('Ctrl Pts',(242.601678753386,46.998376356685,-500.));
#960=CARTESIAN_POINT('Ctrl Pts',(244.883543773861,46.6403118663613,-500.));
#961=CARTESIAN_POINT('Ctrl Pts',(247.161719965152,46.2817276775473,-500.));
#962=CARTESIAN_POINT('Ctrl Pts',(249.436175757542,45.9226462883538,-500.));
#963=CARTESIAN_POINT('Ctrl Pts',(251.706882466694,45.5630993866364,-500.));
#964=CARTESIAN_POINT('Ctrl Pts',(253.973811808012,45.203123667455,-500.));
#965=CARTESIAN_POINT('Ctrl Pts',(256.236933145616,44.8427561230653,-500.));
#966=CARTESIAN_POINT('Ctrl Pts',(258.496211035509,44.4820297938485,-500.));
#967=CARTESIAN_POINT('Ctrl Pts',(260.75160220672,44.120968753082,-500.));
#968=CARTESIAN_POINT('Ctrl Pts',(263.00305416196,43.7595852150742,-500.));
#969=CARTESIAN_POINT('Ctrl Pts',(265.250508684227,43.3978829719904,-500.));
#970=CARTESIAN_POINT('Ctrl Pts',(267.493904434831,43.0358597100064,-500.));
#971=CARTESIAN_POINT('Ctrl Pts',(269.733180019984,42.6735098056217,-500.));
#972=CARTESIAN_POINT('Ctrl Pts',(271.968276604197,42.3108268289135,-500.));
#973=CARTESIAN_POINT('Ctrl Pts',(274.199141337105,41.9478063878901,-500.));
#974=CARTESIAN_POINT('Ctrl Pts',(276.425728206077,41.5844480598577,-500.));
#975=CARTESIAN_POINT('Ctrl Pts',(278.647995202447,41.2207561227935,-500.));
#976=CARTESIAN_POINT('Ctrl Pts',(280.865902418421,40.8567405105177,-500.));
#977=CARTESIAN_POINT('Ctrl Pts',(283.07940968056,40.492417814399,-500.));
#978=CARTESIAN_POINT('Ctrl Pts',(285.288474583592,40.1278119486013,-500.));
#979=CARTESIAN_POINT('Ctrl Pts',(287.493049842601,39.7629557583524,-500.));
#980=CARTESIAN_POINT('Ctrl Pts',(289.693083418044,39.3978883299302,-500.));
#981=CARTESIAN_POINT('Ctrl Pts',(291.888520193451,39.0326498175346,-500.));
#982=CARTESIAN_POINT('Ctrl Pts',(294.07930317013,38.6672770821895,-500.));
#983=CARTESIAN_POINT('Ctrl Pts',(296.265374878832,38.3017988862008,-500.));
#984=CARTESIAN_POINT('Ctrl Pts',(298.446678658468,37.9362315312149,-500.));
#985=CARTESIAN_POINT('Ctrl Pts',(300.623160099527,37.5705736265922,-500.));
#986=CARTESIAN_POINT('Ctrl Pts',(302.794766648537,37.2048121487731,-500.));
#987=CARTESIAN_POINT('Ctrl Pts',(304.961447057269,36.8389293692691,-500.));
#988=CARTESIAN_POINT('Ctrl Pts',(307.123150892256,36.4729096702519,-500.));
#989=CARTESIAN_POINT('Ctrl Pts',(309.279828007689,36.1067459579674,-500.));
#990=CARTESIAN_POINT('Ctrl Pts',(311.431428061009,35.7404473278498,-500.));
#991=CARTESIAN_POINT('Ctrl Pts',(313.577899922688,35.3740427672022,-500.));
#992=CARTESIAN_POINT('Ctrl Pts',(315.719190752218,35.007572978398,-500.));
#993=CARTESIAN_POINT('Ctrl Pts',(317.85524516771,34.641084435851,-500.));
#994=CARTESIAN_POINT('Ctrl Pts',(319.986004305618,34.2746222994964,-500.));
#995=CARTESIAN_POINT('Ctrl Pts',(322.111405095508,33.9082244193933,-500.));
#996=CARTESIAN_POINT('Ctrl Pts',(324.231379014845,33.5419133369279,-500.));
#997=CARTESIAN_POINT('Ctrl Pts',(326.345853388053,33.1756975009743,-500.));
#998=CARTESIAN_POINT('Ctrl Pts',(328.454753788527,32.8095764908618,-500.));
#999=CARTESIAN_POINT('Ctrl Pts',(330.55800613204,32.4435450132265,-500.));
#1000=CARTESIAN_POINT('Ctrl Pts',(332.655538802295,32.0775972981306,-500.));
#1001=CARTESIAN_POINT('Ctrl Pts',(334.74728499148,31.7117315867108,-500.));
#1002=CARTESIAN_POINT('Ctrl Pts',(336.833184258969,31.3459537901519,-500.));
#1003=CARTESIAN_POINT('Ctrl Pts',(338.913180157683,30.9802766952792,-500.));
#1004=CARTESIAN_POINT('Ctrl Pts',(340.987218402461,30.6147197355081,-500.));
#1005=CARTESIAN_POINT('Ctrl Pts',(343.055244795558,30.2493086223891,-500.));
#1006=CARTESIAN_POINT('Ctrl Pts',(345.117203329649,29.8840748501915,-500.));
#1007=CARTESIAN_POINT('Ctrl Pts',(347.173034022579,29.5190557340203,-500.));
#1008=CARTESIAN_POINT('Ctrl Pts',(349.222672182961,29.1542910981984,-500.));
#1009=CARTESIAN_POINT('Ctrl Pts',(351.266048144644,28.7898190954981,-500.));
#1010=CARTESIAN_POINT('Ctrl Pts',(353.303086761342,28.4256720386567,-500.));
#1011=CARTESIAN_POINT('Ctrl Pts',(355.333707188829,28.0618728505471,-500.));
#1012=CARTESIAN_POINT('Ctrl Pts',(357.35782208834,27.6984297318193,-500.));
#1013=CARTESIAN_POINT('Ctrl Pts',(359.375338711237,27.3353370414203,-500.));
#1014=CARTESIAN_POINT('Ctrl Pts',(361.386162558666,26.9725848604386,-500.));
#1015=CARTESIAN_POINT('Ctrl Pts',(363.390200502193,26.6101666440002,-500.));
#1016=CARTESIAN_POINT('Ctrl Pts',(365.387363935769,26.2480872089131,-500.));
#1017=CARTESIAN_POINT('Ctrl Pts',(367.377572355103,25.886371611403,-500.));
#1018=CARTESIAN_POINT('Ctrl Pts',(369.360755438964,25.5250705601875,-500.));
#1019=CARTESIAN_POINT('Ctrl Pts',(371.336846754283,25.1642461668932,-500.));
#1020=CARTESIAN_POINT('Ctrl Pts',(373.305778497279,24.803960134908,-500.));
#1021=CARTESIAN_POINT('Ctrl Pts',(375.26747583824,24.4442610148034,-500.));
#1022=CARTESIAN_POINT('Ctrl Pts',(377.221851423038,24.0851718294212,-500.));
#1023=CARTESIAN_POINT('Ctrl Pts',(379.168799841981,23.7266776209649,-500.));
#1024=CARTESIAN_POINT('Ctrl Pts',(381.108204940099,23.3687437973835,-500.));
#1025=CARTESIAN_POINT('Ctrl Pts',(383.039947009201,23.0113341801002,-500.));
#1026=CARTESIAN_POINT('Ctrl Pts',(384.963910130024,22.6544294481066,-500.));
#1027=CARTESIAN_POINT('Ctrl Pts',(386.8799892084,22.2980447620885,-500.));
#1028=CARTESIAN_POINT('Ctrl Pts',(388.788097798716,21.9422495049143,-500.));
#1029=CARTESIAN_POINT('Ctrl Pts',(390.688160540889,21.587145670813,-500.));
#1030=CARTESIAN_POINT('Ctrl Pts',(392.580104715581,21.2328438957479,-500.));
#1031=CARTESIAN_POINT('Ctrl Pts',(394.463852079722,20.8794402157918,-500.));
#1032=CARTESIAN_POINT('Ctrl Pts',(396.339310675169,20.5269928132007,-500.));
#1033=CARTESIAN_POINT('Ctrl Pts',(398.206366395668,20.1754979479578,-500.));
#1034=CARTESIAN_POINT('Ctrl Pts',(400.064889207948,19.824914281087,-500.));
#1035=CARTESIAN_POINT('Ctrl Pts',(401.914739801775,19.4751887215096,-500.));
#1036=CARTESIAN_POINT('Ctrl Pts',(403.755775920659,19.1262809581533,-500.));
#1037=CARTESIAN_POINT('Ctrl Pts',(405.587859199897,18.7781902892549,-500.));
#1038=CARTESIAN_POINT('Ctrl Pts',(407.410860711633,18.4309764513683,-500.));
#1039=CARTESIAN_POINT('Ctrl Pts',(409.224656331992,18.0847336712891,-500.));
#1040=CARTESIAN_POINT('Ctrl Pts',(411.029122907017,17.739568029235,-500.));
#1041=CARTESIAN_POINT('Ctrl Pts',(412.82413437341,17.3955754913706,-500.));
#1042=CARTESIAN_POINT('Ctrl Pts',(414.60955727904,17.0528150529272,-500.));
#1043=CARTESIAN_POINT('Ctrl Pts',(416.385248682126,16.7112997091464,-500.));
#1044=CARTESIAN_POINT('Ctrl Pts',(418.151058388192,16.3710191200949,-500.));
#1045=CARTESIAN_POINT('Ctrl Pts',(419.906830232637,16.0319558035962,-500.));
#1046=CARTESIAN_POINT('Ctrl Pts',(421.65240369835,15.6941025298909,-500.));
#1047=CARTESIAN_POINT('Ctrl Pts',(423.387615511205,15.3574827568662,-500.));
#1048=CARTESIAN_POINT('Ctrl Pts',(425.112300567177,15.0221476202162,-500.));
#1049=CARTESIAN_POINT('Ctrl Pts',(426.826292714111,14.6881641618486,-500.));
#1050=CARTESIAN_POINT('Ctrl Pts',(428.529425335921,14.3556068352899,-500.));
#1051=CARTESIAN_POINT('Ctrl Pts',(430.221532588499,14.0245467984528,-500.));
#1052=CARTESIAN_POINT('Ctrl Pts',(431.902448630432,13.6950447346749,-500.));
#1053=CARTESIAN_POINT('Ctrl Pts',(433.571999670319,13.3671547124978,-500.));
#1054=CARTESIAN_POINT('Ctrl Pts',(435.229996784314,13.0409264540187,-500.));
#1055=CARTESIAN_POINT('Ctrl Pts',(436.876229154185,12.7164081021697,-500.));
#1056=CARTESIAN_POINT('Ctrl Pts',(438.510455239164,12.3936490913246,-500.));
#1057=CARTESIAN_POINT('Ctrl Pts',(440.132412957632,12.0726998861113,-500.));
#1058=CARTESIAN_POINT('Ctrl Pts',(441.74183444967,11.7536108418665,-500.));
#1059=CARTESIAN_POINT('Ctrl Pts',(443.33845746279,11.4364317772169,-500.));
#1060=CARTESIAN_POINT('Ctrl Pts',(444.922042459341,11.1212102704012,-500.));
#1061=CARTESIAN_POINT('Ctrl Pts',(446.492368072208,10.8079949858222,-500.));
#1062=CARTESIAN_POINT('Ctrl Pts',(448.049210239154,10.4968433122564,-500.));
#1063=CARTESIAN_POINT('Ctrl Pts',(449.592327708475,10.1878265762277,-500.));
#1064=CARTESIAN_POINT('Ctrl Pts',(451.121441220172,9.88103895565321,-500.));
#1065=CARTESIAN_POINT('Ctrl Pts',(452.636229380313,9.57659444963971,-500.));
#1066=CARTESIAN_POINT('Ctrl Pts',(454.136343577977,9.27460858225442,-500.));
#1067=CARTESIAN_POINT('Ctrl Pts',(455.62141696115,8.97518623388088,-500.));
#1068=CARTESIAN_POINT('Ctrl Pts',(457.091078279263,8.67840194581515,-500.));
#1069=CARTESIAN_POINT('Ctrl Pts',(458.544954154273,8.38430332840857,-500.));
#1070=CARTESIAN_POINT('Ctrl Pts',(459.982660752472,8.09293955056157,-500.));
#1071=CARTESIAN_POINT('Ctrl Pts',(461.403798052067,7.80438000895988,-500.));
#1072=CARTESIAN_POINT('Ctrl Pts',(462.807943517232,7.51874441735629,-500.));
#1073=CARTESIAN_POINT('Ctrl Pts',(464.194643494299,7.23618871515925,-500.));
#1074=CARTESIAN_POINT('Ctrl Pts',(465.563402916012,6.95687156379264,-500.));
#1075=CARTESIAN_POINT('Ctrl Pts',(466.913675903086,6.68092695622018,-500.));
#1076=CARTESIAN_POINT('Ctrl Pts',(468.244855332572,6.40843450507856,-500.));
#1077=CARTESIAN_POINT('Ctrl Pts',(469.556293964256,6.13946856044437,-500.));
#1078=CARTESIAN_POINT('Ctrl Pts',(470.847317311168,5.8741380575333,-500.));
#1079=CARTESIAN_POINT('Ctrl Pts',(472.117255425386,5.61264509245131,-500.));
#1080=CARTESIAN_POINT('Ctrl Pts',(473.365405820694,5.35527429577081,-500.));
#1081=CARTESIAN_POINT('Ctrl Pts',(474.590955962784,5.10232807863279,-500.));
#1082=CARTESIAN_POINT('Ctrl Pts',(475.792890253483,4.85407121542334,-500.));
#1083=CARTESIAN_POINT('Ctrl Pts',(476.969978281753,4.61068969885273,-500.));
#1084=CARTESIAN_POINT('Ctrl Pts',(478.120977635319,4.37233481836138,-500.));
#1085=CARTESIAN_POINT('Ctrl Pts',(479.244871256523,4.13914064175763,-500.));
#1086=CARTESIAN_POINT('Ctrl Pts',(480.340919339869,3.91127911581527,-500.));
#1087=CARTESIAN_POINT('Ctrl Pts',(481.40793238256,3.68907936114568,-500.));
#1088=CARTESIAN_POINT('Ctrl Pts',(482.443282558001,3.47322831995939,-500.));
#1089=CARTESIAN_POINT('Ctrl Pts',(483.442897424162,3.26471896653997,-500.));
#1090=CARTESIAN_POINT('Ctrl Pts',(484.403398501245,3.06429392694269,-500.));
#1091=CARTESIAN_POINT('Ctrl Pts',(485.325079763113,2.87164195357993,-500.));
#1092=CARTESIAN_POINT('Ctrl Pts',(486.209128371824,2.68617854975592,-500.));
#1093=CARTESIAN_POINT('Ctrl Pts',(487.047698378466,2.50974378036432,-500.));
#1094=CARTESIAN_POINT('Ctrl Pts',(487.821389226488,2.34734992288892,-500.));
#1095=CARTESIAN_POINT('Ctrl Pts',(488.521504559876,2.20119008908665,-500.));
#1096=CARTESIAN_POINT('Ctrl Pts',(489.066526672954,2.08694367220024,-500.));
#1097=CARTESIAN_POINT('Ctrl Pts',(489.436178781231,2.00890025293829,-500.));
#1098=CARTESIAN_POINT('Ctrl Pts',(489.642690940524,1.96528263094289,-500.));
#1099=CARTESIAN_POINT('Ctrl Pts',(489.738839431437,1.94498847124223,-500.));
#1100=CARTESIAN_POINT('Ctrl Pts',(489.753,1.94199999999997,-500.));
#1101=CARTESIAN_POINT('',(489.753,1.942,-500.));
#1102=CARTESIAN_POINT('Origin',(489.753,-1.942,0.));
#1103=CARTESIAN_POINT('',(489.753,1.942,500.));
#1104=CARTESIAN_POINT('',(489.753,1.942,0.));
#1105=CARTESIAN_POINT('',(489.753,-1.942,500.));
#1106=CARTESIAN_POINT('',(489.753,1.942,500.));
#1107=CARTESIAN_POINT('',(489.753,-1.942,0.));
#1108=CARTESIAN_POINT('Ctrl Pts',(489.753,1.94199999999997,-500.));
#1109=CARTESIAN_POINT('Ctrl Pts',(489.753,1.94199999999997,500.));
#1110=CARTESIAN_POINT('Ctrl Pts',(489.738839431437,1.94498847124222,-500.));
#1111=CARTESIAN_POINT('Ctrl Pts',(489.738839431437,1.94498847124222,500.));
#1112=CARTESIAN_POINT('Ctrl Pts',(489.642690940524,1.96528263094289,-500.));
#1113=CARTESIAN_POINT('Ctrl Pts',(489.642690940524,1.96528263094289,500.));
#1114=CARTESIAN_POINT('Ctrl Pts',(489.436178781231,2.00890025293829,-500.));
#1115=CARTESIAN_POINT('Ctrl Pts',(489.436178781231,2.00890025293829,500.));
#1116=CARTESIAN_POINT('Ctrl Pts',(489.066526672954,2.08694367220024,-500.));
#1117=CARTESIAN_POINT('Ctrl Pts',(489.066526672954,2.08694367220024,500.));
#1118=CARTESIAN_POINT('Ctrl Pts',(488.521504559876,2.20119008908665,-500.));
#1119=CARTESIAN_POINT('Ctrl Pts',(488.521504559876,2.20119008908665,500.));
#1120=CARTESIAN_POINT('Ctrl Pts',(487.821389226488,2.34734992288892,-500.));
#1121=CARTESIAN_POINT('Ctrl Pts',(487.821389226488,2.34734992288892,500.));
#1122=CARTESIAN_POINT('Ctrl Pts',(487.047698378466,2.50974378036432,-500.));
#1123=CARTESIAN_POINT('Ctrl Pts',(487.047698378466,2.50974378036432,500.));
#1124=CARTESIAN_POINT('Ctrl Pts',(486.209128371824,2.68617854975592,-500.));
#1125=CARTESIAN_POINT('Ctrl Pts',(486.209128371824,2.68617854975592,500.));
#1126=CARTESIAN_POINT('Ctrl Pts',(485.325079763113,2.87164195357993,-500.));
#1127=CARTESIAN_POINT('Ctrl Pts',(485.325079763113,2.87164195357993,500.));
#1128=CARTESIAN_POINT('Ctrl Pts',(484.403398501245,3.06429392694269,-500.));
#1129=CARTESIAN_POINT('Ctrl Pts',(484.403398501245,3.06429392694269,500.));
#1130=CARTESIAN_POINT('Ctrl Pts',(483.442897424162,3.26471896653997,-500.));
#1131=CARTESIAN_POINT('Ctrl Pts',(483.442897424162,3.26471896653997,500.));
#1132=CARTESIAN_POINT('Ctrl Pts',(482.443282558001,3.47322831995939,-500.));
#1133=CARTESIAN_POINT('Ctrl Pts',(482.443282558001,3.47322831995939,500.));
#1134=CARTESIAN_POINT('Ctrl Pts',(481.40793238256,3.68907936114568,-500.));
#1135=CARTESIAN_POINT('Ctrl Pts',(481.40793238256,3.68907936114568,500.));
#1136=CARTESIAN_POINT('Ctrl Pts',(480.340919339869,3.91127911581527,-500.));
#1137=CARTESIAN_POINT('Ctrl Pts',(480.340919339869,3.91127911581527,500.));
#1138=CARTESIAN_POINT('Ctrl Pts',(479.244871256523,4.13914064175763,-500.));
#1139=CARTESIAN_POINT('Ctrl Pts',(479.244871256523,4.13914064175763,500.));
#1140=CARTESIAN_POINT('Ctrl Pts',(478.120977635319,4.37233481836138,-500.));
#1141=CARTESIAN_POINT('Ctrl Pts',(478.120977635319,4.37233481836138,500.));
#1142=CARTESIAN_POINT('Ctrl Pts',(476.969978281753,4.61068969885273,-500.));
#1143=CARTESIAN_POINT('Ctrl Pts',(476.969978281753,4.61068969885273,500.));
#1144=CARTESIAN_POINT('Ctrl Pts',(475.792890253483,4.85407121542334,-500.));
#1145=CARTESIAN_POINT('Ctrl Pts',(475.792890253483,4.85407121542334,500.));
#1146=CARTESIAN_POINT('Ctrl Pts',(474.590955962784,5.10232807863279,-500.));
#1147=CARTESIAN_POINT('Ctrl Pts',(474.590955962784,5.10232807863279,500.));
#1148=CARTESIAN_POINT('Ctrl Pts',(473.365405820694,5.35527429577081,-500.));
#1149=CARTESIAN_POINT('Ctrl Pts',(473.365405820694,5.35527429577081,500.));
#1150=CARTESIAN_POINT('Ctrl Pts',(472.117255425386,5.61264509245131,-500.));
#1151=CARTESIAN_POINT('Ctrl Pts',(472.117255425386,5.61264509245131,500.));
#1152=CARTESIAN_POINT('Ctrl Pts',(470.847317311168,5.8741380575333,-500.));
#1153=CARTESIAN_POINT('Ctrl Pts',(470.847317311168,5.8741380575333,500.));
#1154=CARTESIAN_POINT('Ctrl Pts',(469.556293964256,6.13946856044437,-500.));
#1155=CARTESIAN_POINT('Ctrl Pts',(469.556293964256,6.13946856044437,500.));
#1156=CARTESIAN_POINT('Ctrl Pts',(468.244855332572,6.40843450507856,-500.));
#1157=CARTESIAN_POINT('Ctrl Pts',(468.244855332572,6.40843450507856,500.));
#1158=CARTESIAN_POINT('Ctrl Pts',(466.913675903086,6.68092695622018,-500.));
#1159=CARTESIAN_POINT('Ctrl Pts',(466.913675903086,6.68092695622018,500.));
#1160=CARTESIAN_POINT('Ctrl Pts',(465.563402916012,6.95687156379264,-500.));
#1161=CARTESIAN_POINT('Ctrl Pts',(465.563402916012,6.95687156379264,500.));
#1162=CARTESIAN_POINT('Ctrl Pts',(464.194643494299,7.23618871515925,-500.));
#1163=CARTESIAN_POINT('Ctrl Pts',(464.194643494299,7.23618871515925,500.));
#1164=CARTESIAN_POINT('Ctrl Pts',(462.807943517232,7.51874441735629,-500.));
#1165=CARTESIAN_POINT('Ctrl Pts',(462.807943517232,7.51874441735629,500.));
#1166=CARTESIAN_POINT('Ctrl Pts',(461.403798052067,7.80438000895988,-500.));
#1167=CARTESIAN_POINT('Ctrl Pts',(461.403798052067,7.80438000895988,500.));
#1168=CARTESIAN_POINT('Ctrl Pts',(459.982660752472,8.09293955056157,-500.));
#1169=CARTESIAN_POINT('Ctrl Pts',(459.982660752472,8.09293955056157,500.));
#1170=CARTESIAN_POINT('Ctrl Pts',(458.544954154273,8.38430332840857,-500.));
#1171=CARTESIAN_POINT('Ctrl Pts',(458.544954154273,8.38430332840857,500.));
#1172=CARTESIAN_POINT('Ctrl Pts',(457.091078279263,8.67840194581515,-500.));
#1173=CARTESIAN_POINT('Ctrl Pts',(457.091078279263,8.67840194581515,500.));
#1174=CARTESIAN_POINT('Ctrl Pts',(455.62141696115,8.97518623388088,-500.));
#1175=CARTESIAN_POINT('Ctrl Pts',(455.62141696115,8.97518623388088,500.));
#1176=CARTESIAN_POINT('Ctrl Pts',(454.136343577977,9.27460858225442,-500.));
#1177=CARTESIAN_POINT('Ctrl Pts',(454.136343577977,9.27460858225442,500.));
#1178=CARTESIAN_POINT('Ctrl Pts',(452.636229380313,9.57659444963971,-500.));
#1179=CARTESIAN_POINT('Ctrl Pts',(452.636229380313,9.57659444963971,500.));
#1180=CARTESIAN_POINT('Ctrl Pts',(451.121441220172,9.88103895565321,-500.));
#1181=CARTESIAN_POINT('Ctrl Pts',(451.121441220172,9.88103895565321,500.));
#1182=CARTESIAN_POINT('Ctrl Pts',(449.592327708475,10.1878265762277,-500.));
#1183=CARTESIAN_POINT('Ctrl Pts',(449.592327708475,10.1878265762277,500.));
#1184=CARTESIAN_POINT('Ctrl Pts',(448.049210239154,10.4968433122564,-500.));
#1185=CARTESIAN_POINT('Ctrl Pts',(448.049210239154,10.4968433122564,500.));
#1186=CARTESIAN_POINT('Ctrl Pts',(446.492368072208,10.8079949858222,-500.));
#1187=CARTESIAN_POINT('Ctrl Pts',(446.492368072208,10.8079949858222,500.));
#1188=CARTESIAN_POINT('Ctrl Pts',(444.922042459341,11.1212102704012,-500.));
#1189=CARTESIAN_POINT('Ctrl Pts',(444.922042459341,11.1212102704012,500.));
#1190=CARTESIAN_POINT('Ctrl Pts',(443.33845746279,11.4364317772169,-500.));
#1191=CARTESIAN_POINT('Ctrl Pts',(443.33845746279,11.4364317772169,500.));
#1192=CARTESIAN_POINT('Ctrl Pts',(441.74183444967,11.7536108418665,-500.));
#1193=CARTESIAN_POINT('Ctrl Pts',(441.74183444967,11.7536108418665,500.));
#1194=CARTESIAN_POINT('Ctrl Pts',(440.132412957632,12.0726998861113,-500.));
#1195=CARTESIAN_POINT('Ctrl Pts',(440.132412957632,12.0726998861113,500.));
#1196=CARTESIAN_POINT('Ctrl Pts',(438.510455239164,12.3936490913246,-500.));
#1197=CARTESIAN_POINT('Ctrl Pts',(438.510455239164,12.3936490913246,500.));
#1198=CARTESIAN_POINT('Ctrl Pts',(436.876229154185,12.7164081021697,-500.));
#1199=CARTESIAN_POINT('Ctrl Pts',(436.876229154185,12.7164081021697,500.));
#1200=CARTESIAN_POINT('Ctrl Pts',(435.229996784314,13.0409264540187,-500.));
#1201=CARTESIAN_POINT('Ctrl Pts',(435.229996784314,13.0409264540187,500.));
#1202=CARTESIAN_POINT('Ctrl Pts',(433.571999670319,13.3671547124978,-500.));
#1203=CARTESIAN_POINT('Ctrl Pts',(433.571999670319,13.3671547124978,500.));
#1204=CARTESIAN_POINT('Ctrl Pts',(431.902448630432,13.6950447346749,-500.));
#1205=CARTESIAN_POINT('Ctrl Pts',(431.902448630432,13.6950447346749,500.));
#1206=CARTESIAN_POINT('Ctrl Pts',(430.221532588499,14.0245467984528,-500.));
#1207=CARTESIAN_POINT('Ctrl Pts',(430.221532588499,14.0245467984528,500.));
#1208=CARTESIAN_POINT('Ctrl Pts',(428.529425335921,14.3556068352899,-500.));
#1209=CARTESIAN_POINT('Ctrl Pts',(428.529425335921,14.3556068352899,500.));
#1210=CARTESIAN_POINT('Ctrl Pts',(426.826292714111,14.6881641618486,-500.));
#1211=CARTESIAN_POINT('Ctrl Pts',(426.826292714111,14.6881641618486,500.));
#1212=CARTESIAN_POINT('Ctrl Pts',(425.112300567177,15.0221476202162,-500.));
#1213=CARTESIAN_POINT('Ctrl Pts',(425.112300567177,15.0221476202162,500.));
#1214=CARTESIAN_POINT('Ctrl Pts',(423.387615511205,15.3574827568662,-500.));
#1215=CARTESIAN_POINT('Ctrl Pts',(423.387615511205,15.3574827568662,500.));
#1216=CARTESIAN_POINT('Ctrl Pts',(421.65240369835,15.6941025298909,-500.));
#1217=CARTESIAN_POINT('Ctrl Pts',(421.65240369835,15.6941025298909,500.));
#1218=CARTESIAN_POINT('Ctrl Pts',(419.906830232637,16.0319558035962,-500.));
#1219=CARTESIAN_POINT('Ctrl Pts',(419.906830232637,16.0319558035962,500.));
#1220=CARTESIAN_POINT('Ctrl Pts',(418.151058388192,16.3710191200949,-500.));
#1221=CARTESIAN_POINT('Ctrl Pts',(418.151058388192,16.3710191200949,500.));
#1222=CARTESIAN_POINT('Ctrl Pts',(416.385248682126,16.7112997091464,-500.));
#1223=CARTESIAN_POINT('Ctrl Pts',(416.385248682126,16.7112997091464,500.));
#1224=CARTESIAN_POINT('Ctrl Pts',(414.60955727904,17.0528150529272,-500.));
#1225=CARTESIAN_POINT('Ctrl Pts',(414.60955727904,17.0528150529272,500.));
#1226=CARTESIAN_POINT('Ctrl Pts',(412.82413437341,17.3955754913706,-500.));
#1227=CARTESIAN_POINT('Ctrl Pts',(412.82413437341,17.3955754913706,500.));
#1228=CARTESIAN_POINT('Ctrl Pts',(411.029122907017,17.739568029235,-500.));
#1229=CARTESIAN_POINT('Ctrl Pts',(411.029122907017,17.739568029235,500.));
#1230=CARTESIAN_POINT('Ctrl Pts',(409.224656331992,18.0847336712891,-500.));
#1231=CARTESIAN_POINT('Ctrl Pts',(409.224656331992,18.0847336712891,500.));
#1232=CARTESIAN_POINT('Ctrl Pts',(407.410860711633,18.4309764513683,-500.));
#1233=CARTESIAN_POINT('Ctrl Pts',(407.410860711633,18.4309764513683,500.));
#1234=CARTESIAN_POINT('Ctrl Pts',(405.587859199897,18.7781902892549,-500.));
#1235=CARTESIAN_POINT('Ctrl Pts',(405.587859199897,18.7781902892549,500.));
#1236=CARTESIAN_POINT('Ctrl Pts',(403.755775920659,19.1262809581533,-500.));
#1237=CARTESIAN_POINT('Ctrl Pts',(403.755775920659,19.1262809581533,500.));
#1238=CARTESIAN_POINT('Ctrl Pts',(401.914739801775,19.4751887215096,-500.));
#1239=CARTESIAN_POINT('Ctrl Pts',(401.914739801775,19.4751887215096,500.));
#1240=CARTESIAN_POINT('Ctrl Pts',(400.064889207948,19.824914281087,-500.));
#1241=CARTESIAN_POINT('Ctrl Pts',(400.064889207948,19.824914281087,500.));
#1242=CARTESIAN_POINT('Ctrl Pts',(398.206366395668,20.1754979479578,-500.));
#1243=CARTESIAN_POINT('Ctrl Pts',(398.206366395668,20.1754979479578,500.));
#1244=CARTESIAN_POINT('Ctrl Pts',(396.339310675169,20.5269928132007,-500.));
#1245=CARTESIAN_POINT('Ctrl Pts',(396.339310675169,20.5269928132007,500.));
#1246=CARTESIAN_POINT('Ctrl Pts',(394.463852079722,20.8794402157918,-500.));
#1247=CARTESIAN_POINT('Ctrl Pts',(394.463852079722,20.8794402157918,500.));
#1248=CARTESIAN_POINT('Ctrl Pts',(392.580104715581,21.2328438957479,-500.));
#1249=CARTESIAN_POINT('Ctrl Pts',(392.580104715581,21.2328438957479,500.));
#1250=CARTESIAN_POINT('Ctrl Pts',(390.688160540889,21.587145670813,-500.));
#1251=CARTESIAN_POINT('Ctrl Pts',(390.688160540889,21.587145670813,500.));
#1252=CARTESIAN_POINT('Ctrl Pts',(388.788097798716,21.9422495049143,-500.));
#1253=CARTESIAN_POINT('Ctrl Pts',(388.788097798716,21.9422495049143,500.));
#1254=CARTESIAN_POINT('Ctrl Pts',(386.8799892084,22.2980447620885,-500.));
#1255=CARTESIAN_POINT('Ctrl Pts',(386.8799892084,22.2980447620885,500.));
#1256=CARTESIAN_POINT('Ctrl Pts',(384.963910130024,22.6544294481066,-500.));
#1257=CARTESIAN_POINT('Ctrl Pts',(384.963910130024,22.6544294481066,500.));
#1258=CARTESIAN_POINT('Ctrl Pts',(383.039947009201,23.0113341801002,-500.));
#1259=CARTESIAN_POINT('Ctrl Pts',(383.039947009201,23.0113341801002,500.));
#1260=CARTESIAN_POINT('Ctrl Pts',(381.108204940099,23.3687437973835,-500.));
#1261=CARTESIAN_POINT('Ctrl Pts',(381.108204940099,23.3687437973835,500.));
#1262=CARTESIAN_POINT('Ctrl Pts',(379.168799841981,23.7266776209649,-500.));
#1263=CARTESIAN_POINT('Ctrl Pts',(379.168799841981,23.7266776209649,500.));
#1264=CARTESIAN_POINT('Ctrl Pts',(377.221851423038,24.0851718294212,-500.));
#1265=CARTESIAN_POINT('Ctrl Pts',(377.221851423038,24.0851718294212,500.));
#1266=CARTESIAN_POINT('Ctrl Pts',(375.26747583824,24.4442610148034,-500.));
#1267=CARTESIAN_POINT('Ctrl Pts',(375.26747583824,24.4442610148034,500.));
#1268=CARTESIAN_POINT('Ctrl Pts',(373.305778497279,24.803960134908,-500.));
#1269=CARTESIAN_POINT('Ctrl Pts',(373.305778497279,24.803960134908,500.));
#1270=CARTESIAN_POINT('Ctrl Pts',(371.336846754283,25.1642461668932,-500.));
#1271=CARTESIAN_POINT('Ctrl Pts',(371.336846754283,25.1642461668932,500.));
#1272=CARTESIAN_POINT('Ctrl Pts',(369.360755438964,25.5250705601875,-500.));
#1273=CARTESIAN_POINT('Ctrl Pts',(369.360755438964,25.5250705601875,500.));
#1274=CARTESIAN_POINT('Ctrl Pts',(367.377572355103,25.886371611403,-500.));
#1275=CARTESIAN_POINT('Ctrl Pts',(367.377572355103,25.886371611403,500.));
#1276=CARTESIAN_POINT('Ctrl Pts',(365.387363935769,26.2480872089131,-500.));
#1277=CARTESIAN_POINT('Ctrl Pts',(365.387363935769,26.2480872089131,500.));
#1278=CARTESIAN_POINT('Ctrl Pts',(363.390200502193,26.6101666440002,-500.));
#1279=CARTESIAN_POINT('Ctrl Pts',(363.390200502193,26.6101666440002,500.));
#1280=CARTESIAN_POINT('Ctrl Pts',(361.386162558666,26.9725848604386,-500.));
#1281=CARTESIAN_POINT('Ctrl Pts',(361.386162558666,26.9725848604386,500.));
#1282=CARTESIAN_POINT('Ctrl Pts',(359.375338711237,27.3353370414203,-500.));
#1283=CARTESIAN_POINT('Ctrl Pts',(359.375338711237,27.3353370414203,500.));
#1284=CARTESIAN_POINT('Ctrl Pts',(357.35782208834,27.6984297318193,-500.));
#1285=CARTESIAN_POINT('Ctrl Pts',(357.35782208834,27.6984297318193,500.));
#1286=CARTESIAN_POINT('Ctrl Pts',(355.333707188829,28.0618728505471,-500.));
#1287=CARTESIAN_POINT('Ctrl Pts',(355.333707188829,28.0618728505471,500.));
#1288=CARTESIAN_POINT('Ctrl Pts',(353.303086761342,28.4256720386567,-500.));
#1289=CARTESIAN_POINT('Ctrl Pts',(353.303086761342,28.4256720386567,500.));
#1290=CARTESIAN_POINT('Ctrl Pts',(351.266048144644,28.7898190954981,-500.));
#1291=CARTESIAN_POINT('Ctrl Pts',(351.266048144644,28.7898190954981,500.));
#1292=CARTESIAN_POINT('Ctrl Pts',(349.222672182961,29.1542910981984,-500.));
#1293=CARTESIAN_POINT('Ctrl Pts',(349.222672182961,29.1542910981984,500.));
#1294=CARTESIAN_POINT('Ctrl Pts',(347.173034022579,29.5190557340203,-500.));
#1295=CARTESIAN_POINT('Ctrl Pts',(347.173034022579,29.5190557340203,500.));
#1296=CARTESIAN_POINT('Ctrl Pts',(345.117203329649,29.8840748501915,-500.));
#1297=CARTESIAN_POINT('Ctrl Pts',(345.117203329649,29.8840748501915,500.));
#1298=CARTESIAN_POINT('Ctrl Pts',(343.055244795558,30.2493086223891,-500.));
#1299=CARTESIAN_POINT('Ctrl Pts',(343.055244795558,30.2493086223891,500.));
#1300=CARTESIAN_POINT('Ctrl Pts',(340.987218402461,30.6147197355081,-500.));
#1301=CARTESIAN_POINT('Ctrl Pts',(340.987218402461,30.6147197355081,500.));
#1302=CARTESIAN_POINT('Ctrl Pts',(338.913180157683,30.9802766952792,-500.));
#1303=CARTESIAN_POINT('Ctrl Pts',(338.913180157683,30.9802766952792,500.));
#1304=CARTESIAN_POINT('Ctrl Pts',(336.833184258969,31.3459537901519,-500.));
#1305=CARTESIAN_POINT('Ctrl Pts',(336.833184258969,31.3459537901519,500.));
#1306=CARTESIAN_POINT('Ctrl Pts',(334.74728499148,31.7117315867108,-500.));
#1307=CARTESIAN_POINT('Ctrl Pts',(334.74728499148,31.7117315867108,500.));
#1308=CARTESIAN_POINT('Ctrl Pts',(332.655538802295,32.0775972981306,-500.));
#1309=CARTESIAN_POINT('Ctrl Pts',(332.655538802295,32.0775972981306,500.));
#1310=CARTESIAN_POINT('Ctrl Pts',(330.55800613204,32.4435450132265,-500.));
#1311=CARTESIAN_POINT('Ctrl Pts',(330.55800613204,32.4435450132265,500.));
#1312=CARTESIAN_POINT('Ctrl Pts',(328.454753788527,32.8095764908618,-500.));
#1313=CARTESIAN_POINT('Ctrl Pts',(328.454753788527,32.8095764908618,500.));
#1314=CARTESIAN_POINT('Ctrl Pts',(326.345853388053,33.1756975009743,-500.));
#1315=CARTESIAN_POINT('Ctrl Pts',(326.345853388053,33.1756975009743,500.));
#1316=CARTESIAN_POINT('Ctrl Pts',(324.231379014845,33.5419133369279,-500.));
#1317=CARTESIAN_POINT('Ctrl Pts',(324.231379014845,33.5419133369279,500.));
#1318=CARTESIAN_POINT('Ctrl Pts',(322.111405095508,33.9082244193933,-500.));
#1319=CARTESIAN_POINT('Ctrl Pts',(322.111405095508,33.9082244193933,500.));
#1320=CARTESIAN_POINT('Ctrl Pts',(319.986004305618,34.2746222994964,-500.));
#1321=CARTESIAN_POINT('Ctrl Pts',(319.986004305618,34.2746222994964,500.));
#1322=CARTESIAN_POINT('Ctrl Pts',(317.85524516771,34.641084435851,-500.));
#1323=CARTESIAN_POINT('Ctrl Pts',(317.85524516771,34.641084435851,500.));
#1324=CARTESIAN_POINT('Ctrl Pts',(315.719190752218,35.007572978398,-500.));
#1325=CARTESIAN_POINT('Ctrl Pts',(315.719190752218,35.007572978398,500.));
#1326=CARTESIAN_POINT('Ctrl Pts',(313.577899922688,35.3740427672022,-500.));
#1327=CARTESIAN_POINT('Ctrl Pts',(313.577899922688,35.3740427672022,500.));
#1328=CARTESIAN_POINT('Ctrl Pts',(311.431428061009,35.7404473278498,-500.));
#1329=CARTESIAN_POINT('Ctrl Pts',(311.431428061009,35.7404473278498,500.));
#1330=CARTESIAN_POINT('Ctrl Pts',(309.279828007689,36.1067459579674,-500.));
#1331=CARTESIAN_POINT('Ctrl Pts',(309.279828007689,36.1067459579674,500.));
#1332=CARTESIAN_POINT('Ctrl Pts',(307.123150892256,36.4729096702519,-500.));
#1333=CARTESIAN_POINT('Ctrl Pts',(307.123150892256,36.4729096702519,500.));
#1334=CARTESIAN_POINT('Ctrl Pts',(304.961447057269,36.8389293692691,-500.));
#1335=CARTESIAN_POINT('Ctrl Pts',(304.961447057269,36.8389293692691,500.));
#1336=CARTESIAN_POINT('Ctrl Pts',(302.794766648537,37.2048121487731,-500.));
#1337=CARTESIAN_POINT('Ctrl Pts',(302.794766648537,37.2048121487731,500.));
#1338=CARTESIAN_POINT('Ctrl Pts',(300.623160099527,37.5705736265922,-500.));
#1339=CARTESIAN_POINT('Ctrl Pts',(300.623160099527,37.5705736265922,500.));
#1340=CARTESIAN_POINT('Ctrl Pts',(298.446678658468,37.9362315312149,-500.));
#1341=CARTESIAN_POINT('Ctrl Pts',(298.446678658468,37.9362315312149,500.));
#1342=CARTESIAN_POINT('Ctrl Pts',(296.265374878832,38.3017988862008,-500.));
#1343=CARTESIAN_POINT('Ctrl Pts',(296.265374878832,38.3017988862008,500.));
#1344=CARTESIAN_POINT('Ctrl Pts',(294.07930317013,38.6672770821895,-500.));
#1345=CARTESIAN_POINT('Ctrl Pts',(294.07930317013,38.6672770821895,500.));
#1346=CARTESIAN_POINT('Ctrl Pts',(291.888520193451,39.0326498175346,-500.));
#1347=CARTESIAN_POINT('Ctrl Pts',(291.888520193451,39.0326498175346,500.));
#1348=CARTESIAN_POINT('Ctrl Pts',(289.693083418044,39.3978883299302,-500.));
#1349=CARTESIAN_POINT('Ctrl Pts',(289.693083418044,39.3978883299302,500.));
#1350=CARTESIAN_POINT('Ctrl Pts',(287.493049842601,39.7629557583524,-500.));
#1351=CARTESIAN_POINT('Ctrl Pts',(287.493049842601,39.7629557583524,500.));
#1352=CARTESIAN_POINT('Ctrl Pts',(285.288474583592,40.1278119486013,-500.));
#1353=CARTESIAN_POINT('Ctrl Pts',(285.288474583592,40.1278119486013,500.));
#1354=CARTESIAN_POINT('Ctrl Pts',(283.07940968056,40.492417814399,-500.));
#1355=CARTESIAN_POINT('Ctrl Pts',(283.07940968056,40.492417814399,500.));
#1356=CARTESIAN_POINT('Ctrl Pts',(280.865902418421,40.8567405105177,-500.));
#1357=CARTESIAN_POINT('Ctrl Pts',(280.865902418421,40.8567405105177,500.));
#1358=CARTESIAN_POINT('Ctrl Pts',(278.647995202447,41.2207561227935,-500.));
#1359=CARTESIAN_POINT('Ctrl Pts',(278.647995202447,41.2207561227935,500.));
#1360=CARTESIAN_POINT('Ctrl Pts',(276.425728206077,41.5844480598577,-500.));
#1361=CARTESIAN_POINT('Ctrl Pts',(276.425728206077,41.5844480598577,500.));
#1362=CARTESIAN_POINT('Ctrl Pts',(274.199141337105,41.9478063878901,-500.));
#1363=CARTESIAN_POINT('Ctrl Pts',(274.199141337105,41.9478063878901,500.));
#1364=CARTESIAN_POINT('Ctrl Pts',(271.968276604197,42.3108268289135,-500.));
#1365=CARTESIAN_POINT('Ctrl Pts',(271.968276604197,42.3108268289135,500.));
#1366=CARTESIAN_POINT('Ctrl Pts',(269.733180019984,42.6735098056217,-500.));
#1367=CARTESIAN_POINT('Ctrl Pts',(269.733180019984,42.6735098056217,500.));
#1368=CARTESIAN_POINT('Ctrl Pts',(267.493904434831,43.0358597100064,-500.));
#1369=CARTESIAN_POINT('Ctrl Pts',(267.493904434831,43.0358597100064,500.));
#1370=CARTESIAN_POINT('Ctrl Pts',(265.250508684227,43.3978829719904,-500.));
#1371=CARTESIAN_POINT('Ctrl Pts',(265.250508684227,43.3978829719904,500.));
#1372=CARTESIAN_POINT('Ctrl Pts',(263.00305416196,43.7595852150742,-500.));
#1373=CARTESIAN_POINT('Ctrl Pts',(263.00305416196,43.7595852150742,500.));
#1374=CARTESIAN_POINT('Ctrl Pts',(260.75160220672,44.120968753082,-500.));
#1375=CARTESIAN_POINT('Ctrl Pts',(260.75160220672,44.120968753082,500.));
#1376=CARTESIAN_POINT('Ctrl Pts',(258.496211035509,44.4820297938485,-500.));
#1377=CARTESIAN_POINT('Ctrl Pts',(258.496211035509,44.4820297938485,500.));
#1378=CARTESIAN_POINT('Ctrl Pts',(256.236933145616,44.8427561230653,-500.));
#1379=CARTESIAN_POINT('Ctrl Pts',(256.236933145616,44.8427561230653,500.));
#1380=CARTESIAN_POINT('Ctrl Pts',(253.973811808012,45.203123667455,-500.));
#1381=CARTESIAN_POINT('Ctrl Pts',(253.973811808012,45.203123667455,500.));
#1382=CARTESIAN_POINT('Ctrl Pts',(251.706882466694,45.5630993866364,-500.));
#1383=CARTESIAN_POINT('Ctrl Pts',(251.706882466694,45.5630993866364,500.));
#1384=CARTESIAN_POINT('Ctrl Pts',(249.436175757542,45.9226462883538,-500.));
#1385=CARTESIAN_POINT('Ctrl Pts',(249.436175757542,45.9226462883538,500.));
#1386=CARTESIAN_POINT('Ctrl Pts',(247.161719965152,46.2817276775473,-500.));
#1387=CARTESIAN_POINT('Ctrl Pts',(247.161719965152,46.2817276775473,500.));
#1388=CARTESIAN_POINT('Ctrl Pts',(244.883543773861,46.6403118663613,-500.));
#1389=CARTESIAN_POINT('Ctrl Pts',(244.883543773861,46.6403118663613,500.));
#1390=CARTESIAN_POINT('Ctrl Pts',(242.601678753386,46.998376356685,-500.));
#1391=CARTESIAN_POINT('Ctrl Pts',(242.601678753386,46.998376356685,500.));
#1392=CARTESIAN_POINT('Ctrl Pts',(240.316162325809,47.3559131199923,-500.));
#1393=CARTESIAN_POINT('Ctrl Pts',(240.316162325809,47.3559131199923,500.));
#1394=CARTESIAN_POINT('Ctrl Pts',(238.027037014405,47.7129250640528,-500.));
#1395=CARTESIAN_POINT('Ctrl Pts',(238.027037014405,47.7129250640528,500.));
#1396=CARTESIAN_POINT('Ctrl Pts',(235.73434904719,48.0694209410293,-500.));
#1397=CARTESIAN_POINT('Ctrl Pts',(235.73434904719,48.0694209410293,500.));
#1398=CARTESIAN_POINT('Ctrl Pts',(233.438147189875,48.4254108425858,-500.));
#1399=CARTESIAN_POINT('Ctrl Pts',(233.438147189875,48.4254108425858,500.));
#1400=CARTESIAN_POINT('Ctrl Pts',(231.138481471394,48.780901349356,-500.));
#1401=CARTESIAN_POINT('Ctrl Pts',(231.138481471394,48.780901349356,500.));
#1402=CARTESIAN_POINT('Ctrl Pts',(228.835401981468,49.1358910608945,-500.));
#1403=CARTESIAN_POINT('Ctrl Pts',(228.835401981468,49.1358910608945,500.));
#1404=CARTESIAN_POINT('Ctrl Pts',(226.528957568102,49.4903653414748,-500.));
#1405=CARTESIAN_POINT('Ctrl Pts',(226.528957568102,49.4903653414748,500.));
#1406=CARTESIAN_POINT('Ctrl Pts',(224.21919546204,49.8442994183155,-500.));
#1407=CARTESIAN_POINT('Ctrl Pts',(224.21919546204,49.8442994183155,500.));
#1408=CARTESIAN_POINT('Ctrl Pts',(221.906161002747,50.197662471053,-500.));
#1409=CARTESIAN_POINT('Ctrl Pts',(221.906161002747,50.197662471053,500.));
#1410=CARTESIAN_POINT('Ctrl Pts',(219.589897335345,50.5504213383754,-500.));
#1411=CARTESIAN_POINT('Ctrl Pts',(219.589897335345,50.5504213383754,500.));
#1412=CARTESIAN_POINT('Ctrl Pts',(217.270445104353,50.9025444549891,-500.));
#1413=CARTESIAN_POINT('Ctrl Pts',(217.270445104353,50.9025444549891,500.));
#1414=CARTESIAN_POINT('Ctrl Pts',(214.947842184963,51.2540055276119,-500.));
#1415=CARTESIAN_POINT('Ctrl Pts',(214.947842184963,51.2540055276119,500.));
#1416=CARTESIAN_POINT('Ctrl Pts',(212.622123301489,51.6047877557008,-500.));
#1417=CARTESIAN_POINT('Ctrl Pts',(212.622123301489,51.6047877557008,500.));
#1418=CARTESIAN_POINT('Ctrl Pts',(210.293320899438,51.9548824594172,-500.));
#1419=CARTESIAN_POINT('Ctrl Pts',(210.293320899438,51.9548824594172,500.));
#1420=CARTESIAN_POINT('Ctrl Pts',(207.961466179683,52.3042870165943,-500.));
#1421=CARTESIAN_POINT('Ctrl Pts',(207.961466179683,52.3042870165943,500.));
#1422=CARTESIAN_POINT('Ctrl Pts',(205.626590063987,52.6530030517385,-500.));
#1423=CARTESIAN_POINT('Ctrl Pts',(205.626590063987,52.6530030517385,500.));
#1424=CARTESIAN_POINT('Ctrl Pts',(203.288724214252,53.0010345030617,-500.));
#1425=CARTESIAN_POINT('Ctrl Pts',(203.288724214252,53.0010345030617,500.));
#1426=CARTESIAN_POINT('Ctrl Pts',(200.947901970606,53.3483857789773,-500.));
#1427=CARTESIAN_POINT('Ctrl Pts',(200.947901970606,53.3483857789773,500.));
#1428=CARTESIAN_POINT('Ctrl Pts',(198.604159477242,53.6950597790235,-500.));
#1429=CARTESIAN_POINT('Ctrl Pts',(198.604159477242,53.6950597790235,500.));
#1430=CARTESIAN_POINT('Ctrl Pts',(196.257535352842,54.0410568268057,-500.));
#1431=CARTESIAN_POINT('Ctrl Pts',(196.257535352842,54.0410568268057,500.));
#1432=CARTESIAN_POINT('Ctrl Pts',(193.908070083445,54.3863737516122,-500.));
#1433=CARTESIAN_POINT('Ctrl Pts',(193.908070083445,54.3863737516122,500.));
#1434=CARTESIAN_POINT('Ctrl Pts',(191.555805511416,54.7310029569506,-500.));
#1435=CARTESIAN_POINT('Ctrl Pts',(191.555805511416,54.7310029569506,500.));
#1436=CARTESIAN_POINT('Ctrl Pts',(189.200784284331,55.0749314089524,-500.));
#1437=CARTESIAN_POINT('Ctrl Pts',(189.200784284331,55.0749314089524,500.));
#1438=CARTESIAN_POINT('Ctrl Pts',(186.843049320428,55.4181398591502,-500.));
#1439=CARTESIAN_POINT('Ctrl Pts',(186.843049320428,55.4181398591502,500.));
#1440=CARTESIAN_POINT('Ctrl Pts',(184.482643268856,55.7606014511909,-500.));
#1441=CARTESIAN_POINT('Ctrl Pts',(184.482643268856,55.7606014511909,500.));
#1442=CARTESIAN_POINT('Ctrl Pts',(182.119607952368,56.1022838211485,-500.));
#1443=CARTESIAN_POINT('Ctrl Pts',(182.119607952368,56.1022838211485,500.));
#1444=CARTESIAN_POINT('Ctrl Pts',(179.753983786419,56.4431524444861,-500.));
#1445=CARTESIAN_POINT('Ctrl Pts',(179.753983786419,56.4431524444861,500.));
#1446=CARTESIAN_POINT('Ctrl Pts',(177.385809232246,56.7831735026796,-500.));
#1447=CARTESIAN_POINT('Ctrl Pts',(177.385809232246,56.7831735026796,500.));
#1448=CARTESIAN_POINT('Ctrl Pts',(175.015120177813,57.122317104417,-500.));
#1449=CARTESIAN_POINT('Ctrl Pts',(175.015120177813,57.122317104417,500.));
#1450=CARTESIAN_POINT('Ctrl Pts',(172.641949484498,57.4605599963066,-500.));
#1451=CARTESIAN_POINT('Ctrl Pts',(172.641949484498,57.4605599963066,500.));
#1452=CARTESIAN_POINT('Ctrl Pts',(170.266326124094,57.7978893923057,-500.));
#1453=CARTESIAN_POINT('Ctrl Pts',(170.266326124094,57.7978893923057,500.));
#1454=CARTESIAN_POINT('Ctrl Pts',(167.888276048984,58.1343021957703,-500.));
#1455=CARTESIAN_POINT('Ctrl Pts',(167.888276048984,58.1343021957703,500.));
#1456=CARTESIAN_POINT('Ctrl Pts',(165.507824230189,58.4698011713639,-500.));
#1457=CARTESIAN_POINT('Ctrl Pts',(165.507824230189,58.4698011713639,500.));
#1458=CARTESIAN_POINT('Ctrl Pts',(163.124996301978,58.8043920821776,-500.));
#1459=CARTESIAN_POINT('Ctrl Pts',(163.124996301978,58.8043920821776,500.));
#1460=CARTESIAN_POINT('Ctrl Pts',(160.739820466387,59.1380803090542,-500.));
#1461=CARTESIAN_POINT('Ctrl Pts',(160.739820466387,59.1380803090542,500.));
#1462=CARTESIAN_POINT('Ctrl Pts',(158.3523290606,59.4708679682538,-500.));
#1463=CARTESIAN_POINT('Ctrl Pts',(158.3523290606,59.4708679682538,500.));
#1464=CARTESIAN_POINT('Ctrl Pts',(155.96256082194,59.8027501383181,-500.));
#1465=CARTESIAN_POINT('Ctrl Pts',(155.96256082194,59.8027501383181,500.));
#1466=CARTESIAN_POINT('Ctrl Pts',(153.57056084201,60.1337139302319,-500.));
#1467=CARTESIAN_POINT('Ctrl Pts',(153.57056084201,60.1337139302319,500.));
#1468=CARTESIAN_POINT('Ctrl Pts',(151.176377356151,60.4637414123597,-500.));
#1469=CARTESIAN_POINT('Ctrl Pts',(151.176377356151,60.4637414123597,500.));
#1470=CARTESIAN_POINT('Ctrl Pts',(148.780059342655,60.79281156385,-500.));
#1471=CARTESIAN_POINT('Ctrl Pts',(148.780059342655,60.79281156385,500.));
#1472=CARTESIAN_POINT('Ctrl Pts',(146.381653727027,61.1209026740036,-500.));
#1473=CARTESIAN_POINT('Ctrl Pts',(146.381653727027,61.1209026740036,500.));
#1474=CARTESIAN_POINT('Ctrl Pts',(143.981202909756,61.4479944293902,-500.));
#1475=CARTESIAN_POINT('Ctrl Pts',(143.981202909756,61.4479944293902,500.));
#1476=CARTESIAN_POINT('Ctrl Pts',(141.578741784507,61.7740704264348,-500.));
#1477=CARTESIAN_POINT('Ctrl Pts',(141.578741784507,61.7740704264348,500.));
#1478=CARTESIAN_POINT('Ctrl Pts',(139.174296116207,62.0991196043604,-500.));
#1479=CARTESIAN_POINT('Ctrl Pts',(139.174296116207,62.0991196043604,500.));
#1480=CARTESIAN_POINT('Ctrl Pts',(136.76788592974,62.4231337447232,-500.));
#1481=CARTESIAN_POINT('Ctrl Pts',(136.76788592974,62.4231337447232,500.));
#1482=CARTESIAN_POINT('Ctrl Pts',(134.359528128553,62.7461055738419,-500.));
#1483=CARTESIAN_POINT('Ctrl Pts',(134.359528128553,62.7461055738419,500.));
#1484=CARTESIAN_POINT('Ctrl Pts',(131.949239410587,63.0680266332638,-500.));
#1485=CARTESIAN_POINT('Ctrl Pts',(131.949239410587,63.0680266332638,500.));
#1486=CARTESIAN_POINT('Ctrl Pts',(129.537039066582,63.3888852402546,-500.));
#1487=CARTESIAN_POINT('Ctrl Pts',(129.537039066582,63.3888852402546,500.));
#1488=CARTESIAN_POINT('Ctrl Pts',(127.122951807447,63.7086644304855,-500.));
#1489=CARTESIAN_POINT('Ctrl Pts',(127.122951807447,63.7086644304855,500.));
#1490=CARTESIAN_POINT('Ctrl Pts',(124.707010638956,64.0273398495699,-500.));
#1491=CARTESIAN_POINT('Ctrl Pts',(124.707010638956,64.0273398495699,500.));
#1492=CARTESIAN_POINT('Ctrl Pts',(122.28925476144,64.3448828041067,-500.));
#1493=CARTESIAN_POINT('Ctrl Pts',(122.28925476144,64.3448828041067,500.));
#1494=CARTESIAN_POINT('Ctrl Pts',(119.869727372261,64.6612634345768,-500.));
#1495=CARTESIAN_POINT('Ctrl Pts',(119.869727372261,64.6612634345768,500.));
#1496=CARTESIAN_POINT('Ctrl Pts',(117.448473535043,64.9764537682726,-500.));
#1497=CARTESIAN_POINT('Ctrl Pts',(117.448473535043,64.9764537682726,500.));
#1498=CARTESIAN_POINT('Ctrl Pts',(115.025537951429,65.2904309921091,-500.));
#1499=CARTESIAN_POINT('Ctrl Pts',(115.025537951429,65.2904309921091,500.));
#1500=CARTESIAN_POINT('Ctrl Pts',(112.600962936634,65.6031802354264,-500.));
#1501=CARTESIAN_POINT('Ctrl Pts',(112.600962936634,65.6031802354264,500.));
#1502=CARTESIAN_POINT('Ctrl Pts',(110.174785891912,65.9146985792353,-500.));
#1503=CARTESIAN_POINT('Ctrl Pts',(110.174785891912,65.9146985792353,500.));
#1504=CARTESIAN_POINT('Ctrl Pts',(107.747039473173,66.2249924507139,-500.));
#1505=CARTESIAN_POINT('Ctrl Pts',(107.747039473173,66.2249924507139,500.));
#1506=CARTESIAN_POINT('Ctrl Pts',(105.317752767257,66.5340724923882,-500.));
#1507=CARTESIAN_POINT('Ctrl Pts',(105.317752767257,66.5340724923882,500.));
#1508=CARTESIAN_POINT('Ctrl Pts',(102.8869521345,66.8419493567703,-500.));
#1509=CARTESIAN_POINT('Ctrl Pts',(102.8869521345,66.8419493567703,500.));
#1510=CARTESIAN_POINT('Ctrl Pts',(100.454662200692,67.1486288917015,-500.));
#1511=CARTESIAN_POINT('Ctrl Pts',(100.454662200692,67.1486288917015,500.));
#1512=CARTESIAN_POINT('Ctrl Pts',(98.0209067612057,67.4541081052389,-500.));
#1513=CARTESIAN_POINT('Ctrl Pts',(98.0209067612057,67.4541081052389,500.));
#1514=CARTESIAN_POINT('Ctrl Pts',(95.5857097809476,67.7583695259273,-500.));
#1515=CARTESIAN_POINT('Ctrl Pts',(95.5857097809476,67.7583695259273,500.));
#1516=CARTESIAN_POINT('Ctrl Pts',(93.1490961415464,68.0613808976407,-500.));
#1517=CARTESIAN_POINT('Ctrl Pts',(93.1490961415464,68.0613808976407,500.));
#1518=CARTESIAN_POINT('Ctrl Pts',(90.7110920760709,68.3631019667936,-500.));
#1519=CARTESIAN_POINT('Ctrl Pts',(90.7110920760709,68.3631019667936,500.));
#1520=CARTESIAN_POINT('Ctrl Pts',(88.2717256735588,68.663489473019,-500.));
#1521=CARTESIAN_POINT('Ctrl Pts',(88.2717256735588,68.663489473019,500.));
#1522=CARTESIAN_POINT('Ctrl Pts',(85.8310273702801,68.9625029468766,-500.));
#1523=CARTESIAN_POINT('Ctrl Pts',(85.8310273702801,68.9625029468766,500.));
#1524=CARTESIAN_POINT('Ctrl Pts',(83.3890304122475,69.2601099800478,-500.));
#1525=CARTESIAN_POINT('Ctrl Pts',(83.3890304122475,69.2601099800478,500.));
#1526=CARTESIAN_POINT('Ctrl Pts',(80.9457714121052,69.5562921563319,-500.));
#1527=CARTESIAN_POINT('Ctrl Pts',(80.9457714121052,69.5562921563319,500.));
#1528=CARTESIAN_POINT('Ctrl Pts',(78.50129062647,69.8510494326517,-500.));
#1529=CARTESIAN_POINT('Ctrl Pts',(78.50129062647,69.8510494326517,500.));
#1530=CARTESIAN_POINT('Ctrl Pts',(76.0556301042303,70.1443932096062,-500.));
#1531=CARTESIAN_POINT('Ctrl Pts',(76.0556301042303,70.1443932096062,500.));
#1532=CARTESIAN_POINT('Ctrl Pts',(73.6088320250742,70.4363404369062,-500.));
#1533=CARTESIAN_POINT('Ctrl Pts',(73.6088320250742,70.4363404369062,500.));
#1534=CARTESIAN_POINT('Ctrl Pts',(71.1609369967305,70.7269074214236,-500.));
#1535=CARTESIAN_POINT('Ctrl Pts',(71.1609369967305,70.7269074214236,500.));
#1536=CARTESIAN_POINT('Ctrl Pts',(68.7119822976847,71.0161035366209,-500.));
#1537=CARTESIAN_POINT('Ctrl Pts',(68.7119822976847,71.0161035366209,500.));
#1538=CARTESIAN_POINT('Ctrl Pts',(66.2620003124434,71.3039255024126,-500.));
#1539=CARTESIAN_POINT('Ctrl Pts',(66.2620003124434,71.3039255024126,500.));
#1540=CARTESIAN_POINT('Ctrl Pts',(63.8110164418807,71.5903500395135,-500.));
#1541=CARTESIAN_POINT('Ctrl Pts',(63.8110164418807,71.5903500395135,500.));
#1542=CARTESIAN_POINT('Ctrl Pts',(61.3590506964188,71.8753380078569,-500.));
#1543=CARTESIAN_POINT('Ctrl Pts',(61.3590506964188,71.8753380078569,500.));
#1544=CARTESIAN_POINT('Ctrl Pts',(58.906120192639,72.1588413557936,-500.));
#1545=CARTESIAN_POINT('Ctrl Pts',(58.906120192639,72.1588413557936,500.));
#1546=CARTESIAN_POINT('Ctrl Pts',(56.4522412969071,72.4408089888216,-500.));
#1547=CARTESIAN_POINT('Ctrl Pts',(56.4522412969071,72.4408089888216,500.));
#1548=CARTESIAN_POINT('Ctrl Pts',(53.9974320159853,72.721193359163,-500.));
#1549=CARTESIAN_POINT('Ctrl Pts',(53.9974320159853,72.721193359163,500.));
#1550=CARTESIAN_POINT('Ctrl Pts',(51.5417140516456,72.9999561237303,-500.));
#1551=CARTESIAN_POINT('Ctrl Pts',(51.5417140516456,72.9999561237303,500.));
#1552=CARTESIAN_POINT('Ctrl Pts',(49.0851155650807,73.2770757320238,-500.));
#1553=CARTESIAN_POINT('Ctrl Pts',(49.0851155650807,73.2770757320238,500.));
#1554=CARTESIAN_POINT('Ctrl Pts',(46.6276715082554,73.5525484277774,-500.));
#1555=CARTESIAN_POINT('Ctrl Pts',(46.6276715082554,73.5525484277774,500.));
#1556=CARTESIAN_POINT('Ctrl Pts',(44.1694210645208,73.8263814329599,-500.));
#1557=CARTESIAN_POINT('Ctrl Pts',(44.1694210645208,73.8263814329599,500.));
#1558=CARTESIAN_POINT('Ctrl Pts',(41.7104058420645,74.0985881663853,-500.));
#1559=CARTESIAN_POINT('Ctrl Pts',(41.7104058420645,74.0985881663853,500.));
#1560=CARTESIAN_POINT('Ctrl Pts',(39.2506677413818,74.3691825835267,-500.));
#1561=CARTESIAN_POINT('Ctrl Pts',(39.2506677413818,74.3691825835267,500.));
#1562=CARTESIAN_POINT('Ctrl Pts',(36.7902470082031,74.6381740115763,-500.));
#1563=CARTESIAN_POINT('Ctrl Pts',(36.7902470082031,74.6381740115763,500.));
#1564=CARTESIAN_POINT('Ctrl Pts',(34.3291800973679,74.9055614881384,-500.));
#1565=CARTESIAN_POINT('Ctrl Pts',(34.3291800973679,74.9055614881384,500.));
#1566=CARTESIAN_POINT('Ctrl Pts',(31.8674979343874,75.171329133911,-500.));
#1567=CARTESIAN_POINT('Ctrl Pts',(31.8674979343874,75.171329133911,500.));
#1568=CARTESIAN_POINT('Ctrl Pts',(29.4052275190342,75.4354502023302,-500.));
#1569=CARTESIAN_POINT('Ctrl Pts',(29.4052275190342,75.4354502023302,500.));
#1570=CARTESIAN_POINT('Ctrl Pts',(26.9423932577578,75.6978904204513,-500.));
#1571=CARTESIAN_POINT('Ctrl Pts',(26.9423932577578,75.6978904204513,500.));
#1572=CARTESIAN_POINT('Ctrl Pts',(24.4790183791848,75.9586115575813,-500.));
#1573=CARTESIAN_POINT('Ctrl Pts',(24.4790183791848,75.9586115575813,500.));
#1574=CARTESIAN_POINT('Ctrl Pts',(22.0151263603243,76.2175749932751,-500.));
#1575=CARTESIAN_POINT('Ctrl Pts',(22.0151263603243,76.2175749932751,500.));
#1576=CARTESIAN_POINT('Ctrl Pts',(19.5507422403414,76.4747450602687,-500.));
#1577=CARTESIAN_POINT('Ctrl Pts',(19.5507422403414,76.4747450602687,500.));
#1578=CARTESIAN_POINT('Ctrl Pts',(17.0858942611636,76.730093065954,-500.));
#1579=CARTESIAN_POINT('Ctrl Pts',(17.0858942611636,76.730093065954,500.));
#1580=CARTESIAN_POINT('Ctrl Pts',(14.620613554174,76.9835972405983,-500.));
#1581=CARTESIAN_POINT('Ctrl Pts',(14.620613554174,76.9835972405983,500.));
#1582=CARTESIAN_POINT('Ctrl Pts',(12.1549331942777,77.235241377412,-500.));
#1583=CARTESIAN_POINT('Ctrl Pts',(12.1549331942777,77.235241377412,500.));
#1584=CARTESIAN_POINT('Ctrl Pts',(9.6888874737737,77.4850139062998,-500.));
#1585=CARTESIAN_POINT('Ctrl Pts',(9.6888874737737,77.4850139062998,500.));
#1586=CARTESIAN_POINT('Ctrl Pts',(7.22251106354221,77.732906789807,-500.));
#1587=CARTESIAN_POINT('Ctrl Pts',(7.22251106354221,77.732906789807,500.));
#1588=CARTESIAN_POINT('Ctrl Pts',(4.75583827086739,77.9789144873484,-500.));
#1589=CARTESIAN_POINT('Ctrl Pts',(4.75583827086739,77.9789144873484,500.));
#1590=CARTESIAN_POINT('Ctrl Pts',(2.28890213811375,78.2230329097383,-500.));
#1591=CARTESIAN_POINT('Ctrl Pts',(2.28890213811375,78.2230329097383,500.));
#1592=CARTESIAN_POINT('Ctrl Pts',(-0.178265979793932,78.4652583090917,-500.));
#1593=CARTESIAN_POINT('Ctrl Pts',(-0.178265979793932,78.4652583090917,500.));
#1594=CARTESIAN_POINT('Ctrl Pts',(-2.64563606893761,78.7055860315421,-500.));
#1595=CARTESIAN_POINT('Ctrl Pts',(-2.64563606893761,78.7055860315421,500.));
#1596=CARTESIAN_POINT('Ctrl Pts',(-5.11317928682809,78.9440093047089,-500.));
#1597=CARTESIAN_POINT('Ctrl Pts',(-5.11317928682809,78.9440093047089,500.));
#1598=CARTESIAN_POINT('Ctrl Pts',(-7.58086772189297,79.1805180071829,-500.));
#1599=CARTESIAN_POINT('Ctrl Pts',(-7.58086772189297,79.1805180071829,500.));
#1600=CARTESIAN_POINT('Ctrl Pts',(-10.0486741827676,79.415097454653,-500.));
#1601=CARTESIAN_POINT('Ctrl Pts',(-10.0486741827676,79.415097454653,500.));
#1602=CARTESIAN_POINT('Ctrl Pts',(-12.5165719760215,79.6477271576419,-500.));
#1603=CARTESIAN_POINT('Ctrl Pts',(-12.5165719760215,79.6477271576419,500.));
#1604=CARTESIAN_POINT('Ctrl Pts',(-14.9845346855617,79.8783796499137,-500.));
#1605=CARTESIAN_POINT('Ctrl Pts',(-14.9845346855617,79.8783796499137,500.));
#1606=CARTESIAN_POINT('Ctrl Pts',(-17.4525358006576,80.1070228839462,-500.));
#1607=CARTESIAN_POINT('Ctrl Pts',(-17.4525358006576,80.1070228839462,500.));
#1608=CARTESIAN_POINT('Ctrl Pts',(-19.9205483411665,80.3336225887935,-500.));
#1609=CARTESIAN_POINT('Ctrl Pts',(-19.9205483411665,80.3336225887935,500.));
#1610=CARTESIAN_POINT('Ctrl Pts',(-22.388544496385,80.5581445945695,-500.));
#1611=CARTESIAN_POINT('Ctrl Pts',(-22.388544496385,80.5581445945695,500.));
#1612=CARTESIAN_POINT('Ctrl Pts',(-24.8564952295029,80.7805572783236,-500.));
#1613=CARTESIAN_POINT('Ctrl Pts',(-24.8564952295029,80.7805572783236,500.));
#1614=CARTESIAN_POINT('Ctrl Pts',(-27.3243699637049,81.0008337071558,-500.));
#1615=CARTESIAN_POINT('Ctrl Pts',(-27.3243699637049,81.0008337071558,500.));
#1616=CARTESIAN_POINT('Ctrl Pts',(-29.7921360635295,81.218954546824,-500.));
#1617=CARTESIAN_POINT('Ctrl Pts',(-29.7921360635295,81.218954546824,500.));
#1618=CARTESIAN_POINT('Ctrl Pts',(-32.2597592753494,81.434907386567,-500.));
#1619=CARTESIAN_POINT('Ctrl Pts',(-32.2597592753494,81.434907386567,500.));
#1620=CARTESIAN_POINT('Ctrl Pts',(-34.7272046642359,81.6486842309416,-500.));
#1621=CARTESIAN_POINT('Ctrl Pts',(-34.7272046642359,81.6486842309416,500.));
#1622=CARTESIAN_POINT('Ctrl Pts',(-37.194437380079,81.8602795860785,-500.));
#1623=CARTESIAN_POINT('Ctrl Pts',(-37.194437380079,81.8602795860785,500.));
#1624=CARTESIAN_POINT('Ctrl Pts',(-39.6614235285767,82.0696882533227,-500.));
#1625=CARTESIAN_POINT('Ctrl Pts',(-39.6614235285767,82.0696882533227,500.));
#1626=CARTESIAN_POINT('Ctrl Pts',(-42.1281309185404,82.2769033546879,-500.));
#1627=CARTESIAN_POINT('Ctrl Pts',(-42.1281309185404,82.2769033546879,500.));
#1628=CARTESIAN_POINT('Ctrl Pts',(-44.5945300524529,82.4819140019365,-500.));
#1629=CARTESIAN_POINT('Ctrl Pts',(-44.5945300524529,82.4819140019365,500.));
#1630=CARTESIAN_POINT('Ctrl Pts',(-47.0605943958019,82.6847039519385,-500.));
#1631=CARTESIAN_POINT('Ctrl Pts',(-47.0605943958019,82.6847039519385,500.));
#1632=CARTESIAN_POINT('Ctrl Pts',(-49.5262988873634,82.8852526381986,-500.));
#1633=CARTESIAN_POINT('Ctrl Pts',(-49.5262988873634,82.8852526381986,500.));
#1634=CARTESIAN_POINT('Ctrl Pts',(-51.9916187862139,83.0835357434501,-500.));
#1635=CARTESIAN_POINT('Ctrl Pts',(-51.9916187862139,83.0835357434501,500.));
#1636=CARTESIAN_POINT('Ctrl Pts',(-54.4565283923926,83.2795259555511,-500.));
#1637=CARTESIAN_POINT('Ctrl Pts',(-54.4565283923926,83.2795259555511,500.));
#1638=CARTESIAN_POINT('Ctrl Pts',(-56.9209998046588,83.4731936423929,-500.));
#1639=CARTESIAN_POINT('Ctrl Pts',(-56.9209998046588,83.4731936423929,500.));
#1640=CARTESIAN_POINT('Ctrl Pts',(-59.3850017020442,83.6645075680533,-500.));
#1641=CARTESIAN_POINT('Ctrl Pts',(-59.3850017020442,83.6645075680533,500.));
#1642=CARTESIAN_POINT('Ctrl Pts',(-61.8484980063918,83.8534355731334,-500.));
#1643=CARTESIAN_POINT('Ctrl Pts',(-61.8484980063918,83.8534355731334,500.));
#1644=CARTESIAN_POINT('Ctrl Pts',(-64.3114494558411,84.0399458110847,-500.));
#1645=CARTESIAN_POINT('Ctrl Pts',(-64.3114494558411,84.0399458110847,500.));
#1646=CARTESIAN_POINT('Ctrl Pts',(-66.7738153522059,84.224008033021,-500.));
#1647=CARTESIAN_POINT('Ctrl Pts',(-66.7738153522059,84.224008033021,500.));
#1648=CARTESIAN_POINT('Ctrl Pts',(-69.2355552062371,84.4055948118932,-500.));
#1649=CARTESIAN_POINT('Ctrl Pts',(-69.2355552062371,84.4055948118932,500.));
#1650=CARTESIAN_POINT('Ctrl Pts',(-71.6966305132608,84.5846828896504,-500.));
#1651=CARTESIAN_POINT('Ctrl Pts',(-71.6966305132608,84.5846828896504,500.));
#1652=CARTESIAN_POINT('Ctrl Pts',(-74.1570062693305,84.7612542444596,-500.));
#1653=CARTESIAN_POINT('Ctrl Pts',(-74.1570062693305,84.7612542444596,500.));
#1654=CARTESIAN_POINT('Ctrl Pts',(-76.616653110253,84.9352978490824,-500.));
#1655=CARTESIAN_POINT('Ctrl Pts',(-76.616653110253,84.9352978490824,500.));
#1656=CARTESIAN_POINT('Ctrl Pts',(-79.0755468087119,85.1068084797811,-500.));
#1657=CARTESIAN_POINT('Ctrl Pts',(-79.0755468087119,85.1068084797811,500.));
#1658=CARTESIAN_POINT('Ctrl Pts',(-81.5336660749402,85.275783621888,-500.));
#1659=CARTESIAN_POINT('Ctrl Pts',(-81.5336660749402,85.275783621888,500.));
#1660=CARTESIAN_POINT('Ctrl Pts',(-83.9909908892081,85.4422209838751,-500.));
#1661=CARTESIAN_POINT('Ctrl Pts',(-83.9909908892081,85.4422209838751,500.));
#1662=CARTESIAN_POINT('Ctrl Pts',(-86.4475005665951,85.6061156804237,-500.));
#1663=CARTESIAN_POINT('Ctrl Pts',(-86.4475005665951,85.6061156804237,500.));
#1664=CARTESIAN_POINT('Ctrl Pts',(-88.9031720475281,85.7674577414423,-500.));
#1665=CARTESIAN_POINT('Ctrl Pts',(-88.9031720475281,85.7674577414423,500.));
#1666=CARTESIAN_POINT('Ctrl Pts',(-91.3579778236914,85.9262290372369,-500.));
#1667=CARTESIAN_POINT('Ctrl Pts',(-91.3579778236914,85.9262290372369,500.));
#1668=CARTESIAN_POINT('Ctrl Pts',(-93.8118848777482,86.0824018759838,-500.));
#1669=CARTESIAN_POINT('Ctrl Pts',(-93.8118848777482,86.0824018759838,500.));
#1670=CARTESIAN_POINT('Ctrl Pts',(-96.2648563047198,86.2359420518731,-500.));
#1671=CARTESIAN_POINT('Ctrl Pts',(-96.2648563047198,86.2359420518731,500.));
#1672=CARTESIAN_POINT('Ctrl Pts',(-98.7168524392304,86.386811072588,-500.));
#1673=CARTESIAN_POINT('Ctrl Pts',(-98.7168524392304,86.386811072588,500.));
#1674=CARTESIAN_POINT('Ctrl Pts',(-101.167832176163,86.5349687072464,-500.));
#1675=CARTESIAN_POINT('Ctrl Pts',(-101.167832176163,86.5349687072464,500.));
#1676=CARTESIAN_POINT('Ctrl Pts',(-103.617754213579,86.6803754074168,-500.));
#1677=CARTESIAN_POINT('Ctrl Pts',(-103.617754213579,86.6803754074168,500.));
#1678=CARTESIAN_POINT('Ctrl Pts',(-106.066578317691,86.8229947594705,-500.));
#1679=CARTESIAN_POINT('Ctrl Pts',(-106.066578317691,86.8229947594705,500.));
#1680=CARTESIAN_POINT('Ctrl Pts',(-108.514266609429,86.9627959869823,-500.));
#1681=CARTESIAN_POINT('Ctrl Pts',(-108.514266609429,86.9627959869823,500.));
#1682=CARTESIAN_POINT('Ctrl Pts',(-110.960783473601,87.0997536318568,-500.));
#1683=CARTESIAN_POINT('Ctrl Pts',(-110.960783473601,87.0997536318568,500.));
#1684=CARTESIAN_POINT('Ctrl Pts',(-113.406095432111,87.233847162483,-500.));
#1685=CARTESIAN_POINT('Ctrl Pts',(-113.406095432111,87.233847162483,500.));
#1686=CARTESIAN_POINT('Ctrl Pts',(-115.850171019498,87.3650605873055,-500.));
#1687=CARTESIAN_POINT('Ctrl Pts',(-115.850171019498,87.3650605873055,500.));
#1688=CARTESIAN_POINT('Ctrl Pts',(-118.29298068248,87.4933821151308,-500.));
#1689=CARTESIAN_POINT('Ctrl Pts',(-118.29298068248,87.4933821151308,500.));
#1690=CARTESIAN_POINT('Ctrl Pts',(-120.734496610794,87.6188036808292,-500.));
#1691=CARTESIAN_POINT('Ctrl Pts',(-120.734496610794,87.6188036808292,500.));
#1692=CARTESIAN_POINT('Ctrl Pts',(-123.174692746577,87.7413208210999,-500.));
#1693=CARTESIAN_POINT('Ctrl Pts',(-123.174692746577,87.7413208210999,500.));
#1694=CARTESIAN_POINT('Ctrl Pts',(-125.613543903345,87.8609308042186,-500.));
#1695=CARTESIAN_POINT('Ctrl Pts',(-125.613543903345,87.8609308042186,500.));
#1696=CARTESIAN_POINT('Ctrl Pts',(-128.051024461631,87.9776299293062,-500.));
#1697=CARTESIAN_POINT('Ctrl Pts',(-128.051024461631,87.9776299293062,500.));
#1698=CARTESIAN_POINT('Ctrl Pts',(-130.487107233789,88.0914111580015,-500.));
#1699=CARTESIAN_POINT('Ctrl Pts',(-130.487107233789,88.0914111580015,500.));
#1700=CARTESIAN_POINT('Ctrl Pts',(-132.921762182546,88.2022614577789,-500.));
#1701=CARTESIAN_POINT('Ctrl Pts',(-132.921762182546,88.2022614577789,500.));
#1702=CARTESIAN_POINT('Ctrl Pts',(-135.354955378242,88.3101596169698,-500.));
#1703=CARTESIAN_POINT('Ctrl Pts',(-135.354955378242,88.3101596169698,500.));
#1704=CARTESIAN_POINT('Ctrl Pts',(-137.786647423174,88.4150730059265,-500.));
#1705=CARTESIAN_POINT('Ctrl Pts',(-137.786647423174,88.4150730059265,500.));
#1706=CARTESIAN_POINT('Ctrl Pts',(-140.216793653199,88.5169578528334,-500.));
#1707=CARTESIAN_POINT('Ctrl Pts',(-140.216793653199,88.5169578528334,500.));
#1708=CARTESIAN_POINT('Ctrl Pts',(-142.645346898341,88.61576457563,-500.));
#1709=CARTESIAN_POINT('Ctrl Pts',(-142.645346898341,88.61576457563,500.));
#1710=CARTESIAN_POINT('Ctrl Pts',(-145.072259599959,88.711441848448,-500.));
#1711=CARTESIAN_POINT('Ctrl Pts',(-145.072259599959,88.711441848448,500.));
#1712=CARTESIAN_POINT('Ctrl Pts',(-147.497486238895,88.8039412676551,-500.));
#1713=CARTESIAN_POINT('Ctrl Pts',(-147.497486238895,88.8039412676551,500.));
#1714=CARTESIAN_POINT('Ctrl Pts',(-149.920985513592,88.8932215588896,-500.));
#1715=CARTESIAN_POINT('Ctrl Pts',(-149.920985513592,88.8932215588896,500.));
#1716=CARTESIAN_POINT('Ctrl Pts',(-152.342722905373,88.9792534654647,-500.));
#1717=CARTESIAN_POINT('Ctrl Pts',(-152.342722905373,88.9792534654647,500.));
#1718=CARTESIAN_POINT('Ctrl Pts',(-154.762672238243,89.0620228916581,-500.));
#1719=CARTESIAN_POINT('Ctrl Pts',(-154.762672238243,89.0620228916581,500.));
#1720=CARTESIAN_POINT('Ctrl Pts',(-157.180812294987,89.1415254896954,-500.));
#1721=CARTESIAN_POINT('Ctrl Pts',(-157.180812294987,89.1415254896954,500.));
#1722=CARTESIAN_POINT('Ctrl Pts',(-159.597124065159,89.2177623411251,-500.));
#1723=CARTESIAN_POINT('Ctrl Pts',(-159.597124065159,89.2177623411251,500.));
#1724=CARTESIAN_POINT('Ctrl Pts',(-162.011587757589,89.2907352275793,-500.));
#1725=CARTESIAN_POINT('Ctrl Pts',(-162.011587757589,89.2907352275793,500.));
#1726=CARTESIAN_POINT('Ctrl Pts',(-164.424179891466,89.3604420452778,-500.));
#1727=CARTESIAN_POINT('Ctrl Pts',(-164.424179891466,89.3604420452778,500.));
#1728=CARTESIAN_POINT('Ctrl Pts',(-166.834870404848,89.4268722311387,-500.));
#1729=CARTESIAN_POINT('Ctrl Pts',(-166.834870404848,89.4268722311387,500.));
#1730=CARTESIAN_POINT('Ctrl Pts',(-169.243619614724,89.4900019820588,-500.));
#1731=CARTESIAN_POINT('Ctrl Pts',(-169.243619614724,89.4900019820588,500.));
#1732=CARTESIAN_POINT('Ctrl Pts',(-171.650380847992,89.549797561822,-500.));
#1733=CARTESIAN_POINT('Ctrl Pts',(-171.650380847992,89.549797561822,500.));
#1734=CARTESIAN_POINT('Ctrl Pts',(-174.055103283441,89.6062189045575,-500.));
#1735=CARTESIAN_POINT('Ctrl Pts',(-174.055103283441,89.6062189045575,500.));
#1736=CARTESIAN_POINT('Ctrl Pts',(-176.457734676164,89.6592230627444,-500.));
#1737=CARTESIAN_POINT('Ctrl Pts',(-176.457734676164,89.6592230627444,500.));
#1738=CARTESIAN_POINT('Ctrl Pts',(-178.858224221979,89.7087678256118,-500.));
#1739=CARTESIAN_POINT('Ctrl Pts',(-178.858224221979,89.7087678256118,500.));
#1740=CARTESIAN_POINT('Ctrl Pts',(-181.256525150177,89.7548150191493,-500.));
#1741=CARTESIAN_POINT('Ctrl Pts',(-181.256525150177,89.7548150191493,500.));
#1742=CARTESIAN_POINT('Ctrl Pts',(-183.652597984225,89.7973345817881,-500.));
#1743=CARTESIAN_POINT('Ctrl Pts',(-183.652597984225,89.7973345817881,500.));
#1744=CARTESIAN_POINT('Ctrl Pts',(-186.046409403979,89.836303543656,-500.));
#1745=CARTESIAN_POINT('Ctrl Pts',(-186.046409403979,89.836303543656,500.));
#1746=CARTESIAN_POINT('Ctrl Pts',(-188.437929968949,89.8717036895421,-500.));
#1747=CARTESIAN_POINT('Ctrl Pts',(-188.437929968949,89.8717036895421,500.));
#1748=CARTESIAN_POINT('Ctrl Pts',(-190.827132258547,89.9035196986094,-500.));
#1749=CARTESIAN_POINT('Ctrl Pts',(-190.827132258547,89.9035196986094,500.));
#1750=CARTESIAN_POINT('Ctrl Pts',(-193.213988769952,89.9317370176057,-500.));
#1751=CARTESIAN_POINT('Ctrl Pts',(-193.213988769952,89.9317370176057,500.));
#1752=CARTESIAN_POINT('Ctrl Pts',(-195.598470077723,89.9563400040226,-500.));
#1753=CARTESIAN_POINT('Ctrl Pts',(-195.598470077723,89.9563400040226,500.));
#1754=CARTESIAN_POINT('Ctrl Pts',(-197.980542482154,89.9773095599086,-500.));
#1755=CARTESIAN_POINT('Ctrl Pts',(-197.980542482154,89.9773095599086,500.));
#1756=CARTESIAN_POINT('Ctrl Pts',(-200.360167867545,89.9946229485666,-500.));
#1757=CARTESIAN_POINT('Ctrl Pts',(-200.360167867545,89.9946229485666,500.));
#1758=CARTESIAN_POINT('Ctrl Pts',(-202.737304735607,90.0082547726789,-500.));
#1759=CARTESIAN_POINT('Ctrl Pts',(-202.737304735607,90.0082547726789,500.));
#1760=CARTESIAN_POINT('Ctrl Pts',(-205.111908871836,90.0181775853117,-500.));
#1761=CARTESIAN_POINT('Ctrl Pts',(-205.111908871836,90.0181775853117,500.));
#1762=CARTESIAN_POINT('Ctrl Pts',(-207.483934171196,90.0243626700579,-500.));
#1763=CARTESIAN_POINT('Ctrl Pts',(-207.483934171196,90.0243626700579,500.));
#1764=CARTESIAN_POINT('Ctrl Pts',(-209.853333378793,90.0267807092199,-500.));
#1765=CARTESIAN_POINT('Ctrl Pts',(-209.853333378793,90.0267807092199,500.));
#1766=CARTESIAN_POINT('Ctrl Pts',(-212.220058908422,90.0254025980716,-500.));
#1767=CARTESIAN_POINT('Ctrl Pts',(-212.220058908422,90.0254025980716,500.));
#1768=CARTESIAN_POINT('Ctrl Pts',(-214.584063457693,90.0201997878923,-500.));
#1769=CARTESIAN_POINT('Ctrl Pts',(-214.584063457693,90.0201997878923,500.));
#1770=CARTESIAN_POINT('Ctrl Pts',(-216.945300478337,90.0111442469811,-500.));
#1771=CARTESIAN_POINT('Ctrl Pts',(-216.945300478337,90.0111442469811,500.));
#1772=CARTESIAN_POINT('Ctrl Pts',(-219.303724668851,89.9982085267978,-500.));
#1773=CARTESIAN_POINT('Ctrl Pts',(-219.303724668851,89.9982085267978,500.));
#1774=CARTESIAN_POINT('Ctrl Pts',(-221.659292496946,89.9813657897606,-500.));
#1775=CARTESIAN_POINT('Ctrl Pts',(-221.659292496946,89.9813657897606,500.));
#1776=CARTESIAN_POINT('Ctrl Pts',(-224.011962619162,89.9605898424645,-500.));
#1777=CARTESIAN_POINT('Ctrl Pts',(-224.011962619162,89.9605898424645,500.));
#1778=CARTESIAN_POINT('Ctrl Pts',(-226.36169656659,89.9358551936772,-500.));
#1779=CARTESIAN_POINT('Ctrl Pts',(-226.36169656659,89.9358551936772,500.));
#1780=CARTESIAN_POINT('Ctrl Pts',(-228.708458461238,89.9071369976629,-500.));
#1781=CARTESIAN_POINT('Ctrl Pts',(-228.708458461238,89.9071369976629,500.));
#1782=CARTESIAN_POINT('Ctrl Pts',(-231.052213647893,89.8744108668331,-500.));
#1783=CARTESIAN_POINT('Ctrl Pts',(-231.052213647893,89.8744108668331,500.));
#1784=CARTESIAN_POINT('Ctrl Pts',(-233.392927630718,89.8376527174924,-500.));
#1785=CARTESIAN_POINT('Ctrl Pts',(-233.392927630718,89.8376527174924,500.));
#1786=CARTESIAN_POINT('Ctrl Pts',(-235.730564845096,89.7968386055586,-500.));
#1787=CARTESIAN_POINT('Ctrl Pts',(-235.730564845096,89.7968386055586,500.));
#1788=CARTESIAN_POINT('Ctrl Pts',(-238.065087593763,89.7519445585438,-500.));
#1789=CARTESIAN_POINT('Ctrl Pts',(-238.065087593763,89.7519445585438,500.));
#1790=CARTESIAN_POINT('Ctrl Pts',(-240.39645468198,89.7029464289432,-500.));
#1791=CARTESIAN_POINT('Ctrl Pts',(-240.39645468198,89.7029464289432,500.));
#1792=CARTESIAN_POINT('Ctrl Pts',(-242.724621048192,89.6498196623545,-500.));
#1793=CARTESIAN_POINT('Ctrl Pts',(-242.724621048192,89.6498196623545,500.));
#1794=CARTESIAN_POINT('Ctrl Pts',(-245.049538564266,89.5925389511524,-500.));
#1795=CARTESIAN_POINT('Ctrl Pts',(-245.049538564266,89.5925389511524,500.));
#1796=CARTESIAN_POINT('Ctrl Pts',(-247.371156538758,89.5310779326303,-500.));
#1797=CARTESIAN_POINT('Ctrl Pts',(-247.371156538758,89.5310779326303,500.));
#1798=CARTESIAN_POINT('Ctrl Pts',(-249.689422333371,89.4654088368828,-500.));
#1799=CARTESIAN_POINT('Ctrl Pts',(-249.689422333371,89.4654088368828,500.));
#1800=CARTESIAN_POINT('Ctrl Pts',(-252.004281948307,89.3955022305455,-500.));
#1801=CARTESIAN_POINT('Ctrl Pts',(-252.004281948307,89.3955022305455,500.));
#1802=CARTESIAN_POINT('Ctrl Pts',(-254.315680578022,89.3213265358289,-500.));
#1803=CARTESIAN_POINT('Ctrl Pts',(-254.315680578022,89.3213265358289,500.));
#1804=CARTESIAN_POINT('Ctrl Pts',(-256.623563351308,89.2428483637826,-500.));
#1805=CARTESIAN_POINT('Ctrl Pts',(-256.623563351308,89.2428483637826,500.));
#1806=CARTESIAN_POINT('Ctrl Pts',(-258.927876307477,89.1600337297371,-500.));
#1807=CARTESIAN_POINT('Ctrl Pts',(-258.927876307477,89.1600337297371,500.));
#1808=CARTESIAN_POINT('Ctrl Pts',(-261.228567270946,89.0728490012167,-500.));
#1809=CARTESIAN_POINT('Ctrl Pts',(-261.228567270946,89.0728490012167,500.));
#1810=CARTESIAN_POINT('Ctrl Pts',(-263.525586849436,88.9812620247369,-500.));
#1811=CARTESIAN_POINT('Ctrl Pts',(-263.525586849436,88.9812620247369,500.));
#1812=CARTESIAN_POINT('Ctrl Pts',(-265.818889189133,88.8852430145472,-500.));
#1813=CARTESIAN_POINT('Ctrl Pts',(-265.818889189133,88.8852430145472,500.));
#1814=CARTESIAN_POINT('Ctrl Pts',(-268.108433308815,88.784765946717,-500.));
#1815=CARTESIAN_POINT('Ctrl Pts',(-268.108433308815,88.784765946717,500.));
#1816=CARTESIAN_POINT('Ctrl Pts',(-270.394182118241,88.6798079802097,-500.));
#1817=CARTESIAN_POINT('Ctrl Pts',(-270.394182118241,88.6798079802097,500.));
#1818=CARTESIAN_POINT('Ctrl Pts',(-272.676099648611,88.5703473602963,-500.));
#1819=CARTESIAN_POINT('Ctrl Pts',(-272.676099648611,88.5703473602963,500.));
#1820=CARTESIAN_POINT('Ctrl Pts',(-274.954148856804,88.4563618108021,-500.));
#1821=CARTESIAN_POINT('Ctrl Pts',(-274.954148856804,88.4563618108021,500.));
#1822=CARTESIAN_POINT('Ctrl Pts',(-277.228289072948,88.3378266182133,-500.));
#1823=CARTESIAN_POINT('Ctrl Pts',(-277.228289072948,88.3378266182133,500.));
#1824=CARTESIAN_POINT('Ctrl Pts',(-279.498473881085,88.2147130965822,-500.));
#1825=CARTESIAN_POINT('Ctrl Pts',(-279.498473881085,88.2147130965822,500.));
#1826=CARTESIAN_POINT('Ctrl Pts',(-281.764648097765,88.0869862532323,-500.));
#1827=CARTESIAN_POINT('Ctrl Pts',(-281.764648097765,88.0869862532323,500.));
#1828=CARTESIAN_POINT('Ctrl Pts',(-284.026749182338,87.9546063911099,-500.));
#1829=CARTESIAN_POINT('Ctrl Pts',(-284.026749182338,87.9546063911099,500.));
#1830=CARTESIAN_POINT('Ctrl Pts',(-286.284710490706,87.8175323568319,-500.));
#1831=CARTESIAN_POINT('Ctrl Pts',(-286.284710490706,87.8175323568319,500.));
#1832=CARTESIAN_POINT('Ctrl Pts',(-288.538463907622,87.6757242211548,-500.));
#1833=CARTESIAN_POINT('Ctrl Pts',(-288.538463907622,87.6757242211548,500.));
#1834=CARTESIAN_POINT('Ctrl Pts',(-290.787942800371,87.5291462800261,-500.));
#1835=CARTESIAN_POINT('Ctrl Pts',(-290.787942800371,87.5291462800261,500.));
#1836=CARTESIAN_POINT('Ctrl Pts',(-293.033084687952,87.3777697208323,-500.));
#1837=CARTESIAN_POINT('Ctrl Pts',(-293.033084687952,87.3777697208323,500.));
#1838=CARTESIAN_POINT('Ctrl Pts',(-295.273834423912,87.2215759589023,-500.));
#1839=CARTESIAN_POINT('Ctrl Pts',(-295.273834423912,87.2215759589023,500.));
#1840=CARTESIAN_POINT('Ctrl Pts',(-297.510142158504,87.0605529817893,-500.));
#1841=CARTESIAN_POINT('Ctrl Pts',(-297.510142158504,87.0605529817893,500.));
#1842=CARTESIAN_POINT('Ctrl Pts',(-299.741960711816,86.8946909132983,-500.));
#1843=CARTESIAN_POINT('Ctrl Pts',(-299.741960711816,86.8946909132983,500.));
#1844=CARTESIAN_POINT('Ctrl Pts',(-301.969243122755,86.7239777850692,-500.));
#1845=CARTESIAN_POINT('Ctrl Pts',(-301.969243122755,86.7239777850692,500.));
#1846=CARTESIAN_POINT('Ctrl Pts',(-304.191940198418,86.5483953771012,-500.));
#1847=CARTESIAN_POINT('Ctrl Pts',(-304.191940198418,86.5483953771012,500.));
#1848=CARTESIAN_POINT('Ctrl Pts',(-306.409997886308,86.3679146568703,-500.));
#1849=CARTESIAN_POINT('Ctrl Pts',(-306.409997886308,86.3679146568703,500.));
#1850=CARTESIAN_POINT('Ctrl Pts',(-308.623355244007,86.1824924877248,-500.));
#1851=CARTESIAN_POINT('Ctrl Pts',(-308.623355244007,86.1824924877248,500.));
#1852=CARTESIAN_POINT('Ctrl Pts',(-310.831946760721,85.9920775560953,-500.));
#1853=CARTESIAN_POINT('Ctrl Pts',(-310.831946760721,85.9920775560953,500.));
#1854=CARTESIAN_POINT('Ctrl Pts',(-313.035704188697,85.7966152235703,-500.));
#1855=CARTESIAN_POINT('Ctrl Pts',(-313.035704188697,85.7966152235703,500.));
#1856=CARTESIAN_POINT('Ctrl Pts',(-315.23455863973,85.5960530331031,-500.));
#1857=CARTESIAN_POINT('Ctrl Pts',(-315.23455863973,85.5960530331031,500.));
#1858=CARTESIAN_POINT('Ctrl Pts',(-317.428442393861,85.3903453866643,-500.));
#1859=CARTESIAN_POINT('Ctrl Pts',(-317.428442393861,85.3903453866643,500.));
#1860=CARTESIAN_POINT('Ctrl Pts',(-319.617291260439,85.1794599268998,-500.));
#1861=CARTESIAN_POINT('Ctrl Pts',(-319.617291260439,85.1794599268998,500.));
#1862=CARTESIAN_POINT('Ctrl Pts',(-321.801045113528,84.9633781877028,-500.));
#1863=CARTESIAN_POINT('Ctrl Pts',(-321.801045113528,84.9633781877028,500.));
#1864=CARTESIAN_POINT('Ctrl Pts',(-323.979646130089,84.7420889749943,-500.));
#1865=CARTESIAN_POINT('Ctrl Pts',(-323.979646130089,84.7420889749943,500.));
#1866=CARTESIAN_POINT('Ctrl Pts',(-326.153037616886,84.5155836577023,-500.));
#1867=CARTESIAN_POINT('Ctrl Pts',(-326.153037616886,84.5155836577023,500.));
#1868=CARTESIAN_POINT('Ctrl Pts',(-328.321162577943,84.2838505194293,-500.));
#1869=CARTESIAN_POINT('Ctrl Pts',(-328.321162577943,84.2838505194293,500.));
#1870=CARTESIAN_POINT('Ctrl Pts',(-330.483962440934,84.0468698939861,-500.));
#1871=CARTESIAN_POINT('Ctrl Pts',(-330.483962440934,84.0468698939861,500.));
#1872=CARTESIAN_POINT('Ctrl Pts',(-332.641375589286,83.8046079633165,-500.));
#1873=CARTESIAN_POINT('Ctrl Pts',(-332.641375589286,83.8046079633165,500.));
#1874=CARTESIAN_POINT('Ctrl Pts',(-334.793337064053,83.5570196124203,-500.));
#1875=CARTESIAN_POINT('Ctrl Pts',(-334.793337064053,83.5570196124203,500.));
#1876=CARTESIAN_POINT('Ctrl Pts',(-336.939778511321,83.3040530702194,-500.));
#1877=CARTESIAN_POINT('Ctrl Pts',(-336.939778511321,83.3040530702194,500.));
#1878=CARTESIAN_POINT('Ctrl Pts',(-339.080628018338,83.0456540332871,-500.));
#1879=CARTESIAN_POINT('Ctrl Pts',(-339.080628018338,83.0456540332871,500.));
#1880=CARTESIAN_POINT('Ctrl Pts',(-341.215810057326,82.7817697888583,-500.));
#1881=CARTESIAN_POINT('Ctrl Pts',(-341.215810057326,82.7817697888583,500.));
#1882=CARTESIAN_POINT('Ctrl Pts',(-343.345245236758,82.5123538600199,-500.));
#1883=CARTESIAN_POINT('Ctrl Pts',(-343.345245236758,82.5123538600199,500.));
#1884=CARTESIAN_POINT('Ctrl Pts',(-345.468850600344,82.237368773858,-500.));
#1885=CARTESIAN_POINT('Ctrl Pts',(-345.468850600344,82.237368773858,500.));
#1886=CARTESIAN_POINT('Ctrl Pts',(-347.586541564548,81.9567830856363,-500.));
#1887=CARTESIAN_POINT('Ctrl Pts',(-347.586541564548,81.9567830856363,500.));
#1888=CARTESIAN_POINT('Ctrl Pts',(-349.698233531176,81.6705694439911,-500.));
#1889=CARTESIAN_POINT('Ctrl Pts',(-349.698233531176,81.6705694439911,500.));
#1890=CARTESIAN_POINT('Ctrl Pts',(-351.803843703634,81.3787022013738,-500.));
#1891=CARTESIAN_POINT('Ctrl Pts',(-351.803843703634,81.3787022013738,500.));
#1892=CARTESIAN_POINT('Ctrl Pts',(-353.903292641883,81.0811553193085,-500.));
#1893=CARTESIAN_POINT('Ctrl Pts',(-353.903292641883,81.0811553193085,500.));
#1894=CARTESIAN_POINT('Ctrl Pts',(-355.996506381665,80.7778998852084,-500.));
#1895=CARTESIAN_POINT('Ctrl Pts',(-355.996506381665,80.7778998852084,500.));
#1896=CARTESIAN_POINT('Ctrl Pts',(-358.083415105609,80.4689036755313,-500.));
#1897=CARTESIAN_POINT('Ctrl Pts',(-358.083415105609,80.4689036755313,500.));
#1898=CARTESIAN_POINT('Ctrl Pts',(-360.163950902376,80.1541312777049,-500.));
#1899=CARTESIAN_POINT('Ctrl Pts',(-360.163950902376,80.1541312777049,500.));
#1900=CARTESIAN_POINT('Ctrl Pts',(-362.238045788792,79.8335439867471,-500.));
#1901=CARTESIAN_POINT('Ctrl Pts',(-362.238045788792,79.8335439867471,500.));
#1902=CARTESIAN_POINT('Ctrl Pts',(-364.305629721322,79.5070998811336,-500.));
#1903=CARTESIAN_POINT('Ctrl Pts',(-364.305629721322,79.5070998811336,500.));
#1904=CARTESIAN_POINT('Ctrl Pts',(-366.366628371598,79.1747536161981,-500.));
#1905=CARTESIAN_POINT('Ctrl Pts',(-366.366628371598,79.1747536161981,500.));
#1906=CARTESIAN_POINT('Ctrl Pts',(-368.420961826817,78.8364570418698,-500.));
#1907=CARTESIAN_POINT('Ctrl Pts',(-368.420961826817,78.8364570418698,500.));
#1908=CARTESIAN_POINT('Ctrl Pts',(-370.468545010489,78.4921612667588,-500.));
#1909=CARTESIAN_POINT('Ctrl Pts',(-370.468545010489,78.4921612667588,500.));
#1910=CARTESIAN_POINT('Ctrl Pts',(-372.509287715781,78.1418184082757,-500.));
#1911=CARTESIAN_POINT('Ctrl Pts',(-372.509287715781,78.1418184082757,500.));
#1912=CARTESIAN_POINT('Ctrl Pts',(-374.543094799633,77.7853834546843,-500.));
#1913=CARTESIAN_POINT('Ctrl Pts',(-374.543094799633,77.7853834546843,500.));
#1914=CARTESIAN_POINT('Ctrl Pts',(-376.569866295885,77.4228161121406,-500.));
#1915=CARTESIAN_POINT('Ctrl Pts',(-376.569866295885,77.4228161121406,500.));
#1916=CARTESIAN_POINT('Ctrl Pts',(-378.589497599719,77.0540825655742,-500.));
#1917=CARTESIAN_POINT('Ctrl Pts',(-378.589497599719,77.0540825655742,500.));
#1918=CARTESIAN_POINT('Ctrl Pts',(-380.601881813502,76.679152861504,-500.));
#1919=CARTESIAN_POINT('Ctrl Pts',(-380.601881813502,76.679152861504,500.));
#1920=CARTESIAN_POINT('Ctrl Pts',(-382.606911972426,76.2979984285078,-500.));
#1921=CARTESIAN_POINT('Ctrl Pts',(-382.606911972426,76.2979984285078,500.));
#1922=CARTESIAN_POINT('Ctrl Pts',(-384.604483456807,75.9105894949608,-500.));
#1923=CARTESIAN_POINT('Ctrl Pts',(-384.604483456807,75.9105894949608,500.));
#1924=CARTESIAN_POINT('Ctrl Pts',(-386.594496000173,75.5168926672595,-500.));
#1925=CARTESIAN_POINT('Ctrl Pts',(-386.594496000173,75.5168926672595,500.));
#1926=CARTESIAN_POINT('Ctrl Pts',(-388.576856709925,75.1168681350814,-500.));
#1927=CARTESIAN_POINT('Ctrl Pts',(-388.576856709925,75.1168681350814,500.));
#1928=CARTESIAN_POINT('Ctrl Pts',(-390.551476841908,74.7104692353685,-500.));
#1929=CARTESIAN_POINT('Ctrl Pts',(-390.551476841908,74.7104692353685,500.));
#1930=CARTESIAN_POINT('Ctrl Pts',(-392.518266996977,74.2976427580813,-500.));
#1931=CARTESIAN_POINT('Ctrl Pts',(-392.518266996977,74.2976427580813,500.));
#1932=CARTESIAN_POINT('Ctrl Pts',(-394.477132563105,73.8783288478198,-500.));
#1933=CARTESIAN_POINT('Ctrl Pts',(-394.477132563105,73.8783288478198,500.));
#1934=CARTESIAN_POINT('Ctrl Pts',(-396.427969696753,73.4524614208706,-500.));
#1935=CARTESIAN_POINT('Ctrl Pts',(-396.427969696753,73.4524614208706,500.));
#1936=CARTESIAN_POINT('Ctrl Pts',(-398.370659472213,73.0199674994651,-500.));
#1937=CARTESIAN_POINT('Ctrl Pts',(-398.370659472213,73.0199674994651,500.));
#1938=CARTESIAN_POINT('Ctrl Pts',(-400.305070098531,72.5807708846298,-500.));
#1939=CARTESIAN_POINT('Ctrl Pts',(-400.305070098531,72.5807708846298,500.));
#1940=CARTESIAN_POINT('Ctrl Pts',(-402.231064233571,72.1347983548458,-500.));
#1941=CARTESIAN_POINT('Ctrl Pts',(-402.231064233571,72.1347983548458,500.));
#1942=CARTESIAN_POINT('Ctrl Pts',(-404.148505133667,71.6819855744737,-500.));
#1943=CARTESIAN_POINT('Ctrl Pts',(-404.148505133667,71.6819855744737,500.));
#1944=CARTESIAN_POINT('Ctrl Pts',(-406.057262483487,71.2222820975755,-500.));
#1945=CARTESIAN_POINT('Ctrl Pts',(-406.057262483487,71.2222820975755,500.));
#1946=CARTESIAN_POINT('Ctrl Pts',(-407.957220328258,70.7556592727408,-500.));
#1947=CARTESIAN_POINT('Ctrl Pts',(-407.957220328258,70.7556592727408,500.));
#1948=CARTESIAN_POINT('Ctrl Pts',(-409.848276251071,70.2821068880883,-500.));
#1949=CARTESIAN_POINT('Ctrl Pts',(-409.848276251071,70.2821068880883,500.));
#1950=CARTESIAN_POINT('Ctrl Pts',(-411.730332318374,69.8016195038756,-500.));
#1951=CARTESIAN_POINT('Ctrl Pts',(-411.730332318374,69.8016195038756,500.));
#1952=CARTESIAN_POINT('Ctrl Pts',(-413.603287942564,69.3141849546527,-500.));
#1953=CARTESIAN_POINT('Ctrl Pts',(-413.603287942564,69.3141849546527,500.));
#1954=CARTESIAN_POINT('Ctrl Pts',(-415.467032730705,68.8197734233536,-500.));
#1955=CARTESIAN_POINT('Ctrl Pts',(-415.467032730705,68.8197734233536,500.));
#1956=CARTESIAN_POINT('Ctrl Pts',(-417.32143744913,68.3183226927718,-500.));
#1957=CARTESIAN_POINT('Ctrl Pts',(-417.32143744913,68.3183226927718,500.));
#1958=CARTESIAN_POINT('Ctrl Pts',(-419.166353373449,67.8097393549137,-500.));
#1959=CARTESIAN_POINT('Ctrl Pts',(-419.166353373449,67.8097393549137,500.));
#1960=CARTESIAN_POINT('Ctrl Pts',(-421.001619617214,67.2939149169385,-500.));
#1961=CARTESIAN_POINT('Ctrl Pts',(-421.001619617214,67.2939149169385,500.));
#1962=CARTESIAN_POINT('Ctrl Pts',(-422.827068499989,66.7707384569236,-500.));
#1963=CARTESIAN_POINT('Ctrl Pts',(-422.827068499989,66.7707384569236,500.));
#1964=CARTESIAN_POINT('Ctrl Pts',(-424.642531177565,66.2401092379275,-500.));
#1965=CARTESIAN_POINT('Ctrl Pts',(-424.642531177565,66.2401092379275,500.));
#1966=CARTESIAN_POINT('Ctrl Pts',(-426.447844505047,65.7019529564281,-500.));
#1967=CARTESIAN_POINT('Ctrl Pts',(-426.447844505047,65.7019529564281,500.));
#1968=CARTESIAN_POINT('Ctrl Pts',(-428.242851143387,65.1562197150424,-500.));
#1969=CARTESIAN_POINT('Ctrl Pts',(-428.242851143387,65.1562197150424,500.));
#1970=CARTESIAN_POINT('Ctrl Pts',(-430.027395254662,64.6028703084159,-500.));
#1971=CARTESIAN_POINT('Ctrl Pts',(-430.027395254662,64.6028703084159,500.));
#1972=CARTESIAN_POINT('Ctrl Pts',(-431.801319441375,64.0418656404999,-500.));
#1973=CARTESIAN_POINT('Ctrl Pts',(-431.801319441375,64.0418656404999,500.));
#1974=CARTESIAN_POINT('Ctrl Pts',(-433.564461377189,63.4731557418505,-500.));
#1975=CARTESIAN_POINT('Ctrl Pts',(-433.564461377189,63.4731557418505,500.));
#1976=CARTESIAN_POINT('Ctrl Pts',(-435.316650036808,62.8966666409095,-500.));
#1977=CARTESIAN_POINT('Ctrl Pts',(-435.316650036808,62.8966666409095,500.));
#1978=CARTESIAN_POINT('Ctrl Pts',(-437.057706166761,62.312305906761,-500.));
#1979=CARTESIAN_POINT('Ctrl Pts',(-437.057706166761,62.312305906761,500.));
#1980=CARTESIAN_POINT('Ctrl Pts',(-438.787443872146,61.719973070557,-500.));
#1981=CARTESIAN_POINT('Ctrl Pts',(-438.787443872146,61.719973070557,500.));
#1982=CARTESIAN_POINT('Ctrl Pts',(-440.505671809544,61.1195681761786,-500.));
#1983=CARTESIAN_POINT('Ctrl Pts',(-440.505671809544,61.1195681761786,500.));
#1984=CARTESIAN_POINT('Ctrl Pts',(-442.212194567389,60.5110015670159,-500.));
#1985=CARTESIAN_POINT('Ctrl Pts',(-442.212194567389,60.5110015670159,500.));
#1986=CARTESIAN_POINT('Ctrl Pts',(-443.906813898046,59.8942018781646,-500.));
#1987=CARTESIAN_POINT('Ctrl Pts',(-443.906813898046,59.8942018781646,500.));
#1988=CARTESIAN_POINT('Ctrl Pts',(-445.589328552879,59.2691061203475,-500.));
#1989=CARTESIAN_POINT('Ctrl Pts',(-445.589328552879,59.2691061203475,500.));
#1990=CARTESIAN_POINT('Ctrl Pts',(-447.259534326723,58.6356503023133,-500.));
#1991=CARTESIAN_POINT('Ctrl Pts',(-447.259534326723,58.6356503023133,500.));
#1992=CARTESIAN_POINT('Ctrl Pts',(-448.917223758467,57.9937609521953,-500.));
#1993=CARTESIAN_POINT('Ctrl Pts',(-448.917223758467,57.9937609521953,500.));
#1994=CARTESIAN_POINT('Ctrl Pts',(-450.562186614125,57.343343615327,-500.));
#1995=CARTESIAN_POINT('Ctrl Pts',(-450.562186614125,57.343343615327,500.));
#1996=CARTESIAN_POINT('Ctrl Pts',(-452.19420764782,56.6842825714644,-500.));
#1997=CARTESIAN_POINT('Ctrl Pts',(-452.19420764782,56.6842825714644,500.));
#1998=CARTESIAN_POINT('Ctrl Pts',(-453.813061204074,56.0164538522459,-500.));
#1999=CARTESIAN_POINT('Ctrl Pts',(-453.813061204074,56.0164538522459,500.));
#2000=CARTESIAN_POINT('Ctrl Pts',(-455.41850656119,55.3397349510035,-500.));
#2001=CARTESIAN_POINT('Ctrl Pts',(-455.41850656119,55.3397349510035,500.));
#2002=CARTESIAN_POINT('Ctrl Pts',(-457.010283135488,54.6540155909389,-500.));
#2003=CARTESIAN_POINT('Ctrl Pts',(-457.010283135488,54.6540155909389,500.));
#2004=CARTESIAN_POINT('Ctrl Pts',(-458.588105291109,53.9592088342441,-500.));
#2005=CARTESIAN_POINT('Ctrl Pts',(-458.588105291109,53.9592088342441,500.));
#2006=CARTESIAN_POINT('Ctrl Pts',(-460.151671030763,53.2552392145137,-500.));
#2007=CARTESIAN_POINT('Ctrl Pts',(-460.151671030763,53.2552392145137,500.));
#2008=CARTESIAN_POINT('Ctrl Pts',(-461.70067212733,52.5420286866088,-500.));
#2009=CARTESIAN_POINT('Ctrl Pts',(-461.70067212733,52.5420286866088,500.));
#2010=CARTESIAN_POINT('Ctrl Pts',(-463.234802428517,51.8194849946347,-500.));
#2011=CARTESIAN_POINT('Ctrl Pts',(-463.234802428517,51.8194849946347,500.));
#2012=CARTESIAN_POINT('Ctrl Pts',(-464.753770072217,51.0874851176788,-500.));
#2013=CARTESIAN_POINT('Ctrl Pts',(-464.753770072217,51.0874851176788,500.));
#2014=CARTESIAN_POINT('Ctrl Pts',(-466.25729498036,50.3458770274573,-500.));
#2015=CARTESIAN_POINT('Ctrl Pts',(-466.25729498036,50.3458770274573,500.));
#2016=CARTESIAN_POINT('Ctrl Pts',(-467.745093159161,49.5944977835534,-500.));
#2017=CARTESIAN_POINT('Ctrl Pts',(-467.745093159161,49.5944977835534,500.));
#2018=CARTESIAN_POINT('Ctrl Pts',(-469.216865436895,48.8331861891122,-500.));
#2019=CARTESIAN_POINT('Ctrl Pts',(-469.216865436895,48.8331861891122,500.));
#2020=CARTESIAN_POINT('Ctrl Pts',(-470.672282734859,48.0617995954871,-500.));
#2021=CARTESIAN_POINT('Ctrl Pts',(-470.672282734859,48.0617995954871,500.));
#2022=CARTESIAN_POINT('Ctrl Pts',(-472.110977882716,47.2802230384631,-500.));
#2023=CARTESIAN_POINT('Ctrl Pts',(-472.110977882716,47.2802230384631,500.));
#2024=CARTESIAN_POINT('Ctrl Pts',(-473.532558285012,46.488354157265,-500.));
#2025=CARTESIAN_POINT('Ctrl Pts',(-473.532558285012,46.488354157265,500.));
#2026=CARTESIAN_POINT('Ctrl Pts',(-474.93661523544,45.6860919649655,-500.));
#2027=CARTESIAN_POINT('Ctrl Pts',(-474.93661523544,45.6860919649655,500.));
#2028=CARTESIAN_POINT('Ctrl Pts',(-476.322734739626,44.8733239597771,-500.));
#2029=CARTESIAN_POINT('Ctrl Pts',(-476.322734739626,44.8733239597771,500.));
#2030=CARTESIAN_POINT('Ctrl Pts',(-477.690507153488,44.0499143682975,-500.));
#2031=CARTESIAN_POINT('Ctrl Pts',(-477.690507153488,44.0499143682975,500.));
#2032=CARTESIAN_POINT('Ctrl Pts',(-479.039516392027,43.2157092320797,-500.));
#2033=CARTESIAN_POINT('Ctrl Pts',(-479.039516392027,43.2157092320797,500.));
#2034=CARTESIAN_POINT('Ctrl Pts',(-480.369329450943,42.3705411245579,-500.));
#2035=CARTESIAN_POINT('Ctrl Pts',(-480.369329450943,42.3705411245579,500.));
#2036=CARTESIAN_POINT('Ctrl Pts',(-481.67948612449,41.5142340333662,-500.));
#2037=CARTESIAN_POINT('Ctrl Pts',(-481.67948612449,41.5142340333662,500.));
#2038=CARTESIAN_POINT('Ctrl Pts',(-482.969487819237,40.6466080791478,-500.));
#2039=CARTESIAN_POINT('Ctrl Pts',(-482.969487819237,40.6466080791478,500.));
#2040=CARTESIAN_POINT('Ctrl Pts',(-484.238807252802,39.7674871185004,-500.));
#2041=CARTESIAN_POINT('Ctrl Pts',(-484.238807252802,39.7674871185004,500.));
#2042=CARTESIAN_POINT('Ctrl Pts',(-485.486899525941,38.8767066655661,-500.));
#2043=CARTESIAN_POINT('Ctrl Pts',(-485.486899525941,38.8767066655661,500.));
#2044=CARTESIAN_POINT('Ctrl Pts',(-486.713212303696,37.9741213685657,-500.));
#2045=CARTESIAN_POINT('Ctrl Pts',(-486.713212303696,37.9741213685657,500.));
#2046=CARTESIAN_POINT('Ctrl Pts',(-487.917197390583,37.0596135325533,-500.));
#2047=CARTESIAN_POINT('Ctrl Pts',(-487.917197390583,37.0596135325533,500.));
#2048=CARTESIAN_POINT('Ctrl Pts',(-489.098288555492,36.1330735109214,-500.));
#2049=CARTESIAN_POINT('Ctrl Pts',(-489.098288555492,36.1330735109214,500.));
#2050=CARTESIAN_POINT('Ctrl Pts',(-490.255878918713,35.1943797675802,-500.));
#2051=CARTESIAN_POINT('Ctrl Pts',(-490.255878918713,35.1943797675802,500.));
#2052=CARTESIAN_POINT('Ctrl Pts',(-491.389297058743,34.2433777404764,-500.));
#2053=CARTESIAN_POINT('Ctrl Pts',(-491.389297058743,34.2433777404764,500.));
#2054=CARTESIAN_POINT('Ctrl Pts',(-492.497787865005,33.2798630417092,-500.));
#2055=CARTESIAN_POINT('Ctrl Pts',(-492.497787865005,33.2798630417092,500.));
#2056=CARTESIAN_POINT('Ctrl Pts',(-493.580560794533,32.3036243720333,-500.));
#2057=CARTESIAN_POINT('Ctrl Pts',(-493.580560794533,32.3036243720333,500.));
#2058=CARTESIAN_POINT('Ctrl Pts',(-494.636828130275,31.3144781295107,-500.));
#2059=CARTESIAN_POINT('Ctrl Pts',(-494.636828130275,31.3144781295107,500.));
#2060=CARTESIAN_POINT('Ctrl Pts',(-495.665857671595,30.3123144372235,-500.));
#2061=CARTESIAN_POINT('Ctrl Pts',(-495.665857671595,30.3123144372235,500.));
#2062=CARTESIAN_POINT('Ctrl Pts',(-496.666984262171,29.2971111474643,-500.));
#2063=CARTESIAN_POINT('Ctrl Pts',(-496.666984262171,29.2971111474643,500.));
#2064=CARTESIAN_POINT('Ctrl Pts',(-497.639525459518,28.2688741380197,-500.));
#2065=CARTESIAN_POINT('Ctrl Pts',(-497.639525459518,28.2688741380197,500.));
#2066=CARTESIAN_POINT('Ctrl Pts',(-498.582726059914,27.2275991604651,-500.));
#2067=CARTESIAN_POINT('Ctrl Pts',(-498.582726059914,27.2275991604651,500.));
#2068=CARTESIAN_POINT('Ctrl Pts',(-499.495669834798,26.1732101728267,-500.));
#2069=CARTESIAN_POINT('Ctrl Pts',(-499.495669834798,26.1732101728267,500.));
#2070=CARTESIAN_POINT('Ctrl Pts',(-500.377312411209,25.1055828488323,-500.));
#2071=CARTESIAN_POINT('Ctrl Pts',(-500.377312411209,25.1055828488323,500.));
#2072=CARTESIAN_POINT('Ctrl Pts',(-501.22657032155,24.0246074041498,-500.));
#2073=CARTESIAN_POINT('Ctrl Pts',(-501.22657032155,24.0246074041498,500.));
#2074=CARTESIAN_POINT('Ctrl Pts',(-502.042395727468,22.9302413673394,-500.));
#2075=CARTESIAN_POINT('Ctrl Pts',(-502.042395727468,22.9302413673394,500.));
#2076=CARTESIAN_POINT('Ctrl Pts',(-502.823848429537,21.8225606127649,-500.));
#2077=CARTESIAN_POINT('Ctrl Pts',(-502.823848429537,21.8225606127649,500.));
#2078=CARTESIAN_POINT('Ctrl Pts',(-503.570040819923,20.7017263431134,-500.));
#2079=CARTESIAN_POINT('Ctrl Pts',(-503.570040819923,20.7017263431134,500.));
#2080=CARTESIAN_POINT('Ctrl Pts',(-504.280097381012,19.5679607300018,-500.));
#2081=CARTESIAN_POINT('Ctrl Pts',(-504.280097381012,19.5679607300018,500.));
#2082=CARTESIAN_POINT('Ctrl Pts',(-504.953099395665,18.4215153106601,-500.));
#2083=CARTESIAN_POINT('Ctrl Pts',(-504.953099395665,18.4215153106601,500.));
#2084=CARTESIAN_POINT('Ctrl Pts',(-505.588077991093,17.262660644067,-500.));
#2085=CARTESIAN_POINT('Ctrl Pts',(-505.588077991093,17.262660644067,500.));
#2086=CARTESIAN_POINT('Ctrl Pts',(-506.184036897335,16.0916897472906,-500.));
#2087=CARTESIAN_POINT('Ctrl Pts',(-506.184036897335,16.0916897472906,500.));
#2088=CARTESIAN_POINT('Ctrl Pts',(-506.739964819515,14.9089149221841,-500.));
#2089=CARTESIAN_POINT('Ctrl Pts',(-506.739964819515,14.9089149221841,500.));
#2090=CARTESIAN_POINT('Ctrl Pts',(-507.254856667483,13.7146749847116,-500.));
#2091=CARTESIAN_POINT('Ctrl Pts',(-507.254856667483,13.7146749847116,500.));
#2092=CARTESIAN_POINT('Ctrl Pts',(-507.727759660285,12.5093896535019,-500.));
#2093=CARTESIAN_POINT('Ctrl Pts',(-507.727759660285,12.5093896535019,500.));
#2094=CARTESIAN_POINT('Ctrl Pts',(-508.157813015222,11.2935990423148,-500.));
#2095=CARTESIAN_POINT('Ctrl Pts',(-508.157813015222,11.2935990423148,500.));
#2096=CARTESIAN_POINT('Ctrl Pts',(-508.544297634383,10.068027798236,-500.));
#2097=CARTESIAN_POINT('Ctrl Pts',(-508.544297634383,10.068027798236,500.));
#2098=CARTESIAN_POINT('Ctrl Pts',(-508.886611005935,8.83347697360526,-500.));
#2099=CARTESIAN_POINT('Ctrl Pts',(-508.886611005935,8.83347697360526,500.));
#2100=CARTESIAN_POINT('Ctrl Pts',(-509.184236826013,7.59071787833848,-500.));
#2101=CARTESIAN_POINT('Ctrl Pts',(-509.184236826013,7.59071787833848,500.));
#2102=CARTESIAN_POINT('Ctrl Pts',(-509.436704631949,6.3403298814362,-500.));
#2103=CARTESIAN_POINT('Ctrl Pts',(-509.436704631949,6.3403298814362,500.));
#2104=CARTESIAN_POINT('Ctrl Pts',(-509.643600843009,5.08278495778524,-500.));
#2105=CARTESIAN_POINT('Ctrl Pts',(-509.643600843009,5.08278495778524,500.));
#2106=CARTESIAN_POINT('Ctrl Pts',(-509.804614971467,3.81870769722157,-500.));
#2107=CARTESIAN_POINT('Ctrl Pts',(-509.804614971467,3.81870769722157,500.));
#2108=CARTESIAN_POINT('Ctrl Pts',(-509.919587182549,2.54912170628269,-500.));
#2109=CARTESIAN_POINT('Ctrl Pts',(-509.919587182549,2.54912170628269,500.));
#2110=CARTESIAN_POINT('Ctrl Pts',(-509.988520525556,1.27559035224049,-500.));
#2111=CARTESIAN_POINT('Ctrl Pts',(-509.988520525556,1.27559035224049,500.));
#2112=CARTESIAN_POINT('Ctrl Pts',(-510.011481186457,-8.89371042089859E-13,
-500.));
#2113=CARTESIAN_POINT('Ctrl Pts',(-510.011481186457,-8.89371042089859E-13,
500.));
#2114=CARTESIAN_POINT('Ctrl Pts',(-509.98852052555,-1.27559035224222,-500.));
#2115=CARTESIAN_POINT('Ctrl Pts',(-509.98852052555,-1.27559035224222,500.));
#2116=CARTESIAN_POINT('Ctrl Pts',(-509.919587182542,-2.5491217062843,-500.));
#2117=CARTESIAN_POINT('Ctrl Pts',(-509.919587182542,-2.5491217062843,500.));
#2118=CARTESIAN_POINT('Ctrl Pts',(-509.804614971466,-3.81870769722329,-500.));
#2119=CARTESIAN_POINT('Ctrl Pts',(-509.804614971466,-3.81870769722329,500.));
#2120=CARTESIAN_POINT('Ctrl Pts',(-509.643600843012,-5.08278495778709,-500.));
#2121=CARTESIAN_POINT('Ctrl Pts',(-509.643600843012,-5.08278495778709,500.));
#2122=CARTESIAN_POINT('Ctrl Pts',(-509.436704631955,-6.34032988143805,-500.));
#2123=CARTESIAN_POINT('Ctrl Pts',(-509.436704631955,-6.34032988143805,500.));
#2124=CARTESIAN_POINT('Ctrl Pts',(-509.184236826015,-7.59071787834028,-500.));
#2125=CARTESIAN_POINT('Ctrl Pts',(-509.184236826015,-7.59071787834028,500.));
#2126=CARTESIAN_POINT('Ctrl Pts',(-508.886611005932,-8.83347697360704,-500.));
#2127=CARTESIAN_POINT('Ctrl Pts',(-508.886611005932,-8.83347697360704,500.));
#2128=CARTESIAN_POINT('Ctrl Pts',(-508.544297634379,-10.0680277982378,-500.));
#2129=CARTESIAN_POINT('Ctrl Pts',(-508.544297634379,-10.0680277982378,500.));
#2130=CARTESIAN_POINT('Ctrl Pts',(-508.157813015221,-11.2935990423166,-500.));
#2131=CARTESIAN_POINT('Ctrl Pts',(-508.157813015221,-11.2935990423166,500.));
#2132=CARTESIAN_POINT('Ctrl Pts',(-507.727759660285,-12.5093896535036,-500.));
#2133=CARTESIAN_POINT('Ctrl Pts',(-507.727759660285,-12.5093896535036,500.));
#2134=CARTESIAN_POINT('Ctrl Pts',(-507.254856667482,-13.7146749847133,-500.));
#2135=CARTESIAN_POINT('Ctrl Pts',(-507.254856667482,-13.7146749847133,500.));
#2136=CARTESIAN_POINT('Ctrl Pts',(-506.739964819513,-14.9089149221858,-500.));
#2137=CARTESIAN_POINT('Ctrl Pts',(-506.739964819513,-14.9089149221858,500.));
#2138=CARTESIAN_POINT('Ctrl Pts',(-506.184036897335,-16.0916897472923,-500.));
#2139=CARTESIAN_POINT('Ctrl Pts',(-506.184036897335,-16.0916897472923,500.));
#2140=CARTESIAN_POINT('Ctrl Pts',(-505.588077991091,-17.2626606440686,-500.));
#2141=CARTESIAN_POINT('Ctrl Pts',(-505.588077991091,-17.2626606440686,500.));
#2142=CARTESIAN_POINT('Ctrl Pts',(-504.953099395662,-18.4215153106615,-500.));
#2143=CARTESIAN_POINT('Ctrl Pts',(-504.953099395662,-18.4215153106615,500.));
#2144=CARTESIAN_POINT('Ctrl Pts',(-504.280097381009,-19.5679607300033,-500.));
#2145=CARTESIAN_POINT('Ctrl Pts',(-504.280097381009,-19.5679607300033,500.));
#2146=CARTESIAN_POINT('Ctrl Pts',(-503.570040819923,-20.7017263431152,-500.));
#2147=CARTESIAN_POINT('Ctrl Pts',(-503.570040819923,-20.7017263431152,500.));
#2148=CARTESIAN_POINT('Ctrl Pts',(-502.823848429538,-21.8225606127669,-500.));
#2149=CARTESIAN_POINT('Ctrl Pts',(-502.823848429538,-21.8225606127669,500.));
#2150=CARTESIAN_POINT('Ctrl Pts',(-502.042395727468,-22.9302413673414,-500.));
#2151=CARTESIAN_POINT('Ctrl Pts',(-502.042395727468,-22.9302413673414,500.));
#2152=CARTESIAN_POINT('Ctrl Pts',(-501.226570321549,-24.0246074041514,-500.));
#2153=CARTESIAN_POINT('Ctrl Pts',(-501.226570321549,-24.0246074041514,500.));
#2154=CARTESIAN_POINT('Ctrl Pts',(-500.377312411206,-25.1055828488336,-500.));
#2155=CARTESIAN_POINT('Ctrl Pts',(-500.377312411206,-25.1055828488336,500.));
#2156=CARTESIAN_POINT('Ctrl Pts',(-499.495669834796,-26.1732101728279,-500.));
#2157=CARTESIAN_POINT('Ctrl Pts',(-499.495669834796,-26.1732101728279,500.));
#2158=CARTESIAN_POINT('Ctrl Pts',(-498.582726059914,-27.2275991604665,-500.));
#2159=CARTESIAN_POINT('Ctrl Pts',(-498.582726059914,-27.2275991604665,500.));
#2160=CARTESIAN_POINT('Ctrl Pts',(-497.639525459516,-28.2688741380213,-500.));
#2161=CARTESIAN_POINT('Ctrl Pts',(-497.639525459516,-28.2688741380213,500.));
#2162=CARTESIAN_POINT('Ctrl Pts',(-496.666984262165,-29.297111147466,-500.));
#2163=CARTESIAN_POINT('Ctrl Pts',(-496.666984262165,-29.297111147466,500.));
#2164=CARTESIAN_POINT('Ctrl Pts',(-495.665857671588,-30.312314437225,-500.));
#2165=CARTESIAN_POINT('Ctrl Pts',(-495.665857671588,-30.312314437225,500.));
#2166=CARTESIAN_POINT('Ctrl Pts',(-494.636828130272,-31.3144781295121,-500.));
#2167=CARTESIAN_POINT('Ctrl Pts',(-494.636828130272,-31.3144781295121,500.));
#2168=CARTESIAN_POINT('Ctrl Pts',(-493.580560794535,-32.3036243720347,-500.));
#2169=CARTESIAN_POINT('Ctrl Pts',(-493.580560794535,-32.3036243720347,500.));
#2170=CARTESIAN_POINT('Ctrl Pts',(-492.497787865011,-33.2798630417108,-500.));
#2171=CARTESIAN_POINT('Ctrl Pts',(-492.497787865011,-33.2798630417108,500.));
#2172=CARTESIAN_POINT('Ctrl Pts',(-491.389297058747,-34.2433777404781,-500.));
#2173=CARTESIAN_POINT('Ctrl Pts',(-491.389297058747,-34.2433777404781,500.));
#2174=CARTESIAN_POINT('Ctrl Pts',(-490.255878918711,-35.1943797675816,-500.));
#2175=CARTESIAN_POINT('Ctrl Pts',(-490.255878918711,-35.1943797675816,500.));
#2176=CARTESIAN_POINT('Ctrl Pts',(-489.098288555487,-36.1330735109225,-500.));
#2177=CARTESIAN_POINT('Ctrl Pts',(-489.098288555487,-36.1330735109225,500.));
#2178=CARTESIAN_POINT('Ctrl Pts',(-487.917197390579,-37.059613532554,-500.));
#2179=CARTESIAN_POINT('Ctrl Pts',(-487.917197390579,-37.059613532554,500.));
#2180=CARTESIAN_POINT('Ctrl Pts',(-486.713212303694,-37.9741213685664,-500.));
#2181=CARTESIAN_POINT('Ctrl Pts',(-486.713212303694,-37.9741213685664,500.));
#2182=CARTESIAN_POINT('Ctrl Pts',(-485.48689952594,-38.8767066655674,-500.));
#2183=CARTESIAN_POINT('Ctrl Pts',(-485.48689952594,-38.8767066655674,500.));
#2184=CARTESIAN_POINT('Ctrl Pts',(-484.2388072528,-39.7674871185027,-500.));
#2185=CARTESIAN_POINT('Ctrl Pts',(-484.2388072528,-39.7674871185027,500.));
#2186=CARTESIAN_POINT('Ctrl Pts',(-482.969487819235,-40.6466080791508,-500.));
#2187=CARTESIAN_POINT('Ctrl Pts',(-482.969487819235,-40.6466080791508,500.));
#2188=CARTESIAN_POINT('Ctrl Pts',(-481.679486124489,-41.5142340333688,-500.));
#2189=CARTESIAN_POINT('Ctrl Pts',(-481.679486124489,-41.5142340333688,500.));
#2190=CARTESIAN_POINT('Ctrl Pts',(-480.369329450941,-42.3705411245592,-500.));
#2191=CARTESIAN_POINT('Ctrl Pts',(-480.369329450941,-42.3705411245592,500.));
#2192=CARTESIAN_POINT('Ctrl Pts',(-479.039516392023,-43.2157092320796,-500.));
#2193=CARTESIAN_POINT('Ctrl Pts',(-479.039516392023,-43.2157092320796,500.));
#2194=CARTESIAN_POINT('Ctrl Pts',(-477.690507153485,-44.0499143682971,-500.));
#2195=CARTESIAN_POINT('Ctrl Pts',(-477.690507153485,-44.0499143682971,500.));
#2196=CARTESIAN_POINT('Ctrl Pts',(-476.322734739624,-44.8733239597776,-500.));
#2197=CARTESIAN_POINT('Ctrl Pts',(-476.322734739624,-44.8733239597776,500.));
#2198=CARTESIAN_POINT('Ctrl Pts',(-474.936615235439,-45.6860919649669,-500.));
#2199=CARTESIAN_POINT('Ctrl Pts',(-474.936615235439,-45.6860919649669,500.));
#2200=CARTESIAN_POINT('Ctrl Pts',(-473.532558285007,-46.4883541572666,-500.));
#2201=CARTESIAN_POINT('Ctrl Pts',(-473.532558285007,-46.4883541572666,500.));
#2202=CARTESIAN_POINT('Ctrl Pts',(-472.110977882707,-47.2802230384645,-500.));
#2203=CARTESIAN_POINT('Ctrl Pts',(-472.110977882707,-47.2802230384645,500.));
#2204=CARTESIAN_POINT('Ctrl Pts',(-470.672282734851,-48.0617995954882,-500.));
#2205=CARTESIAN_POINT('Ctrl Pts',(-470.672282734851,-48.0617995954882,500.));
#2206=CARTESIAN_POINT('Ctrl Pts',(-469.216865436891,-48.8331861891133,-500.));
#2207=CARTESIAN_POINT('Ctrl Pts',(-469.216865436891,-48.8331861891133,500.));
#2208=CARTESIAN_POINT('Ctrl Pts',(-467.745093159163,-49.5944977835548,-500.));
#2209=CARTESIAN_POINT('Ctrl Pts',(-467.745093159163,-49.5944977835548,500.));
#2210=CARTESIAN_POINT('Ctrl Pts',(-466.257294980365,-50.3458770274591,-500.));
#2211=CARTESIAN_POINT('Ctrl Pts',(-466.257294980365,-50.3458770274591,500.));
#2212=CARTESIAN_POINT('Ctrl Pts',(-464.753770072222,-51.0874851176808,-500.));
#2213=CARTESIAN_POINT('Ctrl Pts',(-464.753770072222,-51.0874851176808,500.));
#2214=CARTESIAN_POINT('Ctrl Pts',(-463.234802428516,-51.8194849946363,-500.));
#2215=CARTESIAN_POINT('Ctrl Pts',(-463.234802428516,-51.8194849946363,500.));
#2216=CARTESIAN_POINT('Ctrl Pts',(-461.700672127326,-52.5420286866096,-500.));
#2217=CARTESIAN_POINT('Ctrl Pts',(-461.700672127326,-52.5420286866096,500.));
#2218=CARTESIAN_POINT('Ctrl Pts',(-460.151671030757,-53.2552392145136,-500.));
#2219=CARTESIAN_POINT('Ctrl Pts',(-460.151671030757,-53.2552392145136,500.));
#2220=CARTESIAN_POINT('Ctrl Pts',(-458.588105291104,-53.9592088342437,-500.));
#2221=CARTESIAN_POINT('Ctrl Pts',(-458.588105291104,-53.9592088342437,500.));
#2222=CARTESIAN_POINT('Ctrl Pts',(-457.010283135484,-54.6540155909391,-500.));
#2223=CARTESIAN_POINT('Ctrl Pts',(-457.010283135484,-54.6540155909391,500.));
#2224=CARTESIAN_POINT('Ctrl Pts',(-455.418506561189,-55.3397349510046,-500.));
#2225=CARTESIAN_POINT('Ctrl Pts',(-455.418506561189,-55.3397349510046,500.));
#2226=CARTESIAN_POINT('Ctrl Pts',(-453.81306120407,-56.0164538522477,-500.));
#2227=CARTESIAN_POINT('Ctrl Pts',(-453.81306120407,-56.0164538522477,500.));
#2228=CARTESIAN_POINT('Ctrl Pts',(-452.194207647812,-56.6842825714658,-500.));
#2229=CARTESIAN_POINT('Ctrl Pts',(-452.194207647812,-56.6842825714658,500.));
#2230=CARTESIAN_POINT('Ctrl Pts',(-450.562186614117,-57.3433436153274,-500.));
#2231=CARTESIAN_POINT('Ctrl Pts',(-450.562186614117,-57.3433436153274,500.));
#2232=CARTESIAN_POINT('Ctrl Pts',(-448.917223758461,-57.9937609521957,-500.));
#2233=CARTESIAN_POINT('Ctrl Pts',(-448.917223758461,-57.9937609521957,500.));
#2234=CARTESIAN_POINT('Ctrl Pts',(-447.259534326724,-58.6356503023149,-500.));
#2235=CARTESIAN_POINT('Ctrl Pts',(-447.259534326724,-58.6356503023149,500.));
#2236=CARTESIAN_POINT('Ctrl Pts',(-445.589328552885,-59.269106120351,-500.));
#2237=CARTESIAN_POINT('Ctrl Pts',(-445.589328552885,-59.269106120351,500.));
#2238=CARTESIAN_POINT('Ctrl Pts',(-443.906813898052,-59.8942018781693,-500.));
#2239=CARTESIAN_POINT('Ctrl Pts',(-443.906813898052,-59.8942018781693,500.));
#2240=CARTESIAN_POINT('Ctrl Pts',(-442.212194567392,-60.5110015670198,-500.));
#2241=CARTESIAN_POINT('Ctrl Pts',(-442.212194567392,-60.5110015670198,500.));
#2242=CARTESIAN_POINT('Ctrl Pts',(-440.505671809541,-61.1195681761798,-500.));
#2243=CARTESIAN_POINT('Ctrl Pts',(-440.505671809541,-61.1195681761798,500.));
#2244=CARTESIAN_POINT('Ctrl Pts',(-438.78744387214,-61.7199730705553,-500.));
#2245=CARTESIAN_POINT('Ctrl Pts',(-438.78744387214,-61.7199730705553,500.));
#2246=CARTESIAN_POINT('Ctrl Pts',(-437.057706166753,-62.3123059067579,-500.));
#2247=CARTESIAN_POINT('Ctrl Pts',(-437.057706166753,-62.3123059067579,500.));
#2248=CARTESIAN_POINT('Ctrl Pts',(-435.3166500368,-62.8966666409069,-500.));
#2249=CARTESIAN_POINT('Ctrl Pts',(-435.3166500368,-62.8966666409069,500.));
#2250=CARTESIAN_POINT('Ctrl Pts',(-433.564461377183,-63.4731557418497,-500.));
#2251=CARTESIAN_POINT('Ctrl Pts',(-433.564461377183,-63.4731557418497,500.));
#2252=CARTESIAN_POINT('Ctrl Pts',(-431.801319441373,-64.0418656405015,-500.));
#2253=CARTESIAN_POINT('Ctrl Pts',(-431.801319441373,-64.0418656405015,500.));
#2254=CARTESIAN_POINT('Ctrl Pts',(-430.027395254662,-64.6028703084191,-500.));
#2255=CARTESIAN_POINT('Ctrl Pts',(-430.027395254662,-64.6028703084191,500.));
#2256=CARTESIAN_POINT('Ctrl Pts',(-428.242851143389,-65.156219715046,-500.));
#2257=CARTESIAN_POINT('Ctrl Pts',(-428.242851143389,-65.156219715046,500.));
#2258=CARTESIAN_POINT('Ctrl Pts',(-426.447844505046,-65.7019529564312,-500.));
#2259=CARTESIAN_POINT('Ctrl Pts',(-426.447844505046,-65.7019529564312,500.));
#2260=CARTESIAN_POINT('Ctrl Pts',(-424.642531177562,-66.2401092379292,-500.));
#2261=CARTESIAN_POINT('Ctrl Pts',(-424.642531177562,-66.2401092379292,500.));
#2262=CARTESIAN_POINT('Ctrl Pts',(-422.827068499986,-66.7707384569239,-500.));
#2263=CARTESIAN_POINT('Ctrl Pts',(-422.827068499986,-66.7707384569239,500.));
#2264=CARTESIAN_POINT('Ctrl Pts',(-421.00161961721,-67.2939149169377,-500.));
#2265=CARTESIAN_POINT('Ctrl Pts',(-421.00161961721,-67.2939149169377,500.));
#2266=CARTESIAN_POINT('Ctrl Pts',(-419.166353373443,-67.809739354912,-500.));
#2267=CARTESIAN_POINT('Ctrl Pts',(-419.166353373443,-67.809739354912,500.));
#2268=CARTESIAN_POINT('Ctrl Pts',(-417.321437449125,-68.3183226927704,-500.));
#2269=CARTESIAN_POINT('Ctrl Pts',(-417.321437449125,-68.3183226927704,500.));
#2270=CARTESIAN_POINT('Ctrl Pts',(-415.467032730703,-68.8197734233534,-500.));
#2271=CARTESIAN_POINT('Ctrl Pts',(-415.467032730703,-68.8197734233534,500.));
#2272=CARTESIAN_POINT('Ctrl Pts',(-413.603287942561,-69.3141849546544,-500.));
#2273=CARTESIAN_POINT('Ctrl Pts',(-413.603287942561,-69.3141849546544,500.));
#2274=CARTESIAN_POINT('Ctrl Pts',(-411.730332318367,-69.801619503879,-500.));
#2275=CARTESIAN_POINT('Ctrl Pts',(-411.730332318367,-69.801619503879,500.));
#2276=CARTESIAN_POINT('Ctrl Pts',(-409.84827625106,-70.2821068880922,-500.));
#2277=CARTESIAN_POINT('Ctrl Pts',(-409.84827625106,-70.2821068880922,500.));
#2278=CARTESIAN_POINT('Ctrl Pts',(-407.957220328248,-70.7556592727439,-500.));
#2279=CARTESIAN_POINT('Ctrl Pts',(-407.957220328248,-70.7556592727439,500.));
#2280=CARTESIAN_POINT('Ctrl Pts',(-406.05726248348,-71.2222820975768,-500.));
#2281=CARTESIAN_POINT('Ctrl Pts',(-406.05726248348,-71.2222820975768,500.));
#2282=CARTESIAN_POINT('Ctrl Pts',(-404.148505133668,-71.6819855744738,-500.));
#2283=CARTESIAN_POINT('Ctrl Pts',(-404.148505133668,-71.6819855744738,500.));
#2284=CARTESIAN_POINT('Ctrl Pts',(-402.23106423358,-72.1347983548452,-500.));
#2285=CARTESIAN_POINT('Ctrl Pts',(-402.23106423358,-72.1347983548452,500.));
#2286=CARTESIAN_POINT('Ctrl Pts',(-400.305070098546,-72.5807708846297,-500.));
#2287=CARTESIAN_POINT('Ctrl Pts',(-400.305070098546,-72.5807708846297,500.));
#2288=CARTESIAN_POINT('Ctrl Pts',(-398.370659472226,-73.0199674994657,-500.));
#2289=CARTESIAN_POINT('Ctrl Pts',(-398.370659472226,-73.0199674994657,500.));
#2290=CARTESIAN_POINT('Ctrl Pts',(-396.427969696758,-73.4524614208716,-500.));
#2291=CARTESIAN_POINT('Ctrl Pts',(-396.427969696758,-73.4524614208716,500.));
#2292=CARTESIAN_POINT('Ctrl Pts',(-394.477132563097,-73.8783288478204,-500.));
#2293=CARTESIAN_POINT('Ctrl Pts',(-394.477132563097,-73.8783288478204,500.));
#2294=CARTESIAN_POINT('Ctrl Pts',(-392.518266996955,-74.2976427580811,-500.));
#2295=CARTESIAN_POINT('Ctrl Pts',(-392.518266996955,-74.2976427580811,500.));
#2296=CARTESIAN_POINT('Ctrl Pts',(-390.551476841879,-74.7104692353679,-500.));
#2297=CARTESIAN_POINT('Ctrl Pts',(-390.551476841879,-74.7104692353679,500.));
#2298=CARTESIAN_POINT('Ctrl Pts',(-388.576856709897,-75.1168681350809,-500.));
#2299=CARTESIAN_POINT('Ctrl Pts',(-388.576856709897,-75.1168681350809,500.));
#2300=CARTESIAN_POINT('Ctrl Pts',(-386.594496000157,-75.5168926672598,-500.));
#2301=CARTESIAN_POINT('Ctrl Pts',(-386.594496000157,-75.5168926672598,500.));
#2302=CARTESIAN_POINT('Ctrl Pts',(-384.604483456808,-75.9105894949616,-500.));
#2303=CARTESIAN_POINT('Ctrl Pts',(-384.604483456808,-75.9105894949616,500.));
#2304=CARTESIAN_POINT('Ctrl Pts',(-382.606911972441,-76.2979984285086,-500.));
#2305=CARTESIAN_POINT('Ctrl Pts',(-382.606911972441,-76.2979984285086,500.));
#2306=CARTESIAN_POINT('Ctrl Pts',(-380.601881813523,-76.6791528615048,-500.));
#2307=CARTESIAN_POINT('Ctrl Pts',(-380.601881813523,-76.6791528615048,500.));
#2308=CARTESIAN_POINT('Ctrl Pts',(-378.589497599737,-77.0540825655748,-500.));
#2309=CARTESIAN_POINT('Ctrl Pts',(-378.589497599737,-77.0540825655748,500.));
#2310=CARTESIAN_POINT('Ctrl Pts',(-376.569866295895,-77.4228161121411,-500.));
#2311=CARTESIAN_POINT('Ctrl Pts',(-376.569866295895,-77.4228161121411,500.));
#2312=CARTESIAN_POINT('Ctrl Pts',(-374.54309479963,-77.7853834546849,-500.));
#2313=CARTESIAN_POINT('Ctrl Pts',(-374.54309479963,-77.7853834546849,500.));
#2314=CARTESIAN_POINT('Ctrl Pts',(-372.509287715765,-78.1418184082764,-500.));
#2315=CARTESIAN_POINT('Ctrl Pts',(-372.509287715765,-78.1418184082764,500.));
#2316=CARTESIAN_POINT('Ctrl Pts',(-370.468545010463,-78.4921612667593,-500.));
#2317=CARTESIAN_POINT('Ctrl Pts',(-370.468545010463,-78.4921612667593,500.));
#2318=CARTESIAN_POINT('Ctrl Pts',(-368.42096182679,-78.8364570418703,-500.));
#2319=CARTESIAN_POINT('Ctrl Pts',(-368.42096182679,-78.8364570418703,500.));
#2320=CARTESIAN_POINT('Ctrl Pts',(-366.366628371579,-79.1747536161988,-500.));
#2321=CARTESIAN_POINT('Ctrl Pts',(-366.366628371579,-79.1747536161988,500.));
#2322=CARTESIAN_POINT('Ctrl Pts',(-364.305629721315,-79.5070998811343,-500.));
#2323=CARTESIAN_POINT('Ctrl Pts',(-364.305629721315,-79.5070998811343,500.));
#2324=CARTESIAN_POINT('Ctrl Pts',(-362.238045788796,-79.8335439867474,-500.));
#2325=CARTESIAN_POINT('Ctrl Pts',(-362.238045788796,-79.8335439867474,500.));
#2326=CARTESIAN_POINT('Ctrl Pts',(-360.163950902389,-80.1541312777054,-500.));
#2327=CARTESIAN_POINT('Ctrl Pts',(-360.163950902389,-80.1541312777054,500.));
#2328=CARTESIAN_POINT('Ctrl Pts',(-358.083415105627,-80.4689036755326,-500.));
#2329=CARTESIAN_POINT('Ctrl Pts',(-358.083415105627,-80.4689036755326,500.));
#2330=CARTESIAN_POINT('Ctrl Pts',(-355.996506381679,-80.7778998852101,-500.));
#2331=CARTESIAN_POINT('Ctrl Pts',(-355.996506381679,-80.7778998852101,500.));
#2332=CARTESIAN_POINT('Ctrl Pts',(-353.90329264189,-81.0811553193101,-500.));
#2333=CARTESIAN_POINT('Ctrl Pts',(-353.90329264189,-81.0811553193101,500.));
#2334=CARTESIAN_POINT('Ctrl Pts',(-351.803843703628,-81.3787022013741,-500.));
#2335=CARTESIAN_POINT('Ctrl Pts',(-351.803843703628,-81.3787022013741,500.));
#2336=CARTESIAN_POINT('Ctrl Pts',(-349.698233531156,-81.6705694439894,-500.));
#2337=CARTESIAN_POINT('Ctrl Pts',(-349.698233531156,-81.6705694439894,500.));
#2338=CARTESIAN_POINT('Ctrl Pts',(-347.586541564518,-81.9567830856328,-500.));
#2339=CARTESIAN_POINT('Ctrl Pts',(-347.586541564518,-81.9567830856328,500.));
#2340=CARTESIAN_POINT('Ctrl Pts',(-345.468850600313,-82.2373687738541,-500.));
#2341=CARTESIAN_POINT('Ctrl Pts',(-345.468850600313,-82.2373687738541,500.));
#2342=CARTESIAN_POINT('Ctrl Pts',(-343.345245236735,-82.5123538600169,-500.));
#2343=CARTESIAN_POINT('Ctrl Pts',(-343.345245236735,-82.5123538600169,500.));
#2344=CARTESIAN_POINT('Ctrl Pts',(-341.215810057318,-82.7817697888575,-500.));
#2345=CARTESIAN_POINT('Ctrl Pts',(-341.215810057318,-82.7817697888575,500.));
#2346=CARTESIAN_POINT('Ctrl Pts',(-339.080628018348,-83.0456540332901,-500.));
#2347=CARTESIAN_POINT('Ctrl Pts',(-339.080628018348,-83.0456540332901,500.));
#2348=CARTESIAN_POINT('Ctrl Pts',(-336.939778511347,-83.3040530702268,-500.));
#2349=CARTESIAN_POINT('Ctrl Pts',(-336.939778511347,-83.3040530702268,500.));
#2350=CARTESIAN_POINT('Ctrl Pts',(-334.793337064091,-83.5570196124301,-500.));
#2351=CARTESIAN_POINT('Ctrl Pts',(-334.793337064091,-83.5570196124301,500.));
#2352=CARTESIAN_POINT('Ctrl Pts',(-332.641375589321,-83.8046079633255,-500.));
#2353=CARTESIAN_POINT('Ctrl Pts',(-332.641375589321,-83.8046079633255,500.));
#2354=CARTESIAN_POINT('Ctrl Pts',(-330.483962440954,-84.0468698939909,-500.));
#2355=CARTESIAN_POINT('Ctrl Pts',(-330.483962440954,-84.0468698939909,500.));
#2356=CARTESIAN_POINT('Ctrl Pts',(-328.321162577935,-84.2838505194285,-500.));
#2357=CARTESIAN_POINT('Ctrl Pts',(-328.321162577935,-84.2838505194285,500.));
#2358=CARTESIAN_POINT('Ctrl Pts',(-326.153037616849,-84.5155836576967,-500.));
#2359=CARTESIAN_POINT('Ctrl Pts',(-326.153037616849,-84.5155836576967,500.));
#2360=CARTESIAN_POINT('Ctrl Pts',(-323.979646130029,-84.742088974986,-500.));
#2361=CARTESIAN_POINT('Ctrl Pts',(-323.979646130029,-84.742088974986,500.));
#2362=CARTESIAN_POINT('Ctrl Pts',(-321.801045113463,-84.9633781876938,-500.));
#2363=CARTESIAN_POINT('Ctrl Pts',(-321.801045113463,-84.9633781876938,500.));
#2364=CARTESIAN_POINT('Ctrl Pts',(-319.617291260387,-85.1794599268932,-500.));
#2365=CARTESIAN_POINT('Ctrl Pts',(-319.617291260387,-85.1794599268932,500.));
#2366=CARTESIAN_POINT('Ctrl Pts',(-317.42844239384,-85.3903453866622,-500.));
#2367=CARTESIAN_POINT('Ctrl Pts',(-317.42844239384,-85.3903453866622,500.));
#2368=CARTESIAN_POINT('Ctrl Pts',(-315.234558639748,-85.5960530331065,-500.));
#2369=CARTESIAN_POINT('Ctrl Pts',(-315.234558639748,-85.5960530331065,500.));
#2370=CARTESIAN_POINT('Ctrl Pts',(-313.035704188748,-85.796615223578,-500.));
#2371=CARTESIAN_POINT('Ctrl Pts',(-313.035704188748,-85.796615223578,500.));
#2372=CARTESIAN_POINT('Ctrl Pts',(-310.831946760788,-85.9920775561055,-500.));
#2373=CARTESIAN_POINT('Ctrl Pts',(-310.831946760788,-85.9920775561055,500.));
#2374=CARTESIAN_POINT('Ctrl Pts',(-308.623355244069,-86.1824924877342,-500.));
#2375=CARTESIAN_POINT('Ctrl Pts',(-308.623355244069,-86.1824924877342,500.));
#2376=CARTESIAN_POINT('Ctrl Pts',(-306.409997886345,-86.3679146568765,-500.));
#2377=CARTESIAN_POINT('Ctrl Pts',(-306.409997886345,-86.3679146568765,500.));
#2378=CARTESIAN_POINT('Ctrl Pts',(-304.191940198418,-86.5483953771023,-500.));
#2379=CARTESIAN_POINT('Ctrl Pts',(-304.191940198418,-86.5483953771023,500.));
#2380=CARTESIAN_POINT('Ctrl Pts',(-301.969243122721,-86.7239777850647,-500.));
#2381=CARTESIAN_POINT('Ctrl Pts',(-301.969243122721,-86.7239777850647,500.));
#2382=CARTESIAN_POINT('Ctrl Pts',(-299.741960711757,-86.8946909132897,-500.));
#2383=CARTESIAN_POINT('Ctrl Pts',(-299.741960711757,-86.8946909132897,500.));
#2384=CARTESIAN_POINT('Ctrl Pts',(-297.51014215844,-87.060552981779,-500.));
#2385=CARTESIAN_POINT('Ctrl Pts',(-297.51014215844,-87.060552981779,500.));
#2386=CARTESIAN_POINT('Ctrl Pts',(-295.273834423861,-87.2215759588937,-500.));
#2387=CARTESIAN_POINT('Ctrl Pts',(-295.273834423861,-87.2215759588937,500.));
#2388=CARTESIAN_POINT('Ctrl Pts',(-293.033084687925,-87.3777697208281,-500.));
#2389=CARTESIAN_POINT('Ctrl Pts',(-293.033084687925,-87.3777697208281,500.));
#2390=CARTESIAN_POINT('Ctrl Pts',(-290.787942800372,-87.5291462800269,-500.));
#2391=CARTESIAN_POINT('Ctrl Pts',(-290.787942800372,-87.5291462800269,500.));
#2392=CARTESIAN_POINT('Ctrl Pts',(-288.538463907644,-87.6757242211607,-500.));
#2393=CARTESIAN_POINT('Ctrl Pts',(-288.538463907644,-87.6757242211607,500.));
#2394=CARTESIAN_POINT('Ctrl Pts',(-286.284710490739,-87.8175323568413,-500.));
#2395=CARTESIAN_POINT('Ctrl Pts',(-286.284710490739,-87.8175323568413,500.));
#2396=CARTESIAN_POINT('Ctrl Pts',(-284.026749182371,-87.95460639112,-500.));
#2397=CARTESIAN_POINT('Ctrl Pts',(-284.026749182371,-87.95460639112,500.));
#2398=CARTESIAN_POINT('Ctrl Pts',(-281.764648097785,-88.0869862532403,-500.));
#2399=CARTESIAN_POINT('Ctrl Pts',(-281.764648097785,-88.0869862532403,500.));
#2400=CARTESIAN_POINT('Ctrl Pts',(-279.498473881089,-88.2147130965857,-500.));
#2401=CARTESIAN_POINT('Ctrl Pts',(-279.498473881089,-88.2147130965857,500.));
#2402=CARTESIAN_POINT('Ctrl Pts',(-277.228289072939,-88.3378266182119,-500.));
#2403=CARTESIAN_POINT('Ctrl Pts',(-277.228289072939,-88.3378266182119,500.));
#2404=CARTESIAN_POINT('Ctrl Pts',(-274.954148856792,-88.456361810797,-500.));
#2405=CARTESIAN_POINT('Ctrl Pts',(-274.954148856792,-88.456361810797,500.));
#2406=CARTESIAN_POINT('Ctrl Pts',(-272.676099648604,-88.5703473602898,-500.));
#2407=CARTESIAN_POINT('Ctrl Pts',(-272.676099648604,-88.5703473602898,500.));
#2408=CARTESIAN_POINT('Ctrl Pts',(-270.394182118242,-88.6798079802044,-500.));
#2409=CARTESIAN_POINT('Ctrl Pts',(-270.394182118242,-88.6798079802044,500.));
#2410=CARTESIAN_POINT('Ctrl Pts',(-268.10843330882,-88.7847659467145,-500.));
#2411=CARTESIAN_POINT('Ctrl Pts',(-268.10843330882,-88.7847659467145,500.));
#2412=CARTESIAN_POINT('Ctrl Pts',(-265.818889189137,-88.8852430145471,-500.));
#2413=CARTESIAN_POINT('Ctrl Pts',(-265.818889189137,-88.8852430145471,500.));
#2414=CARTESIAN_POINT('Ctrl Pts',(-263.525586849428,-88.9812620247376,-500.));
#2415=CARTESIAN_POINT('Ctrl Pts',(-263.525586849428,-88.9812620247376,500.));
#2416=CARTESIAN_POINT('Ctrl Pts',(-261.228567270923,-89.0728490012168,-500.));
#2417=CARTESIAN_POINT('Ctrl Pts',(-261.228567270923,-89.0728490012168,500.));
#2418=CARTESIAN_POINT('Ctrl Pts',(-258.927876307442,-89.1600337297359,-500.));
#2419=CARTESIAN_POINT('Ctrl Pts',(-258.927876307442,-89.1600337297359,500.));
#2420=CARTESIAN_POINT('Ctrl Pts',(-256.623563351272,-89.2428483637813,-500.));
#2421=CARTESIAN_POINT('Ctrl Pts',(-256.623563351272,-89.2428483637813,500.));
#2422=CARTESIAN_POINT('Ctrl Pts',(-254.315680577995,-89.3213265358283,-500.));
#2423=CARTESIAN_POINT('Ctrl Pts',(-254.315680577995,-89.3213265358283,500.));
#2424=CARTESIAN_POINT('Ctrl Pts',(-252.004281948294,-89.3955022305455,-500.));
#2425=CARTESIAN_POINT('Ctrl Pts',(-252.004281948294,-89.3955022305455,500.));
#2426=CARTESIAN_POINT('Ctrl Pts',(-249.689422333376,-89.4654088368831,-500.));
#2427=CARTESIAN_POINT('Ctrl Pts',(-249.689422333376,-89.4654088368831,500.));
#2428=CARTESIAN_POINT('Ctrl Pts',(-247.371156538777,-89.5310779326309,-500.));
#2429=CARTESIAN_POINT('Ctrl Pts',(-247.371156538777,-89.5310779326309,500.));
#2430=CARTESIAN_POINT('Ctrl Pts',(-245.049538564289,-89.5925389511524,-500.));
#2431=CARTESIAN_POINT('Ctrl Pts',(-245.049538564289,-89.5925389511524,500.));
#2432=CARTESIAN_POINT('Ctrl Pts',(-242.724621048211,-89.6498196623544,-500.));
#2433=CARTESIAN_POINT('Ctrl Pts',(-242.724621048211,-89.6498196623544,500.));
#2434=CARTESIAN_POINT('Ctrl Pts',(-240.396454681988,-89.7029464289427,-500.));
#2435=CARTESIAN_POINT('Ctrl Pts',(-240.396454681988,-89.7029464289427,500.));
#2436=CARTESIAN_POINT('Ctrl Pts',(-238.06508759376,-89.7519445585432,-500.));
#2437=CARTESIAN_POINT('Ctrl Pts',(-238.06508759376,-89.7519445585432,500.));
#2438=CARTESIAN_POINT('Ctrl Pts',(-235.730564845089,-89.7968386055591,-500.));
#2439=CARTESIAN_POINT('Ctrl Pts',(-235.730564845089,-89.7968386055591,500.));
#2440=CARTESIAN_POINT('Ctrl Pts',(-233.392927630715,-89.8376527174947,-500.));
#2441=CARTESIAN_POINT('Ctrl Pts',(-233.392927630715,-89.8376527174947,500.));
#2442=CARTESIAN_POINT('Ctrl Pts',(-231.052213647897,-89.8744108668367,-500.));
#2443=CARTESIAN_POINT('Ctrl Pts',(-231.052213647897,-89.8744108668367,500.));
#2444=CARTESIAN_POINT('Ctrl Pts',(-228.708458461247,-89.907136997667,-500.));
#2445=CARTESIAN_POINT('Ctrl Pts',(-228.708458461247,-89.907136997667,500.));
#2446=CARTESIAN_POINT('Ctrl Pts',(-226.361696566599,-89.9358551936808,-500.));
#2447=CARTESIAN_POINT('Ctrl Pts',(-226.361696566599,-89.9358551936808,500.));
#2448=CARTESIAN_POINT('Ctrl Pts',(-224.011962619164,-89.9605898424659,-500.));
#2449=CARTESIAN_POINT('Ctrl Pts',(-224.011962619164,-89.9605898424659,500.));
#2450=CARTESIAN_POINT('Ctrl Pts',(-221.659292496936,-89.9813657897592,-500.));
#2451=CARTESIAN_POINT('Ctrl Pts',(-221.659292496936,-89.9813657897592,500.));
#2452=CARTESIAN_POINT('Ctrl Pts',(-219.303724668829,-89.9982085267941,-500.));
#2453=CARTESIAN_POINT('Ctrl Pts',(-219.303724668829,-89.9982085267941,500.));
#2454=CARTESIAN_POINT('Ctrl Pts',(-216.945300478305,-90.0111442469764,-500.));
#2455=CARTESIAN_POINT('Ctrl Pts',(-216.945300478305,-90.0111442469764,500.));
#2456=CARTESIAN_POINT('Ctrl Pts',(-214.584063457662,-90.0201997878881,-500.));
#2457=CARTESIAN_POINT('Ctrl Pts',(-214.584063457662,-90.0201997878881,500.));
#2458=CARTESIAN_POINT('Ctrl Pts',(-212.220058908398,-90.0254025980688,-500.));
#2459=CARTESIAN_POINT('Ctrl Pts',(-212.220058908398,-90.0254025980688,500.));
#2460=CARTESIAN_POINT('Ctrl Pts',(-209.853333378782,-90.026780709219,-500.));
#2461=CARTESIAN_POINT('Ctrl Pts',(-209.853333378782,-90.026780709219,500.));
#2462=CARTESIAN_POINT('Ctrl Pts',(-207.483934171199,-90.0243626700588,-500.));
#2463=CARTESIAN_POINT('Ctrl Pts',(-207.483934171199,-90.0243626700588,500.));
#2464=CARTESIAN_POINT('Ctrl Pts',(-205.111908871848,-90.0181775853137,-500.));
#2465=CARTESIAN_POINT('Ctrl Pts',(-205.111908871848,-90.0181775853137,500.));
#2466=CARTESIAN_POINT('Ctrl Pts',(-202.737304735619,-90.008254772681,-500.));
#2467=CARTESIAN_POINT('Ctrl Pts',(-202.737304735619,-90.008254772681,500.));
#2468=CARTESIAN_POINT('Ctrl Pts',(-200.360167867555,-89.9946229485683,-500.));
#2469=CARTESIAN_POINT('Ctrl Pts',(-200.360167867555,-89.9946229485683,500.));
#2470=CARTESIAN_POINT('Ctrl Pts',(-197.980542482158,-89.9773095599094,-500.));
#2471=CARTESIAN_POINT('Ctrl Pts',(-197.980542482158,-89.9773095599094,500.));
#2472=CARTESIAN_POINT('Ctrl Pts',(-195.59847007772,-89.9563400040224,-500.));
#2473=CARTESIAN_POINT('Ctrl Pts',(-195.59847007772,-89.9563400040224,500.));
#2474=CARTESIAN_POINT('Ctrl Pts',(-193.213988769946,-89.9317370176055,-500.));
#2475=CARTESIAN_POINT('Ctrl Pts',(-193.213988769946,-89.9317370176055,500.));
#2476=CARTESIAN_POINT('Ctrl Pts',(-190.827132258541,-89.9035196986107,-500.));
#2477=CARTESIAN_POINT('Ctrl Pts',(-190.827132258541,-89.9035196986107,500.));
#2478=CARTESIAN_POINT('Ctrl Pts',(-188.437929968946,-89.871703689546,-500.));
#2479=CARTESIAN_POINT('Ctrl Pts',(-188.437929968946,-89.871703689546,500.));
#2480=CARTESIAN_POINT('Ctrl Pts',(-186.046409403979,-89.8363035436617,-500.));
#2481=CARTESIAN_POINT('Ctrl Pts',(-186.046409403979,-89.8363035436617,500.));
#2482=CARTESIAN_POINT('Ctrl Pts',(-183.652597984225,-89.7973345817936,-500.));
#2483=CARTESIAN_POINT('Ctrl Pts',(-183.652597984225,-89.7973345817936,500.));
#2484=CARTESIAN_POINT('Ctrl Pts',(-181.256525150174,-89.7548150191522,-500.));
#2485=CARTESIAN_POINT('Ctrl Pts',(-181.256525150174,-89.7548150191522,500.));
#2486=CARTESIAN_POINT('Ctrl Pts',(-178.858224221974,-89.708767825611,-500.));
#2487=CARTESIAN_POINT('Ctrl Pts',(-178.858224221974,-89.708767825611,500.));
#2488=CARTESIAN_POINT('Ctrl Pts',(-176.457734676161,-89.65922306274,-500.));
#2489=CARTESIAN_POINT('Ctrl Pts',(-176.457734676161,-89.65922306274,500.));
#2490=CARTESIAN_POINT('Ctrl Pts',(-174.055103283442,-89.6062189045508,-500.));
#2491=CARTESIAN_POINT('Ctrl Pts',(-174.055103283442,-89.6062189045508,500.));
#2492=CARTESIAN_POINT('Ctrl Pts',(-171.650380847996,-89.5497975618145,-500.));
#2493=CARTESIAN_POINT('Ctrl Pts',(-171.650380847996,-89.5497975618145,500.));
#2494=CARTESIAN_POINT('Ctrl Pts',(-169.243619614729,-89.4900019820525,-500.));
#2495=CARTESIAN_POINT('Ctrl Pts',(-169.243619614729,-89.4900019820525,500.));
#2496=CARTESIAN_POINT('Ctrl Pts',(-166.834870404851,-89.4268722311353,-500.));
#2497=CARTESIAN_POINT('Ctrl Pts',(-166.834870404851,-89.4268722311353,500.));
#2498=CARTESIAN_POINT('Ctrl Pts',(-164.424179891463,-89.3604420452779,-500.));
#2499=CARTESIAN_POINT('Ctrl Pts',(-164.424179891463,-89.3604420452779,500.));
#2500=CARTESIAN_POINT('Ctrl Pts',(-162.011587757576,-89.2907352275826,-500.));
#2501=CARTESIAN_POINT('Ctrl Pts',(-162.011587757576,-89.2907352275826,500.));
#2502=CARTESIAN_POINT('Ctrl Pts',(-159.597124065138,-89.2177623411303,-500.));
#2503=CARTESIAN_POINT('Ctrl Pts',(-159.597124065138,-89.2177623411303,500.));
#2504=CARTESIAN_POINT('Ctrl Pts',(-157.180812294962,-89.1415254897008,-500.));
#2505=CARTESIAN_POINT('Ctrl Pts',(-157.180812294962,-89.1415254897008,500.));
#2506=CARTESIAN_POINT('Ctrl Pts',(-154.762672238218,-89.0620228916628,-500.));
#2507=CARTESIAN_POINT('Ctrl Pts',(-154.762672238218,-89.0620228916628,500.));
#2508=CARTESIAN_POINT('Ctrl Pts',(-152.342722905355,-88.9792534654677,-500.));
#2509=CARTESIAN_POINT('Ctrl Pts',(-152.342722905355,-88.9792534654677,500.));
#2510=CARTESIAN_POINT('Ctrl Pts',(-149.920985513585,-88.8932215588901,-500.));
#2511=CARTESIAN_POINT('Ctrl Pts',(-149.920985513585,-88.8932215588901,500.));
#2512=CARTESIAN_POINT('Ctrl Pts',(-147.497486238901,-88.8039412676525,-500.));
#2513=CARTESIAN_POINT('Ctrl Pts',(-147.497486238901,-88.8039412676525,500.));
#2514=CARTESIAN_POINT('Ctrl Pts',(-145.072259599974,-88.7114418484425,-500.));
#2515=CARTESIAN_POINT('Ctrl Pts',(-145.072259599974,-88.7114418484425,500.));
#2516=CARTESIAN_POINT('Ctrl Pts',(-142.645346898359,-88.6157645756227,-500.));
#2517=CARTESIAN_POINT('Ctrl Pts',(-142.645346898359,-88.6157645756227,500.));
#2518=CARTESIAN_POINT('Ctrl Pts',(-140.216793653212,-88.5169578528262,-500.));
#2519=CARTESIAN_POINT('Ctrl Pts',(-140.216793653212,-88.5169578528262,500.));
#2520=CARTESIAN_POINT('Ctrl Pts',(-137.786647423177,-88.4150730059214,-500.));
#2521=CARTESIAN_POINT('Ctrl Pts',(-137.786647423177,-88.4150730059214,500.));
#2522=CARTESIAN_POINT('Ctrl Pts',(-135.354955378238,-88.3101596169683,-500.));
#2523=CARTESIAN_POINT('Ctrl Pts',(-135.354955378238,-88.3101596169683,500.));
#2524=CARTESIAN_POINT('Ctrl Pts',(-132.92176218254,-88.2022614577808,-500.));
#2525=CARTESIAN_POINT('Ctrl Pts',(-132.92176218254,-88.2022614577808,500.));
#2526=CARTESIAN_POINT('Ctrl Pts',(-130.487107233788,-88.0914111580059,-500.));
#2527=CARTESIAN_POINT('Ctrl Pts',(-130.487107233788,-88.0914111580059,500.));
#2528=CARTESIAN_POINT('Ctrl Pts',(-128.051024461634,-87.9776299293115,-500.));
#2529=CARTESIAN_POINT('Ctrl Pts',(-128.051024461634,-87.9776299293115,500.));
#2530=CARTESIAN_POINT('Ctrl Pts',(-125.613543903349,-87.8609308042238,-500.));
#2531=CARTESIAN_POINT('Ctrl Pts',(-125.613543903349,-87.8609308042238,500.));
#2532=CARTESIAN_POINT('Ctrl Pts',(-123.174692746579,-87.741320821104,-500.));
#2533=CARTESIAN_POINT('Ctrl Pts',(-123.174692746579,-87.741320821104,500.));
#2534=CARTESIAN_POINT('Ctrl Pts',(-120.734496610792,-87.618803680831,-500.));
#2535=CARTESIAN_POINT('Ctrl Pts',(-120.734496610792,-87.618803680831,500.));
#2536=CARTESIAN_POINT('Ctrl Pts',(-118.292980682475,-87.4933821151296,-500.));
#2537=CARTESIAN_POINT('Ctrl Pts',(-118.292980682475,-87.4933821151296,500.));
#2538=CARTESIAN_POINT('Ctrl Pts',(-115.850171019492,-87.3650605873019,-500.));
#2539=CARTESIAN_POINT('Ctrl Pts',(-115.850171019492,-87.3650605873019,500.));
#2540=CARTESIAN_POINT('Ctrl Pts',(-113.40609543211,-87.2338471624783,-500.));
#2541=CARTESIAN_POINT('Ctrl Pts',(-113.40609543211,-87.2338471624783,500.));
#2542=CARTESIAN_POINT('Ctrl Pts',(-110.960783473603,-87.0997536318531,-500.));
#2543=CARTESIAN_POINT('Ctrl Pts',(-110.960783473603,-87.0997536318531,500.));
#2544=CARTESIAN_POINT('Ctrl Pts',(-108.514266609433,-86.9627959869804,-500.));
#2545=CARTESIAN_POINT('Ctrl Pts',(-108.514266609433,-86.9627959869804,500.));
#2546=CARTESIAN_POINT('Ctrl Pts',(-106.066578317693,-86.8229947594702,-500.));
#2547=CARTESIAN_POINT('Ctrl Pts',(-106.066578317693,-86.8229947594702,500.));
#2548=CARTESIAN_POINT('Ctrl Pts',(-103.617754213575,-86.6803754074169,-500.));
#2549=CARTESIAN_POINT('Ctrl Pts',(-103.617754213575,-86.6803754074169,500.));
#2550=CARTESIAN_POINT('Ctrl Pts',(-101.167832176152,-86.5349687072455,-500.));
#2551=CARTESIAN_POINT('Ctrl Pts',(-101.167832176152,-86.5349687072455,500.));
#2552=CARTESIAN_POINT('Ctrl Pts',(-98.7168524392128,-86.386811072585,-500.));
#2553=CARTESIAN_POINT('Ctrl Pts',(-98.7168524392128,-86.386811072585,500.));
#2554=CARTESIAN_POINT('Ctrl Pts',(-96.264856304699,-86.2359420518681,-500.));
#2555=CARTESIAN_POINT('Ctrl Pts',(-96.264856304699,-86.2359420518681,500.));
#2556=CARTESIAN_POINT('Ctrl Pts',(-93.8118848777294,-86.0824018759779,-500.));
#2557=CARTESIAN_POINT('Ctrl Pts',(-93.8118848777294,-86.0824018759779,500.));
#2558=CARTESIAN_POINT('Ctrl Pts',(-91.3579778236782,-85.9262290372322,-500.));
#2559=CARTESIAN_POINT('Ctrl Pts',(-91.3579778236782,-85.9262290372322,500.));
#2560=CARTESIAN_POINT('Ctrl Pts',(-88.9031720475224,-85.7674577414409,-500.));
#2561=CARTESIAN_POINT('Ctrl Pts',(-88.9031720475224,-85.7674577414409,500.));
#2562=CARTESIAN_POINT('Ctrl Pts',(-86.4475005665965,-85.6061156804264,-500.));
#2563=CARTESIAN_POINT('Ctrl Pts',(-86.4475005665965,-85.6061156804264,500.));
#2564=CARTESIAN_POINT('Ctrl Pts',(-83.9909908892151,-85.4422209838819,-500.));
#2565=CARTESIAN_POINT('Ctrl Pts',(-83.9909908892151,-85.4422209838819,500.));
#2566=CARTESIAN_POINT('Ctrl Pts',(-81.5336660749498,-85.275783621897,-500.));
#2567=CARTESIAN_POINT('Ctrl Pts',(-81.5336660749498,-85.275783621897,500.));
#2568=CARTESIAN_POINT('Ctrl Pts',(-79.0755468087186,-85.1068084797895,-500.));
#2569=CARTESIAN_POINT('Ctrl Pts',(-79.0755468087186,-85.1068084797895,500.));
#2570=CARTESIAN_POINT('Ctrl Pts',(-76.6166531102548,-84.935297849088,-500.));
#2571=CARTESIAN_POINT('Ctrl Pts',(-76.6166531102548,-84.935297849088,500.));
#2572=CARTESIAN_POINT('Ctrl Pts',(-74.1570062693274,-84.7612542444613,-500.));
#2573=CARTESIAN_POINT('Ctrl Pts',(-74.1570062693274,-84.7612542444613,500.));
#2574=CARTESIAN_POINT('Ctrl Pts',(-71.6966305132559,-84.5846828896486,-500.));
#2575=CARTESIAN_POINT('Ctrl Pts',(-71.6966305132559,-84.5846828896486,500.));
#2576=CARTESIAN_POINT('Ctrl Pts',(-69.2355552062333,-84.4055948118892,-500.));
#2577=CARTESIAN_POINT('Ctrl Pts',(-69.2355552062333,-84.4055948118892,500.));
#2578=CARTESIAN_POINT('Ctrl Pts',(-66.773815352205,-84.2240080330163,-500.));
#2579=CARTESIAN_POINT('Ctrl Pts',(-66.773815352205,-84.2240080330163,500.));
#2580=CARTESIAN_POINT('Ctrl Pts',(-64.3114494558421,-84.0399458110802,-500.));
#2581=CARTESIAN_POINT('Ctrl Pts',(-64.3114494558421,-84.0399458110802,500.));
#2582=CARTESIAN_POINT('Ctrl Pts',(-61.8484980063935,-83.8534355731303,-500.));
#2583=CARTESIAN_POINT('Ctrl Pts',(-61.8484980063935,-83.8534355731303,500.));
#2584=CARTESIAN_POINT('Ctrl Pts',(-59.3850017020444,-83.6645075680523,-500.));
#2585=CARTESIAN_POINT('Ctrl Pts',(-59.3850017020444,-83.6645075680523,500.));
#2586=CARTESIAN_POINT('Ctrl Pts',(-56.9209998046553,-83.473193642393,-500.));
#2587=CARTESIAN_POINT('Ctrl Pts',(-56.9209998046553,-83.473193642393,500.));
#2588=CARTESIAN_POINT('Ctrl Pts',(-54.4565283923829,-83.2795259555506,-500.));
#2589=CARTESIAN_POINT('Ctrl Pts',(-54.4565283923829,-83.2795259555506,500.));
#2590=CARTESIAN_POINT('Ctrl Pts',(-51.9916187861948,-83.0835357434487,-500.));
#2591=CARTESIAN_POINT('Ctrl Pts',(-51.9916187861948,-83.0835357434487,500.));
#2592=CARTESIAN_POINT('Ctrl Pts',(-49.5262988873377,-82.8852526381967,-500.));
#2593=CARTESIAN_POINT('Ctrl Pts',(-49.5262988873377,-82.8852526381967,500.));
#2594=CARTESIAN_POINT('Ctrl Pts',(-47.0605943957745,-82.684703951937,-500.));
#2595=CARTESIAN_POINT('Ctrl Pts',(-47.0605943957745,-82.684703951937,500.));
#2596=CARTESIAN_POINT('Ctrl Pts',(-44.5945300524322,-82.4819140019358,-500.));
#2597=CARTESIAN_POINT('Ctrl Pts',(-44.5945300524322,-82.4819140019358,500.));
#2598=CARTESIAN_POINT('Ctrl Pts',(-42.1281309185315,-82.2769033546878,-500.));
#2599=CARTESIAN_POINT('Ctrl Pts',(-42.1281309185315,-82.2769033546878,500.));
#2600=CARTESIAN_POINT('Ctrl Pts',(-39.6614235285831,-82.0696882533223,-500.));
#2601=CARTESIAN_POINT('Ctrl Pts',(-39.6614235285831,-82.0696882533223,500.));
#2602=CARTESIAN_POINT('Ctrl Pts',(-37.1944373801007,-81.8602795860777,-500.));
#2603=CARTESIAN_POINT('Ctrl Pts',(-37.1944373801007,-81.8602795860777,500.));
#2604=CARTESIAN_POINT('Ctrl Pts',(-34.7272046642701,-81.6486842309415,-500.));
#2605=CARTESIAN_POINT('Ctrl Pts',(-34.7272046642701,-81.6486842309415,500.));
#2606=CARTESIAN_POINT('Ctrl Pts',(-32.2597592753868,-81.4349073865683,-500.));
#2607=CARTESIAN_POINT('Ctrl Pts',(-32.2597592753868,-81.4349073865683,500.));
#2608=CARTESIAN_POINT('Ctrl Pts',(-29.792136063559,-81.2189545468262,-500.));
#2609=CARTESIAN_POINT('Ctrl Pts',(-29.792136063559,-81.2189545468262,500.));
#2610=CARTESIAN_POINT('Ctrl Pts',(-27.3243699637168,-81.000833707157,-500.));
#2611=CARTESIAN_POINT('Ctrl Pts',(-27.3243699637168,-81.000833707157,500.));
#2612=CARTESIAN_POINT('Ctrl Pts',(-24.8564952294907,-80.7805572783226,-500.));
#2613=CARTESIAN_POINT('Ctrl Pts',(-24.8564952294907,-80.7805572783226,500.));
#2614=CARTESIAN_POINT('Ctrl Pts',(-22.3885444963491,-80.5581445945656,-500.));
#2615=CARTESIAN_POINT('Ctrl Pts',(-22.3885444963491,-80.5581445945656,500.));
#2616=CARTESIAN_POINT('Ctrl Pts',(-19.9205483411162,-80.3336225887875,-500.));
#2617=CARTESIAN_POINT('Ctrl Pts',(-19.9205483411162,-80.3336225887875,500.));
#2618=CARTESIAN_POINT('Ctrl Pts',(-17.4525358006088,-80.1070228839399,-500.));
#2619=CARTESIAN_POINT('Ctrl Pts',(-17.4525358006088,-80.1070228839399,500.));
#2620=CARTESIAN_POINT('Ctrl Pts',(-14.984534685526,-79.8783796499084,-500.));
#2621=CARTESIAN_POINT('Ctrl Pts',(-14.984534685526,-79.8783796499084,500.));
#2622=CARTESIAN_POINT('Ctrl Pts',(-12.5165719760035,-79.6477271576387,-500.));
#2623=CARTESIAN_POINT('Ctrl Pts',(-12.5165719760035,-79.6477271576387,500.));
#2624=CARTESIAN_POINT('Ctrl Pts',(-10.0486741827644,-79.4150974546524,-500.));
#2625=CARTESIAN_POINT('Ctrl Pts',(-10.0486741827644,-79.4150974546524,500.));
#2626=CARTESIAN_POINT('Ctrl Pts',(-7.58086772189934,-79.1805180071854,-500.));
#2627=CARTESIAN_POINT('Ctrl Pts',(-7.58086772189934,-79.1805180071854,500.));
#2628=CARTESIAN_POINT('Ctrl Pts',(-5.11317928683861,-78.9440093047139,-500.));
#2629=CARTESIAN_POINT('Ctrl Pts',(-5.11317928683861,-78.9440093047139,500.));
#2630=CARTESIAN_POINT('Ctrl Pts',(-2.6456360689479,-78.7055860315476,-500.));
#2631=CARTESIAN_POINT('Ctrl Pts',(-2.6456360689479,-78.7055860315476,500.));
#2632=CARTESIAN_POINT('Ctrl Pts',(-0.178265979801939,-78.465258309096,-500.));
#2633=CARTESIAN_POINT('Ctrl Pts',(-0.178265979801939,-78.465258309096,500.));
#2634=CARTESIAN_POINT('Ctrl Pts',(2.28890213810812,-78.2230329097402,-500.));
#2635=CARTESIAN_POINT('Ctrl Pts',(2.28890213810812,-78.2230329097402,500.));
#2636=CARTESIAN_POINT('Ctrl Pts',(4.75583827086686,-77.9789144873481,-500.));
#2637=CARTESIAN_POINT('Ctrl Pts',(4.75583827086686,-77.9789144873481,500.));
#2638=CARTESIAN_POINT('Ctrl Pts',(7.22251106355223,-77.7329067898059,-500.));
#2639=CARTESIAN_POINT('Ctrl Pts',(7.22251106355223,-77.7329067898059,500.));
#2640=CARTESIAN_POINT('Ctrl Pts',(9.68888747379803,-77.4850139062996,-500.));
#2641=CARTESIAN_POINT('Ctrl Pts',(9.68888747379803,-77.4850139062996,500.));
#2642=CARTESIAN_POINT('Ctrl Pts',(12.1549331943142,-77.2352413774136,-500.));
#2643=CARTESIAN_POINT('Ctrl Pts',(12.1549331943142,-77.2352413774136,500.));
#2644=CARTESIAN_POINT('Ctrl Pts',(14.6206135542152,-76.9835972406017,-500.));
#2645=CARTESIAN_POINT('Ctrl Pts',(14.6206135542152,-76.9835972406017,500.));
#2646=CARTESIAN_POINT('Ctrl Pts',(17.0858942611993,-76.7300930659579,-500.));
#2647=CARTESIAN_POINT('Ctrl Pts',(17.0858942611993,-76.7300930659579,500.));
#2648=CARTESIAN_POINT('Ctrl Pts',(19.5507422403609,-76.4747450602709,-500.));
#2649=CARTESIAN_POINT('Ctrl Pts',(19.5507422403609,-76.4747450602709,500.));
#2650=CARTESIAN_POINT('Ctrl Pts',(22.0151263603231,-76.2175749932738,-500.));
#2651=CARTESIAN_POINT('Ctrl Pts',(22.0151263603231,-76.2175749932738,500.));
#2652=CARTESIAN_POINT('Ctrl Pts',(24.4790183791664,-75.9586115575764,-500.));
#2653=CARTESIAN_POINT('Ctrl Pts',(24.4790183791664,-75.9586115575764,500.));
#2654=CARTESIAN_POINT('Ctrl Pts',(26.9423932577316,-75.6978904204442,-500.));
#2655=CARTESIAN_POINT('Ctrl Pts',(26.9423932577316,-75.6978904204442,500.));
#2656=CARTESIAN_POINT('Ctrl Pts',(29.4052275190109,-75.4354502023231,-500.));
#2657=CARTESIAN_POINT('Ctrl Pts',(29.4052275190109,-75.4354502023231,500.));
#2658=CARTESIAN_POINT('Ctrl Pts',(31.8674979343751,-75.1713291339056,-500.));
#2659=CARTESIAN_POINT('Ctrl Pts',(31.8674979343751,-75.1713291339056,500.));
#2660=CARTESIAN_POINT('Ctrl Pts',(34.3291800973686,-74.9055614881356,-500.));
#2661=CARTESIAN_POINT('Ctrl Pts',(34.3291800973686,-74.9055614881356,500.));
#2662=CARTESIAN_POINT('Ctrl Pts',(36.7902470082102,-74.6381740115756,-500.));
#2663=CARTESIAN_POINT('Ctrl Pts',(36.7902470082102,-74.6381740115756,500.));
#2664=CARTESIAN_POINT('Ctrl Pts',(39.250667741384,-74.3691825835282,-500.));
#2665=CARTESIAN_POINT('Ctrl Pts',(39.250667741384,-74.3691825835282,500.));
#2666=CARTESIAN_POINT('Ctrl Pts',(41.7104058420535,-74.0985881663883,-500.));
#2667=CARTESIAN_POINT('Ctrl Pts',(41.7104058420535,-74.0985881663883,500.));
#2668=CARTESIAN_POINT('Ctrl Pts',(44.1694210644974,-73.826381432964,-500.));
#2669=CARTESIAN_POINT('Ctrl Pts',(44.1694210644974,-73.826381432964,500.));
#2670=CARTESIAN_POINT('Ctrl Pts',(46.6276715082281,-73.5525484277815,-500.));
#2671=CARTESIAN_POINT('Ctrl Pts',(46.6276715082281,-73.5525484277815,500.));
#2672=CARTESIAN_POINT('Ctrl Pts',(49.0851155650594,-73.2770757320267,-500.));
#2673=CARTESIAN_POINT('Ctrl Pts',(49.0851155650594,-73.2770757320267,500.));
#2674=CARTESIAN_POINT('Ctrl Pts',(51.54171405164,-72.999956123731,-500.));
#2675=CARTESIAN_POINT('Ctrl Pts',(51.54171405164,-72.999956123731,500.));
#2676=CARTESIAN_POINT('Ctrl Pts',(53.9974320160008,-72.7211933591611,-500.));
#2677=CARTESIAN_POINT('Ctrl Pts',(53.9974320160008,-72.7211933591611,500.));
#2678=CARTESIAN_POINT('Ctrl Pts',(56.4522412969424,-72.4408089888174,-500.));
#2679=CARTESIAN_POINT('Ctrl Pts',(56.4522412969424,-72.4408089888174,500.));
#2680=CARTESIAN_POINT('Ctrl Pts',(58.9061201926852,-72.1588413557881,-500.));
#2681=CARTESIAN_POINT('Ctrl Pts',(58.9061201926852,-72.1588413557881,500.));
#2682=CARTESIAN_POINT('Ctrl Pts',(61.3590506964641,-71.875338007851,-500.));
#2683=CARTESIAN_POINT('Ctrl Pts',(61.3590506964641,-71.875338007851,500.));
#2684=CARTESIAN_POINT('Ctrl Pts',(63.8110164419152,-71.5903500395082,-500.));
#2685=CARTESIAN_POINT('Ctrl Pts',(63.8110164419152,-71.5903500395082,500.));
#2686=CARTESIAN_POINT('Ctrl Pts',(66.262000312461,-71.3039255024092,-500.));
#2687=CARTESIAN_POINT('Ctrl Pts',(66.262000312461,-71.3039255024092,500.));
#2688=CARTESIAN_POINT('Ctrl Pts',(68.711982297685,-71.016103536621,-500.));
#2689=CARTESIAN_POINT('Ctrl Pts',(68.711982297685,-71.016103536621,500.));
#2690=CARTESIAN_POINT('Ctrl Pts',(71.1609369967177,-70.7269074214279,-500.));
#2691=CARTESIAN_POINT('Ctrl Pts',(71.1609369967177,-70.7269074214279,500.));
#2692=CARTESIAN_POINT('Ctrl Pts',(73.6088320250524,-70.4363404369136,-500.));
#2693=CARTESIAN_POINT('Ctrl Pts',(73.6088320250524,-70.4363404369136,500.));
#2694=CARTESIAN_POINT('Ctrl Pts',(76.0556301042057,-70.1443932096153,-500.));
#2695=CARTESIAN_POINT('Ctrl Pts',(76.0556301042057,-70.1443932096153,500.));
#2696=CARTESIAN_POINT('Ctrl Pts',(78.5012906264474,-69.8510494326601,-500.));
#2697=CARTESIAN_POINT('Ctrl Pts',(78.5012906264474,-69.8510494326601,500.));
#2698=CARTESIAN_POINT('Ctrl Pts',(80.9457714120913,-69.5562921563374,-500.));
#2699=CARTESIAN_POINT('Ctrl Pts',(80.9457714120913,-69.5562921563374,500.));
#2700=CARTESIAN_POINT('Ctrl Pts',(83.3890304122488,-69.2601099800482,-500.));
#2701=CARTESIAN_POINT('Ctrl Pts',(83.3890304122488,-69.2601099800482,500.));
#2702=CARTESIAN_POINT('Ctrl Pts',(85.8310273703006,-68.9625029468709,-500.));
#2703=CARTESIAN_POINT('Ctrl Pts',(85.8310273703006,-68.9625029468709,500.));
#2704=CARTESIAN_POINT('Ctrl Pts',(88.2717256735955,-68.6634894730072,-500.));
#2705=CARTESIAN_POINT('Ctrl Pts',(88.2717256735955,-68.6634894730072,500.));
#2706=CARTESIAN_POINT('Ctrl Pts',(90.7110920761158,-68.3631019667775,-500.));
#2707=CARTESIAN_POINT('Ctrl Pts',(90.7110920761158,-68.3631019667775,500.));
#2708=CARTESIAN_POINT('Ctrl Pts',(93.1490961415882,-68.0613808976244,-500.));
#2709=CARTESIAN_POINT('Ctrl Pts',(93.1490961415882,-68.0613808976244,500.));
#2710=CARTESIAN_POINT('Ctrl Pts',(95.5857097809789,-67.7583695259161,-500.));
#2711=CARTESIAN_POINT('Ctrl Pts',(95.5857097809789,-67.7583695259161,500.));
#2712=CARTESIAN_POINT('Ctrl Pts',(98.0209067612184,-67.4541081052356,-500.));
#2713=CARTESIAN_POINT('Ctrl Pts',(98.0209067612184,-67.4541081052356,500.));
#2714=CARTESIAN_POINT('Ctrl Pts',(100.454662200686,-67.1486288917051,-500.));
#2715=CARTESIAN_POINT('Ctrl Pts',(100.454662200686,-67.1486288917051,500.));
#2716=CARTESIAN_POINT('Ctrl Pts',(102.886952134479,-66.841949356778,-500.));
#2717=CARTESIAN_POINT('Ctrl Pts',(102.886952134479,-66.841949356778,500.));
#2718=CARTESIAN_POINT('Ctrl Pts',(105.317752767231,-66.5340724923971,-500.));
#2719=CARTESIAN_POINT('Ctrl Pts',(105.317752767231,-66.5340724923971,500.));
#2720=CARTESIAN_POINT('Ctrl Pts',(107.74703947315,-66.2249924507219,-500.));
#2721=CARTESIAN_POINT('Ctrl Pts',(107.74703947315,-66.2249924507219,500.));
#2722=CARTESIAN_POINT('Ctrl Pts',(110.174785891901,-65.9146985792409,-500.));
#2723=CARTESIAN_POINT('Ctrl Pts',(110.174785891901,-65.9146985792409,500.));
#2724=CARTESIAN_POINT('Ctrl Pts',(112.600962936635,-65.6031802354286,-500.));
#2725=CARTESIAN_POINT('Ctrl Pts',(112.600962936635,-65.6031802354286,500.));
#2726=CARTESIAN_POINT('Ctrl Pts',(115.025537951436,-65.2904309921074,-500.));
#2727=CARTESIAN_POINT('Ctrl Pts',(115.025537951436,-65.2904309921074,500.));
#2728=CARTESIAN_POINT('Ctrl Pts',(117.448473535048,-64.9764537682672,-500.));
#2729=CARTESIAN_POINT('Ctrl Pts',(117.448473535048,-64.9764537682672,500.));
#2730=CARTESIAN_POINT('Ctrl Pts',(119.869727372259,-64.6612634345689,-500.));
#2731=CARTESIAN_POINT('Ctrl Pts',(119.869727372259,-64.6612634345689,500.));
#2732=CARTESIAN_POINT('Ctrl Pts',(122.289254761431,-64.3448828040985,-500.));
#2733=CARTESIAN_POINT('Ctrl Pts',(122.289254761431,-64.3448828040985,500.));
#2734=CARTESIAN_POINT('Ctrl Pts',(124.707010638948,-64.0273398495636,-500.));
#2735=CARTESIAN_POINT('Ctrl Pts',(124.707010638948,-64.0273398495636,500.));
#2736=CARTESIAN_POINT('Ctrl Pts',(127.122951807446,-63.7086644304824,-500.));
#2737=CARTESIAN_POINT('Ctrl Pts',(127.122951807446,-63.7086644304824,500.));
#2738=CARTESIAN_POINT('Ctrl Pts',(129.537039066588,-63.3888852402544,-500.));
#2739=CARTESIAN_POINT('Ctrl Pts',(129.537039066588,-63.3888852402544,500.));
#2740=CARTESIAN_POINT('Ctrl Pts',(131.949239410593,-63.068026633265,-500.));
#2741=CARTESIAN_POINT('Ctrl Pts',(131.949239410593,-63.068026633265,500.));
#2742=CARTESIAN_POINT('Ctrl Pts',(134.359528128552,-62.7461055738425,-500.));
#2743=CARTESIAN_POINT('Ctrl Pts',(134.359528128552,-62.7461055738425,500.));
#2744=CARTESIAN_POINT('Ctrl Pts',(136.767885929729,-62.4231337447218,-500.));
#2745=CARTESIAN_POINT('Ctrl Pts',(136.767885929729,-62.4231337447218,500.));
#2746=CARTESIAN_POINT('Ctrl Pts',(139.174296116191,-62.0991196043568,-500.));
#2747=CARTESIAN_POINT('Ctrl Pts',(139.174296116191,-62.0991196043568,500.));
#2748=CARTESIAN_POINT('Ctrl Pts',(141.578741784495,-61.7740704264305,-500.));
#2749=CARTESIAN_POINT('Ctrl Pts',(141.578741784495,-61.7740704264305,500.));
#2750=CARTESIAN_POINT('Ctrl Pts',(143.981202909756,-61.4479944293881,-500.));
#2751=CARTESIAN_POINT('Ctrl Pts',(143.981202909756,-61.4479944293881,500.));
#2752=CARTESIAN_POINT('Ctrl Pts',(146.381653727045,-61.1209026740065,-500.));
#2753=CARTESIAN_POINT('Ctrl Pts',(146.381653727045,-61.1209026740065,500.));
#2754=CARTESIAN_POINT('Ctrl Pts',(148.780059342687,-60.7928115638588,-500.));
#2755=CARTESIAN_POINT('Ctrl Pts',(148.780059342687,-60.7928115638588,500.));
#2756=CARTESIAN_POINT('Ctrl Pts',(151.176377356188,-60.4637414123731,-500.));
#2757=CARTESIAN_POINT('Ctrl Pts',(151.176377356188,-60.4637414123731,500.));
#2758=CARTESIAN_POINT('Ctrl Pts',(153.570560842036,-60.1337139302461,-500.));
#2759=CARTESIAN_POINT('Ctrl Pts',(153.570560842036,-60.1337139302461,500.));
#2760=CARTESIAN_POINT('Ctrl Pts',(155.962560821953,-59.8027501383284,-500.));
#2761=CARTESIAN_POINT('Ctrl Pts',(155.962560821953,-59.8027501383284,500.));
#2762=CARTESIAN_POINT('Ctrl Pts',(158.352329060603,-59.470867968257,-500.));
#2763=CARTESIAN_POINT('Ctrl Pts',(158.352329060603,-59.470867968257,500.));
#2764=CARTESIAN_POINT('Ctrl Pts',(160.73982046639,-59.1380803090486,-500.));
#2765=CARTESIAN_POINT('Ctrl Pts',(160.73982046639,-59.1380803090486,500.));
#2766=CARTESIAN_POINT('Ctrl Pts',(163.124996301989,-58.8043920821643,-500.));
#2767=CARTESIAN_POINT('Ctrl Pts',(163.124996301989,-58.8043920821643,500.));
#2768=CARTESIAN_POINT('Ctrl Pts',(165.507824230211,-58.4698011713466,-500.));
#2769=CARTESIAN_POINT('Ctrl Pts',(165.507824230211,-58.4698011713466,500.));
#2770=CARTESIAN_POINT('Ctrl Pts',(167.888276049011,-58.1343021957543,-500.));
#2771=CARTESIAN_POINT('Ctrl Pts',(167.888276049011,-58.1343021957543,500.));
#2772=CARTESIAN_POINT('Ctrl Pts',(170.266326124119,-57.7978893922948,-500.));
#2773=CARTESIAN_POINT('Ctrl Pts',(170.266326124119,-57.7978893922948,500.));
#2774=CARTESIAN_POINT('Ctrl Pts',(172.641949484511,-57.4605599963024,-500.));
#2775=CARTESIAN_POINT('Ctrl Pts',(172.641949484511,-57.4605599963024,500.));
#2776=CARTESIAN_POINT('Ctrl Pts',(175.015120177812,-57.122317104419,-500.));
#2777=CARTESIAN_POINT('Ctrl Pts',(175.015120177812,-57.122317104419,500.));
#2778=CARTESIAN_POINT('Ctrl Pts',(177.385809232232,-56.7831735026859,-500.));
#2779=CARTESIAN_POINT('Ctrl Pts',(177.385809232232,-56.7831735026859,500.));
#2780=CARTESIAN_POINT('Ctrl Pts',(179.753983786396,-56.4431524444936,-500.));
#2781=CARTESIAN_POINT('Ctrl Pts',(179.753983786396,-56.4431524444936,500.));
#2782=CARTESIAN_POINT('Ctrl Pts',(182.119607952345,-56.1022838211543,-500.));
#2783=CARTESIAN_POINT('Ctrl Pts',(182.119607952345,-56.1022838211543,500.));
#2784=CARTESIAN_POINT('Ctrl Pts',(184.482643268841,-55.7606014511934,-500.));
#2785=CARTESIAN_POINT('Ctrl Pts',(184.482643268841,-55.7606014511934,500.));
#2786=CARTESIAN_POINT('Ctrl Pts',(186.843049320424,-55.4181398591497,-500.));
#2787=CARTESIAN_POINT('Ctrl Pts',(186.843049320424,-55.4181398591497,500.));
#2788=CARTESIAN_POINT('Ctrl Pts',(189.200784284339,-55.0749314089512,-500.));
#2789=CARTESIAN_POINT('Ctrl Pts',(189.200784284339,-55.0749314089512,500.));
#2790=CARTESIAN_POINT('Ctrl Pts',(191.555805511433,-54.7310029569512,-500.));
#2791=CARTESIAN_POINT('Ctrl Pts',(191.555805511433,-54.7310029569512,500.));
#2792=CARTESIAN_POINT('Ctrl Pts',(193.908070083469,-54.3863737516154,-500.));
#2793=CARTESIAN_POINT('Ctrl Pts',(193.908070083469,-54.3863737516154,500.));
#2794=CARTESIAN_POINT('Ctrl Pts',(196.257535352866,-54.0410568268109,-500.));
#2795=CARTESIAN_POINT('Ctrl Pts',(196.257535352866,-54.0410568268109,500.));
#2796=CARTESIAN_POINT('Ctrl Pts',(198.60415947726,-53.6950597790289,-500.));
#2797=CARTESIAN_POINT('Ctrl Pts',(198.60415947726,-53.6950597790289,500.));
#2798=CARTESIAN_POINT('Ctrl Pts',(200.947901970616,-53.3483857789803,-500.));
#2799=CARTESIAN_POINT('Ctrl Pts',(200.947901970616,-53.3483857789803,500.));
#2800=CARTESIAN_POINT('Ctrl Pts',(203.288724214255,-53.0010345030603,-500.));
#2801=CARTESIAN_POINT('Ctrl Pts',(203.288724214255,-53.0010345030603,500.));
#2802=CARTESIAN_POINT('Ctrl Pts',(205.626590063987,-52.6530030517325,-500.));
#2803=CARTESIAN_POINT('Ctrl Pts',(205.626590063987,-52.6530030517325,500.));
#2804=CARTESIAN_POINT('Ctrl Pts',(207.961466179687,-52.304287016586,-500.));
#2805=CARTESIAN_POINT('Ctrl Pts',(207.961466179687,-52.304287016586,500.));
#2806=CARTESIAN_POINT('Ctrl Pts',(210.293320899451,-51.9548824594086,-500.));
#2807=CARTESIAN_POINT('Ctrl Pts',(210.293320899451,-51.9548824594086,500.));
#2808=CARTESIAN_POINT('Ctrl Pts',(212.622123301506,-51.6047877556936,-500.));
#2809=CARTESIAN_POINT('Ctrl Pts',(212.622123301506,-51.6047877556936,500.));
#2810=CARTESIAN_POINT('Ctrl Pts',(214.947842184979,-51.2540055276077,-500.));
#2811=CARTESIAN_POINT('Ctrl Pts',(214.947842184979,-51.2540055276077,500.));
#2812=CARTESIAN_POINT('Ctrl Pts',(217.270445104357,-50.9025444549889,-500.));
#2813=CARTESIAN_POINT('Ctrl Pts',(217.270445104357,-50.9025444549889,500.));
#2814=CARTESIAN_POINT('Ctrl Pts',(219.589897335333,-50.5504213383794,-500.));
#2815=CARTESIAN_POINT('Ctrl Pts',(219.589897335333,-50.5504213383794,500.));
#2816=CARTESIAN_POINT('Ctrl Pts',(221.906161002719,-50.1976624710599,-500.));
#2817=CARTESIAN_POINT('Ctrl Pts',(221.906161002719,-50.1976624710599,500.));
#2818=CARTESIAN_POINT('Ctrl Pts',(224.219195462005,-49.8442994183231,-500.));
#2819=CARTESIAN_POINT('Ctrl Pts',(224.219195462005,-49.8442994183231,500.));
#2820=CARTESIAN_POINT('Ctrl Pts',(226.528957568071,-49.4903653414807,-500.));
#2821=CARTESIAN_POINT('Ctrl Pts',(226.528957568071,-49.4903653414807,500.));
#2822=CARTESIAN_POINT('Ctrl Pts',(228.835401981453,-49.1358910608968,-500.));
#2823=CARTESIAN_POINT('Ctrl Pts',(228.835401981453,-49.1358910608968,500.));
#2824=CARTESIAN_POINT('Ctrl Pts',(231.138481471401,-48.7809013493547,-500.));
#2825=CARTESIAN_POINT('Ctrl Pts',(231.138481471401,-48.7809013493547,500.));
#2826=CARTESIAN_POINT('Ctrl Pts',(233.438147189905,-48.425410842582,-500.));
#2827=CARTESIAN_POINT('Ctrl Pts',(233.438147189905,-48.425410842582,500.));
#2828=CARTESIAN_POINT('Ctrl Pts',(235.73434904724,-48.0694209410248,-500.));
#2829=CARTESIAN_POINT('Ctrl Pts',(235.73434904724,-48.0694209410248,500.));
#2830=CARTESIAN_POINT('Ctrl Pts',(238.027037014462,-47.7129250640493,-500.));
#2831=CARTESIAN_POINT('Ctrl Pts',(238.027037014462,-47.7129250640493,500.));
#2832=CARTESIAN_POINT('Ctrl Pts',(240.316162325854,-47.3559131199905,-500.));
#2833=CARTESIAN_POINT('Ctrl Pts',(240.316162325854,-47.3559131199905,500.));
#2834=CARTESIAN_POINT('Ctrl Pts',(242.601678753409,-46.9983763566845,-500.));
#2835=CARTESIAN_POINT('Ctrl Pts',(242.601678753409,-46.9983763566845,500.));
#2836=CARTESIAN_POINT('Ctrl Pts',(244.88354377386,-46.640311866361,-500.));
#2837=CARTESIAN_POINT('Ctrl Pts',(244.88354377386,-46.640311866361,500.));
#2838=CARTESIAN_POINT('Ctrl Pts',(247.161719965135,-46.281727677545,-500.));
#2839=CARTESIAN_POINT('Ctrl Pts',(247.161719965135,-46.281727677545,500.));
#2840=CARTESIAN_POINT('Ctrl Pts',(249.436175757518,-45.922646288349,-500.));
#2841=CARTESIAN_POINT('Ctrl Pts',(249.436175757518,-45.922646288349,500.));
#2842=CARTESIAN_POINT('Ctrl Pts',(251.706882466669,-45.5630993866294,-500.));
#2843=CARTESIAN_POINT('Ctrl Pts',(251.706882466669,-45.5630993866294,500.));
#2844=CARTESIAN_POINT('Ctrl Pts',(253.973811807992,-45.2031236674482,-500.));
#2845=CARTESIAN_POINT('Ctrl Pts',(253.973811807992,-45.2031236674482,500.));
#2846=CARTESIAN_POINT('Ctrl Pts',(256.236933145608,-44.8427561230612,-500.));
#2847=CARTESIAN_POINT('Ctrl Pts',(256.236933145608,-44.8427561230612,500.));
#2848=CARTESIAN_POINT('Ctrl Pts',(258.496211035517,-44.482029793849,-500.));
#2849=CARTESIAN_POINT('Ctrl Pts',(258.496211035517,-44.482029793849,500.));
#2850=CARTESIAN_POINT('Ctrl Pts',(260.751602206745,-44.1209687530868,-500.));
#2851=CARTESIAN_POINT('Ctrl Pts',(260.751602206745,-44.1209687530868,500.));
#2852=CARTESIAN_POINT('Ctrl Pts',(263.003054161998,-43.7595852150815,-500.));
#2853=CARTESIAN_POINT('Ctrl Pts',(263.003054161998,-43.7595852150815,500.));
#2854=CARTESIAN_POINT('Ctrl Pts',(265.250508684267,-43.3978829719974,-500.));
#2855=CARTESIAN_POINT('Ctrl Pts',(265.250508684267,-43.3978829719974,500.));
#2856=CARTESIAN_POINT('Ctrl Pts',(267.493904434863,-43.035859710011,-500.));
#2857=CARTESIAN_POINT('Ctrl Pts',(267.493904434863,-43.035859710011,500.));
#2858=CARTESIAN_POINT('Ctrl Pts',(269.733180019998,-42.6735098056227,-500.));
#2859=CARTESIAN_POINT('Ctrl Pts',(269.733180019998,-42.6735098056227,500.));
#2860=CARTESIAN_POINT('Ctrl Pts',(271.968276604194,-42.3108268289114,-500.));
#2861=CARTESIAN_POINT('Ctrl Pts',(271.968276604194,-42.3108268289114,500.));
#2862=CARTESIAN_POINT('Ctrl Pts',(274.199141337091,-41.9478063878863,-500.));
#2863=CARTESIAN_POINT('Ctrl Pts',(274.199141337091,-41.9478063878863,500.));
#2864=CARTESIAN_POINT('Ctrl Pts',(276.425728206064,-41.5844480598538,-500.));
#2865=CARTESIAN_POINT('Ctrl Pts',(276.425728206064,-41.5844480598538,500.));
#2866=CARTESIAN_POINT('Ctrl Pts',(278.647995202441,-41.2207561227906,-500.));
#2867=CARTESIAN_POINT('Ctrl Pts',(278.647995202441,-41.2207561227906,500.));
#2868=CARTESIAN_POINT('Ctrl Pts',(280.865902418423,-40.8567405105161,-500.));
#2869=CARTESIAN_POINT('Ctrl Pts',(280.865902418423,-40.8567405105161,500.));
#2870=CARTESIAN_POINT('Ctrl Pts',(283.079409680565,-40.4924178143982,-500.));
#2871=CARTESIAN_POINT('Ctrl Pts',(283.079409680565,-40.4924178143982,500.));
#2872=CARTESIAN_POINT('Ctrl Pts',(285.288474583597,-40.1278119486009,-500.));
#2873=CARTESIAN_POINT('Ctrl Pts',(285.288474583597,-40.1278119486009,500.));
#2874=CARTESIAN_POINT('Ctrl Pts',(287.493049842604,-39.7629557583522,-500.));
#2875=CARTESIAN_POINT('Ctrl Pts',(287.493049842604,-39.7629557583522,500.));
#2876=CARTESIAN_POINT('Ctrl Pts',(289.693083418047,-39.3978883299302,-500.));
#2877=CARTESIAN_POINT('Ctrl Pts',(289.693083418047,-39.3978883299302,500.));
#2878=CARTESIAN_POINT('Ctrl Pts',(291.888520193457,-39.0326498175348,-500.));
#2879=CARTESIAN_POINT('Ctrl Pts',(291.888520193457,-39.0326498175348,500.));
#2880=CARTESIAN_POINT('Ctrl Pts',(294.079303170137,-38.6672770821894,-500.));
#2881=CARTESIAN_POINT('Ctrl Pts',(294.079303170137,-38.6672770821894,500.));
#2882=CARTESIAN_POINT('Ctrl Pts',(296.265374878837,-38.3017988862001,-500.));
#2883=CARTESIAN_POINT('Ctrl Pts',(296.265374878837,-38.3017988862001,500.));
#2884=CARTESIAN_POINT('Ctrl Pts',(298.44667865847,-37.9362315312137,-500.));
#2885=CARTESIAN_POINT('Ctrl Pts',(298.44667865847,-37.9362315312137,500.));
#2886=CARTESIAN_POINT('Ctrl Pts',(300.623160099529,-37.5705736265914,-500.));
#2887=CARTESIAN_POINT('Ctrl Pts',(300.623160099529,-37.5705736265914,500.));
#2888=CARTESIAN_POINT('Ctrl Pts',(302.79476664854,-37.2048121487725,-500.));
#2889=CARTESIAN_POINT('Ctrl Pts',(302.79476664854,-37.2048121487725,500.));
#2890=CARTESIAN_POINT('Ctrl Pts',(304.961447057274,-36.8389293692689,-500.));
#2891=CARTESIAN_POINT('Ctrl Pts',(304.961447057274,-36.8389293692689,500.));
#2892=CARTESIAN_POINT('Ctrl Pts',(307.123150892262,-36.4729096702515,-500.));
#2893=CARTESIAN_POINT('Ctrl Pts',(307.123150892262,-36.4729096702515,500.));
#2894=CARTESIAN_POINT('Ctrl Pts',(309.279828007694,-36.1067459579665,-500.));
#2895=CARTESIAN_POINT('Ctrl Pts',(309.279828007694,-36.1067459579665,500.));
#2896=CARTESIAN_POINT('Ctrl Pts',(311.431428061011,-35.7404473278483,-500.));
#2897=CARTESIAN_POINT('Ctrl Pts',(311.431428061011,-35.7404473278483,500.));
#2898=CARTESIAN_POINT('Ctrl Pts',(313.577899922686,-35.3740427672006,-500.));
#2899=CARTESIAN_POINT('Ctrl Pts',(313.577899922686,-35.3740427672006,500.));
#2900=CARTESIAN_POINT('Ctrl Pts',(315.719190752215,-35.0075729783967,-500.));
#2901=CARTESIAN_POINT('Ctrl Pts',(315.719190752215,-35.0075729783967,500.));
#2902=CARTESIAN_POINT('Ctrl Pts',(317.855245167708,-34.6410844358502,-500.));
#2903=CARTESIAN_POINT('Ctrl Pts',(317.855245167708,-34.6410844358502,500.));
#2904=CARTESIAN_POINT('Ctrl Pts',(319.98600430562,-34.2746222994959,-500.));
#2905=CARTESIAN_POINT('Ctrl Pts',(319.98600430562,-34.2746222994959,500.));
#2906=CARTESIAN_POINT('Ctrl Pts',(322.111405095516,-33.9082244193923,-500.));
#2907=CARTESIAN_POINT('Ctrl Pts',(322.111405095516,-33.9082244193923,500.));
#2908=CARTESIAN_POINT('Ctrl Pts',(324.231379014858,-33.5419133369259,-500.));
#2909=CARTESIAN_POINT('Ctrl Pts',(324.231379014858,-33.5419133369259,500.));
#2910=CARTESIAN_POINT('Ctrl Pts',(326.345853388065,-33.1756975009716,-500.));
#2911=CARTESIAN_POINT('Ctrl Pts',(326.345853388065,-33.1756975009716,500.));
#2912=CARTESIAN_POINT('Ctrl Pts',(328.454753788535,-32.8095764908592,-500.));
#2913=CARTESIAN_POINT('Ctrl Pts',(328.454753788535,-32.8095764908592,500.));
#2914=CARTESIAN_POINT('Ctrl Pts',(330.558006132043,-32.4435450132248,-500.));
#2915=CARTESIAN_POINT('Ctrl Pts',(330.558006132043,-32.4435450132248,500.));
#2916=CARTESIAN_POINT('Ctrl Pts',(332.655538802299,-32.0775972981302,-500.));
#2917=CARTESIAN_POINT('Ctrl Pts',(332.655538802299,-32.0775972981302,500.));
#2918=CARTESIAN_POINT('Ctrl Pts',(334.747284991488,-31.7117315867109,-500.));
#2919=CARTESIAN_POINT('Ctrl Pts',(334.747284991488,-31.7117315867109,500.));
#2920=CARTESIAN_POINT('Ctrl Pts',(336.83318425898,-31.3459537901517,-500.));
#2921=CARTESIAN_POINT('Ctrl Pts',(336.83318425898,-31.3459537901517,500.));
#2922=CARTESIAN_POINT('Ctrl Pts',(338.913180157693,-30.9802766952784,-500.));
#2923=CARTESIAN_POINT('Ctrl Pts',(338.913180157693,-30.9802766952784,500.));
#2924=CARTESIAN_POINT('Ctrl Pts',(340.987218402466,-30.614719735507,-500.));
#2925=CARTESIAN_POINT('Ctrl Pts',(340.987218402466,-30.614719735507,500.));
#2926=CARTESIAN_POINT('Ctrl Pts',(343.055244795561,-30.2493086223879,-500.));
#2927=CARTESIAN_POINT('Ctrl Pts',(343.055244795561,-30.2493086223879,500.));
#2928=CARTESIAN_POINT('Ctrl Pts',(345.117203329654,-29.8840748501913,-500.));
#2929=CARTESIAN_POINT('Ctrl Pts',(345.117203329654,-29.8840748501913,500.));
#2930=CARTESIAN_POINT('Ctrl Pts',(347.173034022591,-29.5190557340213,-500.));
#2931=CARTESIAN_POINT('Ctrl Pts',(347.173034022591,-29.5190557340213,500.));
#2932=CARTESIAN_POINT('Ctrl Pts',(349.222672182976,-29.1542910982004,-500.));
#2933=CARTESIAN_POINT('Ctrl Pts',(349.222672182976,-29.1542910982004,500.));
#2934=CARTESIAN_POINT('Ctrl Pts',(351.266048144657,-28.7898190955001,-500.));
#2935=CARTESIAN_POINT('Ctrl Pts',(351.266048144657,-28.7898190955001,500.));
#2936=CARTESIAN_POINT('Ctrl Pts',(353.303086761349,-28.4256720386571,-500.));
#2937=CARTESIAN_POINT('Ctrl Pts',(353.303086761349,-28.4256720386571,500.));
#2938=CARTESIAN_POINT('Ctrl Pts',(355.333707188831,-28.0618728505454,-500.));
#2939=CARTESIAN_POINT('Ctrl Pts',(355.333707188831,-28.0618728505454,500.));
#2940=CARTESIAN_POINT('Ctrl Pts',(357.357822088339,-27.6984297318159,-500.));
#2941=CARTESIAN_POINT('Ctrl Pts',(357.357822088339,-27.6984297318159,500.));
#2942=CARTESIAN_POINT('Ctrl Pts',(359.375338711237,-27.3353370414163,-500.));
#2943=CARTESIAN_POINT('Ctrl Pts',(359.375338711237,-27.3353370414163,500.));
#2944=CARTESIAN_POINT('Ctrl Pts',(361.386162558666,-26.9725848604354,-500.));
#2945=CARTESIAN_POINT('Ctrl Pts',(361.386162558666,-26.9725848604354,500.));
#2946=CARTESIAN_POINT('Ctrl Pts',(363.390200502198,-26.6101666439986,-500.));
#2947=CARTESIAN_POINT('Ctrl Pts',(363.390200502198,-26.6101666439986,500.));
#2948=CARTESIAN_POINT('Ctrl Pts',(365.387363935774,-26.2480872089127,-500.));
#2949=CARTESIAN_POINT('Ctrl Pts',(365.387363935774,-26.2480872089127,500.));
#2950=CARTESIAN_POINT('Ctrl Pts',(367.377572355107,-25.8863716114025,-500.));
#2951=CARTESIAN_POINT('Ctrl Pts',(367.377572355107,-25.8863716114025,500.));
#2952=CARTESIAN_POINT('Ctrl Pts',(369.360755438962,-25.5250705601867,-500.));
#2953=CARTESIAN_POINT('Ctrl Pts',(369.360755438962,-25.5250705601867,500.));
#2954=CARTESIAN_POINT('Ctrl Pts',(371.336846754278,-25.164246166892,-500.));
#2955=CARTESIAN_POINT('Ctrl Pts',(371.336846754278,-25.164246166892,500.));
#2956=CARTESIAN_POINT('Ctrl Pts',(373.305778497276,-24.8039601349068,-500.));
#2957=CARTESIAN_POINT('Ctrl Pts',(373.305778497276,-24.8039601349068,500.));
#2958=CARTESIAN_POINT('Ctrl Pts',(375.267475838245,-24.4442610148026,-500.));
#2959=CARTESIAN_POINT('Ctrl Pts',(375.267475838245,-24.4442610148026,500.));
#2960=CARTESIAN_POINT('Ctrl Pts',(377.221851423049,-24.0851718294207,-500.));
#2961=CARTESIAN_POINT('Ctrl Pts',(377.221851423049,-24.0851718294207,500.));
#2962=CARTESIAN_POINT('Ctrl Pts',(379.168799841995,-23.726677620965,-500.));
#2963=CARTESIAN_POINT('Ctrl Pts',(379.168799841995,-23.726677620965,500.));
#2964=CARTESIAN_POINT('Ctrl Pts',(381.108204940112,-23.3687437973835,-500.));
#2965=CARTESIAN_POINT('Ctrl Pts',(381.108204940112,-23.3687437973835,500.));
#2966=CARTESIAN_POINT('Ctrl Pts',(383.039947009208,-23.0113341801001,-500.));
#2967=CARTESIAN_POINT('Ctrl Pts',(383.039947009208,-23.0113341801001,500.));
#2968=CARTESIAN_POINT('Ctrl Pts',(384.963910130027,-22.654429448106,-500.));
#2969=CARTESIAN_POINT('Ctrl Pts',(384.963910130027,-22.654429448106,500.));
#2970=CARTESIAN_POINT('Ctrl Pts',(386.879989208404,-22.298044762087,-500.));
#2971=CARTESIAN_POINT('Ctrl Pts',(386.879989208404,-22.298044762087,500.));
#2972=CARTESIAN_POINT('Ctrl Pts',(388.788097798725,-21.942249504912,-500.));
#2973=CARTESIAN_POINT('Ctrl Pts',(388.788097798725,-21.942249504912,500.));
#2974=CARTESIAN_POINT('Ctrl Pts',(390.688160540902,-21.5871456708106,-500.));
#2975=CARTESIAN_POINT('Ctrl Pts',(390.688160540902,-21.5871456708106,500.));
#2976=CARTESIAN_POINT('Ctrl Pts',(392.580104715593,-21.2328438957459,-500.));
#2977=CARTESIAN_POINT('Ctrl Pts',(392.580104715593,-21.2328438957459,500.));
#2978=CARTESIAN_POINT('Ctrl Pts',(394.463852079727,-20.879440215791,-500.));
#2979=CARTESIAN_POINT('Ctrl Pts',(394.463852079727,-20.879440215791,500.));
#2980=CARTESIAN_POINT('Ctrl Pts',(396.339310675166,-20.5269928132009,-500.));
#2981=CARTESIAN_POINT('Ctrl Pts',(396.339310675166,-20.5269928132009,500.));
#2982=CARTESIAN_POINT('Ctrl Pts',(398.20636639566,-20.1754979479588,-500.));
#2983=CARTESIAN_POINT('Ctrl Pts',(398.20636639566,-20.1754979479588,500.));
#2984=CARTESIAN_POINT('Ctrl Pts',(400.064889207942,-19.8249142810879,-500.));
#2985=CARTESIAN_POINT('Ctrl Pts',(400.064889207942,-19.8249142810879,500.));
#2986=CARTESIAN_POINT('Ctrl Pts',(401.914739801774,-19.4751887215096,-500.));
#2987=CARTESIAN_POINT('Ctrl Pts',(401.914739801774,-19.4751887215096,500.));
#2988=CARTESIAN_POINT('Ctrl Pts',(403.755775920664,-19.1262809581524,-500.));
#2989=CARTESIAN_POINT('Ctrl Pts',(403.755775920664,-19.1262809581524,500.));
#2990=CARTESIAN_POINT('Ctrl Pts',(405.587859199906,-18.7781902892534,-500.));
#2991=CARTESIAN_POINT('Ctrl Pts',(405.587859199906,-18.7781902892534,500.));
#2992=CARTESIAN_POINT('Ctrl Pts',(407.410860711643,-18.4309764513664,-500.));
#2993=CARTESIAN_POINT('Ctrl Pts',(407.410860711643,-18.4309764513664,500.));
#2994=CARTESIAN_POINT('Ctrl Pts',(409.224656332,-18.0847336712875,-500.));
#2995=CARTESIAN_POINT('Ctrl Pts',(409.224656332,-18.0847336712875,500.));
#2996=CARTESIAN_POINT('Ctrl Pts',(411.029122907022,-17.7395680292339,-500.));
#2997=CARTESIAN_POINT('Ctrl Pts',(411.029122907022,-17.7395680292339,500.));
#2998=CARTESIAN_POINT('Ctrl Pts',(412.824134373413,-17.3955754913701,-500.));
#2999=CARTESIAN_POINT('Ctrl Pts',(412.824134373413,-17.3955754913701,500.));
#3000=CARTESIAN_POINT('Ctrl Pts',(414.609557279044,-17.0528150529273,-500.));
#3001=CARTESIAN_POINT('Ctrl Pts',(414.609557279044,-17.0528150529273,500.));
#3002=CARTESIAN_POINT('Ctrl Pts',(416.385248682132,-16.7112997091467,-500.));
#3003=CARTESIAN_POINT('Ctrl Pts',(416.385248682132,-16.7112997091467,500.));
#3004=CARTESIAN_POINT('Ctrl Pts',(418.151058388199,-16.371019120095,-500.));
#3005=CARTESIAN_POINT('Ctrl Pts',(418.151058388199,-16.371019120095,500.));
#3006=CARTESIAN_POINT('Ctrl Pts',(419.906830232641,-16.0319558035955,-500.));
#3007=CARTESIAN_POINT('Ctrl Pts',(419.906830232641,-16.0319558035955,500.));
#3008=CARTESIAN_POINT('Ctrl Pts',(421.652403698352,-15.6941025298897,-500.));
#3009=CARTESIAN_POINT('Ctrl Pts',(421.652403698352,-15.6941025298897,500.));
#3010=CARTESIAN_POINT('Ctrl Pts',(423.387615511205,-15.3574827568648,-500.));
#3011=CARTESIAN_POINT('Ctrl Pts',(423.387615511205,-15.3574827568648,500.));
#3012=CARTESIAN_POINT('Ctrl Pts',(425.11230056718,-15.0221476202151,-500.));
#3013=CARTESIAN_POINT('Ctrl Pts',(425.11230056718,-15.0221476202151,500.));
#3014=CARTESIAN_POINT('Ctrl Pts',(426.826292714117,-14.688164161848,-500.));
#3015=CARTESIAN_POINT('Ctrl Pts',(426.826292714117,-14.688164161848,500.));
#3016=CARTESIAN_POINT('Ctrl Pts',(428.529425335925,-14.3556068352892,-500.));
#3017=CARTESIAN_POINT('Ctrl Pts',(428.529425335925,-14.3556068352892,500.));
#3018=CARTESIAN_POINT('Ctrl Pts',(430.221532588497,-14.0245467984516,-500.));
#3019=CARTESIAN_POINT('Ctrl Pts',(430.221532588497,-14.0245467984516,500.));
#3020=CARTESIAN_POINT('Ctrl Pts',(431.902448630426,-13.6950447346729,-500.));
#3021=CARTESIAN_POINT('Ctrl Pts',(431.902448630426,-13.6950447346729,500.));
#3022=CARTESIAN_POINT('Ctrl Pts',(433.571999670314,-13.3671547124961,-500.));
#3023=CARTESIAN_POINT('Ctrl Pts',(433.571999670314,-13.3671547124961,500.));
#3024=CARTESIAN_POINT('Ctrl Pts',(435.229996784317,-13.0409264540179,-500.));
#3025=CARTESIAN_POINT('Ctrl Pts',(435.229996784317,-13.0409264540179,500.));
#3026=CARTESIAN_POINT('Ctrl Pts',(436.876229154194,-12.7164081021696,-500.));
#3027=CARTESIAN_POINT('Ctrl Pts',(436.876229154194,-12.7164081021696,500.));
#3028=CARTESIAN_POINT('Ctrl Pts',(438.510455239179,-12.3936490913247,-500.));
#3029=CARTESIAN_POINT('Ctrl Pts',(438.510455239179,-12.3936490913247,500.));
#3030=CARTESIAN_POINT('Ctrl Pts',(440.132412957645,-12.0726998861111,-500.));
#3031=CARTESIAN_POINT('Ctrl Pts',(440.132412957645,-12.0726998861111,500.));
#3032=CARTESIAN_POINT('Ctrl Pts',(441.741834449677,-11.7536108418659,-500.));
#3033=CARTESIAN_POINT('Ctrl Pts',(441.741834449677,-11.7536108418659,500.));
#3034=CARTESIAN_POINT('Ctrl Pts',(443.338457462788,-11.436431777216,-500.));
#3035=CARTESIAN_POINT('Ctrl Pts',(443.338457462788,-11.436431777216,500.));
#3036=CARTESIAN_POINT('Ctrl Pts',(444.922042459339,-11.1212102704005,-500.));
#3037=CARTESIAN_POINT('Ctrl Pts',(444.922042459339,-11.1212102704005,500.));
#3038=CARTESIAN_POINT('Ctrl Pts',(446.492368072206,-10.8079949858217,-500.));
#3039=CARTESIAN_POINT('Ctrl Pts',(446.492368072206,-10.8079949858217,500.));
#3040=CARTESIAN_POINT('Ctrl Pts',(448.049210239156,-10.4968433122558,-500.));
#3041=CARTESIAN_POINT('Ctrl Pts',(448.049210239156,-10.4968433122558,500.));
#3042=CARTESIAN_POINT('Ctrl Pts',(449.59232770848,-10.187826576227,-500.));
#3043=CARTESIAN_POINT('Ctrl Pts',(449.59232770848,-10.187826576227,500.));
#3044=CARTESIAN_POINT('Ctrl Pts',(451.121441220181,-9.88103895565242,-500.));
#3045=CARTESIAN_POINT('Ctrl Pts',(451.121441220181,-9.88103895565242,500.));
#3046=CARTESIAN_POINT('Ctrl Pts',(452.636229380321,-9.57659444963898,-500.));
#3047=CARTESIAN_POINT('Ctrl Pts',(452.636229380321,-9.57659444963898,500.));
#3048=CARTESIAN_POINT('Ctrl Pts',(454.136343577983,-9.27460858225368,-500.));
#3049=CARTESIAN_POINT('Ctrl Pts',(454.136343577983,-9.27460858225368,500.));
#3050=CARTESIAN_POINT('Ctrl Pts',(455.621416961151,-8.97518623388027,-500.));
#3051=CARTESIAN_POINT('Ctrl Pts',(455.621416961151,-8.97518623388027,500.));
#3052=CARTESIAN_POINT('Ctrl Pts',(457.091078279263,-8.67840194581475,-500.));
#3053=CARTESIAN_POINT('Ctrl Pts',(457.091078279263,-8.67840194581475,500.));
#3054=CARTESIAN_POINT('Ctrl Pts',(458.544954154274,-8.38430332840808,-500.));
#3055=CARTESIAN_POINT('Ctrl Pts',(458.544954154274,-8.38430332840808,500.));
#3056=CARTESIAN_POINT('Ctrl Pts',(459.982660752475,-8.09293955056096,-500.));
#3057=CARTESIAN_POINT('Ctrl Pts',(459.982660752475,-8.09293955056096,500.));
#3058=CARTESIAN_POINT('Ctrl Pts',(461.40379805207,-7.80438000895913,-500.));
#3059=CARTESIAN_POINT('Ctrl Pts',(461.40379805207,-7.80438000895913,500.));
#3060=CARTESIAN_POINT('Ctrl Pts',(462.807943517234,-7.51874441735553,-500.));
#3061=CARTESIAN_POINT('Ctrl Pts',(462.807943517234,-7.51874441735553,500.));
#3062=CARTESIAN_POINT('Ctrl Pts',(464.194643494301,-7.23618871515851,-500.));
#3063=CARTESIAN_POINT('Ctrl Pts',(464.194643494301,-7.23618871515851,500.));
#3064=CARTESIAN_POINT('Ctrl Pts',(465.563402916015,-6.95687156379198,-500.));
#3065=CARTESIAN_POINT('Ctrl Pts',(465.563402916015,-6.95687156379198,500.));
#3066=CARTESIAN_POINT('Ctrl Pts',(466.913675903091,-6.68092695621975,-500.));
#3067=CARTESIAN_POINT('Ctrl Pts',(466.913675903091,-6.68092695621975,500.));
#3068=CARTESIAN_POINT('Ctrl Pts',(468.244855332577,-6.40843450507823,-500.));
#3069=CARTESIAN_POINT('Ctrl Pts',(468.244855332577,-6.40843450507823,500.));
#3070=CARTESIAN_POINT('Ctrl Pts',(469.55629396426,-6.13946856044387,-500.));
#3071=CARTESIAN_POINT('Ctrl Pts',(469.55629396426,-6.13946856044387,500.));
#3072=CARTESIAN_POINT('Ctrl Pts',(470.84731731117,-5.87413805753255,-500.));
#3073=CARTESIAN_POINT('Ctrl Pts',(470.84731731117,-5.87413805753255,500.));
#3074=CARTESIAN_POINT('Ctrl Pts',(472.117255425388,-5.61264509245042,-500.));
#3075=CARTESIAN_POINT('Ctrl Pts',(472.117255425388,-5.61264509245042,500.));
#3076=CARTESIAN_POINT('Ctrl Pts',(473.365405820695,-5.35527429576994,-500.));
#3077=CARTESIAN_POINT('Ctrl Pts',(473.365405820695,-5.35527429576994,500.));
#3078=CARTESIAN_POINT('Ctrl Pts',(474.590955962787,-5.1023280786323,-500.));
#3079=CARTESIAN_POINT('Ctrl Pts',(474.590955962787,-5.1023280786323,500.));
#3080=CARTESIAN_POINT('Ctrl Pts',(475.792890253488,-4.85407121542309,-500.));
#3081=CARTESIAN_POINT('Ctrl Pts',(475.792890253488,-4.85407121542309,500.));
#3082=CARTESIAN_POINT('Ctrl Pts',(476.969978281757,-4.6106896988524,-500.));
#3083=CARTESIAN_POINT('Ctrl Pts',(476.969978281757,-4.6106896988524,500.));
#3084=CARTESIAN_POINT('Ctrl Pts',(478.120977635321,-4.37233481836073,-500.));
#3085=CARTESIAN_POINT('Ctrl Pts',(478.120977635321,-4.37233481836073,500.));
#3086=CARTESIAN_POINT('Ctrl Pts',(479.244871256526,-4.13914064175696,-500.));
#3087=CARTESIAN_POINT('Ctrl Pts',(479.244871256526,-4.13914064175696,500.));
#3088=CARTESIAN_POINT('Ctrl Pts',(480.340919339872,-3.91127911581474,-500.));
#3089=CARTESIAN_POINT('Ctrl Pts',(480.340919339872,-3.91127911581474,500.));
#3090=CARTESIAN_POINT('Ctrl Pts',(481.407932382563,-3.68907936114516,-500.));
#3091=CARTESIAN_POINT('Ctrl Pts',(481.407932382563,-3.68907936114516,500.));
#3092=CARTESIAN_POINT('Ctrl Pts',(482.443282558004,-3.47322831995885,-500.));
#3093=CARTESIAN_POINT('Ctrl Pts',(482.443282558004,-3.47322831995885,500.));
#3094=CARTESIAN_POINT('Ctrl Pts',(483.442897424164,-3.26471896653941,-500.));
#3095=CARTESIAN_POINT('Ctrl Pts',(483.442897424164,-3.26471896653941,500.));
#3096=CARTESIAN_POINT('Ctrl Pts',(484.403398501247,-3.06429392694228,-500.));
#3097=CARTESIAN_POINT('Ctrl Pts',(484.403398501247,-3.06429392694228,500.));
#3098=CARTESIAN_POINT('Ctrl Pts',(485.325079763116,-2.87164195357971,-500.));
#3099=CARTESIAN_POINT('Ctrl Pts',(485.325079763116,-2.87164195357971,500.));
#3100=CARTESIAN_POINT('Ctrl Pts',(486.209128371826,-2.68617854975541,-500.));
#3101=CARTESIAN_POINT('Ctrl Pts',(486.209128371826,-2.68617854975541,500.));
#3102=CARTESIAN_POINT('Ctrl Pts',(487.047698378465,-2.50974378036377,-500.));
#3103=CARTESIAN_POINT('Ctrl Pts',(487.047698378465,-2.50974378036377,500.));
#3104=CARTESIAN_POINT('Ctrl Pts',(487.821389226491,-2.34734992288859,-500.));
#3105=CARTESIAN_POINT('Ctrl Pts',(487.821389226491,-2.34734992288859,500.));
#3106=CARTESIAN_POINT('Ctrl Pts',(488.52150455988,-2.2011900890864,-500.));
#3107=CARTESIAN_POINT('Ctrl Pts',(488.52150455988,-2.2011900890864,500.));
#3108=CARTESIAN_POINT('Ctrl Pts',(489.066526672959,-2.08694367219999,-500.));
#3109=CARTESIAN_POINT('Ctrl Pts',(489.066526672959,-2.08694367219999,500.));
#3110=CARTESIAN_POINT('Ctrl Pts',(489.436178781222,-2.00890025293814,-500.));
#3111=CARTESIAN_POINT('Ctrl Pts',(489.436178781222,-2.00890025293814,500.));
#3112=CARTESIAN_POINT('Ctrl Pts',(489.642690940521,-1.96528263094284,-500.));
#3113=CARTESIAN_POINT('Ctrl Pts',(489.642690940521,-1.96528263094284,500.));
#3114=CARTESIAN_POINT('Ctrl Pts',(489.738839431437,-1.94498847124223,-500.));
#3115=CARTESIAN_POINT('Ctrl Pts',(489.738839431437,-1.94498847124223,500.));
#3116=CARTESIAN_POINT('Ctrl Pts',(489.753,-1.94200000000004,-500.));
#3117=CARTESIAN_POINT('Ctrl Pts',(489.753,-1.94200000000004,500.));
#3118=CARTESIAN_POINT('Ctrl Pts',(489.753,1.94199999999997,500.));
#3119=CARTESIAN_POINT('Ctrl Pts',(489.738839431437,1.94498847124223,500.));
#3120=CARTESIAN_POINT('Ctrl Pts',(489.642690940524,1.96528263094289,500.));
#3121=CARTESIAN_POINT('Ctrl Pts',(489.436178781231,2.00890025293829,500.));
#3122=CARTESIAN_POINT('Ctrl Pts',(489.066526672954,2.08694367220024,500.));
#3123=CARTESIAN_POINT('Ctrl Pts',(488.521504559876,2.20119008908665,500.));
#3124=CARTESIAN_POINT('Ctrl Pts',(487.821389226488,2.34734992288892,500.));
#3125=CARTESIAN_POINT('Ctrl Pts',(487.047698378466,2.50974378036432,500.));
#3126=CARTESIAN_POINT('Ctrl Pts',(486.209128371824,2.68617854975592,500.));
#3127=CARTESIAN_POINT('Ctrl Pts',(485.325079763113,2.87164195357993,500.));
#3128=CARTESIAN_POINT('Ctrl Pts',(484.403398501245,3.06429392694269,500.));
#3129=CARTESIAN_POINT('Ctrl Pts',(483.442897424162,3.26471896653997,500.));
#3130=CARTESIAN_POINT('Ctrl Pts',(482.443282558001,3.47322831995939,500.));
#3131=CARTESIAN_POINT('Ctrl Pts',(481.40793238256,3.68907936114568,500.));
#3132=CARTESIAN_POINT('Ctrl Pts',(480.340919339869,3.91127911581527,500.));
#3133=CARTESIAN_POINT('Ctrl Pts',(479.244871256523,4.13914064175763,500.));
#3134=CARTESIAN_POINT('Ctrl Pts',(478.120977635319,4.37233481836138,500.));
#3135=CARTESIAN_POINT('Ctrl Pts',(476.969978281753,4.61068969885273,500.));
#3136=CARTESIAN_POINT('Ctrl Pts',(475.792890253483,4.85407121542334,500.));
#3137=CARTESIAN_POINT('Ctrl Pts',(474.590955962784,5.10232807863279,500.));
#3138=CARTESIAN_POINT('Ctrl Pts',(473.365405820694,5.35527429577081,500.));
#3139=CARTESIAN_POINT('Ctrl Pts',(472.117255425386,5.61264509245131,500.));
#3140=CARTESIAN_POINT('Ctrl Pts',(470.847317311168,5.8741380575333,500.));
#3141=CARTESIAN_POINT('Ctrl Pts',(469.556293964256,6.13946856044437,500.));
#3142=CARTESIAN_POINT('Ctrl Pts',(468.244855332572,6.40843450507856,500.));
#3143=CARTESIAN_POINT('Ctrl Pts',(466.913675903086,6.68092695622018,500.));
#3144=CARTESIAN_POINT('Ctrl Pts',(465.563402916012,6.95687156379264,500.));
#3145=CARTESIAN_POINT('Ctrl Pts',(464.194643494299,7.23618871515925,500.));
#3146=CARTESIAN_POINT('Ctrl Pts',(462.807943517232,7.51874441735629,500.));
#3147=CARTESIAN_POINT('Ctrl Pts',(461.403798052067,7.80438000895988,500.));
#3148=CARTESIAN_POINT('Ctrl Pts',(459.982660752472,8.09293955056157,500.));
#3149=CARTESIAN_POINT('Ctrl Pts',(458.544954154273,8.38430332840857,500.));
#3150=CARTESIAN_POINT('Ctrl Pts',(457.091078279263,8.67840194581515,500.));
#3151=CARTESIAN_POINT('Ctrl Pts',(455.62141696115,8.97518623388088,500.));
#3152=CARTESIAN_POINT('Ctrl Pts',(454.136343577977,9.27460858225442,500.));
#3153=CARTESIAN_POINT('Ctrl Pts',(452.636229380313,9.57659444963971,500.));
#3154=CARTESIAN_POINT('Ctrl Pts',(451.121441220172,9.88103895565321,500.));
#3155=CARTESIAN_POINT('Ctrl Pts',(449.592327708475,10.1878265762277,500.));
#3156=CARTESIAN_POINT('Ctrl Pts',(448.049210239154,10.4968433122564,500.));
#3157=CARTESIAN_POINT('Ctrl Pts',(446.492368072208,10.8079949858222,500.));
#3158=CARTESIAN_POINT('Ctrl Pts',(444.922042459341,11.1212102704012,500.));
#3159=CARTESIAN_POINT('Ctrl Pts',(443.33845746279,11.4364317772169,500.));
#3160=CARTESIAN_POINT('Ctrl Pts',(441.74183444967,11.7536108418665,500.));
#3161=CARTESIAN_POINT('Ctrl Pts',(440.132412957632,12.0726998861113,500.));
#3162=CARTESIAN_POINT('Ctrl Pts',(438.510455239164,12.3936490913246,500.));
#3163=CARTESIAN_POINT('Ctrl Pts',(436.876229154185,12.7164081021697,500.));
#3164=CARTESIAN_POINT('Ctrl Pts',(435.229996784314,13.0409264540187,500.));
#3165=CARTESIAN_POINT('Ctrl Pts',(433.571999670319,13.3671547124978,500.));
#3166=CARTESIAN_POINT('Ctrl Pts',(431.902448630432,13.6950447346749,500.));
#3167=CARTESIAN_POINT('Ctrl Pts',(430.221532588499,14.0245467984528,500.));
#3168=CARTESIAN_POINT('Ctrl Pts',(428.529425335921,14.3556068352899,500.));
#3169=CARTESIAN_POINT('Ctrl Pts',(426.826292714111,14.6881641618486,500.));
#3170=CARTESIAN_POINT('Ctrl Pts',(425.112300567177,15.0221476202162,500.));
#3171=CARTESIAN_POINT('Ctrl Pts',(423.387615511205,15.3574827568662,500.));
#3172=CARTESIAN_POINT('Ctrl Pts',(421.65240369835,15.6941025298909,500.));
#3173=CARTESIAN_POINT('Ctrl Pts',(419.906830232637,16.0319558035962,500.));
#3174=CARTESIAN_POINT('Ctrl Pts',(418.151058388192,16.3710191200949,500.));
#3175=CARTESIAN_POINT('Ctrl Pts',(416.385248682126,16.7112997091464,500.));
#3176=CARTESIAN_POINT('Ctrl Pts',(414.60955727904,17.0528150529272,500.));
#3177=CARTESIAN_POINT('Ctrl Pts',(412.82413437341,17.3955754913706,500.));
#3178=CARTESIAN_POINT('Ctrl Pts',(411.029122907017,17.739568029235,500.));
#3179=CARTESIAN_POINT('Ctrl Pts',(409.224656331992,18.0847336712891,500.));
#3180=CARTESIAN_POINT('Ctrl Pts',(407.410860711633,18.4309764513683,500.));
#3181=CARTESIAN_POINT('Ctrl Pts',(405.587859199897,18.7781902892549,500.));
#3182=CARTESIAN_POINT('Ctrl Pts',(403.755775920659,19.1262809581533,500.));
#3183=CARTESIAN_POINT('Ctrl Pts',(401.914739801775,19.4751887215096,500.));
#3184=CARTESIAN_POINT('Ctrl Pts',(400.064889207948,19.824914281087,500.));
#3185=CARTESIAN_POINT('Ctrl Pts',(398.206366395668,20.1754979479578,500.));
#3186=CARTESIAN_POINT('Ctrl Pts',(396.339310675169,20.5269928132007,500.));
#3187=CARTESIAN_POINT('Ctrl Pts',(394.463852079722,20.8794402157918,500.));
#3188=CARTESIAN_POINT('Ctrl Pts',(392.580104715581,21.2328438957479,500.));
#3189=CARTESIAN_POINT('Ctrl Pts',(390.688160540889,21.587145670813,500.));
#3190=CARTESIAN_POINT('Ctrl Pts',(388.788097798716,21.9422495049143,500.));
#3191=CARTESIAN_POINT('Ctrl Pts',(386.8799892084,22.2980447620885,500.));
#3192=CARTESIAN_POINT('Ctrl Pts',(384.963910130024,22.6544294481066,500.));
#3193=CARTESIAN_POINT('Ctrl Pts',(383.039947009201,23.0113341801002,500.));
#3194=CARTESIAN_POINT('Ctrl Pts',(381.108204940099,23.3687437973835,500.));
#3195=CARTESIAN_POINT('Ctrl Pts',(379.168799841981,23.7266776209649,500.));
#3196=CARTESIAN_POINT('Ctrl Pts',(377.221851423038,24.0851718294212,500.));
#3197=CARTESIAN_POINT('Ctrl Pts',(375.26747583824,24.4442610148034,500.));
#3198=CARTESIAN_POINT('Ctrl Pts',(373.305778497279,24.803960134908,500.));
#3199=CARTESIAN_POINT('Ctrl Pts',(371.336846754283,25.1642461668932,500.));
#3200=CARTESIAN_POINT('Ctrl Pts',(369.360755438964,25.5250705601875,500.));
#3201=CARTESIAN_POINT('Ctrl Pts',(367.377572355103,25.886371611403,500.));
#3202=CARTESIAN_POINT('Ctrl Pts',(365.387363935769,26.2480872089131,500.));
#3203=CARTESIAN_POINT('Ctrl Pts',(363.390200502193,26.6101666440002,500.));
#3204=CARTESIAN_POINT('Ctrl Pts',(361.386162558666,26.9725848604386,500.));
#3205=CARTESIAN_POINT('Ctrl Pts',(359.375338711237,27.3353370414203,500.));
#3206=CARTESIAN_POINT('Ctrl Pts',(357.35782208834,27.6984297318193,500.));
#3207=CARTESIAN_POINT('Ctrl Pts',(355.333707188829,28.0618728505471,500.));
#3208=CARTESIAN_POINT('Ctrl Pts',(353.303086761342,28.4256720386567,500.));
#3209=CARTESIAN_POINT('Ctrl Pts',(351.266048144644,28.7898190954981,500.));
#3210=CARTESIAN_POINT('Ctrl Pts',(349.222672182961,29.1542910981984,500.));
#3211=CARTESIAN_POINT('Ctrl Pts',(347.173034022579,29.5190557340203,500.));
#3212=CARTESIAN_POINT('Ctrl Pts',(345.117203329649,29.8840748501915,500.));
#3213=CARTESIAN_POINT('Ctrl Pts',(343.055244795558,30.2493086223891,500.));
#3214=CARTESIAN_POINT('Ctrl Pts',(340.987218402461,30.6147197355081,500.));
#3215=CARTESIAN_POINT('Ctrl Pts',(338.913180157683,30.9802766952792,500.));
#3216=CARTESIAN_POINT('Ctrl Pts',(336.833184258969,31.3459537901519,500.));
#3217=CARTESIAN_POINT('Ctrl Pts',(334.74728499148,31.7117315867108,500.));
#3218=CARTESIAN_POINT('Ctrl Pts',(332.655538802295,32.0775972981306,500.));
#3219=CARTESIAN_POINT('Ctrl Pts',(330.55800613204,32.4435450132265,500.));
#3220=CARTESIAN_POINT('Ctrl Pts',(328.454753788527,32.8095764908618,500.));
#3221=CARTESIAN_POINT('Ctrl Pts',(326.345853388053,33.1756975009743,500.));
#3222=CARTESIAN_POINT('Ctrl Pts',(324.231379014845,33.5419133369279,500.));
#3223=CARTESIAN_POINT('Ctrl Pts',(322.111405095508,33.9082244193933,500.));
#3224=CARTESIAN_POINT('Ctrl Pts',(319.986004305618,34.2746222994964,500.));
#3225=CARTESIAN_POINT('Ctrl Pts',(317.85524516771,34.641084435851,500.));
#3226=CARTESIAN_POINT('Ctrl Pts',(315.719190752218,35.007572978398,500.));
#3227=CARTESIAN_POINT('Ctrl Pts',(313.577899922688,35.3740427672022,500.));
#3228=CARTESIAN_POINT('Ctrl Pts',(311.431428061009,35.7404473278498,500.));
#3229=CARTESIAN_POINT('Ctrl Pts',(309.279828007689,36.1067459579674,500.));
#3230=CARTESIAN_POINT('Ctrl Pts',(307.123150892256,36.4729096702519,500.));
#3231=CARTESIAN_POINT('Ctrl Pts',(304.961447057269,36.8389293692691,500.));
#3232=CARTESIAN_POINT('Ctrl Pts',(302.794766648537,37.2048121487731,500.));
#3233=CARTESIAN_POINT('Ctrl Pts',(300.623160099527,37.5705736265922,500.));
#3234=CARTESIAN_POINT('Ctrl Pts',(298.446678658468,37.9362315312149,500.));
#3235=CARTESIAN_POINT('Ctrl Pts',(296.265374878832,38.3017988862008,500.));
#3236=CARTESIAN_POINT('Ctrl Pts',(294.07930317013,38.6672770821895,500.));
#3237=CARTESIAN_POINT('Ctrl Pts',(291.888520193451,39.0326498175346,500.));
#3238=CARTESIAN_POINT('Ctrl Pts',(289.693083418044,39.3978883299302,500.));
#3239=CARTESIAN_POINT('Ctrl Pts',(287.493049842601,39.7629557583524,500.));
#3240=CARTESIAN_POINT('Ctrl Pts',(285.288474583592,40.1278119486013,500.));
#3241=CARTESIAN_POINT('Ctrl Pts',(283.07940968056,40.492417814399,500.));
#3242=CARTESIAN_POINT('Ctrl Pts',(280.865902418421,40.8567405105177,500.));
#3243=CARTESIAN_POINT('Ctrl Pts',(278.647995202447,41.2207561227935,500.));
#3244=CARTESIAN_POINT('Ctrl Pts',(276.425728206077,41.5844480598577,500.));
#3245=CARTESIAN_POINT('Ctrl Pts',(274.199141337105,41.9478063878901,500.));
#3246=CARTESIAN_POINT('Ctrl Pts',(271.968276604197,42.3108268289135,500.));
#3247=CARTESIAN_POINT('Ctrl Pts',(269.733180019984,42.6735098056217,500.));
#3248=CARTESIAN_POINT('Ctrl Pts',(267.493904434831,43.0358597100064,500.));
#3249=CARTESIAN_POINT('Ctrl Pts',(265.250508684227,43.3978829719904,500.));
#3250=CARTESIAN_POINT('Ctrl Pts',(263.00305416196,43.7595852150742,500.));
#3251=CARTESIAN_POINT('Ctrl Pts',(260.75160220672,44.120968753082,500.));
#3252=CARTESIAN_POINT('Ctrl Pts',(258.496211035509,44.4820297938485,500.));
#3253=CARTESIAN_POINT('Ctrl Pts',(256.236933145616,44.8427561230653,500.));
#3254=CARTESIAN_POINT('Ctrl Pts',(253.973811808012,45.203123667455,500.));
#3255=CARTESIAN_POINT('Ctrl Pts',(251.706882466694,45.5630993866364,500.));
#3256=CARTESIAN_POINT('Ctrl Pts',(249.436175757542,45.9226462883538,500.));
#3257=CARTESIAN_POINT('Ctrl Pts',(247.161719965152,46.2817276775473,500.));
#3258=CARTESIAN_POINT('Ctrl Pts',(244.883543773861,46.6403118663613,500.));
#3259=CARTESIAN_POINT('Ctrl Pts',(242.601678753386,46.998376356685,500.));
#3260=CARTESIAN_POINT('Ctrl Pts',(240.316162325809,47.3559131199923,500.));
#3261=CARTESIAN_POINT('Ctrl Pts',(238.027037014405,47.7129250640528,500.));
#3262=CARTESIAN_POINT('Ctrl Pts',(235.73434904719,48.0694209410293,500.));
#3263=CARTESIAN_POINT('Ctrl Pts',(233.438147189875,48.4254108425858,500.));
#3264=CARTESIAN_POINT('Ctrl Pts',(231.138481471394,48.780901349356,500.));
#3265=CARTESIAN_POINT('Ctrl Pts',(228.835401981468,49.1358910608945,500.));
#3266=CARTESIAN_POINT('Ctrl Pts',(226.528957568102,49.4903653414748,500.));
#3267=CARTESIAN_POINT('Ctrl Pts',(224.21919546204,49.8442994183155,500.));
#3268=CARTESIAN_POINT('Ctrl Pts',(221.906161002747,50.197662471053,500.));
#3269=CARTESIAN_POINT('Ctrl Pts',(219.589897335345,50.5504213383754,500.));
#3270=CARTESIAN_POINT('Ctrl Pts',(217.270445104353,50.9025444549891,500.));
#3271=CARTESIAN_POINT('Ctrl Pts',(214.947842184963,51.2540055276119,500.));
#3272=CARTESIAN_POINT('Ctrl Pts',(212.622123301489,51.6047877557008,500.));
#3273=CARTESIAN_POINT('Ctrl Pts',(210.293320899438,51.9548824594172,500.));
#3274=CARTESIAN_POINT('Ctrl Pts',(207.961466179683,52.3042870165943,500.));
#3275=CARTESIAN_POINT('Ctrl Pts',(205.626590063987,52.6530030517385,500.));
#3276=CARTESIAN_POINT('Ctrl Pts',(203.288724214252,53.0010345030617,500.));
#3277=CARTESIAN_POINT('Ctrl Pts',(200.947901970606,53.3483857789773,500.));
#3278=CARTESIAN_POINT('Ctrl Pts',(198.604159477242,53.6950597790235,500.));
#3279=CARTESIAN_POINT('Ctrl Pts',(196.257535352842,54.0410568268057,500.));
#3280=CARTESIAN_POINT('Ctrl Pts',(193.908070083445,54.3863737516122,500.));
#3281=CARTESIAN_POINT('Ctrl Pts',(191.555805511416,54.7310029569506,500.));
#3282=CARTESIAN_POINT('Ctrl Pts',(189.200784284331,55.0749314089524,500.));
#3283=CARTESIAN_POINT('Ctrl Pts',(186.843049320428,55.4181398591502,500.));
#3284=CARTESIAN_POINT('Ctrl Pts',(184.482643268856,55.7606014511909,500.));
#3285=CARTESIAN_POINT('Ctrl Pts',(182.119607952368,56.1022838211485,500.));
#3286=CARTESIAN_POINT('Ctrl Pts',(179.753983786419,56.4431524444861,500.));
#3287=CARTESIAN_POINT('Ctrl Pts',(177.385809232246,56.7831735026796,500.));
#3288=CARTESIAN_POINT('Ctrl Pts',(175.015120177813,57.122317104417,500.));
#3289=CARTESIAN_POINT('Ctrl Pts',(172.641949484498,57.4605599963066,500.));
#3290=CARTESIAN_POINT('Ctrl Pts',(170.266326124094,57.7978893923057,500.));
#3291=CARTESIAN_POINT('Ctrl Pts',(167.888276048984,58.1343021957703,500.));
#3292=CARTESIAN_POINT('Ctrl Pts',(165.507824230189,58.4698011713639,500.));
#3293=CARTESIAN_POINT('Ctrl Pts',(163.124996301978,58.8043920821776,500.));
#3294=CARTESIAN_POINT('Ctrl Pts',(160.739820466387,59.1380803090542,500.));
#3295=CARTESIAN_POINT('Ctrl Pts',(158.3523290606,59.4708679682538,500.));
#3296=CARTESIAN_POINT('Ctrl Pts',(155.96256082194,59.8027501383181,500.));
#3297=CARTESIAN_POINT('Ctrl Pts',(153.57056084201,60.1337139302319,500.));
#3298=CARTESIAN_POINT('Ctrl Pts',(151.176377356151,60.4637414123597,500.));
#3299=CARTESIAN_POINT('Ctrl Pts',(148.780059342655,60.79281156385,500.));
#3300=CARTESIAN_POINT('Ctrl Pts',(146.381653727027,61.1209026740036,500.));
#3301=CARTESIAN_POINT('Ctrl Pts',(143.981202909756,61.4479944293902,500.));
#3302=CARTESIAN_POINT('Ctrl Pts',(141.578741784507,61.7740704264348,500.));
#3303=CARTESIAN_POINT('Ctrl Pts',(139.174296116207,62.0991196043604,500.));
#3304=CARTESIAN_POINT('Ctrl Pts',(136.76788592974,62.4231337447232,500.));
#3305=CARTESIAN_POINT('Ctrl Pts',(134.359528128553,62.7461055738419,500.));
#3306=CARTESIAN_POINT('Ctrl Pts',(131.949239410587,63.0680266332638,500.));
#3307=CARTESIAN_POINT('Ctrl Pts',(129.537039066582,63.3888852402546,500.));
#3308=CARTESIAN_POINT('Ctrl Pts',(127.122951807447,63.7086644304855,500.));
#3309=CARTESIAN_POINT('Ctrl Pts',(124.707010638956,64.0273398495699,500.));
#3310=CARTESIAN_POINT('Ctrl Pts',(122.28925476144,64.3448828041067,500.));
#3311=CARTESIAN_POINT('Ctrl Pts',(119.869727372261,64.6612634345768,500.));
#3312=CARTESIAN_POINT('Ctrl Pts',(117.448473535043,64.9764537682726,500.));
#3313=CARTESIAN_POINT('Ctrl Pts',(115.025537951429,65.2904309921091,500.));
#3314=CARTESIAN_POINT('Ctrl Pts',(112.600962936634,65.6031802354264,500.));
#3315=CARTESIAN_POINT('Ctrl Pts',(110.174785891912,65.9146985792353,500.));
#3316=CARTESIAN_POINT('Ctrl Pts',(107.747039473173,66.2249924507139,500.));
#3317=CARTESIAN_POINT('Ctrl Pts',(105.317752767257,66.5340724923882,500.));
#3318=CARTESIAN_POINT('Ctrl Pts',(102.8869521345,66.8419493567703,500.));
#3319=CARTESIAN_POINT('Ctrl Pts',(100.454662200692,67.1486288917015,500.));
#3320=CARTESIAN_POINT('Ctrl Pts',(98.0209067612057,67.4541081052389,500.));
#3321=CARTESIAN_POINT('Ctrl Pts',(95.5857097809476,67.7583695259273,500.));
#3322=CARTESIAN_POINT('Ctrl Pts',(93.1490961415464,68.0613808976407,500.));
#3323=CARTESIAN_POINT('Ctrl Pts',(90.7110920760709,68.3631019667936,500.));
#3324=CARTESIAN_POINT('Ctrl Pts',(88.2717256735588,68.663489473019,500.));
#3325=CARTESIAN_POINT('Ctrl Pts',(85.8310273702801,68.9625029468766,500.));
#3326=CARTESIAN_POINT('Ctrl Pts',(83.3890304122475,69.2601099800478,500.));
#3327=CARTESIAN_POINT('Ctrl Pts',(80.9457714121052,69.5562921563319,500.));
#3328=CARTESIAN_POINT('Ctrl Pts',(78.50129062647,69.8510494326517,500.));
#3329=CARTESIAN_POINT('Ctrl Pts',(76.0556301042303,70.1443932096062,500.));
#3330=CARTESIAN_POINT('Ctrl Pts',(73.6088320250742,70.4363404369062,500.));
#3331=CARTESIAN_POINT('Ctrl Pts',(71.1609369967305,70.7269074214236,500.));
#3332=CARTESIAN_POINT('Ctrl Pts',(68.7119822976847,71.0161035366209,500.));
#3333=CARTESIAN_POINT('Ctrl Pts',(66.2620003124434,71.3039255024126,500.));
#3334=CARTESIAN_POINT('Ctrl Pts',(63.8110164418807,71.5903500395135,500.));
#3335=CARTESIAN_POINT('Ctrl Pts',(61.3590506964188,71.8753380078569,500.));
#3336=CARTESIAN_POINT('Ctrl Pts',(58.906120192639,72.1588413557936,500.));
#3337=CARTESIAN_POINT('Ctrl Pts',(56.4522412969071,72.4408089888216,500.));
#3338=CARTESIAN_POINT('Ctrl Pts',(53.9974320159853,72.721193359163,500.));
#3339=CARTESIAN_POINT('Ctrl Pts',(51.5417140516456,72.9999561237303,500.));
#3340=CARTESIAN_POINT('Ctrl Pts',(49.0851155650807,73.2770757320238,500.));
#3341=CARTESIAN_POINT('Ctrl Pts',(46.6276715082554,73.5525484277774,500.));
#3342=CARTESIAN_POINT('Ctrl Pts',(44.1694210645208,73.8263814329599,500.));
#3343=CARTESIAN_POINT('Ctrl Pts',(41.7104058420645,74.0985881663853,500.));
#3344=CARTESIAN_POINT('Ctrl Pts',(39.2506677413818,74.3691825835267,500.));
#3345=CARTESIAN_POINT('Ctrl Pts',(36.7902470082031,74.6381740115763,500.));
#3346=CARTESIAN_POINT('Ctrl Pts',(34.3291800973679,74.9055614881384,500.));
#3347=CARTESIAN_POINT('Ctrl Pts',(31.8674979343874,75.171329133911,500.));
#3348=CARTESIAN_POINT('Ctrl Pts',(29.4052275190342,75.4354502023302,500.));
#3349=CARTESIAN_POINT('Ctrl Pts',(26.9423932577578,75.6978904204513,500.));
#3350=CARTESIAN_POINT('Ctrl Pts',(24.4790183791848,75.9586115575813,500.));
#3351=CARTESIAN_POINT('Ctrl Pts',(22.0151263603243,76.2175749932751,500.));
#3352=CARTESIAN_POINT('Ctrl Pts',(19.5507422403414,76.4747450602687,500.));
#3353=CARTESIAN_POINT('Ctrl Pts',(17.0858942611636,76.730093065954,500.));
#3354=CARTESIAN_POINT('Ctrl Pts',(14.620613554174,76.9835972405983,500.));
#3355=CARTESIAN_POINT('Ctrl Pts',(12.1549331942777,77.235241377412,500.));
#3356=CARTESIAN_POINT('Ctrl Pts',(9.6888874737737,77.4850139062998,500.));
#3357=CARTESIAN_POINT('Ctrl Pts',(7.22251106354221,77.732906789807,500.));
#3358=CARTESIAN_POINT('Ctrl Pts',(4.75583827086739,77.9789144873484,500.));
#3359=CARTESIAN_POINT('Ctrl Pts',(2.28890213811375,78.2230329097383,500.));
#3360=CARTESIAN_POINT('Ctrl Pts',(-0.178265979793932,78.4652583090917,500.));
#3361=CARTESIAN_POINT('Ctrl Pts',(-2.64563606893761,78.7055860315421,500.));
#3362=CARTESIAN_POINT('Ctrl Pts',(-5.11317928682809,78.9440093047089,500.));
#3363=CARTESIAN_POINT('Ctrl Pts',(-7.58086772189297,79.1805180071829,500.));
#3364=CARTESIAN_POINT('Ctrl Pts',(-10.0486741827676,79.415097454653,500.));
#3365=CARTESIAN_POINT('Ctrl Pts',(-12.5165719760215,79.6477271576419,500.));
#3366=CARTESIAN_POINT('Ctrl Pts',(-14.9845346855617,79.8783796499137,500.));
#3367=CARTESIAN_POINT('Ctrl Pts',(-17.4525358006576,80.1070228839462,500.));
#3368=CARTESIAN_POINT('Ctrl Pts',(-19.9205483411665,80.3336225887935,500.));
#3369=CARTESIAN_POINT('Ctrl Pts',(-22.388544496385,80.5581445945695,500.));
#3370=CARTESIAN_POINT('Ctrl Pts',(-24.8564952295029,80.7805572783236,500.));
#3371=CARTESIAN_POINT('Ctrl Pts',(-27.3243699637049,81.0008337071558,500.));
#3372=CARTESIAN_POINT('Ctrl Pts',(-29.7921360635295,81.218954546824,500.));
#3373=CARTESIAN_POINT('Ctrl Pts',(-32.2597592753494,81.434907386567,500.));
#3374=CARTESIAN_POINT('Ctrl Pts',(-34.7272046642359,81.6486842309416,500.));
#3375=CARTESIAN_POINT('Ctrl Pts',(-37.194437380079,81.8602795860785,500.));
#3376=CARTESIAN_POINT('Ctrl Pts',(-39.6614235285767,82.0696882533227,500.));
#3377=CARTESIAN_POINT('Ctrl Pts',(-42.1281309185404,82.2769033546879,500.));
#3378=CARTESIAN_POINT('Ctrl Pts',(-44.5945300524529,82.4819140019365,500.));
#3379=CARTESIAN_POINT('Ctrl Pts',(-47.0605943958019,82.6847039519385,500.));
#3380=CARTESIAN_POINT('Ctrl Pts',(-49.5262988873634,82.8852526381986,500.));
#3381=CARTESIAN_POINT('Ctrl Pts',(-51.9916187862139,83.0835357434501,500.));
#3382=CARTESIAN_POINT('Ctrl Pts',(-54.4565283923926,83.2795259555511,500.));
#3383=CARTESIAN_POINT('Ctrl Pts',(-56.9209998046588,83.4731936423929,500.));
#3384=CARTESIAN_POINT('Ctrl Pts',(-59.3850017020442,83.6645075680533,500.));
#3385=CARTESIAN_POINT('Ctrl Pts',(-61.8484980063918,83.8534355731334,500.));
#3386=CARTESIAN_POINT('Ctrl Pts',(-64.3114494558411,84.0399458110847,500.));
#3387=CARTESIAN_POINT('Ctrl Pts',(-66.7738153522059,84.224008033021,500.));
#3388=CARTESIAN_POINT('Ctrl Pts',(-69.2355552062371,84.4055948118932,500.));
#3389=CARTESIAN_POINT('Ctrl Pts',(-71.6966305132608,84.5846828896504,500.));
#3390=CARTESIAN_POINT('Ctrl Pts',(-74.1570062693305,84.7612542444596,500.));
#3391=CARTESIAN_POINT('Ctrl Pts',(-76.616653110253,84.9352978490824,500.));
#3392=CARTESIAN_POINT('Ctrl Pts',(-79.0755468087119,85.1068084797811,500.));
#3393=CARTESIAN_POINT('Ctrl Pts',(-81.5336660749402,85.275783621888,500.));
#3394=CARTESIAN_POINT('Ctrl Pts',(-83.9909908892081,85.4422209838751,500.));
#3395=CARTESIAN_POINT('Ctrl Pts',(-86.4475005665951,85.6061156804237,500.));
#3396=CARTESIAN_POINT('Ctrl Pts',(-88.9031720475281,85.7674577414423,500.));
#3397=CARTESIAN_POINT('Ctrl Pts',(-91.3579778236914,85.9262290372369,500.));
#3398=CARTESIAN_POINT('Ctrl Pts',(-93.8118848777482,86.0824018759838,500.));
#3399=CARTESIAN_POINT('Ctrl Pts',(-96.2648563047198,86.2359420518731,500.));
#3400=CARTESIAN_POINT('Ctrl Pts',(-98.7168524392304,86.386811072588,500.));
#3401=CARTESIAN_POINT('Ctrl Pts',(-101.167832176163,86.5349687072464,500.));
#3402=CARTESIAN_POINT('Ctrl Pts',(-103.617754213579,86.6803754074168,500.));
#3403=CARTESIAN_POINT('Ctrl Pts',(-106.066578317691,86.8229947594705,500.));
#3404=CARTESIAN_POINT('Ctrl Pts',(-108.514266609429,86.9627959869823,500.));
#3405=CARTESIAN_POINT('Ctrl Pts',(-110.960783473601,87.0997536318568,500.));
#3406=CARTESIAN_POINT('Ctrl Pts',(-113.406095432111,87.233847162483,500.));
#3407=CARTESIAN_POINT('Ctrl Pts',(-115.850171019498,87.3650605873055,500.));
#3408=CARTESIAN_POINT('Ctrl Pts',(-118.29298068248,87.4933821151308,500.));
#3409=CARTESIAN_POINT('Ctrl Pts',(-120.734496610794,87.6188036808292,500.));
#3410=CARTESIAN_POINT('Ctrl Pts',(-123.174692746577,87.7413208210999,500.));
#3411=CARTESIAN_POINT('Ctrl Pts',(-125.613543903345,87.8609308042186,500.));
#3412=CARTESIAN_POINT('Ctrl Pts',(-128.051024461631,87.9776299293062,500.));
#3413=CARTESIAN_POINT('Ctrl Pts',(-130.487107233789,88.0914111580015,500.));
#3414=CARTESIAN_POINT('Ctrl Pts',(-132.921762182546,88.2022614577789,500.));
#3415=CARTESIAN_POINT('Ctrl Pts',(-135.354955378242,88.3101596169698,500.));
#3416=CARTESIAN_POINT('Ctrl Pts',(-137.786647423174,88.4150730059265,500.));
#3417=CARTESIAN_POINT('Ctrl Pts',(-140.216793653199,88.5169578528334,500.));
#3418=CARTESIAN_POINT('Ctrl Pts',(-142.645346898341,88.61576457563,500.));
#3419=CARTESIAN_POINT('Ctrl Pts',(-145.072259599959,88.711441848448,500.));
#3420=CARTESIAN_POINT('Ctrl Pts',(-147.497486238895,88.8039412676551,500.));
#3421=CARTESIAN_POINT('Ctrl Pts',(-149.920985513592,88.8932215588896,500.));
#3422=CARTESIAN_POINT('Ctrl Pts',(-152.342722905373,88.9792534654647,500.));
#3423=CARTESIAN_POINT('Ctrl Pts',(-154.762672238243,89.0620228916581,500.));
#3424=CARTESIAN_POINT('Ctrl Pts',(-157.180812294987,89.1415254896954,500.));
#3425=CARTESIAN_POINT('Ctrl Pts',(-159.597124065159,89.2177623411251,500.));
#3426=CARTESIAN_POINT('Ctrl Pts',(-162.011587757589,89.2907352275793,500.));
#3427=CARTESIAN_POINT('Ctrl Pts',(-164.424179891466,89.3604420452778,500.));
#3428=CARTESIAN_POINT('Ctrl Pts',(-166.834870404848,89.4268722311387,500.));
#3429=CARTESIAN_POINT('Ctrl Pts',(-169.243619614724,89.4900019820588,500.));
#3430=CARTESIAN_POINT('Ctrl Pts',(-171.650380847992,89.549797561822,500.));
#3431=CARTESIAN_POINT('Ctrl Pts',(-174.055103283441,89.6062189045575,500.));
#3432=CARTESIAN_POINT('Ctrl Pts',(-176.457734676164,89.6592230627444,500.));
#3433=CARTESIAN_POINT('Ctrl Pts',(-178.858224221979,89.7087678256118,500.));
#3434=CARTESIAN_POINT('Ctrl Pts',(-181.256525150177,89.7548150191493,500.));
#3435=CARTESIAN_POINT('Ctrl Pts',(-183.652597984225,89.7973345817881,500.));
#3436=CARTESIAN_POINT('Ctrl Pts',(-186.046409403979,89.836303543656,500.));
#3437=CARTESIAN_POINT('Ctrl Pts',(-188.437929968949,89.8717036895421,500.));
#3438=CARTESIAN_POINT('Ctrl Pts',(-190.827132258547,89.9035196986094,500.));
#3439=CARTESIAN_POINT('Ctrl Pts',(-193.213988769952,89.9317370176057,500.));
#3440=CARTESIAN_POINT('Ctrl Pts',(-195.598470077723,89.9563400040226,500.));
#3441=CARTESIAN_POINT('Ctrl Pts',(-197.980542482154,89.9773095599086,500.));
#3442=CARTESIAN_POINT('Ctrl Pts',(-200.360167867545,89.9946229485666,500.));
#3443=CARTESIAN_POINT('Ctrl Pts',(-202.737304735607,90.0082547726789,500.));
#3444=CARTESIAN_POINT('Ctrl Pts',(-205.111908871836,90.0181775853117,500.));
#3445=CARTESIAN_POINT('Ctrl Pts',(-207.483934171196,90.0243626700579,500.));
#3446=CARTESIAN_POINT('Ctrl Pts',(-209.853333378793,90.0267807092199,500.));
#3447=CARTESIAN_POINT('Ctrl Pts',(-212.220058908422,90.0254025980716,500.));
#3448=CARTESIAN_POINT('Ctrl Pts',(-214.584063457693,90.0201997878923,500.));
#3449=CARTESIAN_POINT('Ctrl Pts',(-216.945300478337,90.0111442469811,500.));
#3450=CARTESIAN_POINT('Ctrl Pts',(-219.303724668851,89.9982085267978,500.));
#3451=CARTESIAN_POINT('Ctrl Pts',(-221.659292496946,89.9813657897606,500.));
#3452=CARTESIAN_POINT('Ctrl Pts',(-224.011962619162,89.9605898424645,500.));
#3453=CARTESIAN_POINT('Ctrl Pts',(-226.36169656659,89.9358551936772,500.));
#3454=CARTESIAN_POINT('Ctrl Pts',(-228.708458461238,89.9071369976629,500.));
#3455=CARTESIAN_POINT('Ctrl Pts',(-231.052213647893,89.8744108668331,500.));
#3456=CARTESIAN_POINT('Ctrl Pts',(-233.392927630718,89.8376527174924,500.));
#3457=CARTESIAN_POINT('Ctrl Pts',(-235.730564845096,89.7968386055586,500.));
#3458=CARTESIAN_POINT('Ctrl Pts',(-238.065087593763,89.7519445585438,500.));
#3459=CARTESIAN_POINT('Ctrl Pts',(-240.39645468198,89.7029464289432,500.));
#3460=CARTESIAN_POINT('Ctrl Pts',(-242.724621048192,89.6498196623545,500.));
#3461=CARTESIAN_POINT('Ctrl Pts',(-245.049538564266,89.5925389511524,500.));
#3462=CARTESIAN_POINT('Ctrl Pts',(-247.371156538758,89.5310779326303,500.));
#3463=CARTESIAN_POINT('Ctrl Pts',(-249.689422333371,89.4654088368828,500.));
#3464=CARTESIAN_POINT('Ctrl Pts',(-252.004281948307,89.3955022305455,500.));
#3465=CARTESIAN_POINT('Ctrl Pts',(-254.315680578022,89.3213265358289,500.));
#3466=CARTESIAN_POINT('Ctrl Pts',(-256.623563351308,89.2428483637826,500.));
#3467=CARTESIAN_POINT('Ctrl Pts',(-258.927876307477,89.1600337297371,500.));
#3468=CARTESIAN_POINT('Ctrl Pts',(-261.228567270946,89.0728490012167,500.));
#3469=CARTESIAN_POINT('Ctrl Pts',(-263.525586849436,88.9812620247369,500.));
#3470=CARTESIAN_POINT('Ctrl Pts',(-265.818889189133,88.8852430145472,500.));
#3471=CARTESIAN_POINT('Ctrl Pts',(-268.108433308815,88.784765946717,500.));
#3472=CARTESIAN_POINT('Ctrl Pts',(-270.394182118241,88.6798079802097,500.));
#3473=CARTESIAN_POINT('Ctrl Pts',(-272.676099648611,88.5703473602963,500.));
#3474=CARTESIAN_POINT('Ctrl Pts',(-274.954148856804,88.4563618108021,500.));
#3475=CARTESIAN_POINT('Ctrl Pts',(-277.228289072948,88.3378266182133,500.));
#3476=CARTESIAN_POINT('Ctrl Pts',(-279.498473881085,88.2147130965822,500.));
#3477=CARTESIAN_POINT('Ctrl Pts',(-281.764648097765,88.0869862532323,500.));
#3478=CARTESIAN_POINT('Ctrl Pts',(-284.026749182338,87.9546063911099,500.));
#3479=CARTESIAN_POINT('Ctrl Pts',(-286.284710490706,87.8175323568319,500.));
#3480=CARTESIAN_POINT('Ctrl Pts',(-288.538463907622,87.6757242211548,500.));
#3481=CARTESIAN_POINT('Ctrl Pts',(-290.787942800371,87.5291462800261,500.));
#3482=CARTESIAN_POINT('Ctrl Pts',(-293.033084687952,87.3777697208323,500.));
#3483=CARTESIAN_POINT('Ctrl Pts',(-295.273834423912,87.2215759589023,500.));
#3484=CARTESIAN_POINT('Ctrl Pts',(-297.510142158504,87.0605529817893,500.));
#3485=CARTESIAN_POINT('Ctrl Pts',(-299.741960711816,86.8946909132983,500.));
#3486=CARTESIAN_POINT('Ctrl Pts',(-301.969243122755,86.7239777850692,500.));
#3487=CARTESIAN_POINT('Ctrl Pts',(-304.191940198418,86.5483953771012,500.));
#3488=CARTESIAN_POINT('Ctrl Pts',(-306.409997886308,86.3679146568703,500.));
#3489=CARTESIAN_POINT('Ctrl Pts',(-308.623355244007,86.1824924877248,500.));
#3490=CARTESIAN_POINT('Ctrl Pts',(-310.831946760721,85.9920775560953,500.));
#3491=CARTESIAN_POINT('Ctrl Pts',(-313.035704188697,85.7966152235703,500.));
#3492=CARTESIAN_POINT('Ctrl Pts',(-315.23455863973,85.5960530331031,500.));
#3493=CARTESIAN_POINT('Ctrl Pts',(-317.428442393861,85.3903453866643,500.));
#3494=CARTESIAN_POINT('Ctrl Pts',(-319.617291260439,85.1794599268998,500.));
#3495=CARTESIAN_POINT('Ctrl Pts',(-321.801045113528,84.9633781877028,500.));
#3496=CARTESIAN_POINT('Ctrl Pts',(-323.979646130089,84.7420889749943,500.));
#3497=CARTESIAN_POINT('Ctrl Pts',(-326.153037616886,84.5155836577023,500.));
#3498=CARTESIAN_POINT('Ctrl Pts',(-328.321162577943,84.2838505194293,500.));
#3499=CARTESIAN_POINT('Ctrl Pts',(-330.483962440934,84.0468698939861,500.));
#3500=CARTESIAN_POINT('Ctrl Pts',(-332.641375589286,83.8046079633165,500.));
#3501=CARTESIAN_POINT('Ctrl Pts',(-334.793337064053,83.5570196124203,500.));
#3502=CARTESIAN_POINT('Ctrl Pts',(-336.939778511321,83.3040530702194,500.));
#3503=CARTESIAN_POINT('Ctrl Pts',(-339.080628018338,83.0456540332871,500.));
#3504=CARTESIAN_POINT('Ctrl Pts',(-341.215810057326,82.7817697888583,500.));
#3505=CARTESIAN_POINT('Ctrl Pts',(-343.345245236758,82.5123538600199,500.));
#3506=CARTESIAN_POINT('Ctrl Pts',(-345.468850600344,82.237368773858,500.));
#3507=CARTESIAN_POINT('Ctrl Pts',(-347.586541564548,81.9567830856363,500.));
#3508=CARTESIAN_POINT('Ctrl Pts',(-349.698233531176,81.6705694439911,500.));
#3509=CARTESIAN_POINT('Ctrl Pts',(-351.803843703634,81.3787022013738,500.));
#3510=CARTESIAN_POINT('Ctrl Pts',(-353.903292641883,81.0811553193085,500.));
#3511=CARTESIAN_POINT('Ctrl Pts',(-355.996506381665,80.7778998852084,500.));
#3512=CARTESIAN_POINT('Ctrl Pts',(-358.083415105609,80.4689036755313,500.));
#3513=CARTESIAN_POINT('Ctrl Pts',(-360.163950902376,80.1541312777049,500.));
#3514=CARTESIAN_POINT('Ctrl Pts',(-362.238045788792,79.8335439867471,500.));
#3515=CARTESIAN_POINT('Ctrl Pts',(-364.305629721322,79.5070998811336,500.));
#3516=CARTESIAN_POINT('Ctrl Pts',(-366.366628371598,79.1747536161981,500.));
#3517=CARTESIAN_POINT('Ctrl Pts',(-368.420961826817,78.8364570418698,500.));
#3518=CARTESIAN_POINT('Ctrl Pts',(-370.468545010489,78.4921612667588,500.));
#3519=CARTESIAN_POINT('Ctrl Pts',(-372.509287715781,78.1418184082757,500.));
#3520=CARTESIAN_POINT('Ctrl Pts',(-374.543094799633,77.7853834546843,500.));
#3521=CARTESIAN_POINT('Ctrl Pts',(-376.569866295885,77.4228161121406,500.));
#3522=CARTESIAN_POINT('Ctrl Pts',(-378.589497599719,77.0540825655742,500.));
#3523=CARTESIAN_POINT('Ctrl Pts',(-380.601881813502,76.679152861504,500.));
#3524=CARTESIAN_POINT('Ctrl Pts',(-382.606911972426,76.2979984285078,500.));
#3525=CARTESIAN_POINT('Ctrl Pts',(-384.604483456807,75.9105894949608,500.));
#3526=CARTESIAN_POINT('Ctrl Pts',(-386.594496000173,75.5168926672595,500.));
#3527=CARTESIAN_POINT('Ctrl Pts',(-388.576856709925,75.1168681350814,500.));
#3528=CARTESIAN_POINT('Ctrl Pts',(-390.551476841908,74.7104692353685,500.));
#3529=CARTESIAN_POINT('Ctrl Pts',(-392.518266996977,74.2976427580813,500.));
#3530=CARTESIAN_POINT('Ctrl Pts',(-394.477132563105,73.8783288478198,500.));
#3531=CARTESIAN_POINT('Ctrl Pts',(-396.427969696753,73.4524614208706,500.));
#3532=CARTESIAN_POINT('Ctrl Pts',(-398.370659472213,73.0199674994651,500.));
#3533=CARTESIAN_POINT('Ctrl Pts',(-400.305070098531,72.5807708846298,500.));
#3534=CARTESIAN_POINT('Ctrl Pts',(-402.231064233571,72.1347983548458,500.));
#3535=CARTESIAN_POINT('Ctrl Pts',(-404.148505133667,71.6819855744737,500.));
#3536=CARTESIAN_POINT('Ctrl Pts',(-406.057262483487,71.2222820975755,500.));
#3537=CARTESIAN_POINT('Ctrl Pts',(-407.957220328258,70.7556592727408,500.));
#3538=CARTESIAN_POINT('Ctrl Pts',(-409.848276251071,70.2821068880883,500.));
#3539=CARTESIAN_POINT('Ctrl Pts',(-411.730332318374,69.8016195038756,500.));
#3540=CARTESIAN_POINT('Ctrl Pts',(-413.603287942564,69.3141849546527,500.));
#3541=CARTESIAN_POINT('Ctrl Pts',(-415.467032730705,68.8197734233536,500.));
#3542=CARTESIAN_POINT('Ctrl Pts',(-417.32143744913,68.3183226927718,500.));
#3543=CARTESIAN_POINT('Ctrl Pts',(-419.166353373449,67.8097393549137,500.));
#3544=CARTESIAN_POINT('Ctrl Pts',(-421.001619617214,67.2939149169385,500.));
#3545=CARTESIAN_POINT('Ctrl Pts',(-422.827068499989,66.7707384569236,500.));
#3546=CARTESIAN_POINT('Ctrl Pts',(-424.642531177565,66.2401092379275,500.));
#3547=CARTESIAN_POINT('Ctrl Pts',(-426.447844505047,65.7019529564281,500.));
#3548=CARTESIAN_POINT('Ctrl Pts',(-428.242851143387,65.1562197150424,500.));
#3549=CARTESIAN_POINT('Ctrl Pts',(-430.027395254662,64.6028703084159,500.));
#3550=CARTESIAN_POINT('Ctrl Pts',(-431.801319441375,64.0418656404999,500.));
#3551=CARTESIAN_POINT('Ctrl Pts',(-433.564461377189,63.4731557418505,500.));
#3552=CARTESIAN_POINT('Ctrl Pts',(-435.316650036808,62.8966666409095,500.));
#3553=CARTESIAN_POINT('Ctrl Pts',(-437.057706166761,62.312305906761,500.));
#3554=CARTESIAN_POINT('Ctrl Pts',(-438.787443872146,61.719973070557,500.));
#3555=CARTESIAN_POINT('Ctrl Pts',(-440.505671809544,61.1195681761786,500.));
#3556=CARTESIAN_POINT('Ctrl Pts',(-442.212194567389,60.5110015670159,500.));
#3557=CARTESIAN_POINT('Ctrl Pts',(-443.906813898046,59.8942018781646,500.));
#3558=CARTESIAN_POINT('Ctrl Pts',(-445.589328552879,59.2691061203475,500.));
#3559=CARTESIAN_POINT('Ctrl Pts',(-447.259534326723,58.6356503023133,500.));
#3560=CARTESIAN_POINT('Ctrl Pts',(-448.917223758467,57.9937609521953,500.));
#3561=CARTESIAN_POINT('Ctrl Pts',(-450.562186614125,57.343343615327,500.));
#3562=CARTESIAN_POINT('Ctrl Pts',(-452.19420764782,56.6842825714644,500.));
#3563=CARTESIAN_POINT('Ctrl Pts',(-453.813061204074,56.0164538522459,500.));
#3564=CARTESIAN_POINT('Ctrl Pts',(-455.41850656119,55.3397349510035,500.));
#3565=CARTESIAN_POINT('Ctrl Pts',(-457.010283135488,54.6540155909389,500.));
#3566=CARTESIAN_POINT('Ctrl Pts',(-458.588105291109,53.9592088342441,500.));
#3567=CARTESIAN_POINT('Ctrl Pts',(-460.151671030763,53.2552392145137,500.));
#3568=CARTESIAN_POINT('Ctrl Pts',(-461.70067212733,52.5420286866088,500.));
#3569=CARTESIAN_POINT('Ctrl Pts',(-463.234802428517,51.8194849946347,500.));
#3570=CARTESIAN_POINT('Ctrl Pts',(-464.753770072217,51.0874851176788,500.));
#3571=CARTESIAN_POINT('Ctrl Pts',(-466.25729498036,50.3458770274573,500.));
#3572=CARTESIAN_POINT('Ctrl Pts',(-467.745093159161,49.5944977835534,500.));
#3573=CARTESIAN_POINT('Ctrl Pts',(-469.216865436895,48.8331861891122,500.));
#3574=CARTESIAN_POINT('Ctrl Pts',(-470.672282734859,48.0617995954871,500.));
#3575=CARTESIAN_POINT('Ctrl Pts',(-472.110977882716,47.2802230384631,500.));
#3576=CARTESIAN_POINT('Ctrl Pts',(-473.532558285012,46.488354157265,500.));
#3577=CARTESIAN_POINT('Ctrl Pts',(-474.93661523544,45.6860919649655,500.));
#3578=CARTESIAN_POINT('Ctrl Pts',(-476.322734739626,44.8733239597771,500.));
#3579=CARTESIAN_POINT('Ctrl Pts',(-477.690507153488,44.0499143682975,500.));
#3580=CARTESIAN_POINT('Ctrl Pts',(-479.039516392027,43.2157092320797,500.));
#3581=CARTESIAN_POINT('Ctrl Pts',(-480.369329450943,42.3705411245579,500.));
#3582=CARTESIAN_POINT('Ctrl Pts',(-481.67948612449,41.5142340333662,500.));
#3583=CARTESIAN_POINT('Ctrl Pts',(-482.969487819237,40.6466080791478,500.));
#3584=CARTESIAN_POINT('Ctrl Pts',(-484.238807252802,39.7674871185004,500.));
#3585=CARTESIAN_POINT('Ctrl Pts',(-485.486899525941,38.8767066655661,500.));
#3586=CARTESIAN_POINT('Ctrl Pts',(-486.713212303696,37.9741213685657,500.));
#3587=CARTESIAN_POINT('Ctrl Pts',(-487.917197390583,37.0596135325533,500.));
#3588=CARTESIAN_POINT('Ctrl Pts',(-489.098288555492,36.1330735109214,500.));
#3589=CARTESIAN_POINT('Ctrl Pts',(-490.255878918713,35.1943797675802,500.));
#3590=CARTESIAN_POINT('Ctrl Pts',(-491.389297058743,34.2433777404764,500.));
#3591=CARTESIAN_POINT('Ctrl Pts',(-492.497787865005,33.2798630417092,500.));
#3592=CARTESIAN_POINT('Ctrl Pts',(-493.580560794533,32.3036243720333,500.));
#3593=CARTESIAN_POINT('Ctrl Pts',(-494.636828130275,31.3144781295107,500.));
#3594=CARTESIAN_POINT('Ctrl Pts',(-495.665857671595,30.3123144372235,500.));
#3595=CARTESIAN_POINT('Ctrl Pts',(-496.666984262171,29.2971111474643,500.));
#3596=CARTESIAN_POINT('Ctrl Pts',(-497.639525459518,28.2688741380197,500.));
#3597=CARTESIAN_POINT('Ctrl Pts',(-498.582726059914,27.2275991604651,500.));
#3598=CARTESIAN_POINT('Ctrl Pts',(-499.495669834798,26.1732101728267,500.));
#3599=CARTESIAN_POINT('Ctrl Pts',(-500.377312411209,25.1055828488323,500.));
#3600=CARTESIAN_POINT('Ctrl Pts',(-501.22657032155,24.0246074041498,500.));
#3601=CARTESIAN_POINT('Ctrl Pts',(-502.042395727468,22.9302413673394,500.));
#3602=CARTESIAN_POINT('Ctrl Pts',(-502.823848429537,21.8225606127649,500.));
#3603=CARTESIAN_POINT('Ctrl Pts',(-503.570040819923,20.7017263431134,500.));
#3604=CARTESIAN_POINT('Ctrl Pts',(-504.280097381012,19.5679607300018,500.));
#3605=CARTESIAN_POINT('Ctrl Pts',(-504.953099395665,18.4215153106601,500.));
#3606=CARTESIAN_POINT('Ctrl Pts',(-505.588077991093,17.262660644067,500.));
#3607=CARTESIAN_POINT('Ctrl Pts',(-506.184036897335,16.0916897472906,500.));
#3608=CARTESIAN_POINT('Ctrl Pts',(-506.739964819515,14.9089149221841,500.));
#3609=CARTESIAN_POINT('Ctrl Pts',(-507.254856667483,13.7146749847116,500.));
#3610=CARTESIAN_POINT('Ctrl Pts',(-507.727759660285,12.5093896535019,500.));
#3611=CARTESIAN_POINT('Ctrl Pts',(-508.157813015222,11.2935990423148,500.));
#3612=CARTESIAN_POINT('Ctrl Pts',(-508.544297634383,10.068027798236,500.));
#3613=CARTESIAN_POINT('Ctrl Pts',(-508.886611005935,8.83347697360526,500.));
#3614=CARTESIAN_POINT('Ctrl Pts',(-509.184236826013,7.59071787833848,500.));
#3615=CARTESIAN_POINT('Ctrl Pts',(-509.436704631949,6.3403298814362,500.));
#3616=CARTESIAN_POINT('Ctrl Pts',(-509.643600843009,5.08278495778524,500.));
#3617=CARTESIAN_POINT('Ctrl Pts',(-509.804614971467,3.81870769722157,500.));
#3618=CARTESIAN_POINT('Ctrl Pts',(-509.919587182549,2.54912170628269,500.));
#3619=CARTESIAN_POINT('Ctrl Pts',(-509.988520525556,1.27559035224049,500.));
#3620=CARTESIAN_POINT('Ctrl Pts',(-510.011481186457,-8.89371042089859E-13,
500.));
#3621=CARTESIAN_POINT('Ctrl Pts',(-509.98852052555,-1.27559035224222,500.));
#3622=CARTESIAN_POINT('Ctrl Pts',(-509.919587182542,-2.5491217062843,500.));
#3623=CARTESIAN_POINT('Ctrl Pts',(-509.804614971466,-3.81870769722329,500.));
#3624=CARTESIAN_POINT('Ctrl Pts',(-509.643600843012,-5.08278495778709,500.));
#3625=CARTESIAN_POINT('Ctrl Pts',(-509.436704631955,-6.34032988143805,500.));
#3626=CARTESIAN_POINT('Ctrl Pts',(-509.184236826015,-7.59071787834028,500.));
#3627=CARTESIAN_POINT('Ctrl Pts',(-508.886611005932,-8.83347697360704,500.));
#3628=CARTESIAN_POINT('Ctrl Pts',(-508.544297634379,-10.0680277982378,500.));
#3629=CARTESIAN_POINT('Ctrl Pts',(-508.157813015221,-11.2935990423166,500.));
#3630=CARTESIAN_POINT('Ctrl Pts',(-507.727759660285,-12.5093896535036,500.));
#3631=CARTESIAN_POINT('Ctrl Pts',(-507.254856667482,-13.7146749847133,500.));
#3632=CARTESIAN_POINT('Ctrl Pts',(-506.739964819513,-14.9089149221858,500.));
#3633=CARTESIAN_POINT('Ctrl Pts',(-506.184036897335,-16.0916897472923,500.));
#3634=CARTESIAN_POINT('Ctrl Pts',(-505.588077991091,-17.2626606440686,500.));
#3635=CARTESIAN_POINT('Ctrl Pts',(-504.953099395662,-18.4215153106615,500.));
#3636=CARTESIAN_POINT('Ctrl Pts',(-504.280097381009,-19.5679607300033,500.));
#3637=CARTESIAN_POINT('Ctrl Pts',(-503.570040819923,-20.7017263431152,500.));
#3638=CARTESIAN_POINT('Ctrl Pts',(-502.823848429538,-21.8225606127669,500.));
#3639=CARTESIAN_POINT('Ctrl Pts',(-502.042395727468,-22.9302413673414,500.));
#3640=CARTESIAN_POINT('Ctrl Pts',(-501.226570321549,-24.0246074041514,500.));
#3641=CARTESIAN_POINT('Ctrl Pts',(-500.377312411206,-25.1055828488336,500.));
#3642=CARTESIAN_POINT('Ctrl Pts',(-499.495669834796,-26.1732101728279,500.));
#3643=CARTESIAN_POINT('Ctrl Pts',(-498.582726059914,-27.2275991604665,500.));
#3644=CARTESIAN_POINT('Ctrl Pts',(-497.639525459516,-28.2688741380213,500.));
#3645=CARTESIAN_POINT('Ctrl Pts',(-496.666984262165,-29.297111147466,500.));
#3646=CARTESIAN_POINT('Ctrl Pts',(-495.665857671588,-30.312314437225,500.));
#3647=CARTESIAN_POINT('Ctrl Pts',(-494.636828130272,-31.3144781295121,500.));
#3648=CARTESIAN_POINT('Ctrl Pts',(-493.580560794535,-32.3036243720347,500.));
#3649=CARTESIAN_POINT('Ctrl Pts',(-492.497787865011,-33.2798630417108,500.));
#3650=CARTESIAN_POINT('Ctrl Pts',(-491.389297058747,-34.2433777404781,500.));
#3651=CARTESIAN_POINT('Ctrl Pts',(-490.255878918711,-35.1943797675816,500.));
#3652=CARTESIAN_POINT('Ctrl Pts',(-489.098288555487,-36.1330735109225,500.));
#3653=CARTESIAN_POINT('Ctrl Pts',(-487.917197390579,-37.059613532554,500.));
#3654=CARTESIAN_POINT('Ctrl Pts',(-486.713212303694,-37.9741213685664,500.));
#3655=CARTESIAN_POINT('Ctrl Pts',(-485.48689952594,-38.8767066655674,500.));
#3656=CARTESIAN_POINT('Ctrl Pts',(-484.2388072528,-39.7674871185027,500.));
#3657=CARTESIAN_POINT('Ctrl Pts',(-482.969487819235,-40.6466080791508,500.));
#3658=CARTESIAN_POINT('Ctrl Pts',(-481.679486124489,-41.5142340333688,500.));
#3659=CARTESIAN_POINT('Ctrl Pts',(-480.369329450941,-42.3705411245592,500.));
#3660=CARTESIAN_POINT('Ctrl Pts',(-479.039516392023,-43.2157092320796,500.));
#3661=CARTESIAN_POINT('Ctrl Pts',(-477.690507153485,-44.0499143682971,500.));
#3662=CARTESIAN_POINT('Ctrl Pts',(-476.322734739624,-44.8733239597776,500.));
#3663=CARTESIAN_POINT('Ctrl Pts',(-474.936615235439,-45.6860919649669,500.));
#3664=CARTESIAN_POINT('Ctrl Pts',(-473.532558285007,-46.4883541572666,500.));
#3665=CARTESIAN_POINT('Ctrl Pts',(-472.110977882707,-47.2802230384645,500.));
#3666=CARTESIAN_POINT('Ctrl Pts',(-470.672282734851,-48.0617995954882,500.));
#3667=CARTESIAN_POINT('Ctrl Pts',(-469.216865436891,-48.8331861891133,500.));
#3668=CARTESIAN_POINT('Ctrl Pts',(-467.745093159163,-49.5944977835548,500.));
#3669=CARTESIAN_POINT('Ctrl Pts',(-466.257294980365,-50.3458770274591,500.));
#3670=CARTESIAN_POINT('Ctrl Pts',(-464.753770072222,-51.0874851176808,500.));
#3671=CARTESIAN_POINT('Ctrl Pts',(-463.234802428516,-51.8194849946363,500.));
#3672=CARTESIAN_POINT('Ctrl Pts',(-461.700672127326,-52.5420286866096,500.));
#3673=CARTESIAN_POINT('Ctrl Pts',(-460.151671030757,-53.2552392145136,500.));
#3674=CARTESIAN_POINT('Ctrl Pts',(-458.588105291104,-53.9592088342437,500.));
#3675=CARTESIAN_POINT('Ctrl Pts',(-457.010283135484,-54.6540155909391,500.));
#3676=CARTESIAN_POINT('Ctrl Pts',(-455.418506561189,-55.3397349510046,500.));
#3677=CARTESIAN_POINT('Ctrl Pts',(-453.81306120407,-56.0164538522477,500.));
#3678=CARTESIAN_POINT('Ctrl Pts',(-452.194207647812,-56.6842825714658,500.));
#3679=CARTESIAN_POINT('Ctrl Pts',(-450.562186614117,-57.3433436153274,500.));
#3680=CARTESIAN_POINT('Ctrl Pts',(-448.917223758461,-57.9937609521957,500.));
#3681=CARTESIAN_POINT('Ctrl Pts',(-447.259534326724,-58.6356503023149,500.));
#3682=CARTESIAN_POINT('Ctrl Pts',(-445.589328552885,-59.269106120351,500.));
#3683=CARTESIAN_POINT('Ctrl Pts',(-443.906813898052,-59.8942018781693,500.));
#3684=CARTESIAN_POINT('Ctrl Pts',(-442.212194567392,-60.5110015670198,500.));
#3685=CARTESIAN_POINT('Ctrl Pts',(-440.505671809541,-61.1195681761798,500.));
#3686=CARTESIAN_POINT('Ctrl Pts',(-438.78744387214,-61.7199730705553,500.));
#3687=CARTESIAN_POINT('Ctrl Pts',(-437.057706166753,-62.3123059067579,500.));
#3688=CARTESIAN_POINT('Ctrl Pts',(-435.3166500368,-62.8966666409069,500.));
#3689=CARTESIAN_POINT('Ctrl Pts',(-433.564461377183,-63.4731557418497,500.));
#3690=CARTESIAN_POINT('Ctrl Pts',(-431.801319441373,-64.0418656405015,500.));
#3691=CARTESIAN_POINT('Ctrl Pts',(-430.027395254662,-64.6028703084191,500.));
#3692=CARTESIAN_POINT('Ctrl Pts',(-428.242851143389,-65.156219715046,500.));
#3693=CARTESIAN_POINT('Ctrl Pts',(-426.447844505046,-65.7019529564312,500.));
#3694=CARTESIAN_POINT('Ctrl Pts',(-424.642531177562,-66.2401092379292,500.));
#3695=CARTESIAN_POINT('Ctrl Pts',(-422.827068499986,-66.7707384569239,500.));
#3696=CARTESIAN_POINT('Ctrl Pts',(-421.00161961721,-67.2939149169377,500.));
#3697=CARTESIAN_POINT('Ctrl Pts',(-419.166353373443,-67.809739354912,500.));
#3698=CARTESIAN_POINT('Ctrl Pts',(-417.321437449125,-68.3183226927704,500.));
#3699=CARTESIAN_POINT('Ctrl Pts',(-415.467032730703,-68.8197734233534,500.));
#3700=CARTESIAN_POINT('Ctrl Pts',(-413.603287942561,-69.3141849546544,500.));
#3701=CARTESIAN_POINT('Ctrl Pts',(-411.730332318367,-69.801619503879,500.));
#3702=CARTESIAN_POINT('Ctrl Pts',(-409.84827625106,-70.2821068880922,500.));
#3703=CARTESIAN_POINT('Ctrl Pts',(-407.957220328248,-70.7556592727439,500.));
#3704=CARTESIAN_POINT('Ctrl Pts',(-406.05726248348,-71.2222820975768,500.));
#3705=CARTESIAN_POINT('Ctrl Pts',(-404.148505133668,-71.6819855744738,500.));
#3706=CARTESIAN_POINT('Ctrl Pts',(-402.23106423358,-72.1347983548452,500.));
#3707=CARTESIAN_POINT('Ctrl Pts',(-400.305070098546,-72.5807708846297,500.));
#3708=CARTESIAN_POINT('Ctrl Pts',(-398.370659472226,-73.0199674994657,500.));
#3709=CARTESIAN_POINT('Ctrl Pts',(-396.427969696758,-73.4524614208716,500.));
#3710=CARTESIAN_POINT('Ctrl Pts',(-394.477132563097,-73.8783288478204,500.));
#3711=CARTESIAN_POINT('Ctrl Pts',(-392.518266996955,-74.2976427580811,500.));
#3712=CARTESIAN_POINT('Ctrl Pts',(-390.551476841879,-74.7104692353679,500.));
#3713=CARTESIAN_POINT('Ctrl Pts',(-388.576856709897,-75.1168681350809,500.));
#3714=CARTESIAN_POINT('Ctrl Pts',(-386.594496000157,-75.5168926672598,500.));
#3715=CARTESIAN_POINT('Ctrl Pts',(-384.604483456808,-75.9105894949616,500.));
#3716=CARTESIAN_POINT('Ctrl Pts',(-382.606911972441,-76.2979984285086,500.));
#3717=CARTESIAN_POINT('Ctrl Pts',(-380.601881813523,-76.6791528615048,500.));
#3718=CARTESIAN_POINT('Ctrl Pts',(-378.589497599737,-77.0540825655748,500.));
#3719=CARTESIAN_POINT('Ctrl Pts',(-376.569866295895,-77.4228161121411,500.));
#3720=CARTESIAN_POINT('Ctrl Pts',(-374.54309479963,-77.7853834546849,500.));
#3721=CARTESIAN_POINT('Ctrl Pts',(-372.509287715765,-78.1418184082764,500.));
#3722=CARTESIAN_POINT('Ctrl Pts',(-370.468545010463,-78.4921612667593,500.));
#3723=CARTESIAN_POINT('Ctrl Pts',(-368.42096182679,-78.8364570418703,500.));
#3724=CARTESIAN_POINT('Ctrl Pts',(-366.366628371579,-79.1747536161988,500.));
#3725=CARTESIAN_POINT('Ctrl Pts',(-364.305629721315,-79.5070998811343,500.));
#3726=CARTESIAN_POINT('Ctrl Pts',(-362.238045788796,-79.8335439867474,500.));
#3727=CARTESIAN_POINT('Ctrl Pts',(-360.163950902389,-80.1541312777054,500.));
#3728=CARTESIAN_POINT('Ctrl Pts',(-358.083415105627,-80.4689036755326,500.));
#3729=CARTESIAN_POINT('Ctrl Pts',(-355.996506381679,-80.7778998852101,500.));
#3730=CARTESIAN_POINT('Ctrl Pts',(-353.90329264189,-81.0811553193101,500.));
#3731=CARTESIAN_POINT('Ctrl Pts',(-351.803843703628,-81.3787022013741,500.));
#3732=CARTESIAN_POINT('Ctrl Pts',(-349.698233531156,-81.6705694439894,500.));
#3733=CARTESIAN_POINT('Ctrl Pts',(-347.586541564518,-81.9567830856328,500.));
#3734=CARTESIAN_POINT('Ctrl Pts',(-345.468850600313,-82.2373687738541,500.));
#3735=CARTESIAN_POINT('Ctrl Pts',(-343.345245236735,-82.5123538600169,500.));
#3736=CARTESIAN_POINT('Ctrl Pts',(-341.215810057318,-82.7817697888575,500.));
#3737=CARTESIAN_POINT('Ctrl Pts',(-339.080628018348,-83.0456540332901,500.));
#3738=CARTESIAN_POINT('Ctrl Pts',(-336.939778511347,-83.3040530702268,500.));
#3739=CARTESIAN_POINT('Ctrl Pts',(-334.793337064091,-83.5570196124301,500.));
#3740=CARTESIAN_POINT('Ctrl Pts',(-332.641375589321,-83.8046079633255,500.));
#3741=CARTESIAN_POINT('Ctrl Pts',(-330.483962440954,-84.0468698939909,500.));
#3742=CARTESIAN_POINT('Ctrl Pts',(-328.321162577935,-84.2838505194285,500.));
#3743=CARTESIAN_POINT('Ctrl Pts',(-326.153037616849,-84.5155836576967,500.));
#3744=CARTESIAN_POINT('Ctrl Pts',(-323.979646130029,-84.742088974986,500.));
#3745=CARTESIAN_POINT('Ctrl Pts',(-321.801045113463,-84.9633781876938,500.));
#3746=CARTESIAN_POINT('Ctrl Pts',(-319.617291260387,-85.1794599268932,500.));
#3747=CARTESIAN_POINT('Ctrl Pts',(-317.42844239384,-85.3903453866622,500.));
#3748=CARTESIAN_POINT('Ctrl Pts',(-315.234558639748,-85.5960530331065,500.));
#3749=CARTESIAN_POINT('Ctrl Pts',(-313.035704188748,-85.796615223578,500.));
#3750=CARTESIAN_POINT('Ctrl Pts',(-310.831946760788,-85.9920775561055,500.));
#3751=CARTESIAN_POINT('Ctrl Pts',(-308.623355244069,-86.1824924877342,500.));
#3752=CARTESIAN_POINT('Ctrl Pts',(-306.409997886345,-86.3679146568765,500.));
#3753=CARTESIAN_POINT('Ctrl Pts',(-304.191940198418,-86.5483953771023,500.));
#3754=CARTESIAN_POINT('Ctrl Pts',(-301.969243122721,-86.7239777850647,500.));
#3755=CARTESIAN_POINT('Ctrl Pts',(-299.741960711757,-86.8946909132897,500.));
#3756=CARTESIAN_POINT('Ctrl Pts',(-297.51014215844,-87.060552981779,500.));
#3757=CARTESIAN_POINT('Ctrl Pts',(-295.273834423861,-87.2215759588937,500.));
#3758=CARTESIAN_POINT('Ctrl Pts',(-293.033084687925,-87.3777697208281,500.));
#3759=CARTESIAN_POINT('Ctrl Pts',(-290.787942800372,-87.5291462800269,500.));
#3760=CARTESIAN_POINT('Ctrl Pts',(-288.538463907644,-87.6757242211607,500.));
#3761=CARTESIAN_POINT('Ctrl Pts',(-286.284710490739,-87.8175323568413,500.));
#3762=CARTESIAN_POINT('Ctrl Pts',(-284.026749182371,-87.95460639112,500.));
#3763=CARTESIAN_POINT('Ctrl Pts',(-281.764648097785,-88.0869862532403,500.));
#3764=CARTESIAN_POINT('Ctrl Pts',(-279.498473881089,-88.2147130965857,500.));
#3765=CARTESIAN_POINT('Ctrl Pts',(-277.228289072939,-88.3378266182119,500.));
#3766=CARTESIAN_POINT('Ctrl Pts',(-274.954148856792,-88.456361810797,500.));
#3767=CARTESIAN_POINT('Ctrl Pts',(-272.676099648604,-88.5703473602898,500.));
#3768=CARTESIAN_POINT('Ctrl Pts',(-270.394182118242,-88.6798079802044,500.));
#3769=CARTESIAN_POINT('Ctrl Pts',(-268.10843330882,-88.7847659467145,500.));
#3770=CARTESIAN_POINT('Ctrl Pts',(-265.818889189137,-88.8852430145471,500.));
#3771=CARTESIAN_POINT('Ctrl Pts',(-263.525586849428,-88.9812620247376,500.));
#3772=CARTESIAN_POINT('Ctrl Pts',(-261.228567270923,-89.0728490012168,500.));
#3773=CARTESIAN_POINT('Ctrl Pts',(-258.927876307442,-89.1600337297359,500.));
#3774=CARTESIAN_POINT('Ctrl Pts',(-256.623563351272,-89.2428483637813,500.));
#3775=CARTESIAN_POINT('Ctrl Pts',(-254.315680577995,-89.3213265358283,500.));
#3776=CARTESIAN_POINT('Ctrl Pts',(-252.004281948294,-89.3955022305455,500.));
#3777=CARTESIAN_POINT('Ctrl Pts',(-249.689422333376,-89.4654088368831,500.));
#3778=CARTESIAN_POINT('Ctrl Pts',(-247.371156538777,-89.5310779326309,500.));
#3779=CARTESIAN_POINT('Ctrl Pts',(-245.049538564289,-89.5925389511524,500.));
#3780=CARTESIAN_POINT('Ctrl Pts',(-242.724621048211,-89.6498196623544,500.));
#3781=CARTESIAN_POINT('Ctrl Pts',(-240.396454681988,-89.7029464289427,500.));
#3782=CARTESIAN_POINT('Ctrl Pts',(-238.06508759376,-89.7519445585432,500.));
#3783=CARTESIAN_POINT('Ctrl Pts',(-235.730564845089,-89.7968386055591,500.));
#3784=CARTESIAN_POINT('Ctrl Pts',(-233.392927630715,-89.8376527174947,500.));
#3785=CARTESIAN_POINT('Ctrl Pts',(-231.052213647897,-89.8744108668367,500.));
#3786=CARTESIAN_POINT('Ctrl Pts',(-228.708458461247,-89.907136997667,500.));
#3787=CARTESIAN_POINT('Ctrl Pts',(-226.361696566599,-89.9358551936808,500.));
#3788=CARTESIAN_POINT('Ctrl Pts',(-224.011962619164,-89.9605898424659,500.));
#3789=CARTESIAN_POINT('Ctrl Pts',(-221.659292496936,-89.9813657897592,500.));
#3790=CARTESIAN_POINT('Ctrl Pts',(-219.303724668829,-89.9982085267941,500.));
#3791=CARTESIAN_POINT('Ctrl Pts',(-216.945300478305,-90.0111442469764,500.));
#3792=CARTESIAN_POINT('Ctrl Pts',(-214.584063457662,-90.0201997878881,500.));
#3793=CARTESIAN_POINT('Ctrl Pts',(-212.220058908398,-90.0254025980688,500.));
#3794=CARTESIAN_POINT('Ctrl Pts',(-209.853333378782,-90.026780709219,500.));
#3795=CARTESIAN_POINT('Ctrl Pts',(-207.483934171199,-90.0243626700588,500.));
#3796=CARTESIAN_POINT('Ctrl Pts',(-205.111908871848,-90.0181775853137,500.));
#3797=CARTESIAN_POINT('Ctrl Pts',(-202.737304735619,-90.008254772681,500.));
#3798=CARTESIAN_POINT('Ctrl Pts',(-200.360167867555,-89.9946229485683,500.));
#3799=CARTESIAN_POINT('Ctrl Pts',(-197.980542482158,-89.9773095599094,500.));
#3800=CARTESIAN_POINT('Ctrl Pts',(-195.59847007772,-89.9563400040224,500.));
#3801=CARTESIAN_POINT('Ctrl Pts',(-193.213988769946,-89.9317370176055,500.));
#3802=CARTESIAN_POINT('Ctrl Pts',(-190.827132258541,-89.9035196986107,500.));
#3803=CARTESIAN_POINT('Ctrl Pts',(-188.437929968946,-89.871703689546,500.));
#3804=CARTESIAN_POINT('Ctrl Pts',(-186.046409403979,-89.8363035436617,500.));
#3805=CARTESIAN_POINT('Ctrl Pts',(-183.652597984225,-89.7973345817936,500.));
#3806=CARTESIAN_POINT('Ctrl Pts',(-181.256525150174,-89.7548150191522,500.));
#3807=CARTESIAN_POINT('Ctrl Pts',(-178.858224221974,-89.708767825611,500.));
#3808=CARTESIAN_POINT('Ctrl Pts',(-176.457734676161,-89.65922306274,500.));
#3809=CARTESIAN_POINT('Ctrl Pts',(-174.055103283442,-89.6062189045508,500.));
#3810=CARTESIAN_POINT('Ctrl Pts',(-171.650380847996,-89.5497975618145,500.));
#3811=CARTESIAN_POINT('Ctrl Pts',(-169.243619614729,-89.4900019820525,500.));
#3812=CARTESIAN_POINT('Ctrl Pts',(-166.834870404851,-89.4268722311353,500.));
#3813=CARTESIAN_POINT('Ctrl Pts',(-164.424179891463,-89.3604420452779,500.));
#3814=CARTESIAN_POINT('Ctrl Pts',(-162.011587757576,-89.2907352275826,500.));
#3815=CARTESIAN_POINT('Ctrl Pts',(-159.597124065138,-89.2177623411303,500.));
#3816=CARTESIAN_POINT('Ctrl Pts',(-157.180812294962,-89.1415254897008,500.));
#3817=CARTESIAN_POINT('Ctrl Pts',(-154.762672238218,-89.0620228916628,500.));
#3818=CARTESIAN_POINT('Ctrl Pts',(-152.342722905355,-88.9792534654677,500.));
#3819=CARTESIAN_POINT('Ctrl Pts',(-149.920985513585,-88.8932215588901,500.));
#3820=CARTESIAN_POINT('Ctrl Pts',(-147.497486238901,-88.8039412676525,500.));
#3821=CARTESIAN_POINT('Ctrl Pts',(-145.072259599974,-88.7114418484425,500.));
#3822=CARTESIAN_POINT('Ctrl Pts',(-142.645346898359,-88.6157645756227,500.));
#3823=CARTESIAN_POINT('Ctrl Pts',(-140.216793653212,-88.5169578528262,500.));
#3824=CARTESIAN_POINT('Ctrl Pts',(-137.786647423177,-88.4150730059214,500.));
#3825=CARTESIAN_POINT('Ctrl Pts',(-135.354955378238,-88.3101596169683,500.));
#3826=CARTESIAN_POINT('Ctrl Pts',(-132.92176218254,-88.2022614577808,500.));
#3827=CARTESIAN_POINT('Ctrl Pts',(-130.487107233788,-88.0914111580059,500.));
#3828=CARTESIAN_POINT('Ctrl Pts',(-128.051024461634,-87.9776299293115,500.));
#3829=CARTESIAN_POINT('Ctrl Pts',(-125.613543903349,-87.8609308042238,500.));
#3830=CARTESIAN_POINT('Ctrl Pts',(-123.174692746579,-87.741320821104,500.));
#3831=CARTESIAN_POINT('Ctrl Pts',(-120.734496610792,-87.618803680831,500.));
#3832=CARTESIAN_POINT('Ctrl Pts',(-118.292980682475,-87.4933821151296,500.));
#3833=CARTESIAN_POINT('Ctrl Pts',(-115.850171019492,-87.3650605873019,500.));
#3834=CARTESIAN_POINT('Ctrl Pts',(-113.40609543211,-87.2338471624783,500.));
#3835=CARTESIAN_POINT('Ctrl Pts',(-110.960783473603,-87.0997536318531,500.));
#3836=CARTESIAN_POINT('Ctrl Pts',(-108.514266609433,-86.9627959869804,500.));
#3837=CARTESIAN_POINT('Ctrl Pts',(-106.066578317693,-86.8229947594702,500.));
#3838=CARTESIAN_POINT('Ctrl Pts',(-103.617754213575,-86.6803754074169,500.));
#3839=CARTESIAN_POINT('Ctrl Pts',(-101.167832176152,-86.5349687072455,500.));
#3840=CARTESIAN_POINT('Ctrl Pts',(-98.7168524392128,-86.386811072585,500.));
#3841=CARTESIAN_POINT('Ctrl Pts',(-96.264856304699,-86.2359420518681,500.));
#3842=CARTESIAN_POINT('Ctrl Pts',(-93.8118848777294,-86.0824018759779,500.));
#3843=CARTESIAN_POINT('Ctrl Pts',(-91.3579778236782,-85.9262290372322,500.));
#3844=CARTESIAN_POINT('Ctrl Pts',(-88.9031720475224,-85.7674577414409,500.));
#3845=CARTESIAN_POINT('Ctrl Pts',(-86.4475005665965,-85.6061156804264,500.));
#3846=CARTESIAN_POINT('Ctrl Pts',(-83.9909908892151,-85.4422209838819,500.));
#3847=CARTESIAN_POINT('Ctrl Pts',(-81.5336660749498,-85.275783621897,500.));
#3848=CARTESIAN_POINT('Ctrl Pts',(-79.0755468087186,-85.1068084797895,500.));
#3849=CARTESIAN_POINT('Ctrl Pts',(-76.6166531102548,-84.935297849088,500.));
#3850=CARTESIAN_POINT('Ctrl Pts',(-74.1570062693274,-84.7612542444613,500.));
#3851=CARTESIAN_POINT('Ctrl Pts',(-71.6966305132559,-84.5846828896486,500.));
#3852=CARTESIAN_POINT('Ctrl Pts',(-69.2355552062333,-84.4055948118892,500.));
#3853=CARTESIAN_POINT('Ctrl Pts',(-66.773815352205,-84.2240080330163,500.));
#3854=CARTESIAN_POINT('Ctrl Pts',(-64.3114494558421,-84.0399458110802,500.));
#3855=CARTESIAN_POINT('Ctrl Pts',(-61.8484980063935,-83.8534355731303,500.));
#3856=CARTESIAN_POINT('Ctrl Pts',(-59.3850017020444,-83.6645075680523,500.));
#3857=CARTESIAN_POINT('Ctrl Pts',(-56.9209998046553,-83.473193642393,500.));
#3858=CARTESIAN_POINT('Ctrl Pts',(-54.4565283923829,-83.2795259555506,500.));
#3859=CARTESIAN_POINT('Ctrl Pts',(-51.9916187861948,-83.0835357434487,500.));
#3860=CARTESIAN_POINT('Ctrl Pts',(-49.5262988873377,-82.8852526381967,500.));
#3861=CARTESIAN_POINT('Ctrl Pts',(-47.0605943957745,-82.684703951937,500.));
#3862=CARTESIAN_POINT('Ctrl Pts',(-44.5945300524322,-82.4819140019358,500.));
#3863=CARTESIAN_POINT('Ctrl Pts',(-42.1281309185315,-82.2769033546878,500.));
#3864=CARTESIAN_POINT('Ctrl Pts',(-39.6614235285831,-82.0696882533223,500.));
#3865=CARTESIAN_POINT('Ctrl Pts',(-37.1944373801007,-81.8602795860777,500.));
#3866=CARTESIAN_POINT('Ctrl Pts',(-34.7272046642701,-81.6486842309415,500.));
#3867=CARTESIAN_POINT('Ctrl Pts',(-32.2597592753868,-81.4349073865683,500.));
#3868=CARTESIAN_POINT('Ctrl Pts',(-29.792136063559,-81.2189545468262,500.));
#3869=CARTESIAN_POINT('Ctrl Pts',(-27.3243699637168,-81.000833707157,500.));
#3870=CARTESIAN_POINT('Ctrl Pts',(-24.8564952294907,-80.7805572783226,500.));
#3871=CARTESIAN_POINT('Ctrl Pts',(-22.3885444963491,-80.5581445945656,500.));
#3872=CARTESIAN_POINT('Ctrl Pts',(-19.9205483411162,-80.3336225887875,500.));
#3873=CARTESIAN_POINT('Ctrl Pts',(-17.4525358006088,-80.1070228839399,500.));
#3874=CARTESIAN_POINT('Ctrl Pts',(-14.984534685526,-79.8783796499084,500.));
#3875=CARTESIAN_POINT('Ctrl Pts',(-12.5165719760035,-79.6477271576387,500.));
#3876=CARTESIAN_POINT('Ctrl Pts',(-10.0486741827644,-79.4150974546524,500.));
#3877=CARTESIAN_POINT('Ctrl Pts',(-7.58086772189934,-79.1805180071854,500.));
#3878=CARTESIAN_POINT('Ctrl Pts',(-5.11317928683861,-78.9440093047139,500.));
#3879=CARTESIAN_POINT('Ctrl Pts',(-2.6456360689479,-78.7055860315476,500.));
#3880=CARTESIAN_POINT('Ctrl Pts',(-0.178265979801939,-78.465258309096,500.));
#3881=CARTESIAN_POINT('Ctrl Pts',(2.28890213810812,-78.2230329097402,500.));
#3882=CARTESIAN_POINT('Ctrl Pts',(4.75583827086686,-77.9789144873481,500.));
#3883=CARTESIAN_POINT('Ctrl Pts',(7.22251106355223,-77.7329067898059,500.));
#3884=CARTESIAN_POINT('Ctrl Pts',(9.68888747379803,-77.4850139062996,500.));
#3885=CARTESIAN_POINT('Ctrl Pts',(12.1549331943142,-77.2352413774136,500.));
#3886=CARTESIAN_POINT('Ctrl Pts',(14.6206135542152,-76.9835972406017,500.));
#3887=CARTESIAN_POINT('Ctrl Pts',(17.0858942611993,-76.7300930659579,500.));
#3888=CARTESIAN_POINT('Ctrl Pts',(19.5507422403609,-76.4747450602709,500.));
#3889=CARTESIAN_POINT('Ctrl Pts',(22.0151263603231,-76.2175749932738,500.));
#3890=CARTESIAN_POINT('Ctrl Pts',(24.4790183791664,-75.9586115575764,500.));
#3891=CARTESIAN_POINT('Ctrl Pts',(26.9423932577316,-75.6978904204442,500.));
#3892=CARTESIAN_POINT('Ctrl Pts',(29.4052275190109,-75.4354502023231,500.));
#3893=CARTESIAN_POINT('Ctrl Pts',(31.8674979343751,-75.1713291339056,500.));
#3894=CARTESIAN_POINT('Ctrl Pts',(34.3291800973686,-74.9055614881356,500.));
#3895=CARTESIAN_POINT('Ctrl Pts',(36.7902470082102,-74.6381740115756,500.));
#3896=CARTESIAN_POINT('Ctrl Pts',(39.250667741384,-74.3691825835282,500.));
#3897=CARTESIAN_POINT('Ctrl Pts',(41.7104058420535,-74.0985881663883,500.));
#3898=CARTESIAN_POINT('Ctrl Pts',(44.1694210644974,-73.826381432964,500.));
#3899=CARTESIAN_POINT('Ctrl Pts',(46.6276715082281,-73.5525484277815,500.));
#3900=CARTESIAN_POINT('Ctrl Pts',(49.0851155650594,-73.2770757320267,500.));
#3901=CARTESIAN_POINT('Ctrl Pts',(51.54171405164,-72.999956123731,500.));
#3902=CARTESIAN_POINT('Ctrl Pts',(53.9974320160008,-72.7211933591611,500.));
#3903=CARTESIAN_POINT('Ctrl Pts',(56.4522412969424,-72.4408089888174,500.));
#3904=CARTESIAN_POINT('Ctrl Pts',(58.9061201926852,-72.1588413557881,500.));
#3905=CARTESIAN_POINT('Ctrl Pts',(61.3590506964641,-71.875338007851,500.));
#3906=CARTESIAN_POINT('Ctrl Pts',(63.8110164419152,-71.5903500395082,500.));
#3907=CARTESIAN_POINT('Ctrl Pts',(66.262000312461,-71.3039255024092,500.));
#3908=CARTESIAN_POINT('Ctrl Pts',(68.711982297685,-71.016103536621,500.));
#3909=CARTESIAN_POINT('Ctrl Pts',(71.1609369967177,-70.7269074214279,500.));
#3910=CARTESIAN_POINT('Ctrl Pts',(73.6088320250524,-70.4363404369136,500.));
#3911=CARTESIAN_POINT('Ctrl Pts',(76.0556301042057,-70.1443932096153,500.));
#3912=CARTESIAN_POINT('Ctrl Pts',(78.5012906264474,-69.8510494326601,500.));
#3913=CARTESIAN_POINT('Ctrl Pts',(80.9457714120913,-69.5562921563374,500.));
#3914=CARTESIAN_POINT('Ctrl Pts',(83.3890304122488,-69.2601099800482,500.));
#3915=CARTESIAN_POINT('Ctrl Pts',(85.8310273703006,-68.9625029468709,500.));
#3916=CARTESIAN_POINT('Ctrl Pts',(88.2717256735955,-68.6634894730072,500.));
#3917=CARTESIAN_POINT('Ctrl Pts',(90.7110920761158,-68.3631019667775,500.));
#3918=CARTESIAN_POINT('Ctrl Pts',(93.1490961415882,-68.0613808976244,500.));
#3919=CARTESIAN_POINT('Ctrl Pts',(95.5857097809789,-67.7583695259161,500.));
#3920=CARTESIAN_POINT('Ctrl Pts',(98.0209067612184,-67.4541081052356,500.));
#3921=CARTESIAN_POINT('Ctrl Pts',(100.454662200686,-67.1486288917051,500.));
#3922=CARTESIAN_POINT('Ctrl Pts',(102.886952134479,-66.841949356778,500.));
#3923=CARTESIAN_POINT('Ctrl Pts',(105.317752767231,-66.5340724923971,500.));
#3924=CARTESIAN_POINT('Ctrl Pts',(107.74703947315,-66.2249924507219,500.));
#3925=CARTESIAN_POINT('Ctrl Pts',(110.174785891901,-65.9146985792409,500.));
#3926=CARTESIAN_POINT('Ctrl Pts',(112.600962936635,-65.6031802354286,500.));
#3927=CARTESIAN_POINT('Ctrl Pts',(115.025537951436,-65.2904309921074,500.));
#3928=CARTESIAN_POINT('Ctrl Pts',(117.448473535048,-64.9764537682672,500.));
#3929=CARTESIAN_POINT('Ctrl Pts',(119.869727372259,-64.6612634345689,500.));
#3930=CARTESIAN_POINT('Ctrl Pts',(122.289254761431,-64.3448828040985,500.));
#3931=CARTESIAN_POINT('Ctrl Pts',(124.707010638948,-64.0273398495636,500.));
#3932=CARTESIAN_POINT('Ctrl Pts',(127.122951807446,-63.7086644304824,500.));
#3933=CARTESIAN_POINT('Ctrl Pts',(129.537039066588,-63.3888852402544,500.));
#3934=CARTESIAN_POINT('Ctrl Pts',(131.949239410593,-63.068026633265,500.));
#3935=CARTESIAN_POINT('Ctrl Pts',(134.359528128552,-62.7461055738425,500.));
#3936=CARTESIAN_POINT('Ctrl Pts',(136.767885929729,-62.4231337447218,500.));
#3937=CARTESIAN_POINT('Ctrl Pts',(139.174296116191,-62.0991196043568,500.));
#3938=CARTESIAN_POINT('Ctrl Pts',(141.578741784495,-61.7740704264305,500.));
#3939=CARTESIAN_POINT('Ctrl Pts',(143.981202909756,-61.4479944293881,500.));
#3940=CARTESIAN_POINT('Ctrl Pts',(146.381653727045,-61.1209026740065,500.));
#3941=CARTESIAN_POINT('Ctrl Pts',(148.780059342687,-60.7928115638588,500.));
#3942=CARTESIAN_POINT('Ctrl Pts',(151.176377356188,-60.4637414123731,500.));
#3943=CARTESIAN_POINT('Ctrl Pts',(153.570560842036,-60.1337139302461,500.));
#3944=CARTESIAN_POINT('Ctrl Pts',(155.962560821953,-59.8027501383284,500.));
#3945=CARTESIAN_POINT('Ctrl Pts',(158.352329060603,-59.470867968257,500.));
#3946=CARTESIAN_POINT('Ctrl Pts',(160.73982046639,-59.1380803090486,500.));
#3947=CARTESIAN_POINT('Ctrl Pts',(163.124996301989,-58.8043920821643,500.));
#3948=CARTESIAN_POINT('Ctrl Pts',(165.507824230211,-58.4698011713466,500.));
#3949=CARTESIAN_POINT('Ctrl Pts',(167.888276049011,-58.1343021957543,500.));
#3950=CARTESIAN_POINT('Ctrl Pts',(170.266326124119,-57.7978893922948,500.));
#3951=CARTESIAN_POINT('Ctrl Pts',(172.641949484511,-57.4605599963024,500.));
#3952=CARTESIAN_POINT('Ctrl Pts',(175.015120177812,-57.122317104419,500.));
#3953=CARTESIAN_POINT('Ctrl Pts',(177.385809232232,-56.7831735026859,500.));
#3954=CARTESIAN_POINT('Ctrl Pts',(179.753983786396,-56.4431524444936,500.));
#3955=CARTESIAN_POINT('Ctrl Pts',(182.119607952345,-56.1022838211543,500.));
#3956=CARTESIAN_POINT('Ctrl Pts',(184.482643268841,-55.7606014511934,500.));
#3957=CARTESIAN_POINT('Ctrl Pts',(186.843049320424,-55.4181398591497,500.));
#3958=CARTESIAN_POINT('Ctrl Pts',(189.200784284339,-55.0749314089512,500.));
#3959=CARTESIAN_POINT('Ctrl Pts',(191.555805511433,-54.7310029569512,500.));
#3960=CARTESIAN_POINT('Ctrl Pts',(193.908070083469,-54.3863737516154,500.));
#3961=CARTESIAN_POINT('Ctrl Pts',(196.257535352866,-54.0410568268109,500.));
#3962=CARTESIAN_POINT('Ctrl Pts',(198.60415947726,-53.6950597790289,500.));
#3963=CARTESIAN_POINT('Ctrl Pts',(200.947901970616,-53.3483857789803,500.));
#3964=CARTESIAN_POINT('Ctrl Pts',(203.288724214255,-53.0010345030603,500.));
#3965=CARTESIAN_POINT('Ctrl Pts',(205.626590063987,-52.6530030517325,500.));
#3966=CARTESIAN_POINT('Ctrl Pts',(207.961466179687,-52.304287016586,500.));
#3967=CARTESIAN_POINT('Ctrl Pts',(210.293320899451,-51.9548824594086,500.));
#3968=CARTESIAN_POINT('Ctrl Pts',(212.622123301506,-51.6047877556936,500.));
#3969=CARTESIAN_POINT('Ctrl Pts',(214.947842184979,-51.2540055276077,500.));
#3970=CARTESIAN_POINT('Ctrl Pts',(217.270445104357,-50.9025444549889,500.));
#3971=CARTESIAN_POINT('Ctrl Pts',(219.589897335333,-50.5504213383794,500.));
#3972=CARTESIAN_POINT('Ctrl Pts',(221.906161002719,-50.1976624710599,500.));
#3973=CARTESIAN_POINT('Ctrl Pts',(224.219195462005,-49.8442994183231,500.));
#3974=CARTESIAN_POINT('Ctrl Pts',(226.528957568071,-49.4903653414807,500.));
#3975=CARTESIAN_POINT('Ctrl Pts',(228.835401981453,-49.1358910608968,500.));
#3976=CARTESIAN_POINT('Ctrl Pts',(231.138481471401,-48.7809013493547,500.));
#3977=CARTESIAN_POINT('Ctrl Pts',(233.438147189905,-48.425410842582,500.));
#3978=CARTESIAN_POINT('Ctrl Pts',(235.73434904724,-48.0694209410248,500.));
#3979=CARTESIAN_POINT('Ctrl Pts',(238.027037014462,-47.7129250640493,500.));
#3980=CARTESIAN_POINT('Ctrl Pts',(240.316162325854,-47.3559131199905,500.));
#3981=CARTESIAN_POINT('Ctrl Pts',(242.601678753409,-46.9983763566845,500.));
#3982=CARTESIAN_POINT('Ctrl Pts',(244.88354377386,-46.640311866361,500.));
#3983=CARTESIAN_POINT('Ctrl Pts',(247.161719965135,-46.281727677545,500.));
#3984=CARTESIAN_POINT('Ctrl Pts',(249.436175757518,-45.922646288349,500.));
#3985=CARTESIAN_POINT('Ctrl Pts',(251.706882466669,-45.5630993866294,500.));
#3986=CARTESIAN_POINT('Ctrl Pts',(253.973811807992,-45.2031236674482,500.));
#3987=CARTESIAN_POINT('Ctrl Pts',(256.236933145608,-44.8427561230612,500.));
#3988=CARTESIAN_POINT('Ctrl Pts',(258.496211035517,-44.482029793849,500.));
#3989=CARTESIAN_POINT('Ctrl Pts',(260.751602206745,-44.1209687530868,500.));
#3990=CARTESIAN_POINT('Ctrl Pts',(263.003054161998,-43.7595852150815,500.));
#3991=CARTESIAN_POINT('Ctrl Pts',(265.250508684267,-43.3978829719974,500.));
#3992=CARTESIAN_POINT('Ctrl Pts',(267.493904434863,-43.035859710011,500.));
#3993=CARTESIAN_POINT('Ctrl Pts',(269.733180019998,-42.6735098056227,500.));
#3994=CARTESIAN_POINT('Ctrl Pts',(271.968276604194,-42.3108268289114,500.));
#3995=CARTESIAN_POINT('Ctrl Pts',(274.199141337091,-41.9478063878863,500.));
#3996=CARTESIAN_POINT('Ctrl Pts',(276.425728206064,-41.5844480598538,500.));
#3997=CARTESIAN_POINT('Ctrl Pts',(278.647995202441,-41.2207561227906,500.));
#3998=CARTESIAN_POINT('Ctrl Pts',(280.865902418423,-40.8567405105161,500.));
#3999=CARTESIAN_POINT('Ctrl Pts',(283.079409680565,-40.4924178143982,500.));
#4000=CARTESIAN_POINT('Ctrl Pts',(285.288474583597,-40.1278119486009,500.));
#4001=CARTESIAN_POINT('Ctrl Pts',(287.493049842604,-39.7629557583522,500.));
#4002=CARTESIAN_POINT('Ctrl Pts',(289.693083418047,-39.3978883299302,500.));
#4003=CARTESIAN_POINT('Ctrl Pts',(291.888520193457,-39.0326498175348,500.));
#4004=CARTESIAN_POINT('Ctrl Pts',(294.079303170137,-38.6672770821894,500.));
#4005=CARTESIAN_POINT('Ctrl Pts',(296.265374878837,-38.3017988862001,500.));
#4006=CARTESIAN_POINT('Ctrl Pts',(298.44667865847,-37.9362315312137,500.));
#4007=CARTESIAN_POINT('Ctrl Pts',(300.623160099529,-37.5705736265914,500.));
#4008=CARTESIAN_POINT('Ctrl Pts',(302.79476664854,-37.2048121487725,500.));
#4009=CARTESIAN_POINT('Ctrl Pts',(304.961447057274,-36.8389293692689,500.));
#4010=CARTESIAN_POINT('Ctrl Pts',(307.123150892262,-36.4729096702515,500.));
#4011=CARTESIAN_POINT('Ctrl Pts',(309.279828007694,-36.1067459579665,500.));
#4012=CARTESIAN_POINT('Ctrl Pts',(311.431428061011,-35.7404473278483,500.));
#4013=CARTESIAN_POINT('Ctrl Pts',(313.577899922686,-35.3740427672006,500.));
#4014=CARTESIAN_POINT('Ctrl Pts',(315.719190752215,-35.0075729783967,500.));
#4015=CARTESIAN_POINT('Ctrl Pts',(317.855245167708,-34.6410844358502,500.));
#4016=CARTESIAN_POINT('Ctrl Pts',(319.98600430562,-34.2746222994959,500.));
#4017=CARTESIAN_POINT('Ctrl Pts',(322.111405095516,-33.9082244193923,500.));
#4018=CARTESIAN_POINT('Ctrl Pts',(324.231379014858,-33.5419133369259,500.));
#4019=CARTESIAN_POINT('Ctrl Pts',(326.345853388065,-33.1756975009716,500.));
#4020=CARTESIAN_POINT('Ctrl Pts',(328.454753788535,-32.8095764908592,500.));
#4021=CARTESIAN_POINT('Ctrl Pts',(330.558006132043,-32.4435450132248,500.));
#4022=CARTESIAN_POINT('Ctrl Pts',(332.655538802299,-32.0775972981302,500.));
#4023=CARTESIAN_POINT('Ctrl Pts',(334.747284991488,-31.7117315867109,500.));
#4024=CARTESIAN_POINT('Ctrl Pts',(336.83318425898,-31.3459537901517,500.));
#4025=CARTESIAN_POINT('Ctrl Pts',(338.913180157693,-30.9802766952784,500.));
#4026=CARTESIAN_POINT('Ctrl Pts',(340.987218402466,-30.614719735507,500.));
#4027=CARTESIAN_POINT('Ctrl Pts',(343.055244795561,-30.2493086223879,500.));
#4028=CARTESIAN_POINT('Ctrl Pts',(345.117203329654,-29.8840748501913,500.));
#4029=CARTESIAN_POINT('Ctrl Pts',(347.173034022591,-29.5190557340213,500.));
#4030=CARTESIAN_POINT('Ctrl Pts',(349.222672182976,-29.1542910982004,500.));
#4031=CARTESIAN_POINT('Ctrl Pts',(351.266048144657,-28.7898190955001,500.));
#4032=CARTESIAN_POINT('Ctrl Pts',(353.303086761349,-28.4256720386571,500.));
#4033=CARTESIAN_POINT('Ctrl Pts',(355.333707188831,-28.0618728505454,500.));
#4034=CARTESIAN_POINT('Ctrl Pts',(357.357822088339,-27.6984297318159,500.));
#4035=CARTESIAN_POINT('Ctrl Pts',(359.375338711237,-27.3353370414163,500.));
#4036=CARTESIAN_POINT('Ctrl Pts',(361.386162558666,-26.9725848604354,500.));
#4037=CARTESIAN_POINT('Ctrl Pts',(363.390200502198,-26.6101666439986,500.));
#4038=CARTESIAN_POINT('Ctrl Pts',(365.387363935774,-26.2480872089127,500.));
#4039=CARTESIAN_POINT('Ctrl Pts',(367.377572355107,-25.8863716114025,500.));
#4040=CARTESIAN_POINT('Ctrl Pts',(369.360755438962,-25.5250705601867,500.));
#4041=CARTESIAN_POINT('Ctrl Pts',(371.336846754278,-25.164246166892,500.));
#4042=CARTESIAN_POINT('Ctrl Pts',(373.305778497276,-24.8039601349068,500.));
#4043=CARTESIAN_POINT('Ctrl Pts',(375.267475838245,-24.4442610148026,500.));
#4044=CARTESIAN_POINT('Ctrl Pts',(377.221851423049,-24.0851718294207,500.));
#4045=CARTESIAN_POINT('Ctrl Pts',(379.168799841995,-23.726677620965,500.));
#4046=CARTESIAN_POINT('Ctrl Pts',(381.108204940112,-23.3687437973835,500.));
#4047=CARTESIAN_POINT('Ctrl Pts',(383.039947009208,-23.0113341801001,500.));
#4048=CARTESIAN_POINT('Ctrl Pts',(384.963910130027,-22.654429448106,500.));
#4049=CARTESIAN_POINT('Ctrl Pts',(386.879989208404,-22.298044762087,500.));
#4050=CARTESIAN_POINT('Ctrl Pts',(388.788097798725,-21.942249504912,500.));
#4051=CARTESIAN_POINT('Ctrl Pts',(390.688160540902,-21.5871456708106,500.));
#4052=CARTESIAN_POINT('Ctrl Pts',(392.580104715593,-21.2328438957459,500.));
#4053=CARTESIAN_POINT('Ctrl Pts',(394.463852079727,-20.879440215791,500.));
#4054=CARTESIAN_POINT('Ctrl Pts',(396.339310675166,-20.5269928132009,500.));
#4055=CARTESIAN_POINT('Ctrl Pts',(398.20636639566,-20.1754979479588,500.));
#4056=CARTESIAN_POINT('Ctrl Pts',(400.064889207942,-19.8249142810879,500.));
#4057=CARTESIAN_POINT('Ctrl Pts',(401.914739801774,-19.4751887215096,500.));
#4058=CARTESIAN_POINT('Ctrl Pts',(403.755775920664,-19.1262809581524,500.));
#4059=CARTESIAN_POINT('Ctrl Pts',(405.587859199906,-18.7781902892534,500.));
#4060=CARTESIAN_POINT('Ctrl Pts',(407.410860711643,-18.4309764513664,500.));
#4061=CARTESIAN_POINT('Ctrl Pts',(409.224656332,-18.0847336712875,500.));
#4062=CARTESIAN_POINT('Ctrl Pts',(411.029122907022,-17.7395680292339,500.));
#4063=CARTESIAN_POINT('Ctrl Pts',(412.824134373413,-17.3955754913701,500.));
#4064=CARTESIAN_POINT('Ctrl Pts',(414.609557279044,-17.0528150529273,500.));
#4065=CARTESIAN_POINT('Ctrl Pts',(416.385248682132,-16.7112997091467,500.));
#4066=CARTESIAN_POINT('Ctrl Pts',(418.151058388199,-16.371019120095,500.));
#4067=CARTESIAN_POINT('Ctrl Pts',(419.906830232641,-16.0319558035955,500.));
#4068=CARTESIAN_POINT('Ctrl Pts',(421.652403698352,-15.6941025298897,500.));
#4069=CARTESIAN_POINT('Ctrl Pts',(423.387615511205,-15.3574827568648,500.));
#4070=CARTESIAN_POINT('Ctrl Pts',(425.11230056718,-15.0221476202151,500.));
#4071=CARTESIAN_POINT('Ctrl Pts',(426.826292714117,-14.688164161848,500.));
#4072=CARTESIAN_POINT('Ctrl Pts',(428.529425335925,-14.3556068352892,500.));
#4073=CARTESIAN_POINT('Ctrl Pts',(430.221532588497,-14.0245467984516,500.));
#4074=CARTESIAN_POINT('Ctrl Pts',(431.902448630426,-13.6950447346729,500.));
#4075=CARTESIAN_POINT('Ctrl Pts',(433.571999670314,-13.3671547124961,500.));
#4076=CARTESIAN_POINT('Ctrl Pts',(435.229996784317,-13.0409264540179,500.));
#4077=CARTESIAN_POINT('Ctrl Pts',(436.876229154194,-12.7164081021696,500.));
#4078=CARTESIAN_POINT('Ctrl Pts',(438.510455239179,-12.3936490913247,500.));
#4079=CARTESIAN_POINT('Ctrl Pts',(440.132412957645,-12.0726998861111,500.));
#4080=CARTESIAN_POINT('Ctrl Pts',(441.741834449677,-11.7536108418659,500.));
#4081=CARTESIAN_POINT('Ctrl Pts',(443.338457462788,-11.436431777216,500.));
#4082=CARTESIAN_POINT('Ctrl Pts',(444.922042459339,-11.1212102704005,500.));
#4083=CARTESIAN_POINT('Ctrl Pts',(446.492368072206,-10.8079949858217,500.));
#4084=CARTESIAN_POINT('Ctrl Pts',(448.049210239156,-10.4968433122558,500.));
#4085=CARTESIAN_POINT('Ctrl Pts',(449.59232770848,-10.187826576227,500.));
#4086=CARTESIAN_POINT('Ctrl Pts',(451.121441220181,-9.88103895565242,500.));
#4087=CARTESIAN_POINT('Ctrl Pts',(452.636229380321,-9.57659444963898,500.));
#4088=CARTESIAN_POINT('Ctrl Pts',(454.136343577983,-9.27460858225368,500.));
#4089=CARTESIAN_POINT('Ctrl Pts',(455.621416961151,-8.97518623388027,500.));
#4090=CARTESIAN_POINT('Ctrl Pts',(457.091078279263,-8.67840194581475,500.));
#4091=CARTESIAN_POINT('Ctrl Pts',(458.544954154274,-8.38430332840808,500.));
#4092=CARTESIAN_POINT('Ctrl Pts',(459.982660752475,-8.09293955056096,500.));
#4093=CARTESIAN_POINT('Ctrl Pts',(461.40379805207,-7.80438000895913,500.));
#4094=CARTESIAN_POINT('Ctrl Pts',(462.807943517234,-7.51874441735553,500.));
#4095=CARTESIAN_POINT('Ctrl Pts',(464.194643494301,-7.23618871515851,500.));
#4096=CARTESIAN_POINT('Ctrl Pts',(465.563402916015,-6.95687156379198,500.));
#4097=CARTESIAN_POINT('Ctrl Pts',(466.913675903091,-6.68092695621975,500.));
#4098=CARTESIAN_POINT('Ctrl Pts',(468.244855332577,-6.40843450507823,500.));
#4099=CARTESIAN_POINT('Ctrl Pts',(469.55629396426,-6.13946856044387,500.));
#4100=CARTESIAN_POINT('Ctrl Pts',(470.84731731117,-5.87413805753255,500.));
#4101=CARTESIAN_POINT('Ctrl Pts',(472.117255425388,-5.61264509245042,500.));
#4102=CARTESIAN_POINT('Ctrl Pts',(473.365405820695,-5.35527429576994,500.));
#4103=CARTESIAN_POINT('Ctrl Pts',(474.590955962787,-5.1023280786323,500.));
#4104=CARTESIAN_POINT('Ctrl Pts',(475.792890253488,-4.85407121542309,500.));
#4105=CARTESIAN_POINT('Ctrl Pts',(476.969978281757,-4.6106896988524,500.));
#4106=CARTESIAN_POINT('Ctrl Pts',(478.120977635321,-4.37233481836073,500.));
#4107=CARTESIAN_POINT('Ctrl Pts',(479.244871256526,-4.13914064175696,500.));
#4108=CARTESIAN_POINT('Ctrl Pts',(480.340919339872,-3.91127911581474,500.));
#4109=CARTESIAN_POINT('Ctrl Pts',(481.407932382563,-3.68907936114516,500.));
#4110=CARTESIAN_POINT('Ctrl Pts',(482.443282558004,-3.47322831995885,500.));
#4111=CARTESIAN_POINT('Ctrl Pts',(483.442897424164,-3.26471896653941,500.));
#4112=CARTESIAN_POINT('Ctrl Pts',(484.403398501247,-3.06429392694228,500.));
#4113=CARTESIAN_POINT('Ctrl Pts',(485.325079763116,-2.87164195357971,500.));
#4114=CARTESIAN_POINT('Ctrl Pts',(486.209128371826,-2.68617854975541,500.));
#4115=CARTESIAN_POINT('Ctrl Pts',(487.047698378465,-2.50974378036377,500.));
#4116=CARTESIAN_POINT('Ctrl Pts',(487.821389226491,-2.34734992288859,500.));
#4117=CARTESIAN_POINT('Ctrl Pts',(488.52150455988,-2.2011900890864,500.));
#4118=CARTESIAN_POINT('Ctrl Pts',(489.066526672959,-2.08694367219999,500.));
#4119=CARTESIAN_POINT('Ctrl Pts',(489.436178781222,-2.00890025293814,500.));
#4120=CARTESIAN_POINT('Ctrl Pts',(489.642690940521,-1.96528263094284,500.));
#4121=CARTESIAN_POINT('Ctrl Pts',(489.738839431437,-1.94498847124224,500.));
#4122=CARTESIAN_POINT('Ctrl Pts',(489.753,-1.94200000000004,500.));
#4123=CARTESIAN_POINT('Origin',(-10.1292405932283,4.2632564145606E-13,500.));
#4124=UNCERTAINTY_MEASURE_WITH_UNIT(LENGTH_MEASURE(0.01),#4128,
'DISTANCE_ACCURACY_VALUE',
'Maximum model space distance between geometric entities at asserted c
onnectivities');
#4125=UNCERTAINTY_MEASURE_WITH_UNIT(LENGTH_MEASURE(0.01),#4128,
'DISTANCE_ACCURACY_VALUE',
'Maximum model space distance between geometric entities at asserted c
onnectivities');
#4126=(
GEOMETRIC_REPRESENTATION_CONTEXT(3)
GLOBAL_UNCERTAINTY_ASSIGNED_CONTEXT((#4124))
GLOBAL_UNIT_ASSIGNED_CONTEXT((#4128,#4130,#4131))
REPRESENTATION_CONTEXT('','3D')
);
#4127=(
GEOMETRIC_REPRESENTATION_CONTEXT(3)
GLOBAL_UNCERTAINTY_ASSIGNED_CONTEXT((#4125))
GLOBAL_UNIT_ASSIGNED_CONTEXT((#4128,#4130,#4131))
REPRESENTATION_CONTEXT('','3D')
);
#4128=(
LENGTH_UNIT()
NAMED_UNIT(*)
SI_UNIT(.MILLI.,.METRE.)
);
#4129=(
LENGTH_UNIT()
NAMED_UNIT(*)
SI_UNIT($,.METRE.)
);
#4130=(
NAMED_UNIT(*)
PLANE_ANGLE_UNIT()
SI_UNIT($,.RADIAN.)
);
#4131=(
NAMED_UNIT(*)
SI_UNIT($,.STERADIAN.)
SOLID_ANGLE_UNIT()
);
#4132=SHAPE_DEFINITION_REPRESENTATION(#4133,#4134);
#4133=PRODUCT_DEFINITION_SHAPE('',$,#4136);
#4134=SHAPE_REPRESENTATION('',(#76),#4126);
#4135=PRODUCT_DEFINITION_CONTEXT('part definition',#4140,'design');
#4136=PRODUCT_DEFINITION('(Unsaved)','(Unsaved)',#4137,#4135);
#4137=PRODUCT_DEFINITION_FORMATION('',$,#4142);
#4138=PRODUCT_RELATED_PRODUCT_CATEGORY('(Unsaved)','(Unsaved)',(#4142));
#4139=APPLICATION_PROTOCOL_DEFINITION('international standard',
'automotive_design',2009,#4140);
#4140=APPLICATION_CONTEXT(
'Core Data for Automotive Mechanical Design Process');
#4141=PRODUCT_CONTEXT('part definition',#4140,'mechanical');
#4142=PRODUCT('(Unsaved)','(Unsaved)',$,(#4141));
#4143=PRESENTATION_STYLE_ASSIGNMENT((#4144));
#4144=SURFACE_STYLE_USAGE(.BOTH.,#4145);
#4145=SURFACE_SIDE_STYLE('',(#4146));
#4146=SURFACE_STYLE_FILL_AREA(#4147);
#4147=FILL_AREA_STYLE('Steel - Satin',(#4148));
#4148=FILL_AREA_STYLE_COLOUR('Steel - Satin',#4149);
#4149=COLOUR_RGB('Steel - Satin',0.627450980392157,0.627450980392157,0.627450980392157);
ENDSEC;
END-ISO-10303-21;
