ISO-10303-21;
HEADER;
FILE_DESCRIPTION(('zoo.dev export'), '2;1');
FILE_NAME('output.step', '2026-07-15T14:43:28.727164595+00:00', (''), (''), 'zoo.dev beta', 'zoo.dev', '');
FILE_SCHEMA(('AP242_MANAGED_MODEL_BASED_3D_ENGINEERING_MIM_LF'));
ENDSEC;
DATA;
#1 = (
  LENGTH_UNIT()
  NAMED_UNIT(*)
  SI_UNIT(.MILLI., .METRE.)
);
#2 = (
  NAMED_UNIT(*)
  PLANE_ANGLE_UNIT()
  SI_UNIT($, .RADIAN.)
);
#3 = UNCERTAINTY_MEASURE_WITH_UNIT(LENGTH_MEASURE(0.01), #1, 'DISTANCE_ACCURACY_VALUE', $);
#4 = (
  GEOMETRIC_REPRESENTATION_CONTEXT(3)
  GLOBAL_UNCERTAINTY_ASSIGNED_CONTEXT((#3))
  GLOBAL_UNIT_ASSIGNED_CONTEXT((#1, #2))
  REPRESENTATION_CONTEXT('3D', '3D context')
);
#5 = CARTESIAN_POINT('', (76.75616202, 72.46678993, -240.));
#6 = VERTEX_POINT('', #5);
#7 = CARTESIAN_POINT('', (130.56389551, 103.53269934, -180.));
#8 = VERTEX_POINT('', #7);
#9 = CARTESIAN_POINT('', (80.22803522, 70.79932915, -240.));
#10 = VERTEX_POINT('', #9);
#11 = CARTESIAN_POINT('', (134.03576871, 101.86523856, -180.));
#12 = VERTEX_POINT('', #11);
#13 = CARTESIAN_POINT('', (87.59958686, 65.87542719, -240.));
#14 = VERTEX_POINT('', #13);
#15 = CARTESIAN_POINT('', (141.40732035, 96.9413366, -180.));
#16 = VERTEX_POINT('', #15);
#17 = CARTESIAN_POINT('', (96.01466137, 55.43409059, -240.));
#18 = VERTEX_POINT('', #17);
#19 = CARTESIAN_POINT('', (149.82239485, 86.5, -180.));
#20 = VERTEX_POINT('', #19);
#21 = CARTESIAN_POINT('', (99.80606398, 48.44318863, -240.));
#22 = VERTEX_POINT('', #21);
#23 = CARTESIAN_POINT('', (153.61379747, 79.50909804, -180.));
#24 = VERTEX_POINT('', #23);
#25 = CARTESIAN_POINT('', (102.72537901, 40.94878667, -240.));
#26 = VERTEX_POINT('', #25);
#27 = CARTESIAN_POINT('', (156.5331125, 72.01469608, -180.));
#28 = VERTEX_POINT('', #27);
#29 = CARTESIAN_POINT('', (104.2737947, 35.72285203, -240.));
#30 = VERTEX_POINT('', #29);
#31 = CARTESIAN_POINT('', (158.08152819, 66.78876144, -180.));
#32 = VERTEX_POINT('', #31);
#33 = CARTESIAN_POINT('', (105.638613, 30.39091739, -240.));
#34 = VERTEX_POINT('', #33);
#35 = CARTESIAN_POINT('', (159.44634649, 61.4568268, -180.));
#36 = VERTEX_POINT('', #35);
#37 = CARTESIAN_POINT('', (103.83990843, 34.2483651, -240.));
#38 = VERTEX_POINT('', #37);
#39 = CARTESIAN_POINT('', (157.64764191, 65.31427451, -180.));
#40 = VERTEX_POINT('', #39);
#41 = CARTESIAN_POINT('', (100.22170712, 40.72727359, -240.));
#42 = VERTEX_POINT('', #41);
#43 = CARTESIAN_POINT('', (154.02944061, 71.79318301, -180.));
#44 = VERTEX_POINT('', #43);
#45 = CARTESIAN_POINT('', (95.75221039, 47.93866902, -240.));
#46 = VERTEX_POINT('', #45);
#47 = CARTESIAN_POINT('', (149.55994387, 79.00457843, -180.));
#48 = VERTEX_POINT('', #47);
#49 = CARTESIAN_POINT('', (90.25213588, 53.33107751, -240.));
#50 = VERTEX_POINT('', #49);
#51 = CARTESIAN_POINT('', (144.05986937, 84.39698693, -180.));
#52 = VERTEX_POINT('', #51);
#53 = CARTESIAN_POINT('', (82.48220124, 56.18899908, -240.));
#54 = VERTEX_POINT('', #53);
#55 = CARTESIAN_POINT('', (136.28993472, 87.2549085, -180.));
#56 = VERTEX_POINT('', #55);
#57 = CARTESIAN_POINT('', (73.88176333, 61.01539451, -240.));
#58 = VERTEX_POINT('', #57);
#59 = CARTESIAN_POINT('', (127.68949682, 92.08130392, -180.));
#60 = VERTEX_POINT('', #59);
#61 = CARTESIAN_POINT('', (70.9104679, 65.41982915, -240.));
#62 = VERTEX_POINT('', #61);
#63 = CARTESIAN_POINT('', (124.71820139, 96.48573856, -180.));
#64 = VERTEX_POINT('', #63);
#65 = CARTESIAN_POINT('', (71.47773719, 69.41928993, -240.));
#66 = VERTEX_POINT('', #65);
#67 = CARTESIAN_POINT('', (125.28547067, 100.48519934, -180.));
#68 = VERTEX_POINT('', #67);
#69 = CARTESIAN_POINT('', (72.42691235, 71.80327032, -240.));
#70 = VERTEX_POINT('', #69);
#71 = CARTESIAN_POINT('', (126.23464584, 102.86917974, -180.));
#72 = VERTEX_POINT('', #71);
#73 = CARTESIAN_POINT('', (73.17169797, 72.84526379, -240.));
#74 = VERTEX_POINT('', #73);
#75 = CARTESIAN_POINT('', (126.97943146, 103.9111732, -180.));
#76 = VERTEX_POINT('', #75);
#77 = CARTESIAN_POINT('', (-45.20105429, 95.39291767, -240.));
#78 = VERTEX_POINT('', #77);
#79 = CARTESIAN_POINT('', (-58.1189858, 156.16700719, -180.));
#80 = VERTEX_POINT('', #79);
#81 = CARTESIAN_POINT('', (-42.54233702, 98.17959159, -240.));
#82 = VERTEX_POINT('', #81);
#83 = CARTESIAN_POINT('', (-55.46026853, 158.9536811, -180.));
#84 = VERTEX_POINT('', #83);
#85 = CARTESIAN_POINT('', (-35.58149325, 103.66878442, -240.));
#86 = VERTEX_POINT('', #85);
#87 = CARTESIAN_POINT('', (-48.49942476, 164.44287393, -180.));
#88 = VERTEX_POINT('', #87);
#89 = CARTESIAN_POINT('', (-23.05079101, 108.44544541, -240.));
#90 = VERTEX_POINT('', #89);
#91 = CARTESIAN_POINT('', (-35.96872251, 169.21953493, -180.));
#92 = VERTEX_POINT('', #91);
#93 = CARTESIAN_POINT('', (-15.2304403, 109.89097606, -240.));
#94 = VERTEX_POINT('', #93);
#95 = CARTESIAN_POINT('', (-28.14837181, 170.66506558, -180.));
#96 = VERTEX_POINT('', #95);
#97 = CARTESIAN_POINT('', (-7.20072252, 110.35151208, -240.));
#98 = VERTEX_POINT('', #97);
#99 = CARTESIAN_POINT('', (-20.11865403, 171.12560159, -180.));
#100 = VERTEX_POINT('', #99);
#101 = CARTESIAN_POINT('', (-1.75207657, 110.20924029, -240.));
#102 = VERTEX_POINT('', #101);
#103 = CARTESIAN_POINT('', (-14.67000808, 170.98332981, -180.));
#104 = VERTEX_POINT('', #103);
#105 = CARTESIAN_POINT('', (3.74064666, 109.85960121, -240.));
#106 = VERTEX_POINT('', #105);
#107 = CARTESIAN_POINT('', (-9.17728484, 170.63369073, -180.));
#108 = VERTEX_POINT('', #107);
#109 = CARTESIAN_POINT('', (-0.4838344, 109.3409484, -240.));
#110 = VERTEX_POINT('', #109);
#111 = CARTESIAN_POINT('', (-13.40176591, 170.11503792, -180.));
#112 = VERTEX_POINT('', #111);
#113 = CARTESIAN_POINT('', (-7.76372824, 107.9019273, -240.));
#114 = VERTEX_POINT('', #113);
#115 = CARTESIAN_POINT('', (-20.68165974, 168.67601682, -180.));
#116 = VERTEX_POINT('', #115);
#117 = CARTESIAN_POINT('', (-16.00332329, 105.87962705, -240.));
#118 = VERTEX_POINT('', #117);
#119 = CARTESIAN_POINT('', (-28.9212548, 166.65371657, -180.));
#120 = VERTEX_POINT('', #119);
#121 = CARTESIAN_POINT('', (-22.83142503, 102.31509122, -240.));
#122 = VERTEX_POINT('', #121);
#123 = CARTESIAN_POINT('', (-35.74935653, 163.08918073, -180.));
#124 = VERTEX_POINT('', #123);
#125 = CARTESIAN_POINT('', (-27.95051181, 95.80859058, -240.));
#126 = VERTEX_POINT('', #125);
#127 = CARTESIAN_POINT('', (-40.86844331, 156.58268009, -180.));
#128 = VERTEX_POINT('', #127);
#129 = CARTESIAN_POINT('', (-35.1983681, 89.12052627, -240.));
#130 = VERTEX_POINT('', #129);
#131 = CARTESIAN_POINT('', (-48.1162996, 149.89461579, -180.));
#132 = VERTEX_POINT('', #131);
#133 = CARTESIAN_POINT('', (-40.30541514, 87.65570155, -240.));
#134 = VERTEX_POINT('', #133);
#135 = CARTESIAN_POINT('', (-53.22334665, 148.42979106, -180.));
#136 = VERTEX_POINT('', #135);
#137 = CARTESIAN_POINT('', (-43.93383254, 89.43110805, -240.));
#138 = VERTEX_POINT('', #137);
#139 = CARTESIAN_POINT('', (-56.85176404, 150.20519756, -180.));
#140 = VERTEX_POINT('', #139);
#141 = CARTESIAN_POINT('', (-45.90782137, 91.07051773, -240.));
#142 = VERTEX_POINT('', #141);
#143 = CARTESIAN_POINT('', (-58.82575287, 151.84460724, -180.));
#144 = VERTEX_POINT('', #143);
#145 = CARTESIAN_POINT('', (-46.66866463, 92.10084463, -240.));
#146 = VERTEX_POINT('', #145);
#147 = CARTESIAN_POINT('', (-59.58659613, 152.87493415, -180.));
#148 = VERTEX_POINT('', #147);
#149 = CARTESIAN_POINT('', (-104.6919499, -13.51072452, -240.));
#150 = VERTEX_POINT('', #149);
#151 = CARTESIAN_POINT('', (-166.48340412, -7.01618098, -180.));
#152 = VERTEX_POINT('', #151);
#153 = CARTESIAN_POINT('', (-106.52064547, -10.12100455, -240.));
#154 = VERTEX_POINT('', #153);
#155 = CARTESIAN_POINT('', (-168.31209969, -3.626461, -180.));
#156 = VERTEX_POINT('', #155);
#157 = CARTESIAN_POINT('', (-109.59015906, -1.80459484, -240.));
#158 = VERTEX_POINT('', #157);
#159 = CARTESIAN_POINT('', (-171.38161328, 4.6899487, -180.));
#160 = VERTEX_POINT('', #159);
#161 = CARTESIAN_POINT('', (-110.26083368, 11.5888806, -240.));
#162 = VERTEX_POINT('', #161);
#163 = CARTESIAN_POINT('', (-172.0522879, 18.08342415, -180.));
#164 = VERTEX_POINT('', #163);
#165 = CARTESIAN_POINT('', (-109.21899375, 19.47316964, -240.));
#166 = VERTEX_POINT('', #165);
#167 = CARTESIAN_POINT('', (-171.01044797, 25.96771318, -180.));
#168 = VERTEX_POINT('', #167);
#169 = CARTESIAN_POINT('', (-107.17567028, 27.25219851, -240.));
#170 = VERTEX_POINT('', #169);
#171 = CARTESIAN_POINT('', (-168.9671245, 33.74674205, -180.));
#172 = VERTEX_POINT('', #171);
#173 = CARTESIAN_POINT('', (-105.35663757, 32.39020435, -240.));
#174 = VERTEX_POINT('', #173);
#175 = CARTESIAN_POINT('', (-167.14809179, 38.88474789, -180.));
#176 = VERTEX_POINT('', #175);
#177 = CARTESIAN_POINT('', (-103.32676622, 37.50605015, -240.));
#178 = VERTEX_POINT('', #177);
#179 = CARTESIAN_POINT('', (-165.11822045, 44.0005937, -180.));
#180 = VERTEX_POINT('', #179);
#181 = CARTESIAN_POINT('', (-104.13893453, 33.32805738, -240.));
#182 = VERTEX_POINT('', #181);
#183 = CARTESIAN_POINT('', (-165.93038875, 39.82260092, -180.));
#184 = VERTEX_POINT('', #183);
#185 = CARTESIAN_POINT('', (-105.01995505, 25.95978493, -240.));
#186 = VERTEX_POINT('', #185);
#187 = CARTESIAN_POINT('', (-166.81140927, 32.45432847, -180.));
#188 = VERTEX_POINT('', #187);
#189 = CARTESIAN_POINT('', (-105.64280812, 17.49853922, -240.));
#190 = VERTEX_POINT('', #189);
#191 = CARTESIAN_POINT('', (-167.43426234, 23.99308276, -180.));
#192 = VERTEX_POINT('', #191);
#193 = CARTESIAN_POINT('', (-104.36273256, 9.90312642, -240.));
#194 = VERTEX_POINT('', #193);
#195 = CARTESIAN_POINT('', (-166.15418678, 16.39766996, -180.));
#196 = VERTEX_POINT('', #195);
#197 = CARTESIAN_POINT('', (-99.75656754, 3.02396631, -240.));
#198 = VERTEX_POINT('', #197);
#199 = CARTESIAN_POINT('', (-161.54802176, 9.51850985, -180.));
#200 = VERTEX_POINT('', #199);
#201 = CARTESIAN_POINT('', (-95.63555116, -5.93588018, -240.));
#202 = VERTEX_POINT('', #201);
#203 = CARTESIAN_POINT('', (-157.42700538, 0.55866337, -180.));
#204 = VERTEX_POINT('', #203);
#205 = CARTESIAN_POINT('', (-95.82058439, -11.24562628, -240.));
#206 = VERTEX_POINT('', #205);
#207 = CARTESIAN_POINT('', (-157.61203862, -4.75108274, -180.));
#208 = VERTEX_POINT('', #207);
#209 = CARTESIAN_POINT('', (-98.63033895, -14.14782551, -240.));
#210 = VERTEX_POINT('', #209);
#211 = CARTESIAN_POINT('', (-160.42179317, -7.65328196, -180.));
#212 = VERTEX_POINT('', #211);
#213 = CARTESIAN_POINT('', (-100.7995063, -15.518595, -240.));
#214 = VERTEX_POINT('', #213);
#215 = CARTESIAN_POINT('', (-162.59096052, -9.02405145, -180.));
#216 = VERTEX_POINT('', #215);
#217 = CARTESIAN_POINT('', (-102.01451892, -15.92381141, -240.));
#218 = VERTEX_POINT('', #217);
#219 = CARTESIAN_POINT('', (-163.80597314, -9.42926787, -180.));
#220 = VERTEX_POINT('', #219);
#221 = CARTESIAN_POINT('', (-19.5021291, -103.74300464, -240.));
#222 = VERTEX_POINT('', #221);
#223 = CARTESIAN_POINT('', (-44.77341651, -160.50324551, -180.));
#224 = VERTEX_POINT('', #223);
#225 = CARTESIAN_POINT('', (-23.29104238, -104.43471639, -240.));
#226 = VERTEX_POINT('', #225);
#227 = CARTESIAN_POINT('', (-48.56232979, -161.19495726, -180.));
#228 = VERTEX_POINT('', #227);
#229 = CARTESIAN_POINT('', (-32.14894988, -104.78408537, -240.));
#230 = VERTEX_POINT('', #229);
#231 = CARTESIAN_POINT('', (-57.4202373, -161.54432623, -180.));
#232 = VERTEX_POINT('', #231);
#233 = CARTESIAN_POINT('', (-45.09415183, -101.28312331, -240.));
#234 = VERTEX_POINT('', #233);
#235 = CARTESIAN_POINT('', (-70.36543925, -158.04336417, -180.));
#236 = VERTEX_POINT('', #235);
#237 = CARTESIAN_POINT('', (-52.27061005, -97.85589536, -240.));
#238 = VERTEX_POINT('', #237);
#239 = CARTESIAN_POINT('', (-77.54189747, -154.61613622, -180.));
#240 = VERTEX_POINT('', #239);
#241 = CARTESIAN_POINT('', (-59.03748447, -93.50872713, -240.));
#242 = VERTEX_POINT('', #241);
#243 = CARTESIAN_POINT('', (-84.30877189, -150.268968, -180.));
#244 = VERTEX_POINT('', #243);
#245 = CARTESIAN_POINT('', (-63.36190639, -90.1909931, -240.));
#246 = VERTEX_POINT('', #245);
#247 = CARTESIAN_POINT('', (-88.63319381, -146.95123397, -180.));
#248 = VERTEX_POINT('', #247);
#249 = CARTESIAN_POINT('', (-67.60010014, -86.67958743, -240.));
#250 = VERTEX_POINT('', #249);
#251 = CARTESIAN_POINT('', (-92.87138756, -143.4398283, -180.));
#252 = VERTEX_POINT('', #251);
#253 = CARTESIAN_POINT('', (-63.87756669, -88.74307617, -240.));
#254 = VERTEX_POINT('', #253);
#255 = CARTESIAN_POINT('', (-89.14885411, -145.50331703, -180.));
#256 = VERTEX_POINT('', #255);
#257 = CARTESIAN_POINT('', (-57.14217348, -91.85789788, -240.));
#258 = VERTEX_POINT('', #257);
#259 = CARTESIAN_POINT('', (-82.4134609, -148.61813874, -180.));
#260 = VERTEX_POINT('', #259);
#261 = CARTESIAN_POINT('', (-49.28752279, -95.06493506, -240.));
#262 = VERTEX_POINT('', #261);
#263 = CARTESIAN_POINT('', (-74.55881021, -151.82517593, -180.));
#264 = VERTEX_POINT('', #263);
#265 = CARTESIAN_POINT('', (-41.66829085, -96.19462249, -240.));
#266 = VERTEX_POINT('', #265);
#267 = CARTESIAN_POINT('', (-66.93957827, -152.95486336, -180.));
#268 = VERTEX_POINT('', #267);
#269 = CARTESIAN_POINT('', (-33.70243753, -93.93967662, -240.));
#270 = VERTEX_POINT('', #269);
#271 = CARTESIAN_POINT('', (-58.97372495, -150.69991748, -180.));
#272 = VERTEX_POINT('', #271);
#273 = CARTESIAN_POINT('', (-23.90765305, -92.78910197, -240.));
#274 = VERTEX_POINT('', #273);
#275 = CARTESIAN_POINT('', (-49.17894047, -149.54934284, -180.));
#276 = VERTEX_POINT('', #275);
#277 = CARTESIAN_POINT('', (-18.91496283, -94.60588082, -240.));
#278 = VERTEX_POINT('', #277);
#279 = CARTESIAN_POINT('', (-44.18625025, -151.36612168, -180.));
#280 = VERTEX_POINT('', #279);
#281 = CARTESIAN_POINT('', (-17.02306926, -98.17494508, -240.));
#282 = VERTEX_POINT('', #281);
#283 = CARTESIAN_POINT('', (-42.29435667, -154.93518594, -180.));
#284 = VERTEX_POINT('', #283);
#285 = CARTESIAN_POINT('', (-16.38969958, -100.66153689, -240.));
#286 = VERTEX_POINT('', #285);
#287 = CARTESIAN_POINT('', (-41.660987, -157.42177775, -180.));
#288 = VERTEX_POINT('', #287);
#289 = CARTESIAN_POINT('', (-16.37977541, -101.94230131, -240.));
#290 = VERTEX_POINT('', #289);
#291 = CARTESIAN_POINT('', (-41.65106283, -158.70254218, -180.));
#292 = VERTEX_POINT('', #291);
#293 = CARTESIAN_POINT('', (92.63897127, -50.60597844, -240.));
#294 = VERTEX_POINT('', #293);
#295 = CARTESIAN_POINT('', (138.81191093, -92.18028005, -180.));
#296 = VERTEX_POINT('', #295);
#297 = CARTESIAN_POINT('', (92.12598964, -54.42319979, -240.));
#298 = VERTEX_POINT('', #297);
#299 = CARTESIAN_POINT('', (138.2989293, -95.9975014, -180.));
#300 = VERTEX_POINT('', #299);
#301 = CARTESIAN_POINT('', (89.72101533, -62.95553139, -240.));
#302 = VERTEX_POINT('', #301);
#303 = CARTESIAN_POINT('', (135.89395499, -104.529833, -180.));
#304 = VERTEX_POINT('', #303);
#305 = CARTESIAN_POINT('', (82.39111515, -74.18529329, -240.));
#306 = VERTEX_POINT('', #305);
#307 = CARTESIAN_POINT('', (128.56405481, -115.7595949, -180.));
#308 = VERTEX_POINT('', #307);
#309 = CARTESIAN_POINT('', (76.91398012, -79.95143897, -240.));
#310 = VERTEX_POINT('', #309);
#311 = CARTESIAN_POINT('', (123.08691978, -121.52574057, -180.));
#312 = VERTEX_POINT('', #311);
#313 = CARTESIAN_POINT('', (70.68849826, -85.04377012, -240.));
#314 = VERTEX_POINT('', #313);
#315 = CARTESIAN_POINT('', (116.86143792, -126.61807173, -180.));
#316 = VERTEX_POINT('', #315);
#317 = CARTESIAN_POINT('', (66.19682583, -88.13130357, -240.));
#318 = VERTEX_POINT('', #317);
#319 = CARTESIAN_POINT('', (112.36976549, -129.70560517, -180.));
#320 = VERTEX_POINT('', #319);
#321 = CARTESIAN_POINT('', (61.5476067, -91.07698132, -240.));
#322 = VERTEX_POINT('', #321);
#323 = CARTESIAN_POINT('', (107.72054635, -132.65128293, -180.));
#324 = VERTEX_POINT('', #323);
#325 = CARTESIAN_POINT('', (64.6604272, -88.17429472, -240.));
#326 = VERTEX_POINT('', #325);
#327 = CARTESIAN_POINT('', (110.83336686, -129.74859632, -180.));
#328 = VERTEX_POINT('', #327);
#329 = CARTESIAN_POINT('', (69.70414965, -82.73108795, -240.));
#330 = VERTEX_POINT('', #329);
#331 = CARTESIAN_POINT('', (115.87708931, -124.30538956, -180.));
#332 = VERTEX_POINT('', #331);
#333 = CARTESIAN_POINT('', (75.18144381, -76.25190022, -240.));
#334 = VERTEX_POINT('', #333);
#335 = CARTESIAN_POINT('', (121.35438347, -117.82620183, -180.));
#336 = VERTEX_POINT('', #335);
#337 = CARTESIAN_POINT('', (78.61031256, -69.35467266, -240.));
#338 = VERTEX_POINT('', #337);
#339 = CARTESIAN_POINT('', (124.78325221, -110.92897426, -180.));
#340 = VERTEX_POINT('', #339);
#341 = CARTESIAN_POINT('', (78.92731564, -61.08187935, -240.));
#342 = VERTEX_POINT('', #341);
#343 = CARTESIAN_POINT('', (125.1002553, -102.65618096, -180.));
#344 = VERTEX_POINT('', #343);
#345 = CARTESIAN_POINT('', (80.85980898, -51.41093863, -240.));
#346 = VERTEX_POINT('', #345);
#347 = CARTESIAN_POINT('', (127.03274864, -92.98524023, -180.));
#348 = VERTEX_POINT('', #347);
#349 = CARTESIAN_POINT('', (84.13049447, -47.2240236, -240.));
#350 = VERTEX_POINT('', #349);
#351 = CARTESIAN_POINT('', (130.30343413, -88.7983252, -180.));
#352 = VERTEX_POINT('', #351);
#353 = CARTESIAN_POINT('', (88.10950355, -46.52762739, -240.));
#354 = VERTEX_POINT('', #353);
#355 = CARTESIAN_POINT('', (134.28244321, -88.101929, -180.));
#356 = VERTEX_POINT('', #355);
#357 = CARTESIAN_POINT('', (90.6701149, -46.69365616, -240.));
#358 = VERTEX_POINT('', #357);
#359 = CARTESIAN_POINT('', (136.84305456, -88.26795777, -180.));
#360 = VERTEX_POINT('', #359);
#361 = CARTESIAN_POINT('', (91.89126099, -47.07999569, -240.));
#362 = VERTEX_POINT('', #361);
#363 = CARTESIAN_POINT('', (138.06420064, -88.6542973, -180.));
#364 = VERTEX_POINT('', #363);
#365 = CARTESIAN_POINT('', (-45.20105429, 95.39291767, 240.));
#366 = VERTEX_POINT('', #365);
#367 = CARTESIAN_POINT('', (-58.1189858, 156.16700719, 180.));
#368 = VERTEX_POINT('', #367);
#369 = CARTESIAN_POINT('', (-42.54233702, 98.17959159, 240.));
#370 = VERTEX_POINT('', #369);
#371 = CARTESIAN_POINT('', (-55.46026853, 158.9536811, 180.));
#372 = VERTEX_POINT('', #371);
#373 = CARTESIAN_POINT('', (-35.58149325, 103.66878442, 240.));
#374 = VERTEX_POINT('', #373);
#375 = CARTESIAN_POINT('', (-48.49942476, 164.44287393, 180.));
#376 = VERTEX_POINT('', #375);
#377 = CARTESIAN_POINT('', (-23.05079101, 108.44544541, 240.));
#378 = VERTEX_POINT('', #377);
#379 = CARTESIAN_POINT('', (-35.96872251, 169.21953493, 180.));
#380 = VERTEX_POINT('', #379);
#381 = CARTESIAN_POINT('', (-15.2304403, 109.89097606, 240.));
#382 = VERTEX_POINT('', #381);
#383 = CARTESIAN_POINT('', (-28.14837181, 170.66506558, 180.));
#384 = VERTEX_POINT('', #383);
#385 = CARTESIAN_POINT('', (-7.20072252, 110.35151208, 240.));
#386 = VERTEX_POINT('', #385);
#387 = CARTESIAN_POINT('', (-20.11865403, 171.12560159, 180.));
#388 = VERTEX_POINT('', #387);
#389 = CARTESIAN_POINT('', (-1.75207657, 110.20924029, 240.));
#390 = VERTEX_POINT('', #389);
#391 = CARTESIAN_POINT('', (-14.67000808, 170.98332981, 180.));
#392 = VERTEX_POINT('', #391);
#393 = CARTESIAN_POINT('', (3.74064666, 109.85960121, 240.));
#394 = VERTEX_POINT('', #393);
#395 = CARTESIAN_POINT('', (-9.17728484, 170.63369073, 180.));
#396 = VERTEX_POINT('', #395);
#397 = CARTESIAN_POINT('', (-0.4838344, 109.3409484, 240.));
#398 = VERTEX_POINT('', #397);
#399 = CARTESIAN_POINT('', (-13.40176591, 170.11503792, 180.));
#400 = VERTEX_POINT('', #399);
#401 = CARTESIAN_POINT('', (-7.76372824, 107.9019273, 240.));
#402 = VERTEX_POINT('', #401);
#403 = CARTESIAN_POINT('', (-20.68165974, 168.67601682, 180.));
#404 = VERTEX_POINT('', #403);
#405 = CARTESIAN_POINT('', (-16.00332329, 105.87962705, 240.));
#406 = VERTEX_POINT('', #405);
#407 = CARTESIAN_POINT('', (-28.9212548, 166.65371657, 180.));
#408 = VERTEX_POINT('', #407);
#409 = CARTESIAN_POINT('', (-22.83142503, 102.31509122, 240.));
#410 = VERTEX_POINT('', #409);
#411 = CARTESIAN_POINT('', (-35.74935653, 163.08918073, 180.));
#412 = VERTEX_POINT('', #411);
#413 = CARTESIAN_POINT('', (-27.95051181, 95.80859058, 240.));
#414 = VERTEX_POINT('', #413);
#415 = CARTESIAN_POINT('', (-40.86844331, 156.58268009, 180.));
#416 = VERTEX_POINT('', #415);
#417 = CARTESIAN_POINT('', (-35.1983681, 89.12052627, 240.));
#418 = VERTEX_POINT('', #417);
#419 = CARTESIAN_POINT('', (-48.1162996, 149.89461579, 180.));
#420 = VERTEX_POINT('', #419);
#421 = CARTESIAN_POINT('', (-40.30541514, 87.65570155, 240.));
#422 = VERTEX_POINT('', #421);
#423 = CARTESIAN_POINT('', (-53.22334665, 148.42979106, 180.));
#424 = VERTEX_POINT('', #423);
#425 = CARTESIAN_POINT('', (-43.93383254, 89.43110805, 240.));
#426 = VERTEX_POINT('', #425);
#427 = CARTESIAN_POINT('', (-56.85176404, 150.20519756, 180.));
#428 = VERTEX_POINT('', #427);
#429 = CARTESIAN_POINT('', (-45.90782137, 91.07051773, 240.));
#430 = VERTEX_POINT('', #429);
#431 = CARTESIAN_POINT('', (-58.82575287, 151.84460724, 180.));
#432 = VERTEX_POINT('', #431);
#433 = CARTESIAN_POINT('', (-46.66866463, 92.10084463, 240.));
#434 = VERTEX_POINT('', #433);
#435 = CARTESIAN_POINT('', (-59.58659613, 152.87493415, 180.));
#436 = VERTEX_POINT('', #435);
#437 = CARTESIAN_POINT('', (-104.6919499, -13.51072452, 240.));
#438 = VERTEX_POINT('', #437);
#439 = CARTESIAN_POINT('', (-166.48340412, -7.01618098, 180.));
#440 = VERTEX_POINT('', #439);
#441 = CARTESIAN_POINT('', (-106.52064547, -10.12100455, 240.));
#442 = VERTEX_POINT('', #441);
#443 = CARTESIAN_POINT('', (-168.31209969, -3.626461, 180.));
#444 = VERTEX_POINT('', #443);
#445 = CARTESIAN_POINT('', (-109.59015906, -1.80459484, 240.));
#446 = VERTEX_POINT('', #445);
#447 = CARTESIAN_POINT('', (-171.38161328, 4.6899487, 180.));
#448 = VERTEX_POINT('', #447);
#449 = CARTESIAN_POINT('', (-110.26083368, 11.5888806, 240.));
#450 = VERTEX_POINT('', #449);
#451 = CARTESIAN_POINT('', (-172.0522879, 18.08342415, 180.));
#452 = VERTEX_POINT('', #451);
#453 = CARTESIAN_POINT('', (-109.21899375, 19.47316964, 240.));
#454 = VERTEX_POINT('', #453);
#455 = CARTESIAN_POINT('', (-171.01044797, 25.96771318, 180.));
#456 = VERTEX_POINT('', #455);
#457 = CARTESIAN_POINT('', (-107.17567028, 27.25219851, 240.));
#458 = VERTEX_POINT('', #457);
#459 = CARTESIAN_POINT('', (-168.9671245, 33.74674205, 180.));
#460 = VERTEX_POINT('', #459);
#461 = CARTESIAN_POINT('', (-105.35663757, 32.39020435, 240.));
#462 = VERTEX_POINT('', #461);
#463 = CARTESIAN_POINT('', (-167.14809179, 38.88474789, 180.));
#464 = VERTEX_POINT('', #463);
#465 = CARTESIAN_POINT('', (-103.32676622, 37.50605015, 240.));
#466 = VERTEX_POINT('', #465);
#467 = CARTESIAN_POINT('', (-165.11822045, 44.0005937, 180.));
#468 = VERTEX_POINT('', #467);
#469 = CARTESIAN_POINT('', (-104.13893453, 33.32805738, 240.));
#470 = VERTEX_POINT('', #469);
#471 = CARTESIAN_POINT('', (-165.93038875, 39.82260092, 180.));
#472 = VERTEX_POINT('', #471);
#473 = CARTESIAN_POINT('', (-105.01995505, 25.95978493, 240.));
#474 = VERTEX_POINT('', #473);
#475 = CARTESIAN_POINT('', (-166.81140927, 32.45432847, 180.));
#476 = VERTEX_POINT('', #475);
#477 = CARTESIAN_POINT('', (-105.64280812, 17.49853922, 240.));
#478 = VERTEX_POINT('', #477);
#479 = CARTESIAN_POINT('', (-167.43426234, 23.99308276, 180.));
#480 = VERTEX_POINT('', #479);
#481 = CARTESIAN_POINT('', (-104.36273256, 9.90312642, 240.));
#482 = VERTEX_POINT('', #481);
#483 = CARTESIAN_POINT('', (-166.15418678, 16.39766996, 180.));
#484 = VERTEX_POINT('', #483);
#485 = CARTESIAN_POINT('', (-99.75656754, 3.02396631, 240.));
#486 = VERTEX_POINT('', #485);
#487 = CARTESIAN_POINT('', (-161.54802176, 9.51850985, 180.));
#488 = VERTEX_POINT('', #487);
#489 = CARTESIAN_POINT('', (-95.63555116, -5.93588018, 240.));
#490 = VERTEX_POINT('', #489);
#491 = CARTESIAN_POINT('', (-157.42700538, 0.55866337, 180.));
#492 = VERTEX_POINT('', #491);
#493 = CARTESIAN_POINT('', (-95.82058439, -11.24562628, 240.));
#494 = VERTEX_POINT('', #493);
#495 = CARTESIAN_POINT('', (-157.61203862, -4.75108274, 180.));
#496 = VERTEX_POINT('', #495);
#497 = CARTESIAN_POINT('', (-98.63033895, -14.14782551, 240.));
#498 = VERTEX_POINT('', #497);
#499 = CARTESIAN_POINT('', (-160.42179317, -7.65328196, 180.));
#500 = VERTEX_POINT('', #499);
#501 = CARTESIAN_POINT('', (-100.7995063, -15.518595, 240.));
#502 = VERTEX_POINT('', #501);
#503 = CARTESIAN_POINT('', (-162.59096052, -9.02405145, 180.));
#504 = VERTEX_POINT('', #503);
#505 = CARTESIAN_POINT('', (-102.01451892, -15.92381141, 240.));
#506 = VERTEX_POINT('', #505);
#507 = CARTESIAN_POINT('', (-163.80597314, -9.42926787, 180.));
#508 = VERTEX_POINT('', #507);
#509 = CARTESIAN_POINT('', (-19.5021291, -103.74300464, 240.));
#510 = VERTEX_POINT('', #509);
#511 = CARTESIAN_POINT('', (-44.77341651, -160.50324551, 180.));
#512 = VERTEX_POINT('', #511);
#513 = CARTESIAN_POINT('', (-23.29104238, -104.43471639, 240.));
#514 = VERTEX_POINT('', #513);
#515 = CARTESIAN_POINT('', (-48.56232979, -161.19495726, 180.));
#516 = VERTEX_POINT('', #515);
#517 = CARTESIAN_POINT('', (-32.14894988, -104.78408537, 240.));
#518 = VERTEX_POINT('', #517);
#519 = CARTESIAN_POINT('', (-57.4202373, -161.54432623, 180.));
#520 = VERTEX_POINT('', #519);
#521 = CARTESIAN_POINT('', (-45.09415183, -101.28312331, 240.));
#522 = VERTEX_POINT('', #521);
#523 = CARTESIAN_POINT('', (-70.36543925, -158.04336417, 180.));
#524 = VERTEX_POINT('', #523);
#525 = CARTESIAN_POINT('', (-52.27061005, -97.85589536, 240.));
#526 = VERTEX_POINT('', #525);
#527 = CARTESIAN_POINT('', (-77.54189747, -154.61613622, 180.));
#528 = VERTEX_POINT('', #527);
#529 = CARTESIAN_POINT('', (-59.03748447, -93.50872713, 240.));
#530 = VERTEX_POINT('', #529);
#531 = CARTESIAN_POINT('', (-84.30877189, -150.268968, 180.));
#532 = VERTEX_POINT('', #531);
#533 = CARTESIAN_POINT('', (-63.36190639, -90.1909931, 240.));
#534 = VERTEX_POINT('', #533);
#535 = CARTESIAN_POINT('', (-88.63319381, -146.95123397, 180.));
#536 = VERTEX_POINT('', #535);
#537 = CARTESIAN_POINT('', (-67.60010014, -86.67958743, 240.));
#538 = VERTEX_POINT('', #537);
#539 = CARTESIAN_POINT('', (-92.87138756, -143.4398283, 180.));
#540 = VERTEX_POINT('', #539);
#541 = CARTESIAN_POINT('', (-63.87756669, -88.74307617, 240.));
#542 = VERTEX_POINT('', #541);
#543 = CARTESIAN_POINT('', (-89.14885411, -145.50331703, 180.));
#544 = VERTEX_POINT('', #543);
#545 = CARTESIAN_POINT('', (-57.14217348, -91.85789788, 240.));
#546 = VERTEX_POINT('', #545);
#547 = CARTESIAN_POINT('', (-82.4134609, -148.61813874, 180.));
#548 = VERTEX_POINT('', #547);
#549 = CARTESIAN_POINT('', (-49.28752279, -95.06493506, 240.));
#550 = VERTEX_POINT('', #549);
#551 = CARTESIAN_POINT('', (-74.55881021, -151.82517593, 180.));
#552 = VERTEX_POINT('', #551);
#553 = CARTESIAN_POINT('', (-41.66829085, -96.19462249, 240.));
#554 = VERTEX_POINT('', #553);
#555 = CARTESIAN_POINT('', (-66.93957827, -152.95486336, 180.));
#556 = VERTEX_POINT('', #555);
#557 = CARTESIAN_POINT('', (-33.70243753, -93.93967662, 240.));
#558 = VERTEX_POINT('', #557);
#559 = CARTESIAN_POINT('', (-58.97372495, -150.69991748, 180.));
#560 = VERTEX_POINT('', #559);
#561 = CARTESIAN_POINT('', (-23.90765305, -92.78910197, 240.));
#562 = VERTEX_POINT('', #561);
#563 = CARTESIAN_POINT('', (-49.17894047, -149.54934284, 180.));
#564 = VERTEX_POINT('', #563);
#565 = CARTESIAN_POINT('', (-18.91496283, -94.60588082, 240.));
#566 = VERTEX_POINT('', #565);
#567 = CARTESIAN_POINT('', (-44.18625025, -151.36612168, 180.));
#568 = VERTEX_POINT('', #567);
#569 = CARTESIAN_POINT('', (-17.02306926, -98.17494508, 240.));
#570 = VERTEX_POINT('', #569);
#571 = CARTESIAN_POINT('', (-42.29435667, -154.93518594, 180.));
#572 = VERTEX_POINT('', #571);
#573 = CARTESIAN_POINT('', (-16.38969958, -100.66153689, 240.));
#574 = VERTEX_POINT('', #573);
#575 = CARTESIAN_POINT('', (-41.660987, -157.42177775, 180.));
#576 = VERTEX_POINT('', #575);
#577 = CARTESIAN_POINT('', (-16.37977541, -101.94230131, 240.));
#578 = VERTEX_POINT('', #577);
#579 = CARTESIAN_POINT('', (-41.65106283, -158.70254218, 180.));
#580 = VERTEX_POINT('', #579);
#581 = CARTESIAN_POINT('', (92.63897127, -50.60597844, 240.));
#582 = VERTEX_POINT('', #581);
#583 = CARTESIAN_POINT('', (138.81191093, -92.18028005, 180.));
#584 = VERTEX_POINT('', #583);
#585 = CARTESIAN_POINT('', (92.12598964, -54.42319979, 240.));
#586 = VERTEX_POINT('', #585);
#587 = CARTESIAN_POINT('', (138.2989293, -95.9975014, 180.));
#588 = VERTEX_POINT('', #587);
#589 = CARTESIAN_POINT('', (89.72101533, -62.95553139, 240.));
#590 = VERTEX_POINT('', #589);
#591 = CARTESIAN_POINT('', (135.89395499, -104.529833, 180.));
#592 = VERTEX_POINT('', #591);
#593 = CARTESIAN_POINT('', (82.39111515, -74.18529329, 240.));
#594 = VERTEX_POINT('', #593);
#595 = CARTESIAN_POINT('', (128.56405481, -115.7595949, 180.));
#596 = VERTEX_POINT('', #595);
#597 = CARTESIAN_POINT('', (76.91398012, -79.95143897, 240.));
#598 = VERTEX_POINT('', #597);
#599 = CARTESIAN_POINT('', (123.08691978, -121.52574057, 180.));
#600 = VERTEX_POINT('', #599);
#601 = CARTESIAN_POINT('', (70.68849826, -85.04377012, 240.));
#602 = VERTEX_POINT('', #601);
#603 = CARTESIAN_POINT('', (116.86143792, -126.61807173, 180.));
#604 = VERTEX_POINT('', #603);
#605 = CARTESIAN_POINT('', (66.19682583, -88.13130357, 240.));
#606 = VERTEX_POINT('', #605);
#607 = CARTESIAN_POINT('', (112.36976549, -129.70560517, 180.));
#608 = VERTEX_POINT('', #607);
#609 = CARTESIAN_POINT('', (61.5476067, -91.07698132, 240.));
#610 = VERTEX_POINT('', #609);
#611 = CARTESIAN_POINT('', (107.72054635, -132.65128293, 180.));
#612 = VERTEX_POINT('', #611);
#613 = CARTESIAN_POINT('', (64.6604272, -88.17429472, 240.));
#614 = VERTEX_POINT('', #613);
#615 = CARTESIAN_POINT('', (110.83336686, -129.74859632, 180.));
#616 = VERTEX_POINT('', #615);
#617 = CARTESIAN_POINT('', (69.70414965, -82.73108795, 240.));
#618 = VERTEX_POINT('', #617);
#619 = CARTESIAN_POINT('', (115.87708931, -124.30538956, 180.));
#620 = VERTEX_POINT('', #619);
#621 = CARTESIAN_POINT('', (75.18144381, -76.25190022, 240.));
#622 = VERTEX_POINT('', #621);
#623 = CARTESIAN_POINT('', (121.35438347, -117.82620183, 180.));
#624 = VERTEX_POINT('', #623);
#625 = CARTESIAN_POINT('', (78.61031256, -69.35467266, 240.));
#626 = VERTEX_POINT('', #625);
#627 = CARTESIAN_POINT('', (124.78325221, -110.92897426, 180.));
#628 = VERTEX_POINT('', #627);
#629 = CARTESIAN_POINT('', (78.92731564, -61.08187935, 240.));
#630 = VERTEX_POINT('', #629);
#631 = CARTESIAN_POINT('', (125.1002553, -102.65618096, 180.));
#632 = VERTEX_POINT('', #631);
#633 = CARTESIAN_POINT('', (80.85980898, -51.41093863, 240.));
#634 = VERTEX_POINT('', #633);
#635 = CARTESIAN_POINT('', (127.03274864, -92.98524023, 180.));
#636 = VERTEX_POINT('', #635);
#637 = CARTESIAN_POINT('', (84.13049447, -47.2240236, 240.));
#638 = VERTEX_POINT('', #637);
#639 = CARTESIAN_POINT('', (130.30343413, -88.7983252, 180.));
#640 = VERTEX_POINT('', #639);
#641 = CARTESIAN_POINT('', (88.10950355, -46.52762739, 240.));
#642 = VERTEX_POINT('', #641);
#643 = CARTESIAN_POINT('', (134.28244321, -88.101929, 180.));
#644 = VERTEX_POINT('', #643);
#645 = CARTESIAN_POINT('', (90.6701149, -46.69365616, 240.));
#646 = VERTEX_POINT('', #645);
#647 = CARTESIAN_POINT('', (136.84305456, -88.26795777, 180.));
#648 = VERTEX_POINT('', #647);
#649 = CARTESIAN_POINT('', (91.89126099, -47.07999569, 240.));
#650 = VERTEX_POINT('', #649);
#651 = CARTESIAN_POINT('', (138.06420064, -88.6542973, 180.));
#652 = VERTEX_POINT('', #651);
#653 = CARTESIAN_POINT('', (76.75616202, 72.46678993, 240.));
#654 = VERTEX_POINT('', #653);
#655 = CARTESIAN_POINT('', (130.56389551, 103.53269934, 180.));
#656 = VERTEX_POINT('', #655);
#657 = CARTESIAN_POINT('', (80.22803522, 70.79932915, 240.));
#658 = VERTEX_POINT('', #657);
#659 = CARTESIAN_POINT('', (134.03576871, 101.86523856, 180.));
#660 = VERTEX_POINT('', #659);
#661 = CARTESIAN_POINT('', (87.59958686, 65.87542719, 240.));
#662 = VERTEX_POINT('', #661);
#663 = CARTESIAN_POINT('', (141.40732035, 96.9413366, 180.));
#664 = VERTEX_POINT('', #663);
#665 = CARTESIAN_POINT('', (96.01466137, 55.43409059, 240.));
#666 = VERTEX_POINT('', #665);
#667 = CARTESIAN_POINT('', (149.82239485, 86.5, 180.));
#668 = VERTEX_POINT('', #667);
#669 = CARTESIAN_POINT('', (99.80606398, 48.44318863, 240.));
#670 = VERTEX_POINT('', #669);
#671 = CARTESIAN_POINT('', (153.61379747, 79.50909804, 180.));
#672 = VERTEX_POINT('', #671);
#673 = CARTESIAN_POINT('', (102.72537901, 40.94878667, 240.));
#674 = VERTEX_POINT('', #673);
#675 = CARTESIAN_POINT('', (156.5331125, 72.01469608, 180.));
#676 = VERTEX_POINT('', #675);
#677 = CARTESIAN_POINT('', (104.2737947, 35.72285203, 240.));
#678 = VERTEX_POINT('', #677);
#679 = CARTESIAN_POINT('', (158.08152819, 66.78876144, 180.));
#680 = VERTEX_POINT('', #679);
#681 = CARTESIAN_POINT('', (105.638613, 30.39091739, 240.));
#682 = VERTEX_POINT('', #681);
#683 = CARTESIAN_POINT('', (159.44634649, 61.4568268, 180.));
#684 = VERTEX_POINT('', #683);
#685 = CARTESIAN_POINT('', (103.83990843, 34.2483651, 240.));
#686 = VERTEX_POINT('', #685);
#687 = CARTESIAN_POINT('', (157.64764191, 65.31427451, 180.));
#688 = VERTEX_POINT('', #687);
#689 = CARTESIAN_POINT('', (100.22170712, 40.72727359, 240.));
#690 = VERTEX_POINT('', #689);
#691 = CARTESIAN_POINT('', (154.02944061, 71.79318301, 180.));
#692 = VERTEX_POINT('', #691);
#693 = CARTESIAN_POINT('', (95.75221039, 47.93866902, 240.));
#694 = VERTEX_POINT('', #693);
#695 = CARTESIAN_POINT('', (149.55994387, 79.00457843, 180.));
#696 = VERTEX_POINT('', #695);
#697 = CARTESIAN_POINT('', (90.25213588, 53.33107751, 240.));
#698 = VERTEX_POINT('', #697);
#699 = CARTESIAN_POINT('', (144.05986937, 84.39698693, 180.));
#700 = VERTEX_POINT('', #699);
#701 = CARTESIAN_POINT('', (82.48220124, 56.18899908, 240.));
#702 = VERTEX_POINT('', #701);
#703 = CARTESIAN_POINT('', (136.28993472, 87.2549085, 180.));
#704 = VERTEX_POINT('', #703);
#705 = CARTESIAN_POINT('', (73.88176333, 61.01539451, 240.));
#706 = VERTEX_POINT('', #705);
#707 = CARTESIAN_POINT('', (127.68949682, 92.08130392, 180.));
#708 = VERTEX_POINT('', #707);
#709 = CARTESIAN_POINT('', (70.9104679, 65.41982915, 240.));
#710 = VERTEX_POINT('', #709);
#711 = CARTESIAN_POINT('', (124.71820139, 96.48573856, 180.));
#712 = VERTEX_POINT('', #711);
#713 = CARTESIAN_POINT('', (71.47773719, 69.41928993, 240.));
#714 = VERTEX_POINT('', #713);
#715 = CARTESIAN_POINT('', (125.28547067, 100.48519934, 180.));
#716 = VERTEX_POINT('', #715);
#717 = CARTESIAN_POINT('', (72.42691235, 71.80327032, 240.));
#718 = VERTEX_POINT('', #717);
#719 = CARTESIAN_POINT('', (126.23464584, 102.86917974, 180.));
#720 = VERTEX_POINT('', #719);
#721 = CARTESIAN_POINT('', (73.17169797, 72.84526379, 240.));
#722 = VERTEX_POINT('', #721);
#723 = CARTESIAN_POINT('', (126.97943146, 103.9111732, 180.));
#724 = VERTEX_POINT('', #723);
#725 = CARTESIAN_POINT('', (22., 0., -8.));
#726 = VERTEX_POINT('', #725);
#727 = CARTESIAN_POINT('', (22., 0., 8.));
#728 = VERTEX_POINT('', #727);
#729 = CARTESIAN_POINT('', (-58.1189858, 156.16700719, 180.));
#730 = VERTEX_POINT('', #729);
#731 = CARTESIAN_POINT('', (130.56389551, 103.53269934, -180.));
#732 = VERTEX_POINT('', #731);
#733 = CARTESIAN_POINT('', (-55.46026853, 158.9536811, 180.));
#734 = VERTEX_POINT('', #733);
#735 = CARTESIAN_POINT('', (134.03576871, 101.86523856, -180.));
#736 = VERTEX_POINT('', #735);
#737 = CARTESIAN_POINT('', (-48.49942476, 164.44287393, 180.));
#738 = VERTEX_POINT('', #737);
#739 = CARTESIAN_POINT('', (141.40732035, 96.9413366, -180.));
#740 = VERTEX_POINT('', #739);
#741 = CARTESIAN_POINT('', (-35.96872251, 169.21953493, 180.));
#742 = VERTEX_POINT('', #741);
#743 = CARTESIAN_POINT('', (149.82239485, 86.5, -180.));
#744 = VERTEX_POINT('', #743);
#745 = CARTESIAN_POINT('', (-28.14837181, 170.66506558, 180.));
#746 = VERTEX_POINT('', #745);
#747 = CARTESIAN_POINT('', (153.61379747, 79.50909804, -180.));
#748 = VERTEX_POINT('', #747);
#749 = CARTESIAN_POINT('', (-20.11865403, 171.12560159, 180.));
#750 = VERTEX_POINT('', #749);
#751 = CARTESIAN_POINT('', (156.5331125, 72.01469608, -180.));
#752 = VERTEX_POINT('', #751);
#753 = CARTESIAN_POINT('', (-14.67000808, 170.98332981, 180.));
#754 = VERTEX_POINT('', #753);
#755 = CARTESIAN_POINT('', (158.08152819, 66.78876144, -180.));
#756 = VERTEX_POINT('', #755);
#757 = CARTESIAN_POINT('', (-9.17728484, 170.63369073, 180.));
#758 = VERTEX_POINT('', #757);
#759 = CARTESIAN_POINT('', (159.44634649, 61.4568268, -180.));
#760 = VERTEX_POINT('', #759);
#761 = CARTESIAN_POINT('', (-13.40176591, 170.11503792, 180.));
#762 = VERTEX_POINT('', #761);
#763 = CARTESIAN_POINT('', (157.64764191, 65.31427451, -180.));
#764 = VERTEX_POINT('', #763);
#765 = CARTESIAN_POINT('', (-20.68165974, 168.67601682, 180.));
#766 = VERTEX_POINT('', #765);
#767 = CARTESIAN_POINT('', (154.02944061, 71.79318301, -180.));
#768 = VERTEX_POINT('', #767);
#769 = CARTESIAN_POINT('', (-28.9212548, 166.65371657, 180.));
#770 = VERTEX_POINT('', #769);
#771 = CARTESIAN_POINT('', (149.55994387, 79.00457843, -180.));
#772 = VERTEX_POINT('', #771);
#773 = CARTESIAN_POINT('', (-35.74935653, 163.08918073, 180.));
#774 = VERTEX_POINT('', #773);
#775 = CARTESIAN_POINT('', (144.05986937, 84.39698693, -180.));
#776 = VERTEX_POINT('', #775);
#777 = CARTESIAN_POINT('', (-40.86844331, 156.58268009, 180.));
#778 = VERTEX_POINT('', #777);
#779 = CARTESIAN_POINT('', (136.28993472, 87.2549085, -180.));
#780 = VERTEX_POINT('', #779);
#781 = CARTESIAN_POINT('', (-48.1162996, 149.89461579, 180.));
#782 = VERTEX_POINT('', #781);
#783 = CARTESIAN_POINT('', (127.68949682, 92.08130392, -180.));
#784 = VERTEX_POINT('', #783);
#785 = CARTESIAN_POINT('', (-53.22334665, 148.42979106, 180.));
#786 = VERTEX_POINT('', #785);
#787 = CARTESIAN_POINT('', (124.71820139, 96.48573856, -180.));
#788 = VERTEX_POINT('', #787);
#789 = CARTESIAN_POINT('', (-56.85176404, 150.20519756, 180.));
#790 = VERTEX_POINT('', #789);
#791 = CARTESIAN_POINT('', (125.28547067, 100.48519934, -180.));
#792 = VERTEX_POINT('', #791);
#793 = CARTESIAN_POINT('', (-58.82575287, 151.84460724, 180.));
#794 = VERTEX_POINT('', #793);
#795 = CARTESIAN_POINT('', (126.23464584, 102.86917974, -180.));
#796 = VERTEX_POINT('', #795);
#797 = CARTESIAN_POINT('', (-59.58659613, 152.87493415, 180.));
#798 = VERTEX_POINT('', #797);
#799 = CARTESIAN_POINT('', (126.97943146, 103.9111732, -180.));
#800 = VERTEX_POINT('', #799);
#801 = CARTESIAN_POINT('', (-166.48340412, -7.01618098, 180.));
#802 = VERTEX_POINT('', #801);
#803 = CARTESIAN_POINT('', (-58.1189858, 156.16700719, -180.));
#804 = VERTEX_POINT('', #803);
#805 = CARTESIAN_POINT('', (-168.31209969, -3.626461, 180.));
#806 = VERTEX_POINT('', #805);
#807 = CARTESIAN_POINT('', (-55.46026853, 158.9536811, -180.));
#808 = VERTEX_POINT('', #807);
#809 = CARTESIAN_POINT('', (-171.38161328, 4.6899487, 180.));
#810 = VERTEX_POINT('', #809);
#811 = CARTESIAN_POINT('', (-48.49942476, 164.44287393, -180.));
#812 = VERTEX_POINT('', #811);
#813 = CARTESIAN_POINT('', (-172.0522879, 18.08342415, 180.));
#814 = VERTEX_POINT('', #813);
#815 = CARTESIAN_POINT('', (-35.96872251, 169.21953493, -180.));
#816 = VERTEX_POINT('', #815);
#817 = CARTESIAN_POINT('', (-171.01044797, 25.96771318, 180.));
#818 = VERTEX_POINT('', #817);
#819 = CARTESIAN_POINT('', (-28.14837181, 170.66506558, -180.));
#820 = VERTEX_POINT('', #819);
#821 = CARTESIAN_POINT('', (-168.9671245, 33.74674205, 180.));
#822 = VERTEX_POINT('', #821);
#823 = CARTESIAN_POINT('', (-20.11865403, 171.12560159, -180.));
#824 = VERTEX_POINT('', #823);
#825 = CARTESIAN_POINT('', (-167.14809179, 38.88474789, 180.));
#826 = VERTEX_POINT('', #825);
#827 = CARTESIAN_POINT('', (-14.67000808, 170.98332981, -180.));
#828 = VERTEX_POINT('', #827);
#829 = CARTESIAN_POINT('', (-165.11822045, 44.0005937, 180.));
#830 = VERTEX_POINT('', #829);
#831 = CARTESIAN_POINT('', (-9.17728484, 170.63369073, -180.));
#832 = VERTEX_POINT('', #831);
#833 = CARTESIAN_POINT('', (-165.93038875, 39.82260092, 180.));
#834 = VERTEX_POINT('', #833);
#835 = CARTESIAN_POINT('', (-13.40176591, 170.11503792, -180.));
#836 = VERTEX_POINT('', #835);
#837 = CARTESIAN_POINT('', (-166.81140927, 32.45432847, 180.));
#838 = VERTEX_POINT('', #837);
#839 = CARTESIAN_POINT('', (-20.68165974, 168.67601682, -180.));
#840 = VERTEX_POINT('', #839);
#841 = CARTESIAN_POINT('', (-167.43426234, 23.99308276, 180.));
#842 = VERTEX_POINT('', #841);
#843 = CARTESIAN_POINT('', (-28.9212548, 166.65371657, -180.));
#844 = VERTEX_POINT('', #843);
#845 = CARTESIAN_POINT('', (-166.15418678, 16.39766996, 180.));
#846 = VERTEX_POINT('', #845);
#847 = CARTESIAN_POINT('', (-35.74935653, 163.08918073, -180.));
#848 = VERTEX_POINT('', #847);
#849 = CARTESIAN_POINT('', (-161.54802176, 9.51850985, 180.));
#850 = VERTEX_POINT('', #849);
#851 = CARTESIAN_POINT('', (-40.86844331, 156.58268009, -180.));
#852 = VERTEX_POINT('', #851);
#853 = CARTESIAN_POINT('', (-157.42700538, 0.55866337, 180.));
#854 = VERTEX_POINT('', #853);
#855 = CARTESIAN_POINT('', (-48.1162996, 149.89461579, -180.));
#856 = VERTEX_POINT('', #855);
#857 = CARTESIAN_POINT('', (-157.61203862, -4.75108274, 180.));
#858 = VERTEX_POINT('', #857);
#859 = CARTESIAN_POINT('', (-53.22334665, 148.42979106, -180.));
#860 = VERTEX_POINT('', #859);
#861 = CARTESIAN_POINT('', (-160.42179317, -7.65328196, 180.));
#862 = VERTEX_POINT('', #861);
#863 = CARTESIAN_POINT('', (-56.85176404, 150.20519756, -180.));
#864 = VERTEX_POINT('', #863);
#865 = CARTESIAN_POINT('', (-162.59096052, -9.02405145, 180.));
#866 = VERTEX_POINT('', #865);
#867 = CARTESIAN_POINT('', (-58.82575287, 151.84460724, -180.));
#868 = VERTEX_POINT('', #867);
#869 = CARTESIAN_POINT('', (-163.80597314, -9.42926787, 180.));
#870 = VERTEX_POINT('', #869);
#871 = CARTESIAN_POINT('', (-59.58659613, 152.87493415, -180.));
#872 = VERTEX_POINT('', #871);
#873 = CARTESIAN_POINT('', (-44.77341651, -160.50324551, 180.));
#874 = VERTEX_POINT('', #873);
#875 = CARTESIAN_POINT('', (-166.48340412, -7.01618098, -180.));
#876 = VERTEX_POINT('', #875);
#877 = CARTESIAN_POINT('', (-48.56232979, -161.19495726, 180.));
#878 = VERTEX_POINT('', #877);
#879 = CARTESIAN_POINT('', (-168.31209969, -3.626461, -180.));
#880 = VERTEX_POINT('', #879);
#881 = CARTESIAN_POINT('', (-57.4202373, -161.54432623, 180.));
#882 = VERTEX_POINT('', #881);
#883 = CARTESIAN_POINT('', (-171.38161328, 4.6899487, -180.));
#884 = VERTEX_POINT('', #883);
#885 = CARTESIAN_POINT('', (-70.36543925, -158.04336417, 180.));
#886 = VERTEX_POINT('', #885);
#887 = CARTESIAN_POINT('', (-172.0522879, 18.08342415, -180.));
#888 = VERTEX_POINT('', #887);
#889 = CARTESIAN_POINT('', (-77.54189747, -154.61613622, 180.));
#890 = VERTEX_POINT('', #889);
#891 = CARTESIAN_POINT('', (-171.01044797, 25.96771318, -180.));
#892 = VERTEX_POINT('', #891);
#893 = CARTESIAN_POINT('', (-84.30877189, -150.268968, 180.));
#894 = VERTEX_POINT('', #893);
#895 = CARTESIAN_POINT('', (-168.9671245, 33.74674205, -180.));
#896 = VERTEX_POINT('', #895);
#897 = CARTESIAN_POINT('', (-88.63319381, -146.95123397, 180.));
#898 = VERTEX_POINT('', #897);
#899 = CARTESIAN_POINT('', (-167.14809179, 38.88474789, -180.));
#900 = VERTEX_POINT('', #899);
#901 = CARTESIAN_POINT('', (-92.87138756, -143.4398283, 180.));
#902 = VERTEX_POINT('', #901);
#903 = CARTESIAN_POINT('', (-165.11822045, 44.0005937, -180.));
#904 = VERTEX_POINT('', #903);
#905 = CARTESIAN_POINT('', (-89.14885411, -145.50331703, 180.));
#906 = VERTEX_POINT('', #905);
#907 = CARTESIAN_POINT('', (-165.93038875, 39.82260092, -180.));
#908 = VERTEX_POINT('', #907);
#909 = CARTESIAN_POINT('', (-82.4134609, -148.61813874, 180.));
#910 = VERTEX_POINT('', #909);
#911 = CARTESIAN_POINT('', (-166.81140927, 32.45432847, -180.));
#912 = VERTEX_POINT('', #911);
#913 = CARTESIAN_POINT('', (-74.55881021, -151.82517593, 180.));
#914 = VERTEX_POINT('', #913);
#915 = CARTESIAN_POINT('', (-167.43426234, 23.99308276, -180.));
#916 = VERTEX_POINT('', #915);
#917 = CARTESIAN_POINT('', (-66.93957827, -152.95486336, 180.));
#918 = VERTEX_POINT('', #917);
#919 = CARTESIAN_POINT('', (-166.15418678, 16.39766996, -180.));
#920 = VERTEX_POINT('', #919);
#921 = CARTESIAN_POINT('', (-58.97372495, -150.69991748, 180.));
#922 = VERTEX_POINT('', #921);
#923 = CARTESIAN_POINT('', (-161.54802176, 9.51850985, -180.));
#924 = VERTEX_POINT('', #923);
#925 = CARTESIAN_POINT('', (-49.17894047, -149.54934284, 180.));
#926 = VERTEX_POINT('', #925);
#927 = CARTESIAN_POINT('', (-157.42700538, 0.55866337, -180.));
#928 = VERTEX_POINT('', #927);
#929 = CARTESIAN_POINT('', (-44.18625025, -151.36612168, 180.));
#930 = VERTEX_POINT('', #929);
#931 = CARTESIAN_POINT('', (-157.61203862, -4.75108274, -180.));
#932 = VERTEX_POINT('', #931);
#933 = CARTESIAN_POINT('', (-42.29435667, -154.93518594, 180.));
#934 = VERTEX_POINT('', #933);
#935 = CARTESIAN_POINT('', (-160.42179317, -7.65328196, -180.));
#936 = VERTEX_POINT('', #935);
#937 = CARTESIAN_POINT('', (-41.660987, -157.42177775, 180.));
#938 = VERTEX_POINT('', #937);
#939 = CARTESIAN_POINT('', (-162.59096052, -9.02405145, -180.));
#940 = VERTEX_POINT('', #939);
#941 = CARTESIAN_POINT('', (-41.65106283, -158.70254218, 180.));
#942 = VERTEX_POINT('', #941);
#943 = CARTESIAN_POINT('', (-163.80597314, -9.42926787, -180.));
#944 = VERTEX_POINT('', #943);
#945 = CARTESIAN_POINT('', (138.81191093, -92.18028005, 180.));
#946 = VERTEX_POINT('', #945);
#947 = CARTESIAN_POINT('', (-44.77341651, -160.50324551, -180.));
#948 = VERTEX_POINT('', #947);
#949 = CARTESIAN_POINT('', (138.2989293, -95.9975014, 180.));
#950 = VERTEX_POINT('', #949);
#951 = CARTESIAN_POINT('', (-48.56232979, -161.19495726, -180.));
#952 = VERTEX_POINT('', #951);
#953 = CARTESIAN_POINT('', (135.89395499, -104.529833, 180.));
#954 = VERTEX_POINT('', #953);
#955 = CARTESIAN_POINT('', (-57.4202373, -161.54432623, -180.));
#956 = VERTEX_POINT('', #955);
#957 = CARTESIAN_POINT('', (128.56405481, -115.7595949, 180.));
#958 = VERTEX_POINT('', #957);
#959 = CARTESIAN_POINT('', (-70.36543925, -158.04336417, -180.));
#960 = VERTEX_POINT('', #959);
#961 = CARTESIAN_POINT('', (123.08691978, -121.52574057, 180.));
#962 = VERTEX_POINT('', #961);
#963 = CARTESIAN_POINT('', (-77.54189747, -154.61613622, -180.));
#964 = VERTEX_POINT('', #963);
#965 = CARTESIAN_POINT('', (116.86143792, -126.61807173, 180.));
#966 = VERTEX_POINT('', #965);
#967 = CARTESIAN_POINT('', (-84.30877189, -150.268968, -180.));
#968 = VERTEX_POINT('', #967);
#969 = CARTESIAN_POINT('', (112.36976549, -129.70560517, 180.));
#970 = VERTEX_POINT('', #969);
#971 = CARTESIAN_POINT('', (-88.63319381, -146.95123397, -180.));
#972 = VERTEX_POINT('', #971);
#973 = CARTESIAN_POINT('', (107.72054635, -132.65128293, 180.));
#974 = VERTEX_POINT('', #973);
#975 = CARTESIAN_POINT('', (-92.87138756, -143.4398283, -180.));
#976 = VERTEX_POINT('', #975);
#977 = CARTESIAN_POINT('', (110.83336686, -129.74859632, 180.));
#978 = VERTEX_POINT('', #977);
#979 = CARTESIAN_POINT('', (-89.14885411, -145.50331703, -180.));
#980 = VERTEX_POINT('', #979);
#981 = CARTESIAN_POINT('', (115.87708931, -124.30538956, 180.));
#982 = VERTEX_POINT('', #981);
#983 = CARTESIAN_POINT('', (-82.4134609, -148.61813874, -180.));
#984 = VERTEX_POINT('', #983);
#985 = CARTESIAN_POINT('', (121.35438347, -117.82620183, 180.));
#986 = VERTEX_POINT('', #985);
#987 = CARTESIAN_POINT('', (-74.55881021, -151.82517593, -180.));
#988 = VERTEX_POINT('', #987);
#989 = CARTESIAN_POINT('', (124.78325221, -110.92897426, 180.));
#990 = VERTEX_POINT('', #989);
#991 = CARTESIAN_POINT('', (-66.93957827, -152.95486336, -180.));
#992 = VERTEX_POINT('', #991);
#993 = CARTESIAN_POINT('', (125.1002553, -102.65618096, 180.));
#994 = VERTEX_POINT('', #993);
#995 = CARTESIAN_POINT('', (-58.97372495, -150.69991748, -180.));
#996 = VERTEX_POINT('', #995);
#997 = CARTESIAN_POINT('', (127.03274864, -92.98524023, 180.));
#998 = VERTEX_POINT('', #997);
#999 = CARTESIAN_POINT('', (-49.17894047, -149.54934284, -180.));
#1000 = VERTEX_POINT('', #999);
#1001 = CARTESIAN_POINT('', (130.30343413, -88.7983252, 180.));
#1002 = VERTEX_POINT('', #1001);
#1003 = CARTESIAN_POINT('', (-44.18625025, -151.36612168, -180.));
#1004 = VERTEX_POINT('', #1003);
#1005 = CARTESIAN_POINT('', (134.28244321, -88.101929, 180.));
#1006 = VERTEX_POINT('', #1005);
#1007 = CARTESIAN_POINT('', (-42.29435667, -154.93518594, -180.));
#1008 = VERTEX_POINT('', #1007);
#1009 = CARTESIAN_POINT('', (136.84305456, -88.26795777, 180.));
#1010 = VERTEX_POINT('', #1009);
#1011 = CARTESIAN_POINT('', (-41.660987, -157.42177775, -180.));
#1012 = VERTEX_POINT('', #1011);
#1013 = CARTESIAN_POINT('', (138.06420064, -88.6542973, 180.));
#1014 = VERTEX_POINT('', #1013);
#1015 = CARTESIAN_POINT('', (-41.65106283, -158.70254218, -180.));
#1016 = VERTEX_POINT('', #1015);
#1017 = CARTESIAN_POINT('', (130.56389551, 103.53269934, 180.));
#1018 = VERTEX_POINT('', #1017);
#1019 = CARTESIAN_POINT('', (138.81191093, -92.18028005, -180.));
#1020 = VERTEX_POINT('', #1019);
#1021 = CARTESIAN_POINT('', (134.03576871, 101.86523856, 180.));
#1022 = VERTEX_POINT('', #1021);
#1023 = CARTESIAN_POINT('', (138.2989293, -95.9975014, -180.));
#1024 = VERTEX_POINT('', #1023);
#1025 = CARTESIAN_POINT('', (141.40732035, 96.9413366, 180.));
#1026 = VERTEX_POINT('', #1025);
#1027 = CARTESIAN_POINT('', (135.89395499, -104.529833, -180.));
#1028 = VERTEX_POINT('', #1027);
#1029 = CARTESIAN_POINT('', (149.82239485, 86.5, 180.));
#1030 = VERTEX_POINT('', #1029);
#1031 = CARTESIAN_POINT('', (128.56405481, -115.7595949, -180.));
#1032 = VERTEX_POINT('', #1031);
#1033 = CARTESIAN_POINT('', (153.61379747, 79.50909804, 180.));
#1034 = VERTEX_POINT('', #1033);
#1035 = CARTESIAN_POINT('', (123.08691978, -121.52574057, -180.));
#1036 = VERTEX_POINT('', #1035);
#1037 = CARTESIAN_POINT('', (156.5331125, 72.01469608, 180.));
#1038 = VERTEX_POINT('', #1037);
#1039 = CARTESIAN_POINT('', (116.86143792, -126.61807173, -180.));
#1040 = VERTEX_POINT('', #1039);
#1041 = CARTESIAN_POINT('', (158.08152819, 66.78876144, 180.));
#1042 = VERTEX_POINT('', #1041);
#1043 = CARTESIAN_POINT('', (112.36976549, -129.70560517, -180.));
#1044 = VERTEX_POINT('', #1043);
#1045 = CARTESIAN_POINT('', (159.44634649, 61.4568268, 180.));
#1046 = VERTEX_POINT('', #1045);
#1047 = CARTESIAN_POINT('', (107.72054635, -132.65128293, -180.));
#1048 = VERTEX_POINT('', #1047);
#1049 = CARTESIAN_POINT('', (157.64764191, 65.31427451, 180.));
#1050 = VERTEX_POINT('', #1049);
#1051 = CARTESIAN_POINT('', (110.83336686, -129.74859632, -180.));
#1052 = VERTEX_POINT('', #1051);
#1053 = CARTESIAN_POINT('', (154.02944061, 71.79318301, 180.));
#1054 = VERTEX_POINT('', #1053);
#1055 = CARTESIAN_POINT('', (115.87708931, -124.30538956, -180.));
#1056 = VERTEX_POINT('', #1055);
#1057 = CARTESIAN_POINT('', (149.55994387, 79.00457843, 180.));
#1058 = VERTEX_POINT('', #1057);
#1059 = CARTESIAN_POINT('', (121.35438347, -117.82620183, -180.));
#1060 = VERTEX_POINT('', #1059);
#1061 = CARTESIAN_POINT('', (144.05986937, 84.39698693, 180.));
#1062 = VERTEX_POINT('', #1061);
#1063 = CARTESIAN_POINT('', (124.78325221, -110.92897426, -180.));
#1064 = VERTEX_POINT('', #1063);
#1065 = CARTESIAN_POINT('', (136.28993472, 87.2549085, 180.));
#1066 = VERTEX_POINT('', #1065);
#1067 = CARTESIAN_POINT('', (125.1002553, -102.65618096, -180.));
#1068 = VERTEX_POINT('', #1067);
#1069 = CARTESIAN_POINT('', (127.68949682, 92.08130392, 180.));
#1070 = VERTEX_POINT('', #1069);
#1071 = CARTESIAN_POINT('', (127.03274864, -92.98524023, -180.));
#1072 = VERTEX_POINT('', #1071);
#1073 = CARTESIAN_POINT('', (124.71820139, 96.48573856, 180.));
#1074 = VERTEX_POINT('', #1073);
#1075 = CARTESIAN_POINT('', (130.30343413, -88.7983252, -180.));
#1076 = VERTEX_POINT('', #1075);
#1077 = CARTESIAN_POINT('', (125.28547067, 100.48519934, 180.));
#1078 = VERTEX_POINT('', #1077);
#1079 = CARTESIAN_POINT('', (134.28244321, -88.101929, -180.));
#1080 = VERTEX_POINT('', #1079);
#1081 = CARTESIAN_POINT('', (126.23464584, 102.86917974, 180.));
#1082 = VERTEX_POINT('', #1081);
#1083 = CARTESIAN_POINT('', (136.84305456, -88.26795777, -180.));
#1084 = VERTEX_POINT('', #1083);
#1085 = CARTESIAN_POINT('', (126.97943146, 103.9111732, 180.));
#1086 = VERTEX_POINT('', #1085);
#1087 = CARTESIAN_POINT('', (138.06420064, -88.6542973, -180.));
#1088 = VERTEX_POINT('', #1087);
#1089 = CARTESIAN_POINT('', (9., 0., -315.));
#1090 = VERTEX_POINT('', #1089);
#1091 = CARTESIAN_POINT('', (9., 0., 270.));
#1092 = VERTEX_POINT('', #1091);
#1093 = CARTESIAN_POINT('', (71.3412902, 145.48360128, -3.));
#1094 = VERTEX_POINT('', #1093);
#1095 = CARTESIAN_POINT('', (60.37874471, 150.364441, -3.));
#1096 = VERTEX_POINT('', #1095);
#1097 = CARTESIAN_POINT('', (60.37874471, 150.364441, 3.));
#1098 = VERTEX_POINT('', #1097);
#1099 = CARTESIAN_POINT('', (71.3412902, 145.48360128, 3.));
#1100 = VERTEX_POINT('', #1099);
#1101 = CARTESIAN_POINT('', (3.4669334, 22.53841993, -3.));
#1102 = VERTEX_POINT('', #1101);
#1103 = CARTESIAN_POINT('', (3.4669334, 22.53841993, 3.));
#1104 = VERTEX_POINT('', #1103);
#1105 = CARTESIAN_POINT('', (14.42947889, 17.65758021, -3.));
#1106 = VERTEX_POINT('', #1105);
#1107 = CARTESIAN_POINT('', (14.42947889, 17.65758021, 3.));
#1108 = VERTEX_POINT('', #1107);
#1109 = CARTESIAN_POINT('', (-116.31745594, 112.80650413, -3.));
#1110 = VERTEX_POINT('', #1109);
#1111 = CARTESIAN_POINT('', (-124.34702321, 103.88876622, -3.));
#1112 = VERTEX_POINT('', #1111);
#1113 = CARTESIAN_POINT('', (-124.34702321, 103.88876622, 3.));
#1114 = VERTEX_POINT('', #1113);
#1115 = CARTESIAN_POINT('', (-116.31745594, 112.80650413, 3.));
#1116 = VERTEX_POINT('', #1115);
#1117 = CARTESIAN_POINT('', (-20.3639698, 10.26200439, -3.));
#1118 = VERTEX_POINT('', #1117);
#1119 = CARTESIAN_POINT('', (-20.3639698, 10.26200439, 3.));
#1120 = VERTEX_POINT('', #1119);
#1121 = CARTESIAN_POINT('', (-12.33440252, 19.17974229, -3.));
#1122 = VERTEX_POINT('', #1121);
#1123 = CARTESIAN_POINT('', (-12.33440252, 19.17974229, 3.));
#1124 = VERTEX_POINT('', #1123);
#1125 = CARTESIAN_POINT('', (-143.22943146, -75.76534758, -3.));
#1126 = VERTEX_POINT('', #1125);
#1127 = CARTESIAN_POINT('', (-137.22943146, -86.15765242, -3.));
#1128 = VERTEX_POINT('', #1127);
#1129 = CARTESIAN_POINT('', (-137.22943146, -86.15765242, 3.));
#1130 = VERTEX_POINT('', #1129);
#1131 = CARTESIAN_POINT('', (-143.22943146, -75.76534758, 3.));
#1132 = VERTEX_POINT('', #1131);
#1133 = CARTESIAN_POINT('', (-16.05255888, -16.19615242, -3.));
#1134 = VERTEX_POINT('', #1133);
#1135 = CARTESIAN_POINT('', (-16.05255888, -16.19615242, 3.));
#1136 = VERTEX_POINT('', #1135);
#1137 = CARTESIAN_POINT('', (-22.05255888, -5.80384758, -3.));
#1138 = VERTEX_POINT('', #1137);
#1139 = CARTESIAN_POINT('', (-22.05255888, -5.80384758, 3.));
#1140 = VERTEX_POINT('', #1139);
#1141 = CARTESIAN_POINT('', (27.79679911, -159.6320641, -3.));
#1142 = VERTEX_POINT('', #1141);
#1143 = CARTESIAN_POINT('', (39.53457032, -157.13712381, -3.));
#1144 = VERTEX_POINT('', #1143);
#1145 = CARTESIAN_POINT('', (39.53457032, -157.13712381, 3.));
#1146 = VERTEX_POINT('', #1145);
#1147 = CARTESIAN_POINT('', (27.79679911, -159.6320641, 3.));
#1148 = VERTEX_POINT('', #1147);
#1149 = CARTESIAN_POINT('', (10.4429428, -20.27177707, -3.));
#1150 = VERTEX_POINT('', #1149);
#1151 = CARTESIAN_POINT('', (10.4429428, -20.27177707, 3.));
#1152 = VERTEX_POINT('', #1151);
#1153 = CARTESIAN_POINT('', (-1.29482841, -22.76671736, -3.));
#1154 = VERTEX_POINT('', #1153);
#1155 = CARTESIAN_POINT('', (-1.29482841, -22.76671736, 3.));
#1156 = VERTEX_POINT('', #1155);
#1157 = CARTESIAN_POINT('', (160.40879808, -22.89269373, -3.));
#1158 = VERTEX_POINT('', #1157);
#1159 = CARTESIAN_POINT('', (161.66313964, -10.95843099, -3.));
#1160 = VERTEX_POINT('', #1159);
#1161 = CARTESIAN_POINT('', (161.66313964, -10.95843099, 3.));
#1162 = VERTEX_POINT('', #1161);
#1163 = CARTESIAN_POINT('', (160.40879808, -22.89269373, 3.));
#1164 = VERTEX_POINT('', #1163);
#1165 = CARTESIAN_POINT('', (22.50665248, 3.66750518, -3.));
#1166 = VERTEX_POINT('', #1165);
#1167 = CARTESIAN_POINT('', (22.50665248, 3.66750518, 3.));
#1168 = VERTEX_POINT('', #1167);
#1169 = CARTESIAN_POINT('', (21.25231092, -8.26675756, -3.));
#1170 = VERTEX_POINT('', #1169);
#1171 = CARTESIAN_POINT('', (21.25231092, -8.26675756, 3.));
#1172 = VERTEX_POINT('', #1171);
#1173 = DIRECTION('', (0.99447184, -0.10500359, 0.));
#1174 = VECTOR('', #1173, 1.);
#1175 = CARTESIAN_POINT('', (73.17169797, 72.84526379, -240.));
#1176 = LINE('', #1175, #1174);
#1177 = CARTESIAN_POINT('', (76.75616202, 72.46678993, -240.));
#1178 = CARTESIAN_POINT('', (94.26519809, 82.57563662, -225.20020178));
#1179 = CARTESIAN_POINT('', (118.50438125, 96.57013554, -200.27094854));
#1180 = CARTESIAN_POINT('', (129.18843379, 102.73857615, -185.90016478));
#1181 = CARTESIAN_POINT('', (130.56389551, 103.53269934, -180.));
#1182 = B_SPLINE_CURVE_WITH_KNOTS('', 2, (#1177, #1178, #1179, #1180, #1181), .UNSPECIFIED., .F., .F., (3, 1, 1, 3), (-1., -0.42664954, -0.13845353, -0.), .UNSPECIFIED.);
#1183 = DIRECTION('', (-0.99447184, 0.10500359, 0.));
#1184 = VECTOR('', #1183, 1.);
#1185 = CARTESIAN_POINT('', (130.56389551, 103.53269934, -180.));
#1186 = LINE('', #1185, #1184);
#1187 = DIRECTION('', (0.90142563, -0.43293398, 0.));
#1188 = VECTOR('', #1187, 1.);
#1189 = CARTESIAN_POINT('', (76.75616202, 72.46678993, -240.));
#1190 = LINE('', #1189, #1188);
#1191 = CARTESIAN_POINT('', (80.22803522, 70.79932915, -240.));
#1192 = CARTESIAN_POINT('', (97.73707129, 80.90817583, -225.20020178));
#1193 = CARTESIAN_POINT('', (121.97625445, 94.90267475, -200.27094854));
#1194 = CARTESIAN_POINT('', (132.660307, 101.07111537, -185.90016478));
#1195 = CARTESIAN_POINT('', (134.03576871, 101.86523856, -180.));
#1196 = B_SPLINE_CURVE_WITH_KNOTS('', 2, (#1191, #1192, #1193, #1194, #1195), .UNSPECIFIED., .F., .F., (3, 1, 1, 3), (-1., -0.42664954, -0.13845353, -0.), .UNSPECIFIED.);
#1197 = DIRECTION('', (-0.90142563, 0.43293398, 0.));
#1198 = VECTOR('', #1197, 1.);
#1199 = CARTESIAN_POINT('', (134.03576871, 101.86523856, -180.));
#1200 = LINE('', #1199, #1198);
#1201 = DIRECTION('', (0.83155357, -0.55544456, 0.));
#1202 = VECTOR('', #1201, 1.);
#1203 = CARTESIAN_POINT('', (80.22803522, 70.79932915, -240.));
#1204 = LINE('', #1203, #1202);
#1205 = CARTESIAN_POINT('', (87.59958686, 65.87542719, -240.));
#1206 = CARTESIAN_POINT('', (105.10862293, 75.98427387, -225.20020178));
#1207 = CARTESIAN_POINT('', (129.34780608, 89.97877279, -200.27094854));
#1208 = CARTESIAN_POINT('', (140.03185863, 96.14721341, -185.90016478));
#1209 = CARTESIAN_POINT('', (141.40732035, 96.9413366, -180.));
#1210 = B_SPLINE_CURVE_WITH_KNOTS('', 2, (#1205, #1206, #1207, #1208, #1209), .UNSPECIFIED., .F., .F., (3, 1, 1, 3), (-1., -0.42664954, -0.13845353, -0.), .UNSPECIFIED.);
#1211 = DIRECTION('', (-0.83155357, 0.55544456, 0.));
#1212 = VECTOR('', #1211, 1.);
#1213 = CARTESIAN_POINT('', (141.40732035, 96.9413366, -180.));
#1214 = LINE('', #1213, #1212);
#1215 = DIRECTION('', (0.62751032, -0.77860825, 0.));
#1216 = VECTOR('', #1215, 1.);
#1217 = CARTESIAN_POINT('', (87.59958686, 65.87542719, -240.));
#1218 = LINE('', #1217, #1216);
#1219 = CARTESIAN_POINT('', (96.01466137, 55.43409059, -240.));
#1220 = CARTESIAN_POINT('', (113.52369744, 65.54293727, -225.20020178));
#1221 = CARTESIAN_POINT('', (137.76288059, 79.53743619, -200.27094854));
#1222 = CARTESIAN_POINT('', (148.44693314, 85.70587681, -185.90016478));
#1223 = CARTESIAN_POINT('', (149.82239485, 86.5, -180.));
#1224 = B_SPLINE_CURVE_WITH_KNOTS('', 2, (#1219, #1220, #1221, #1222, #1223), .UNSPECIFIED., .F., .F., (3, 1, 1, 3), (-1., -0.42664954, -0.13845353, -0.), .UNSPECIFIED.);
#1225 = DIRECTION('', (-0.62751032, 0.77860825, 0.));
#1226 = VECTOR('', #1225, 1.);
#1227 = CARTESIAN_POINT('', (149.82239485, 86.5, -180.));
#1228 = LINE('', #1227, #1226);
#1229 = DIRECTION('', (0.47673651, -0.87904624, 0.));
#1230 = VECTOR('', #1229, 1.);
#1231 = CARTESIAN_POINT('', (96.01466137, 55.43409059, -240.));
#1232 = LINE('', #1231, #1230);
#1233 = CARTESIAN_POINT('', (99.80606398, 48.44318863, -240.));
#1234 = CARTESIAN_POINT('', (117.31510005, 58.55203531, -225.20020178));
#1235 = CARTESIAN_POINT('', (141.55428321, 72.54653423, -200.27094854));
#1236 = CARTESIAN_POINT('', (152.23833575, 78.71497485, -185.90016478));
#1237 = CARTESIAN_POINT('', (153.61379747, 79.50909804, -180.));
#1238 = B_SPLINE_CURVE_WITH_KNOTS('', 2, (#1233, #1234, #1235, #1236, #1237), .UNSPECIFIED., .F., .F., (3, 1, 1, 3), (-1., -0.42664954, -0.13845353, -0.), .UNSPECIFIED.);
#1239 = DIRECTION('', (-0.47673651, 0.87904624, 0.));
#1240 = VECTOR('', #1239, 1.);
#1241 = CARTESIAN_POINT('', (153.61379747, 79.50909804, -180.));
#1242 = LINE('', #1241, #1240);
#1243 = DIRECTION('', (0.36296734, -0.93180186, 0.));
#1244 = VECTOR('', #1243, 1.);
#1245 = CARTESIAN_POINT('', (99.80606398, 48.44318863, -240.));
#1246 = LINE('', #1245, #1244);
#1247 = CARTESIAN_POINT('', (102.72537901, 40.94878667, -240.));
#1248 = CARTESIAN_POINT('', (120.23441508, 51.05763335, -225.20020178));
#1249 = CARTESIAN_POINT('', (144.47359824, 65.05213227, -200.27094854));
#1250 = CARTESIAN_POINT('', (155.15765079, 71.22057289, -185.90016478));
#1251 = CARTESIAN_POINT('', (156.5331125, 72.01469608, -180.));
#1252 = B_SPLINE_CURVE_WITH_KNOTS('', 2, (#1247, #1248, #1249, #1250, #1251), .UNSPECIFIED., .F., .F., (3, 1, 1, 3), (-1., -0.42664954, -0.13845353, -0.), .UNSPECIFIED.);
#1253 = DIRECTION('', (-0.36296734, 0.93180186, 0.));
#1254 = VECTOR('', #1253, 1.);
#1255 = CARTESIAN_POINT('', (156.5331125, 72.01469608, -180.));
#1256 = LINE('', #1255, #1254);
#1257 = DIRECTION('', (0.28408675, -0.95879858, 0.));
#1258 = VECTOR('', #1257, 1.);
#1259 = CARTESIAN_POINT('', (102.72537901, 40.94878667, -240.));
#1260 = LINE('', #1259, #1258);
#1261 = CARTESIAN_POINT('', (104.2737947, 35.72285203, -240.));
#1262 = CARTESIAN_POINT('', (121.78283077, 45.83169871, -225.20020178));
#1263 = CARTESIAN_POINT('', (146.02201393, 59.82619763, -200.27094854));
#1264 = CARTESIAN_POINT('', (156.70606647, 65.99463825, -185.90016478));
#1265 = CARTESIAN_POINT('', (158.08152819, 66.78876144, -180.));
#1266 = B_SPLINE_CURVE_WITH_KNOTS('', 2, (#1261, #1262, #1263, #1264, #1265), .UNSPECIFIED., .F., .F., (3, 1, 1, 3), (-1., -0.42664954, -0.13845353, -0.), .UNSPECIFIED.);
#1267 = DIRECTION('', (-0.28408675, 0.95879858, 0.));
#1268 = VECTOR('', #1267, 1.);
#1269 = CARTESIAN_POINT('', (158.08152819, 66.78876144, -180.));
#1270 = LINE('', #1269, #1268);
#1271 = DIRECTION('', (0.24797564, -0.96876627, 0.));
#1272 = VECTOR('', #1271, 1.);
#1273 = CARTESIAN_POINT('', (104.2737947, 35.72285203, -240.));
#1274 = LINE('', #1273, #1272);
#1275 = CARTESIAN_POINT('', (105.638613, 30.39091739, -240.));
#1276 = CARTESIAN_POINT('', (123.14764907, 40.49976407, -225.20020178));
#1277 = CARTESIAN_POINT('', (147.38683223, 54.49426299, -200.27094854));
#1278 = CARTESIAN_POINT('', (158.07088477, 60.66270361, -185.90016478));
#1279 = CARTESIAN_POINT('', (159.44634649, 61.4568268, -180.));
#1280 = B_SPLINE_CURVE_WITH_KNOTS('', 2, (#1275, #1276, #1277, #1278, #1279), .UNSPECIFIED., .F., .F., (3, 1, 1, 3), (-1., -0.42664954, -0.13845353, -0.), .UNSPECIFIED.);
#1281 = DIRECTION('', (-0.24797564, 0.96876627, 0.));
#1282 = VECTOR('', #1281, 1.);
#1283 = CARTESIAN_POINT('', (159.44634649, 61.4568268, -180.));
#1284 = LINE('', #1283, #1282);
#1285 = DIRECTION('', (-0.42260807, 0.90631254, 0.));
#1286 = VECTOR('', #1285, 1.);
#1287 = CARTESIAN_POINT('', (105.638613, 30.39091739, -240.));
#1288 = LINE('', #1287, #1286);
#1289 = CARTESIAN_POINT('', (103.83990843, 34.2483651, -240.));
#1290 = CARTESIAN_POINT('', (121.34894449, 44.35721179, -225.20020178));
#1291 = CARTESIAN_POINT('', (145.58812765, 58.35171071, -200.27094854));
#1292 = CARTESIAN_POINT('', (156.2721802, 64.52015132, -185.90016478));
#1293 = CARTESIAN_POINT('', (157.64764191, 65.31427451, -180.));
#1294 = B_SPLINE_CURVE_WITH_KNOTS('', 2, (#1289, #1290, #1291, #1292, #1293), .UNSPECIFIED., .F., .F., (3, 1, 1, 3), (-1., -0.42664954, -0.13845353, -0.), .UNSPECIFIED.);
#1295 = DIRECTION('', (0.42260807, -0.90631254, 0.));
#1296 = VECTOR('', #1295, 1.);
#1297 = CARTESIAN_POINT('', (157.64764191, 65.31427451, -180.));
#1298 = LINE('', #1297, #1296);
#1299 = DIRECTION('', (-0.48757846, 0.87307918, 0.));
#1300 = VECTOR('', #1299, 1.);
#1301 = CARTESIAN_POINT('', (103.83990843, 34.2483651, -240.));
#1302 = LINE('', #1301, #1300);
#1303 = CARTESIAN_POINT('', (100.22170712, 40.72727359, -240.));
#1304 = CARTESIAN_POINT('', (117.73074319, 50.83612028, -225.20020178));
#1305 = CARTESIAN_POINT('', (141.96992635, 64.8306192, -200.27094854));
#1306 = CARTESIAN_POINT('', (152.65397889, 70.99905982, -185.90016478));
#1307 = CARTESIAN_POINT('', (154.02944061, 71.79318301, -180.));
#1308 = B_SPLINE_CURVE_WITH_KNOTS('', 2, (#1303, #1304, #1305, #1306, #1307), .UNSPECIFIED., .F., .F., (3, 1, 1, 3), (-1., -0.42664954, -0.13845353, -0.), .UNSPECIFIED.);
#1309 = DIRECTION('', (0.48757846, -0.87307918, 0.));
#1310 = VECTOR('', #1309, 1.);
#1311 = CARTESIAN_POINT('', (154.02944061, 71.79318301, -180.));
#1312 = LINE('', #1311, #1310);
#1313 = DIRECTION('', (-0.52680613, 0.84998547, 0.));
#1314 = VECTOR('', #1313, 1.);
#1315 = CARTESIAN_POINT('', (100.22170712, 40.72727359, -240.));
#1316 = LINE('', #1315, #1314);
#1317 = CARTESIAN_POINT('', (95.75221039, 47.93866902, -240.));
#1318 = CARTESIAN_POINT('', (113.26124646, 58.04751571, -225.20020178));
#1319 = CARTESIAN_POINT('', (137.50042961, 72.04201463, -200.27094854));
#1320 = CARTESIAN_POINT('', (148.18448216, 78.21045524, -185.90016478));
#1321 = CARTESIAN_POINT('', (149.55994387, 79.00457843, -180.));
#1322 = B_SPLINE_CURVE_WITH_KNOTS('', 2, (#1317, #1318, #1319, #1320, #1321), .UNSPECIFIED., .F., .F., (3, 1, 1, 3), (-1., -0.42664954, -0.13845353, -0.), .UNSPECIFIED.);
#1323 = DIRECTION('', (0.52680613, -0.84998547, 0.));
#1324 = VECTOR('', #1323, 1.);
#1325 = CARTESIAN_POINT('', (149.55994387, 79.00457843, -180.));
#1326 = LINE('', #1325, #1324);
#1327 = DIRECTION('', (-0.71406125, 0.70008323, 0.));
#1328 = VECTOR('', #1327, 1.);
#1329 = CARTESIAN_POINT('', (95.75221039, 47.93866902, -240.));
#1330 = LINE('', #1329, #1328);
#1331 = CARTESIAN_POINT('', (90.25213588, 53.33107751, -240.));
#1332 = CARTESIAN_POINT('', (107.76117195, 63.4399242, -225.20020178));
#1333 = CARTESIAN_POINT('', (132.0003551, 77.43442312, -200.27094854));
#1334 = CARTESIAN_POINT('', (142.68440765, 83.60286374, -185.90016478));
#1335 = CARTESIAN_POINT('', (144.05986937, 84.39698693, -180.));
#1336 = B_SPLINE_CURVE_WITH_KNOTS('', 2, (#1331, #1332, #1333, #1334, #1335), .UNSPECIFIED., .F., .F., (3, 1, 1, 3), (-1., -0.42664954, -0.13845353, -0.), .UNSPECIFIED.);
#1337 = DIRECTION('', (0.71406125, -0.70008323, 0.));
#1338 = VECTOR('', #1337, 1.);
#1339 = CARTESIAN_POINT('', (144.05986937, 84.39698693, -180.));
#1340 = LINE('', #1339, #1338);
#1341 = DIRECTION('', (-0.93852659, 0.34520694, 0.));
#1342 = VECTOR('', #1341, 1.);
#1343 = CARTESIAN_POINT('', (90.25213588, 53.33107751, -240.));
#1344 = LINE('', #1343, #1342);
#1345 = CARTESIAN_POINT('', (82.48220124, 56.18899908, -240.));
#1346 = CARTESIAN_POINT('', (99.99123731, 66.29784577, -225.20020178));
#1347 = CARTESIAN_POINT('', (124.23042046, 80.29234469, -200.27094854));
#1348 = CARTESIAN_POINT('', (134.91447301, 86.4607853, -185.90016478));
#1349 = CARTESIAN_POINT('', (136.28993472, 87.2549085, -180.));
#1350 = B_SPLINE_CURVE_WITH_KNOTS('', 2, (#1345, #1346, #1347, #1348, #1349), .UNSPECIFIED., .F., .F., (3, 1, 1, 3), (-1., -0.42664954, -0.13845353, -0.), .UNSPECIFIED.);
#1351 = DIRECTION('', (0.93852659, -0.34520694, 0.));
#1352 = VECTOR('', #1351, 1.);
#1353 = CARTESIAN_POINT('', (136.28993472, 87.2549085, -180.));
#1354 = LINE('', #1353, #1352);
#1355 = DIRECTION('', (-0.8720669, 0.48938667, 0.));
#1356 = VECTOR('', #1355, 1.);
#1357 = CARTESIAN_POINT('', (82.48220124, 56.18899908, -240.));
#1358 = LINE('', #1357, #1356);
#1359 = CARTESIAN_POINT('', (73.88176333, 61.01539451, -240.));
#1360 = CARTESIAN_POINT('', (91.3907994, 71.12424119, -225.20020178));
#1361 = CARTESIAN_POINT('', (115.62998256, 85.11874011, -200.27094854));
#1362 = CARTESIAN_POINT('', (126.3140351, 91.28718073, -185.90016478));
#1363 = CARTESIAN_POINT('', (127.68949682, 92.08130392, -180.));
#1364 = B_SPLINE_CURVE_WITH_KNOTS('', 2, (#1359, #1360, #1361, #1362, #1363), .UNSPECIFIED., .F., .F., (3, 1, 1, 3), (-1., -0.42664954, -0.13845353, -0.), .UNSPECIFIED.);
#1365 = DIRECTION('', (0.8720669, -0.48938667, 0.));
#1366 = VECTOR('', #1365, 1.);
#1367 = CARTESIAN_POINT('', (127.68949682, 92.08130392, -180.));
#1368 = LINE('', #1367, #1366);
#1369 = DIRECTION('', (-0.55925328, 0.82899684, 0.));
#1370 = VECTOR('', #1369, 1.);
#1371 = CARTESIAN_POINT('', (73.88176333, 61.01539451, -240.));
#1372 = LINE('', #1371, #1370);
#1373 = CARTESIAN_POINT('', (70.9104679, 65.41982915, -240.));
#1374 = CARTESIAN_POINT('', (88.41950397, 75.52867583, -225.20020178));
#1375 = CARTESIAN_POINT('', (112.65868713, 89.52317475, -200.27094854));
#1376 = CARTESIAN_POINT('', (123.34273968, 95.69161537, -185.90016478));
#1377 = CARTESIAN_POINT('', (124.71820139, 96.48573856, -180.));
#1378 = B_SPLINE_CURVE_WITH_KNOTS('', 2, (#1373, #1374, #1375, #1376, #1377), .UNSPECIFIED., .F., .F., (3, 1, 1, 3), (-1., -0.42664954, -0.13845353, -0.), .UNSPECIFIED.);
#1379 = DIRECTION('', (0.55925328, -0.82899684, 0.));
#1380 = VECTOR('', #1379, 1.);
#1381 = CARTESIAN_POINT('', (124.71820139, 96.48573856, -180.));
#1382 = LINE('', #1381, #1380);
#1383 = DIRECTION('', (0.14043091, 0.99009048, 0.));
#1384 = VECTOR('', #1383, 1.);
#1385 = CARTESIAN_POINT('', (70.9104679, 65.41982915, -240.));
#1386 = LINE('', #1385, #1384);
#1387 = CARTESIAN_POINT('', (71.47773719, 69.41928993, -240.));
#1388 = CARTESIAN_POINT('', (88.98677325, 79.52813662, -225.20020178));
#1389 = CARTESIAN_POINT('', (113.22595641, 93.52263554, -200.27094854));
#1390 = CARTESIAN_POINT('', (123.91000896, 99.69107615, -185.90016478));
#1391 = CARTESIAN_POINT('', (125.28547067, 100.48519934, -180.));
#1392 = B_SPLINE_CURVE_WITH_KNOTS('', 2, (#1387, #1388, #1389, #1390, #1391), .UNSPECIFIED., .F., .F., (3, 1, 1, 3), (-1., -0.42664954, -0.13845353, -0.), .UNSPECIFIED.);
#1393 = DIRECTION('', (-0.14043091, -0.99009048, 0.));
#1394 = VECTOR('', #1393, 1.);
#1395 = CARTESIAN_POINT('', (125.28547067, 100.48519934, -180.));
#1396 = LINE('', #1395, #1394);
#1397 = DIRECTION('', (0.36990627, 0.92906908, 0.));
#1398 = VECTOR('', #1397, 1.);
#1399 = CARTESIAN_POINT('', (71.47773719, 69.41928993, -240.));
#1400 = LINE('', #1399, #1398);
#1401 = CARTESIAN_POINT('', (72.42691235, 71.80327032, -240.));
#1402 = CARTESIAN_POINT('', (89.93594842, 81.91211701, -225.20020178));
#1403 = CARTESIAN_POINT('', (114.17513157, 95.90661593, -200.27094854));
#1404 = CARTESIAN_POINT('', (124.85918412, 102.07505655, -185.90016478));
#1405 = CARTESIAN_POINT('', (126.23464584, 102.86917974, -180.));
#1406 = B_SPLINE_CURVE_WITH_KNOTS('', 2, (#1401, #1402, #1403, #1404, #1405), .UNSPECIFIED., .F., .F., (3, 1, 1, 3), (-1., -0.42664954, -0.13845353, -0.), .UNSPECIFIED.);
#1407 = DIRECTION('', (-0.36990627, -0.92906908, 0.));
#1408 = VECTOR('', #1407, 1.);
#1409 = CARTESIAN_POINT('', (126.23464584, 102.86917974, -180.));
#1410 = LINE('', #1409, #1408);
#1411 = DIRECTION('', (0.58149902, 0.8135471, 0.));
#1412 = VECTOR('', #1411, 1.);
#1413 = CARTESIAN_POINT('', (72.42691235, 71.80327032, -240.));
#1414 = LINE('', #1413, #1412);
#1415 = CARTESIAN_POINT('', (73.17169797, 72.84526379, -240.));
#1416 = CARTESIAN_POINT('', (90.68073404, 82.95411047, -225.20020178));
#1417 = CARTESIAN_POINT('', (114.9199172, 96.9486094, -200.27094854));
#1418 = CARTESIAN_POINT('', (125.60396974, 103.11705001, -185.90016478));
#1419 = CARTESIAN_POINT('', (126.97943146, 103.9111732, -180.));
#1420 = B_SPLINE_CURVE_WITH_KNOTS('', 2, (#1415, #1416, #1417, #1418, #1419), .UNSPECIFIED., .F., .F., (3, 1, 1, 3), (-1., -0.42664954, -0.13845353, -0.), .UNSPECIFIED.);
#1421 = DIRECTION('', (-0.58149902, -0.8135471, 0.));
#1422 = VECTOR('', #1421, 1.);
#1423 = CARTESIAN_POINT('', (126.97943146, 103.9111732, -180.));
#1424 = LINE('', #1423, #1422);
#1425 = DIRECTION('', (0.40717305, 0.91335103, 0.));
#1426 = VECTOR('', #1425, 1.);
#1427 = CARTESIAN_POINT('', (-46.66866463, 92.10084463, -240.));
#1428 = LINE('', #1427, #1426);
#1429 = CARTESIAN_POINT('', (-45.20105429, 95.39291767, -240.));
#1430 = CARTESIAN_POINT('', (-49.4045491, 115.16880594, -225.20020178));
#1431 = CARTESIAN_POINT('', (-55.22378897, 142.54617703, -200.27094854));
#1432 = CARTESIAN_POINT('', (-57.78877081, 154.6134678, -185.90016478));
#1433 = CARTESIAN_POINT('', (-58.1189858, 156.16700719, -180.));
#1434 = B_SPLINE_CURVE_WITH_KNOTS('', 2, (#1429, #1430, #1431, #1432, #1433), .UNSPECIFIED., .F., .F., (3, 1, 1, 3), (-1., -0.42664954, -0.13845353, -0.), .UNSPECIFIED.);
#1435 = DIRECTION('', (-0.40717305, -0.91335103, 0.));
#1436 = VECTOR('', #1435, 1.);
#1437 = CARTESIAN_POINT('', (-58.1189858, 156.16700719, -180.));
#1438 = LINE('', #1437, #1436);
#1439 = DIRECTION('', (0.69030052, 0.72352276, 0.));
#1440 = VECTOR('', #1439, 1.);
#1441 = CARTESIAN_POINT('', (-45.20105429, 95.39291767, -240.));
#1442 = LINE('', #1441, #1440);
#1443 = CARTESIAN_POINT('', (-42.54233702, 98.17959159, -240.));
#1444 = CARTESIAN_POINT('', (-46.74583184, 117.95547985, -225.20020178));
#1445 = CARTESIAN_POINT('', (-52.5650717, 145.33285094, -200.27094854));
#1446 = CARTESIAN_POINT('', (-55.13005354, 157.40014171, -185.90016478));
#1447 = CARTESIAN_POINT('', (-55.46026853, 158.9536811, -180.));
#1448 = B_SPLINE_CURVE_WITH_KNOTS('', 2, (#1443, #1444, #1445, #1446, #1447), .UNSPECIFIED., .F., .F., (3, 1, 1, 3), (-1., -0.42664954, -0.13845353, -0.), .UNSPECIFIED.);
#1449 = DIRECTION('', (-0.69030052, -0.72352276, 0.));
#1450 = VECTOR('', #1449, 1.);
#1451 = CARTESIAN_POINT('', (-55.46026853, 158.9536811, -180.));
#1452 = LINE('', #1451, #1450);
#1453 = DIRECTION('', (0.78522335, 0.61921263, 0.));
#1454 = VECTOR('', #1453, 1.);
#1455 = CARTESIAN_POINT('', (-42.54233702, 98.17959159, -240.));
#1456 = LINE('', #1455, #1454);
#1457 = CARTESIAN_POINT('', (-35.58149325, 103.66878442, -240.));
#1458 = CARTESIAN_POINT('', (-39.78498806, 123.44467268, -225.20020178));
#1459 = CARTESIAN_POINT('', (-45.60422793, 150.82204377, -200.27094854));
#1460 = CARTESIAN_POINT('', (-48.16920977, 162.88933454, -185.90016478));
#1461 = CARTESIAN_POINT('', (-48.49942476, 164.44287393, -180.));
#1462 = B_SPLINE_CURVE_WITH_KNOTS('', 2, (#1457, #1458, #1459, #1460, #1461), .UNSPECIFIED., .F., .F., (3, 1, 1, 3), (-1., -0.42664954, -0.13845353, -0.), .UNSPECIFIED.);
#1463 = DIRECTION('', (-0.78522335, -0.61921263, 0.));
#1464 = VECTOR('', #1463, 1.);
#1465 = CARTESIAN_POINT('', (-48.49942476, 164.44287393, -180.));
#1466 = LINE('', #1465, #1464);
#1467 = DIRECTION('', (0.9344118, 0.35619459, 0.));
#1468 = VECTOR('', #1467, 1.);
#1469 = CARTESIAN_POINT('', (-35.58149325, 103.66878442, -240.));
#1470 = LINE('', #1469, #1468);
#1471 = CARTESIAN_POINT('', (-23.05079101, 108.44544541, -240.));
#1472 = CARTESIAN_POINT('', (-27.25428582, 128.22133368, -225.20020178));
#1473 = CARTESIAN_POINT('', (-33.07352569, 155.59870476, -200.27094854));
#1474 = CARTESIAN_POINT('', (-35.63850752, 167.66599554, -185.90016478));
#1475 = CARTESIAN_POINT('', (-35.96872251, 169.21953493, -180.));
#1476 = B_SPLINE_CURVE_WITH_KNOTS('', 2, (#1471, #1472, #1473, #1474, #1475), .UNSPECIFIED., .F., .F., (3, 1, 1, 3), (-1., -0.42664954, -0.13845353, -0.), .UNSPECIFIED.);
#1477 = DIRECTION('', (-0.9344118, -0.35619459, 0.));
#1478 = VECTOR('', #1477, 1.);
#1479 = CARTESIAN_POINT('', (-35.96872251, 169.21953493, -180.));
#1480 = LINE('', #1479, #1478);
#1481 = DIRECTION('', (0.98334234, 0.18176314, 0.));
#1482 = VECTOR('', #1481, 1.);
#1483 = CARTESIAN_POINT('', (-23.05079101, 108.44544541, -240.));
#1484 = LINE('', #1483, #1482);
#1485 = CARTESIAN_POINT('', (-15.2304403, 109.89097606, -240.));
#1486 = CARTESIAN_POINT('', (-19.43393512, 129.66686433, -225.20020178));
#1487 = CARTESIAN_POINT('', (-25.25317498, 157.04423542, -200.27094854));
#1488 = CARTESIAN_POINT('', (-27.81815682, 169.11152619, -185.90016478));
#1489 = CARTESIAN_POINT('', (-28.14837181, 170.66506558, -180.));
#1490 = B_SPLINE_CURVE_WITH_KNOTS('', 2, (#1485, #1486, #1487, #1488, #1489), .UNSPECIFIED., .F., .F., (3, 1, 1, 3), (-1., -0.42664954, -0.13845353, -0.), .UNSPECIFIED.);
#1491 = DIRECTION('', (-0.98334234, -0.18176314, 0.));
#1492 = VECTOR('', #1491, 1.);
#1493 = CARTESIAN_POINT('', (-28.14837181, 170.66506558, -180.));
#1494 = LINE('', #1493, #1492);
#1495 = DIRECTION('', (0.99835931, 0.05725985, 0.));
#1496 = VECTOR('', #1495, 1.);
#1497 = CARTESIAN_POINT('', (-15.2304403, 109.89097606, -240.));
#1498 = LINE('', #1497, #1496);
#1499 = CARTESIAN_POINT('', (-7.20072252, 110.35151208, -240.));
#1500 = CARTESIAN_POINT('', (-11.40421734, 130.12740035, -225.20020178));
#1501 = CARTESIAN_POINT('', (-17.2234572, 157.50477143, -200.27094854));
#1502 = CARTESIAN_POINT('', (-19.78843904, 169.57206221, -185.90016478));
#1503 = CARTESIAN_POINT('', (-20.11865403, 171.12560159, -180.));
#1504 = B_SPLINE_CURVE_WITH_KNOTS('', 2, (#1499, #1500, #1501, #1502, #1503), .UNSPECIFIED., .F., .F., (3, 1, 1, 3), (-1., -0.42664954, -0.13845353, -0.), .UNSPECIFIED.);
#1505 = DIRECTION('', (-0.99835931, -0.05725985, 0.));
#1506 = VECTOR('', #1505, 1.);
#1507 = CARTESIAN_POINT('', (-20.11865403, 171.12560159, -180.));
#1508 = LINE('', #1507, #1506);
#1509 = DIRECTION('', (0.99965927, -0.02610251, 0.));
#1510 = VECTOR('', #1509, 1.);
#1511 = CARTESIAN_POINT('', (-7.20072252, 110.35151208, -240.));
#1512 = LINE('', #1511, #1510);
#1513 = CARTESIAN_POINT('', (-1.75207657, 110.20924029, -240.));
#1514 = CARTESIAN_POINT('', (-5.95557138, 129.98512856, -225.20020178));
#1515 = CARTESIAN_POINT('', (-11.77481125, 157.36249965, -200.27094854));
#1516 = CARTESIAN_POINT('', (-14.33979308, 169.42979042, -185.90016478));
#1517 = CARTESIAN_POINT('', (-14.67000808, 170.98332981, -180.));
#1518 = B_SPLINE_CURVE_WITH_KNOTS('', 2, (#1513, #1514, #1515, #1516, #1517), .UNSPECIFIED., .F., .F., (3, 1, 1, 3), (-1., -0.42664954, -0.13845353, -0.), .UNSPECIFIED.);
#1519 = DIRECTION('', (-0.99965927, 0.02610251, 0.));
#1520 = VECTOR('', #1519, 1.);
#1521 = CARTESIAN_POINT('', (-14.67000808, 170.98332981, -180.));
#1522 = LINE('', #1521, #1520);
#1523 = DIRECTION('', (0.99798016, -0.06352639, 0.));
#1524 = VECTOR('', #1523, 1.);
#1525 = CARTESIAN_POINT('', (-1.75207657, 110.20924029, -240.));
#1526 = LINE('', #1525, #1524);
#1527 = CARTESIAN_POINT('', (3.74064666, 109.85960121, -240.));
#1528 = CARTESIAN_POINT('', (-0.46284815, 129.63548948, -225.20020178));
#1529 = CARTESIAN_POINT('', (-6.28208802, 157.01286057, -200.27094854));
#1530 = CARTESIAN_POINT('', (-8.84706985, 169.08015134, -185.90016478));
#1531 = CARTESIAN_POINT('', (-9.17728484, 170.63369073, -180.));
#1532 = B_SPLINE_CURVE_WITH_KNOTS('', 2, (#1527, #1528, #1529, #1530, #1531), .UNSPECIFIED., .F., .F., (3, 1, 1, 3), (-1., -0.42664954, -0.13845353, -0.), .UNSPECIFIED.);
#1533 = DIRECTION('', (-0.99798016, 0.06352639, 0.));
#1534 = VECTOR('', #1533, 1.);
#1535 = CARTESIAN_POINT('', (-9.17728484, 170.63369073, -180.));
#1536 = LINE('', #1535, #1534);
#1537 = DIRECTION('', (-0.99254752, -0.12185818, 0.));
#1538 = VECTOR('', #1537, 1.);
#1539 = CARTESIAN_POINT('', (3.74064666, 109.85960121, -240.));
#1540 = LINE('', #1539, #1538);
#1541 = CARTESIAN_POINT('', (-0.4838344, 109.3409484, -240.));
#1542 = CARTESIAN_POINT('', (-4.68732922, 129.11683667, -225.20020178));
#1543 = CARTESIAN_POINT('', (-10.50656908, 156.49420776, -200.27094854));
#1544 = CARTESIAN_POINT('', (-13.07155092, 168.56149853, -185.90016478));
#1545 = CARTESIAN_POINT('', (-13.40176591, 170.11503792, -180.));
#1546 = B_SPLINE_CURVE_WITH_KNOTS('', 2, (#1541, #1542, #1543, #1544, #1545), .UNSPECIFIED., .F., .F., (3, 1, 1, 3), (-1., -0.42664954, -0.13845353, -0.), .UNSPECIFIED.);
#1547 = DIRECTION('', (0.99254752, 0.12185818, 0.));
#1548 = VECTOR('', #1547, 1.);
#1549 = CARTESIAN_POINT('', (-13.40176591, 170.11503792, -180.));
#1550 = LINE('', #1549, #1548);
#1551 = DIRECTION('', (-0.98101767, -0.19391837, 0.));
#1552 = VECTOR('', #1551, 1.);
#1553 = CARTESIAN_POINT('', (-0.4838344, 109.3409484, -240.));
#1554 = LINE('', #1553, #1552);
#1555 = CARTESIAN_POINT('', (-7.76372824, 107.9019273, -240.));
#1556 = CARTESIAN_POINT('', (-11.96722305, 127.67781557, -225.20020178));
#1557 = CARTESIAN_POINT('', (-17.78646292, 155.05518666, -200.27094854));
#1558 = CARTESIAN_POINT('', (-20.35144475, 167.12247743, -185.90016478));
#1559 = CARTESIAN_POINT('', (-20.68165974, 168.67601682, -180.));
#1560 = B_SPLINE_CURVE_WITH_KNOTS('', 2, (#1555, #1556, #1557, #1558, #1559), .UNSPECIFIED., .F., .F., (3, 1, 1, 3), (-1., -0.42664954, -0.13845353, -0.), .UNSPECIFIED.);
#1561 = DIRECTION('', (0.98101767, 0.19391837, 0.));
#1562 = VECTOR('', #1561, 1.);
#1563 = CARTESIAN_POINT('', (-20.68165974, 168.67601682, -180.));
#1564 = LINE('', #1563, #1562);
#1565 = DIRECTION('', (-0.97117627, -0.23836244, 0.));
#1566 = VECTOR('', #1565, 1.);
#1567 = CARTESIAN_POINT('', (-7.76372824, 107.9019273, -240.));
#1568 = LINE('', #1567, #1566);
#1569 = CARTESIAN_POINT('', (-16.00332329, 105.87962705, -240.));
#1570 = CARTESIAN_POINT('', (-20.20681811, 125.65551532, -225.20020178));
#1571 = CARTESIAN_POINT('', (-26.02605797, 153.03288641, -200.27094854));
#1572 = CARTESIAN_POINT('', (-28.59103981, 165.10017718, -185.90016478));
#1573 = CARTESIAN_POINT('', (-28.9212548, 166.65371657, -180.));
#1574 = B_SPLINE_CURVE_WITH_KNOTS('', 2, (#1569, #1570, #1571, #1572, #1573), .UNSPECIFIED., .F., .F., (3, 1, 1, 3), (-1., -0.42664954, -0.13845353, -0.), .UNSPECIFIED.);
#1575 = DIRECTION('', (0.97117627, 0.23836244, 0.));
#1576 = VECTOR('', #1575, 1.);
#1577 = CARTESIAN_POINT('', (-28.9212548, 166.65371657, -180.));
#1578 = LINE('', #1577, #1576);
#1579 = DIRECTION('', (-0.88647578, -0.46277499, 0.));
#1580 = VECTOR('', #1579, 1.);
#1581 = CARTESIAN_POINT('', (-16.00332329, 105.87962705, -240.));
#1582 = LINE('', #1581, #1580);
#1583 = CARTESIAN_POINT('', (-22.83142503, 102.31509122, -240.));
#1584 = CARTESIAN_POINT('', (-27.03491984, 122.09097948, -225.20020178));
#1585 = CARTESIAN_POINT('', (-32.85415971, 149.46835057, -200.27094854));
#1586 = CARTESIAN_POINT('', (-35.41914154, 161.53564134, -185.90016478));
#1587 = CARTESIAN_POINT('', (-35.74935653, 163.08918073, -180.));
#1588 = B_SPLINE_CURVE_WITH_KNOTS('', 2, (#1583, #1584, #1585, #1586, #1587), .UNSPECIFIED., .F., .F., (3, 1, 1, 3), (-1., -0.42664954, -0.13845353, -0.), .UNSPECIFIED.);
#1589 = DIRECTION('', (0.88647578, 0.46277499, 0.));
#1590 = VECTOR('', #1589, 1.);
#1591 = CARTESIAN_POINT('', (-35.74935653, 163.08918073, -180.));
#1592 = LINE('', #1591, #1590);
#1593 = DIRECTION('', (-0.61833198, -0.78591702, 0.));
#1594 = VECTOR('', #1593, 1.);
#1595 = CARTESIAN_POINT('', (-22.83142503, 102.31509122, -240.));
#1596 = LINE('', #1595, #1594);
#1597 = CARTESIAN_POINT('', (-27.95051181, 95.80859058, -240.));
#1598 = CARTESIAN_POINT('', (-32.15400662, 115.58447885, -225.20020178));
#1599 = CARTESIAN_POINT('', (-37.97324649, 142.96184993, -200.27094854));
#1600 = CARTESIAN_POINT('', (-40.53822832, 155.02914071, -185.90016478));
#1601 = CARTESIAN_POINT('', (-40.86844331, 156.58268009, -180.));
#1602 = B_SPLINE_CURVE_WITH_KNOTS('', 2, (#1597, #1598, #1599, #1600, #1601), .UNSPECIFIED., .F., .F., (3, 1, 1, 3), (-1., -0.42664954, -0.13845353, -0.), .UNSPECIFIED.);
#1603 = DIRECTION('', (0.61833198, 0.78591702, 0.));
#1604 = VECTOR('', #1603, 1.);
#1605 = CARTESIAN_POINT('', (-40.86844331, 156.58268009, -180.));
#1606 = LINE('', #1605, #1604);
#1607 = DIRECTION('', (-0.73491788, -0.67815611, 0.));
#1608 = VECTOR('', #1607, 1.);
#1609 = CARTESIAN_POINT('', (-27.95051181, 95.80859058, -240.));
#1610 = LINE('', #1609, #1608);
#1611 = CARTESIAN_POINT('', (-35.1983681, 89.12052627, -240.));
#1612 = CARTESIAN_POINT('', (-39.40186291, 108.89641454, -225.20020178));
#1613 = CARTESIAN_POINT('', (-45.22110278, 136.27378562, -200.27094854));
#1614 = CARTESIAN_POINT('', (-47.78608461, 148.3410764, -185.90016478));
#1615 = CARTESIAN_POINT('', (-48.1162996, 149.89461579, -180.));
#1616 = B_SPLINE_CURVE_WITH_KNOTS('', 2, (#1611, #1612, #1613, #1614, #1615), .UNSPECIFIED., .F., .F., (3, 1, 1, 3), (-1., -0.42664954, -0.13845353, -0.), .UNSPECIFIED.);
#1617 = DIRECTION('', (0.73491788, 0.67815611, 0.));
#1618 = VECTOR('', #1617, 1.);
#1619 = CARTESIAN_POINT('', (-48.1162996, 149.89461579, -180.));
#1620 = LINE('', #1619, #1618);
#1621 = DIRECTION('', (-0.96124162, -0.27570737, 0.));
#1622 = VECTOR('', #1621, 1.);
#1623 = CARTESIAN_POINT('', (-35.1983681, 89.12052627, -240.));
#1624 = LINE('', #1623, #1622);
#1625 = CARTESIAN_POINT('', (-40.30541514, 87.65570155, -240.));
#1626 = CARTESIAN_POINT('', (-44.50890996, 107.43158982, -225.20020178));
#1627 = CARTESIAN_POINT('', (-50.32814982, 134.8089609, -200.27094854));
#1628 = CARTESIAN_POINT('', (-52.89313166, 146.87625168, -185.90016478));
#1629 = CARTESIAN_POINT('', (-53.22334665, 148.42979106, -180.));
#1630 = B_SPLINE_CURVE_WITH_KNOTS('', 2, (#1625, #1626, #1627, #1628, #1629), .UNSPECIFIED., .F., .F., (3, 1, 1, 3), (-1., -0.42664954, -0.13845353, -0.), .UNSPECIFIED.);
#1631 = DIRECTION('', (0.96124162, 0.27570737, 0.));
#1632 = VECTOR('', #1631, 1.);
#1633 = CARTESIAN_POINT('', (-53.22334665, 148.42979106, -180.));
#1634 = LINE('', #1633, #1632);
#1635 = DIRECTION('', (-0.89823647, 0.43951252, 0.));
#1636 = VECTOR('', #1635, 1.);
#1637 = CARTESIAN_POINT('', (-40.30541514, 87.65570155, -240.));
#1638 = LINE('', #1637, #1636);
#1639 = CARTESIAN_POINT('', (-43.93383254, 89.43110805, -240.));
#1640 = CARTESIAN_POINT('', (-48.13732735, 109.20699631, -225.20020178));
#1641 = CARTESIAN_POINT('', (-53.95656722, 136.5843674, -200.27094854));
#1642 = CARTESIAN_POINT('', (-56.52154905, 148.65165817, -185.90016478));
#1643 = CARTESIAN_POINT('', (-56.85176404, 150.20519756, -180.));
#1644 = B_SPLINE_CURVE_WITH_KNOTS('', 2, (#1639, #1640, #1641, #1642, #1643), .UNSPECIFIED., .F., .F., (3, 1, 1, 3), (-1., -0.42664954, -0.13845353, -0.), .UNSPECIFIED.);
#1645 = DIRECTION('', (0.89823647, -0.43951252, 0.));
#1646 = VECTOR('', #1645, 1.);
#1647 = CARTESIAN_POINT('', (-56.85176404, 150.20519756, -180.));
#1648 = LINE('', #1647, #1646);
#1649 = DIRECTION('', (-0.76928988, 0.6388999, 0.));
#1650 = VECTOR('', #1649, 1.);
#1651 = CARTESIAN_POINT('', (-43.93383254, 89.43110805, -240.));
#1652 = LINE('', #1651, #1650);
#1653 = CARTESIAN_POINT('', (-45.90782137, 91.07051773, -240.));
#1654 = CARTESIAN_POINT('', (-50.11131618, 110.84640599, -225.20020178));
#1655 = CARTESIAN_POINT('', (-55.93055605, 138.22377708, -200.27094854));
#1656 = CARTESIAN_POINT('', (-58.49553788, 150.29106785, -185.90016478));
#1657 = CARTESIAN_POINT('', (-58.82575287, 151.84460724, -180.));
#1658 = B_SPLINE_CURVE_WITH_KNOTS('', 2, (#1653, #1654, #1655, #1656, #1657), .UNSPECIFIED., .F., .F., (3, 1, 1, 3), (-1., -0.42664954, -0.13845353, -0.), .UNSPECIFIED.);
#1659 = DIRECTION('', (0.76928988, -0.6388999, 0.));
#1660 = VECTOR('', #1659, 1.);
#1661 = CARTESIAN_POINT('', (-58.82575287, 151.84460724, -180.));
#1662 = LINE('', #1661, #1660);
#1663 = DIRECTION('', (-0.59403619, 0.80443832, 0.));
#1664 = VECTOR('', #1663, 1.);
#1665 = CARTESIAN_POINT('', (-45.90782137, 91.07051773, -240.));
#1666 = LINE('', #1665, #1664);
#1667 = CARTESIAN_POINT('', (-46.66866463, 92.10084463, -240.));
#1668 = CARTESIAN_POINT('', (-50.87215944, 111.8767329, -225.20020178));
#1669 = CARTESIAN_POINT('', (-56.69139931, 139.25410398, -200.27094854));
#1670 = CARTESIAN_POINT('', (-59.25638114, 151.32139476, -185.90016478));
#1671 = CARTESIAN_POINT('', (-59.58659613, 152.87493415, -180.));
#1672 = B_SPLINE_CURVE_WITH_KNOTS('', 2, (#1667, #1668, #1669, #1670, #1671), .UNSPECIFIED., .F., .F., (3, 1, 1, 3), (-1., -0.42664954, -0.13845353, -0.), .UNSPECIFIED.);
#1673 = DIRECTION('', (0.59403619, -0.80443832, 0.));
#1674 = VECTOR('', #1673, 1.);
#1675 = CARTESIAN_POINT('', (-59.58659613, 152.87493415, -180.));
#1676 = LINE('', #1675, #1674);
#1677 = DIRECTION('', (-0.74282506, 0.66948557, 0.));
#1678 = VECTOR('', #1677, 1.);
#1679 = CARTESIAN_POINT('', (-102.01451892, -15.92381141, -240.));
#1680 = LINE('', #1679, #1678);
#1681 = CARTESIAN_POINT('', (-104.6919499, -13.51072452, -240.));
#1682 = CARTESIAN_POINT('', (-124.79888864, -11.3974001, -225.20020178));
#1683 = CARTESIAN_POINT('', (-152.63455982, -8.47175317, -200.27094854));
#1684 = CARTESIAN_POINT('', (-164.90385832, -7.18219793, -185.90016478));
#1685 = CARTESIAN_POINT('', (-166.48340412, -7.01618098, -180.));
#1686 = B_SPLINE_CURVE_WITH_KNOTS('', 2, (#1681, #1682, #1683, #1684, #1685), .UNSPECIFIED., .F., .F., (3, 1, 1, 3), (-1., -0.42664954, -0.13845353, -0.), .UNSPECIFIED.);
#1687 = DIRECTION('', (0.74282506, -0.66948557, 0.));
#1688 = VECTOR('', #1687, 1.);
#1689 = CARTESIAN_POINT('', (-166.48340412, -7.01618098, -180.));
#1690 = LINE('', #1689, #1688);
#1691 = DIRECTION('', (-0.47479644, 0.88009564, 0.));
#1692 = VECTOR('', #1691, 1.);
#1693 = CARTESIAN_POINT('', (-104.6919499, -13.51072452, -240.));
#1694 = LINE('', #1693, #1692);
#1695 = CARTESIAN_POINT('', (-106.52064547, -10.12100455, -240.));
#1696 = CARTESIAN_POINT('', (-126.6275842, -8.00768013, -225.20020178));
#1697 = CARTESIAN_POINT('', (-154.46325538, -5.08203319, -200.27094854));
#1698 = CARTESIAN_POINT('', (-166.73255389, -3.79247796, -185.90016478));
#1699 = CARTESIAN_POINT('', (-168.31209969, -3.626461, -180.));
#1700 = B_SPLINE_CURVE_WITH_KNOTS('', 2, (#1695, #1696, #1697, #1698, #1699), .UNSPECIFIED., .F., .F., (3, 1, 1, 3), (-1., -0.42664954, -0.13845353, -0.), .UNSPECIFIED.);
#1701 = DIRECTION('', (0.47479644, -0.88009564, 0.));
#1702 = VECTOR('', #1701, 1.);
#1703 = CARTESIAN_POINT('', (-168.31209969, -3.626461, -180.));
#1704 = LINE('', #1703, #1702);
#1705 = DIRECTION('', (-0.34625885, 0.93813901, 0.));
#1706 = VECTOR('', #1705, 1.);
#1707 = CARTESIAN_POINT('', (-106.52064547, -10.12100455, -240.));
#1708 = LINE('', #1707, #1706);
#1709 = CARTESIAN_POINT('', (-109.59015906, -1.80459484, -240.));
#1710 = CARTESIAN_POINT('', (-129.69709779, 0.30872958, -225.20020178));
#1711 = CARTESIAN_POINT('', (-157.53276897, 3.23437651, -200.27094854));
#1712 = CARTESIAN_POINT('', (-169.80206748, 4.52393174, -185.90016478));
#1713 = CARTESIAN_POINT('', (-171.38161328, 4.6899487, -180.));
#1714 = B_SPLINE_CURVE_WITH_KNOTS('', 2, (#1709, #1710, #1711, #1712, #1713), .UNSPECIFIED., .F., .F., (3, 1, 1, 3), (-1., -0.42664954, -0.13845353, -0.), .UNSPECIFIED.);
#1715 = DIRECTION('', (0.34625885, -0.93813901, 0.));
#1716 = VECTOR('', #1715, 1.);
#1717 = CARTESIAN_POINT('', (-171.38161328, 4.6899487, -180.));
#1718 = LINE('', #1717, #1716);
#1719 = DIRECTION('', (-0.05001206, 0.99874861, 0.));
#1720 = VECTOR('', #1719, 1.);
#1721 = CARTESIAN_POINT('', (-109.59015906, -1.80459484, -240.));
#1722 = LINE('', #1721, #1720);
#1723 = CARTESIAN_POINT('', (-110.26083368, 11.5888806, -240.));
#1724 = CARTESIAN_POINT('', (-130.36777241, 13.70220502, -225.20020178));
#1725 = CARTESIAN_POINT('', (-158.20344359, 16.62785196, -200.27094854));
#1726 = CARTESIAN_POINT('', (-170.4727421, 17.91740719, -185.90016478));
#1727 = CARTESIAN_POINT('', (-172.0522879, 18.08342415, -180.));
#1728 = B_SPLINE_CURVE_WITH_KNOTS('', 2, (#1723, #1724, #1725, #1726, #1727), .UNSPECIFIED., .F., .F., (3, 1, 1, 3), (-1., -0.42664954, -0.13845353, -0.), .UNSPECIFIED.);
#1729 = DIRECTION('', (0.05001206, -0.99874861, 0.));
#1730 = VECTOR('', #1729, 1.);
#1731 = CARTESIAN_POINT('', (-172.0522879, 18.08342415, -180.));
#1732 = LINE('', #1731, #1730);
#1733 = DIRECTION('', (0.13100248, 0.99138204, 0.));
#1734 = VECTOR('', #1733, 1.);
#1735 = CARTESIAN_POINT('', (-110.26083368, 11.5888806, -240.));
#1736 = LINE('', #1735, #1734);
#1737 = CARTESIAN_POINT('', (-109.21899375, 19.47316964, -240.));
#1738 = CARTESIAN_POINT('', (-129.32593249, 21.58649406, -225.20020178));
#1739 = CARTESIAN_POINT('', (-157.16160367, 24.51214099, -200.27094854));
#1740 = CARTESIAN_POINT('', (-169.43090217, 25.80169623, -185.90016478));
#1741 = CARTESIAN_POINT('', (-171.01044797, 25.96771318, -180.));
#1742 = B_SPLINE_CURVE_WITH_KNOTS('', 2, (#1737, #1738, #1739, #1740, #1741), .UNSPECIFIED., .F., .F., (3, 1, 1, 3), (-1., -0.42664954, -0.13845353, -0.), .UNSPECIFIED.);
#1743 = DIRECTION('', (-0.13100248, -0.99138204, 0.));
#1744 = VECTOR('', #1743, 1.);
#1745 = CARTESIAN_POINT('', (-171.01044797, 25.96771318, -180.));
#1746 = LINE('', #1745, #1744);
#1747 = DIRECTION('', (0.25405264, 0.96719039, 0.));
#1748 = VECTOR('', #1747, 1.);
#1749 = CARTESIAN_POINT('', (-109.21899375, 19.47316964, -240.));
#1750 = LINE('', #1749, #1748);
#1751 = CARTESIAN_POINT('', (-107.17567028, 27.25219851, -240.));
#1752 = CARTESIAN_POINT('', (-127.28260901, 29.36552293, -225.20020178));
#1753 = CARTESIAN_POINT('', (-155.1182802, 32.29116986, -200.27094854));
#1754 = CARTESIAN_POINT('', (-167.3875787, 33.5807251, -185.90016478));
#1755 = CARTESIAN_POINT('', (-168.9671245, 33.74674205, -180.));
#1756 = B_SPLINE_CURVE_WITH_KNOTS('', 2, (#1751, #1752, #1753, #1754, #1755), .UNSPECIFIED., .F., .F., (3, 1, 1, 3), (-1., -0.42664954, -0.13845353, -0.), .UNSPECIFIED.);
#1757 = DIRECTION('', (-0.25405264, -0.96719039, 0.));
#1758 = VECTOR('', #1757, 1.);
#1759 = CARTESIAN_POINT('', (-168.9671245, 33.74674205, -180.));
#1760 = LINE('', #1759, #1758);
#1761 = DIRECTION('', (0.33373666, 0.94266635, 0.));
#1762 = VECTOR('', #1761, 1.);
#1763 = CARTESIAN_POINT('', (-107.17567028, 27.25219851, -240.));
#1764 = LINE('', #1763, #1762);
#1765 = CARTESIAN_POINT('', (-105.35663757, 32.39020435, -240.));
#1766 = CARTESIAN_POINT('', (-125.46357631, 34.50352877, -225.20020178));
#1767 = CARTESIAN_POINT('', (-153.29924749, 37.4291757, -200.27094854));
#1768 = CARTESIAN_POINT('', (-165.56854599, 38.71873094, -185.90016478));
#1769 = CARTESIAN_POINT('', (-167.14809179, 38.88474789, -180.));
#1770 = B_SPLINE_CURVE_WITH_KNOTS('', 2, (#1765, #1766, #1767, #1768, #1769), .UNSPECIFIED., .F., .F., (3, 1, 1, 3), (-1., -0.42664954, -0.13845353, -0.), .UNSPECIFIED.);
#1771 = DIRECTION('', (-0.33373666, -0.94266635, 0.));
#1772 = VECTOR('', #1771, 1.);
#1773 = CARTESIAN_POINT('', (-167.14809179, 38.88474789, -180.));
#1774 = LINE('', #1773, #1772);
#1775 = DIRECTION('', (0.36881001, 0.9295048, 0.));
#1776 = VECTOR('', #1775, 1.);
#1777 = CARTESIAN_POINT('', (-105.35663757, 32.39020435, -240.));
#1778 = LINE('', #1777, #1776);
#1779 = CARTESIAN_POINT('', (-103.32676622, 37.50605015, -240.));
#1780 = CARTESIAN_POINT('', (-123.43370496, 39.61937457, -225.20020178));
#1781 = CARTESIAN_POINT('', (-151.26937614, 42.54502151, -200.27094854));
#1782 = CARTESIAN_POINT('', (-163.53867464, 43.83457674, -185.90016478));
#1783 = CARTESIAN_POINT('', (-165.11822045, 44.0005937, -180.));
#1784 = B_SPLINE_CURVE_WITH_KNOTS('', 2, (#1779, #1780, #1781, #1782, #1783), .UNSPECIFIED., .F., .F., (3, 1, 1, 3), (-1., -0.42664954, -0.13845353, -0.), .UNSPECIFIED.);
#1785 = DIRECTION('', (-0.36881001, -0.9295048, 0.));
#1786 = VECTOR('', #1785, 1.);
#1787 = CARTESIAN_POINT('', (-165.11822045, 44.0005937, -180.));
#1788 = LINE('', #1787, #1786);
#1789 = DIRECTION('', (-0.19082004, -0.98162504, 0.));
#1790 = VECTOR('', #1789, 1.);
#1791 = CARTESIAN_POINT('', (-103.32676622, 37.50605015, -240.));
#1792 = LINE('', #1791, #1790);
#1793 = CARTESIAN_POINT('', (-104.13893453, 33.32805738, -240.));
#1794 = CARTESIAN_POINT('', (-124.24587327, 35.4413818, -225.20020178));
#1795 = CARTESIAN_POINT('', (-152.08154445, 38.36702873, -200.27094854));
#1796 = CARTESIAN_POINT('', (-164.35084295, 39.65658397, -185.90016478));
#1797 = CARTESIAN_POINT('', (-165.93038875, 39.82260092, -180.));
#1798 = B_SPLINE_CURVE_WITH_KNOTS('', 2, (#1793, #1794, #1795, #1796, #1797), .UNSPECIFIED., .F., .F., (3, 1, 1, 3), (-1., -0.42664954, -0.13845353, -0.), .UNSPECIFIED.);
#1799 = DIRECTION('', (0.19082004, 0.98162504, 0.));
#1800 = VECTOR('', #1799, 1.);
#1801 = CARTESIAN_POINT('', (-165.93038875, 39.82260092, -180.));
#1802 = LINE('', #1801, #1800);
#1803 = DIRECTION('', (-0.1187238, -0.99292732, 0.));
#1804 = VECTOR('', #1803, 1.);
#1805 = CARTESIAN_POINT('', (-104.13893453, 33.32805738, -240.));
#1806 = LINE('', #1805, #1804);
#1807 = CARTESIAN_POINT('', (-105.01995505, 25.95978493, -240.));
#1808 = CARTESIAN_POINT('', (-125.12689378, 28.07310935, -225.20020178));
#1809 = CARTESIAN_POINT('', (-152.96256497, 30.99875628, -200.27094854));
#1810 = CARTESIAN_POINT('', (-165.23186347, 32.28831152, -185.90016478));
#1811 = CARTESIAN_POINT('', (-166.81140927, 32.45432847, -180.));
#1812 = B_SPLINE_CURVE_WITH_KNOTS('', 2, (#1807, #1808, #1809, #1810, #1811), .UNSPECIFIED., .F., .F., (3, 1, 1, 3), (-1., -0.42664954, -0.13845353, -0.), .UNSPECIFIED.);
#1813 = DIRECTION('', (0.1187238, 0.99292732, 0.));
#1814 = VECTOR('', #1813, 1.);
#1815 = CARTESIAN_POINT('', (-166.81140927, 32.45432847, -180.));
#1816 = LINE('', #1815, #1814);
#1817 = DIRECTION('', (-0.07341382, -0.99730157, 0.));
#1818 = VECTOR('', #1817, 1.);
#1819 = CARTESIAN_POINT('', (-105.01995505, 25.95978493, -240.));
#1820 = LINE('', #1819, #1818);
#1821 = CARTESIAN_POINT('', (-105.64280812, 17.49853922, -240.));
#1822 = CARTESIAN_POINT('', (-125.74974685, 19.61186364, -225.20020178));
#1823 = CARTESIAN_POINT('', (-153.58541803, 22.53751057, -200.27094854));
#1824 = CARTESIAN_POINT('', (-165.85471654, 23.8270658, -185.90016478));
#1825 = CARTESIAN_POINT('', (-167.43426234, 23.99308276, -180.));
#1826 = B_SPLINE_CURVE_WITH_KNOTS('', 2, (#1821, #1822, #1823, #1824, #1825), .UNSPECIFIED., .F., .F., (3, 1, 1, 3), (-1., -0.42664954, -0.13845353, -0.), .UNSPECIFIED.);
#1827 = DIRECTION('', (0.07341382, 0.99730157, 0.));
#1828 = VECTOR('', #1827, 1.);
#1829 = CARTESIAN_POINT('', (-167.43426234, 23.99308276, -180.));
#1830 = LINE('', #1829, #1828);
#1831 = DIRECTION('', (0.16618909, -0.9860939, 0.));
#1832 = VECTOR('', #1831, 1.);
#1833 = CARTESIAN_POINT('', (-105.64280812, 17.49853922, -240.));
#1834 = LINE('', #1833, #1832);
#1835 = CARTESIAN_POINT('', (-104.36273256, 9.90312642, -240.));
#1836 = CARTESIAN_POINT('', (-124.46967129, 12.01645084, -225.20020178));
#1837 = CARTESIAN_POINT('', (-152.30534247, 14.94209777, -200.27094854));
#1838 = CARTESIAN_POINT('', (-164.57464098, 16.23165301, -185.90016478));
#1839 = CARTESIAN_POINT('', (-166.15418678, 16.39766996, -180.));
#1840 = B_SPLINE_CURVE_WITH_KNOTS('', 2, (#1835, #1836, #1837, #1838, #1839), .UNSPECIFIED., .F., .F., (3, 1, 1, 3), (-1., -0.42664954, -0.13845353, -0.), .UNSPECIFIED.);
#1841 = DIRECTION('', (-0.16618909, 0.9860939, 0.));
#1842 = VECTOR('', #1841, 1.);
#1843 = CARTESIAN_POINT('', (-166.15418678, 16.39766996, -180.));
#1844 = LINE('', #1843, #1842);
#1845 = DIRECTION('', (0.55637641, -0.83093037, 0.));
#1846 = VECTOR('', #1845, 1.);
#1847 = CARTESIAN_POINT('', (-104.36273256, 9.90312642, -240.));
#1848 = LINE('', #1847, #1846);
#1849 = CARTESIAN_POINT('', (-99.75656754, 3.02396631, -240.));
#1850 = CARTESIAN_POINT('', (-119.86350627, 5.13729073, -225.20020178));
#1851 = CARTESIAN_POINT('', (-147.69917745, 8.06293766, -200.27094854));
#1852 = CARTESIAN_POINT('', (-159.96847596, 9.3524929, -185.90016478));
#1853 = CARTESIAN_POINT('', (-161.54802176, 9.51850985, -180.));
#1854 = B_SPLINE_CURVE_WITH_KNOTS('', 2, (#1849, #1850, #1851, #1852, #1853), .UNSPECIFIED., .F., .F., (3, 1, 1, 3), (-1., -0.42664954, -0.13845353, -0.), .UNSPECIFIED.);
#1855 = DIRECTION('', (-0.55637641, 0.83093037, 0.));
#1856 = VECTOR('', #1855, 1.);
#1857 = CARTESIAN_POINT('', (-161.54802176, 9.51850985, -180.));
#1858 = LINE('', #1857, #1856);
#1859 = DIRECTION('', (0.41786267, -0.9085102, 0.));
#1860 = VECTOR('', #1859, 1.);
#1861 = CARTESIAN_POINT('', (-99.75656754, 3.02396631, -240.));
#1862 = LINE('', #1861, #1860);
#1863 = CARTESIAN_POINT('', (-95.63555116, -5.93588018, -240.));
#1864 = CARTESIAN_POINT('', (-115.7424899, -3.82255576, -225.20020178));
#1865 = CARTESIAN_POINT('', (-143.57816108, -0.89690882, -200.27094854));
#1866 = CARTESIAN_POINT('', (-155.84745958, 0.39264641, -185.90016478));
#1867 = CARTESIAN_POINT('', (-157.42700538, 0.55866337, -180.));
#1868 = B_SPLINE_CURVE_WITH_KNOTS('', 2, (#1863, #1864, #1865, #1866, #1867), .UNSPECIFIED., .F., .F., (3, 1, 1, 3), (-1., -0.42664954, -0.13845353, -0.), .UNSPECIFIED.);
#1869 = DIRECTION('', (-0.41786267, 0.9085102, 0.));
#1870 = VECTOR('', #1869, 1.);
#1871 = CARTESIAN_POINT('', (-157.42700538, 0.55866337, -180.));
#1872 = LINE('', #1871, #1870);
#1873 = DIRECTION('', (-0.03482671, -0.99939337, 0.));
#1874 = VECTOR('', #1873, 1.);
#1875 = CARTESIAN_POINT('', (-95.63555116, -5.93588018, -240.));
#1876 = LINE('', #1875, #1874);
#1877 = CARTESIAN_POINT('', (-95.82058439, -11.24562628, -240.));
#1878 = CARTESIAN_POINT('', (-115.92752313, -9.13230186, -225.20020178));
#1879 = CARTESIAN_POINT('', (-143.76319431, -6.20665493, -200.27094854));
#1880 = CARTESIAN_POINT('', (-156.03249281, -4.91709969, -185.90016478));
#1881 = CARTESIAN_POINT('', (-157.61203862, -4.75108274, -180.));
#1882 = B_SPLINE_CURVE_WITH_KNOTS('', 2, (#1877, #1878, #1879, #1880, #1881), .UNSPECIFIED., .F., .F., (3, 1, 1, 3), (-1., -0.42664954, -0.13845353, -0.), .UNSPECIFIED.);
#1883 = DIRECTION('', (0.03482671, 0.99939337, 0.));
#1884 = VECTOR('', #1883, 1.);
#1885 = CARTESIAN_POINT('', (-157.61203862, -4.75108274, -180.));
#1886 = LINE('', #1885, #1884);
#1887 = DIRECTION('', (-0.69557158, -0.71845681, 0.));
#1888 = VECTOR('', #1887, 1.);
#1889 = CARTESIAN_POINT('', (-95.82058439, -11.24562628, -240.));
#1890 = LINE('', #1889, #1888);
#1891 = CARTESIAN_POINT('', (-98.63033895, -14.14782551, -240.));
#1892 = CARTESIAN_POINT('', (-118.73727768, -12.03450109, -225.20020178));
#1893 = CARTESIAN_POINT('', (-146.57294887, -9.10885415, -200.27094854));
#1894 = CARTESIAN_POINT('', (-158.84224737, -7.81929892, -185.90016478));
#1895 = CARTESIAN_POINT('', (-160.42179317, -7.65328196, -180.));
#1896 = B_SPLINE_CURVE_WITH_KNOTS('', 2, (#1891, #1892, #1893, #1894, #1895), .UNSPECIFIED., .F., .F., (3, 1, 1, 3), (-1., -0.42664954, -0.13845353, -0.), .UNSPECIFIED.);
#1897 = DIRECTION('', (0.69557158, 0.71845681, 0.));
#1898 = VECTOR('', #1897, 1.);
#1899 = CARTESIAN_POINT('', (-160.42179317, -7.65328196, -180.));
#1900 = LINE('', #1899, #1898);
#1901 = DIRECTION('', (-0.84535356, -0.53420722, 0.));
#1902 = VECTOR('', #1901, 1.);
#1903 = CARTESIAN_POINT('', (-98.63033895, -14.14782551, -240.));
#1904 = LINE('', #1903, #1902);
#1905 = CARTESIAN_POINT('', (-100.7995063, -15.518595, -240.));
#1906 = CARTESIAN_POINT('', (-120.90644504, -13.40527058, -225.20020178));
#1907 = CARTESIAN_POINT('', (-148.74211622, -10.47962364, -200.27094854));
#1908 = CARTESIAN_POINT('', (-161.01141472, -9.19006841, -185.90016478));
#1909 = CARTESIAN_POINT('', (-162.59096052, -9.02405145, -180.));
#1910 = B_SPLINE_CURVE_WITH_KNOTS('', 2, (#1905, #1906, #1907, #1908, #1909), .UNSPECIFIED., .F., .F., (3, 1, 1, 3), (-1., -0.42664954, -0.13845353, -0.), .UNSPECIFIED.);
#1911 = DIRECTION('', (0.84535356, 0.53420722, 0.));
#1912 = VECTOR('', #1911, 1.);
#1913 = CARTESIAN_POINT('', (-162.59096052, -9.02405145, -180.));
#1914 = LINE('', #1913, #1912);
#1915 = DIRECTION('', (-0.94863358, -0.31637688, 0.));
#1916 = VECTOR('', #1915, 1.);
#1917 = CARTESIAN_POINT('', (-100.7995063, -15.518595, -240.));
#1918 = LINE('', #1917, #1916);
#1919 = CARTESIAN_POINT('', (-102.01451892, -15.92381141, -240.));
#1920 = CARTESIAN_POINT('', (-122.12145765, -13.81048699, -225.20020178));
#1921 = CARTESIAN_POINT('', (-149.95712884, -10.88484006, -200.27094854));
#1922 = CARTESIAN_POINT('', (-162.22642734, -9.59528482, -185.90016478));
#1923 = CARTESIAN_POINT('', (-163.80597314, -9.42926787, -180.));
#1924 = B_SPLINE_CURVE_WITH_KNOTS('', 2, (#1919, #1920, #1921, #1922, #1923), .UNSPECIFIED., .F., .F., (3, 1, 1, 3), (-1., -0.42664954, -0.13845353, -0.), .UNSPECIFIED.);
#1925 = DIRECTION('', (0.94863358, 0.31637688, 0.));
#1926 = VECTOR('', #1925, 1.);
#1927 = CARTESIAN_POINT('', (-163.80597314, -9.42926787, -180.));
#1928 = LINE('', #1927, #1926);
#1929 = DIRECTION('', (-0.86626418, -0.49958619, 0.));
#1930 = VECTOR('', #1929, 1.);
#1931 = CARTESIAN_POINT('', (-16.37977541, -101.94230131, -240.));
#1932 = LINE('', #1931, #1930);
#1933 = CARTESIAN_POINT('', (-19.5021291, -103.74300464, -240.));
#1934 = CARTESIAN_POINT('', (-27.72540583, -122.21278659, -225.20020178));
#1935 = CARTESIAN_POINT('', (-39.10955686, -147.78200843, -200.27094854));
#1936 = CARTESIAN_POINT('', (-44.12741851, -159.05231024, -185.90016478));
#1937 = CARTESIAN_POINT('', (-44.77341651, -160.50324551, -180.));
#1938 = B_SPLINE_CURVE_WITH_KNOTS('', 2, (#1933, #1934, #1935, #1936, #1937), .UNSPECIFIED., .F., .F., (3, 1, 1, 3), (-1., -0.42664954, -0.13845353, -0.), .UNSPECIFIED.);
#1939 = DIRECTION('', (0.86626418, 0.49958619, 0.));
#1940 = VECTOR('', #1939, 1.);
#1941 = CARTESIAN_POINT('', (-44.77341651, -160.50324551, -180.));
#1942 = LINE('', #1941, #1940);
#1943 = DIRECTION('', (-0.98374086, -0.17959374, 0.));
#1944 = VECTOR('', #1943, 1.);
#1945 = CARTESIAN_POINT('', (-19.5021291, -103.74300464, -240.));
#1946 = LINE('', #1945, #1944);
#1947 = CARTESIAN_POINT('', (-23.29104238, -104.43471639, -240.));
#1948 = CARTESIAN_POINT('', (-31.51431911, -122.90449834, -225.20020178));
#1949 = CARTESIAN_POINT('', (-42.89847014, -148.47372018, -200.27094854));
#1950 = CARTESIAN_POINT('', (-47.91633179, -159.74402199, -185.90016478));
#1951 = CARTESIAN_POINT('', (-48.56232979, -161.19495726, -180.));
#1952 = B_SPLINE_CURVE_WITH_KNOTS('', 2, (#1947, #1948, #1949, #1950, #1951), .UNSPECIFIED., .F., .F., (3, 1, 1, 3), (-1., -0.42664954, -0.13845353, -0.), .UNSPECIFIED.);
#1953 = DIRECTION('', (0.98374086, 0.17959374, 0.));
#1954 = VECTOR('', #1953, 1.);
#1955 = CARTESIAN_POINT('', (-48.56232979, -161.19495726, -180.));
#1956 = LINE('', #1955, #1954);
#1957 = DIRECTION('', (-0.99922309, -0.03941084, 0.));
#1958 = VECTOR('', #1957, 1.);
#1959 = CARTESIAN_POINT('', (-23.29104238, -104.43471639, -240.));
#1960 = LINE('', #1959, #1958);
#1961 = CARTESIAN_POINT('', (-32.14894988, -104.78408537, -240.));
#1962 = CARTESIAN_POINT('', (-40.37222661, -123.25386731, -225.20020178));
#1963 = CARTESIAN_POINT('', (-51.75637764, -148.82308916, -200.27094854));
#1964 = CARTESIAN_POINT('', (-56.7742393, -160.09339096, -185.90016478));
#1965 = CARTESIAN_POINT('', (-57.4202373, -161.54432623, -180.));
#1966 = B_SPLINE_CURVE_WITH_KNOTS('', 2, (#1961, #1962, #1963, #1964, #1965), .UNSPECIFIED., .F., .F., (3, 1, 1, 3), (-1., -0.42664954, -0.13845353, -0.), .UNSPECIFIED.);
#1967 = DIRECTION('', (0.99922309, 0.03941084, 0.));
#1968 = VECTOR('', #1967, 1.);
#1969 = CARTESIAN_POINT('', (-57.4202373, -161.54432623, -180.));
#1970 = LINE('', #1969, #1968);
#1971 = DIRECTION('', (-0.96532095, 0.261066, 0.));
#1972 = VECTOR('', #1971, 1.);
#1973 = CARTESIAN_POINT('', (-32.14894988, -104.78408537, -240.));
#1974 = LINE('', #1973, #1972);
#1975 = CARTESIAN_POINT('', (-45.09415183, -101.28312331, -240.));
#1976 = CARTESIAN_POINT('', (-53.31742857, -119.75290525, -225.20020178));
#1977 = CARTESIAN_POINT('', (-64.70157959, -145.3221271, -200.27094854));
#1978 = CARTESIAN_POINT('', (-69.71944125, -156.5924289, -185.90016478));
#1979 = CARTESIAN_POINT('', (-70.36543925, -158.04336417, -180.));
#1980 = B_SPLINE_CURVE_WITH_KNOTS('', 2, (#1975, #1976, #1977, #1978, #1979), .UNSPECIFIED., .F., .F., (3, 1, 1, 3), (-1., -0.42664954, -0.13845353, -0.), .UNSPECIFIED.);
#1981 = DIRECTION('', (0.96532095, -0.261066, 0.));
#1982 = VECTOR('', #1981, 1.);
#1983 = CARTESIAN_POINT('', (-70.36543925, -158.04336417, -180.));
#1984 = LINE('', #1983, #1982);
#1985 = DIRECTION('', (-0.90237836, 0.43094466, 0.));
#1986 = VECTOR('', #1985, 1.);
#1987 = CARTESIAN_POINT('', (-45.09415183, -101.28312331, -240.));
#1988 = LINE('', #1987, #1986);
#1989 = CARTESIAN_POINT('', (-52.27061005, -97.85589536, -240.));
#1990 = CARTESIAN_POINT('', (-60.49388679, -116.3256773, -225.20020178));
#1991 = CARTESIAN_POINT('', (-71.87803781, -141.89489915, -200.27094854));
#1992 = CARTESIAN_POINT('', (-76.89589947, -153.16520095, -185.90016478));
#1993 = CARTESIAN_POINT('', (-77.54189747, -154.61613622, -180.));
#1994 = B_SPLINE_CURVE_WITH_KNOTS('', 2, (#1989, #1990, #1991, #1992, #1993), .UNSPECIFIED., .F., .F., (3, 1, 1, 3), (-1., -0.42664954, -0.13845353, -0.), .UNSPECIFIED.);
#1995 = DIRECTION('', (0.90237836, -0.43094466, 0.));
#1996 = VECTOR('', #1995, 1.);
#1997 = CARTESIAN_POINT('', (-77.54189747, -154.61613622, -180.));
#1998 = LINE('', #1997, #1996);
#1999 = DIRECTION('', (-0.84134614, 0.54049669, 0.));
#2000 = VECTOR('', #1999, 1.);
#2001 = CARTESIAN_POINT('', (-52.27061005, -97.85589536, -240.));
#2002 = LINE('', #2001, #2000);
#2003 = CARTESIAN_POINT('', (-59.03748447, -93.50872713, -240.));
#2004 = CARTESIAN_POINT('', (-67.26076121, -111.97850908, -225.20020178));
#2005 = CARTESIAN_POINT('', (-78.64491223, -137.54773092, -200.27094854));
#2006 = CARTESIAN_POINT('', (-83.66277389, -148.81803273, -185.90016478));
#2007 = CARTESIAN_POINT('', (-84.30877189, -150.268968, -180.));
#2008 = B_SPLINE_CURVE_WITH_KNOTS('', 2, (#2003, #2004, #2005, #2006, #2007), .UNSPECIFIED., .F., .F., (3, 1, 1, 3), (-1., -0.42664954, -0.13845353, -0.), .UNSPECIFIED.);
#2009 = DIRECTION('', (0.84134614, -0.54049669, 0.));
#2010 = VECTOR('', #2009, 1.);
#2011 = CARTESIAN_POINT('', (-84.30877189, -150.268968, -180.));
#2012 = LINE('', #2011, #2010);
#2013 = DIRECTION('', (-0.79339867, 0.60870235, 0.));
#2014 = VECTOR('', #2013, 1.);
#2015 = CARTESIAN_POINT('', (-59.03748447, -93.50872713, -240.));
#2016 = LINE('', #2015, #2014);
#2017 = CARTESIAN_POINT('', (-63.36190639, -90.1909931, -240.));
#2018 = CARTESIAN_POINT('', (-71.58518312, -108.66077505, -225.20020178));
#2019 = CARTESIAN_POINT('', (-82.96933415, -134.22999689, -200.27094854));
#2020 = CARTESIAN_POINT('', (-87.98719581, -145.5002987, -185.90016478));
#2021 = CARTESIAN_POINT('', (-88.63319381, -146.95123397, -180.));
#2022 = B_SPLINE_CURVE_WITH_KNOTS('', 2, (#2017, #2018, #2019, #2020, #2021), .UNSPECIFIED., .F., .F., (3, 1, 1, 3), (-1., -0.42664954, -0.13845353, -0.), .UNSPECIFIED.);
#2023 = DIRECTION('', (0.79339867, -0.60870235, 0.));
#2024 = VECTOR('', #2023, 1.);
#2025 = CARTESIAN_POINT('', (-88.63319381, -146.95123397, -180.));
#2026 = LINE('', #2025, #2024);
#2027 = DIRECTION('', (-0.77004304, 0.63799195, 0.));
#2028 = VECTOR('', #2027, 1.);
#2029 = CARTESIAN_POINT('', (-63.36190639, -90.1909931, -240.));
#2030 = LINE('', #2029, #2028);
#2031 = CARTESIAN_POINT('', (-67.60010014, -86.67958743, -240.));
#2032 = CARTESIAN_POINT('', (-75.82337687, -105.14936938, -225.20020178));
#2033 = CARTESIAN_POINT('', (-87.2075279, -130.71859122, -200.27094854));
#2034 = CARTESIAN_POINT('', (-92.22538955, -141.98889303, -185.90016478));
#2035 = CARTESIAN_POINT('', (-92.87138756, -143.4398283, -180.));
#2036 = B_SPLINE_CURVE_WITH_KNOTS('', 2, (#2031, #2032, #2033, #2034, #2035), .UNSPECIFIED., .F., .F., (3, 1, 1, 3), (-1., -0.42664954, -0.13845353, -0.), .UNSPECIFIED.);
#2037 = DIRECTION('', (0.77004304, -0.63799195, 0.));
#2038 = VECTOR('', #2037, 1.);
#2039 = CARTESIAN_POINT('', (-92.87138756, -143.4398283, -180.));
#2040 = LINE('', #2039, #2038);
#2041 = DIRECTION('', (0.87461425, -0.48481946, 0.));
#2042 = VECTOR('', #2041, 1.);
#2043 = CARTESIAN_POINT('', (-67.60010014, -86.67958743, -240.));
#2044 = LINE('', #2043, #2042);
#2045 = CARTESIAN_POINT('', (-63.87756669, -88.74307617, -240.));
#2046 = CARTESIAN_POINT('', (-72.10084343, -107.21285811, -225.20020178));
#2047 = CARTESIAN_POINT('', (-83.48499445, -132.78207996, -200.27094854));
#2048 = CARTESIAN_POINT('', (-88.50285611, -144.05238176, -185.90016478));
#2049 = CARTESIAN_POINT('', (-89.14885411, -145.50331703, -180.));
#2050 = B_SPLINE_CURVE_WITH_KNOTS('', 2, (#2045, #2046, #2047, #2048, #2049), .UNSPECIFIED., .F., .F., (3, 1, 1, 3), (-1., -0.42664954, -0.13845353, -0.), .UNSPECIFIED.);
#2051 = DIRECTION('', (-0.87461425, 0.48481946, 0.));
#2052 = VECTOR('', #2051, 1.);
#2053 = CARTESIAN_POINT('', (-89.14885411, -145.50331703, -180.));
#2054 = LINE('', #2053, #2052);
#2055 = DIRECTION('', (0.90764232, -0.41974446, 0.));
#2056 = VECTOR('', #2055, 1.);
#2057 = CARTESIAN_POINT('', (-63.87756669, -88.74307617, -240.));
#2058 = LINE('', #2057, #2056);
#2059 = CARTESIAN_POINT('', (-57.14217348, -91.85789788, -240.));
#2060 = CARTESIAN_POINT('', (-65.36545021, -110.32767982, -225.20020178));
#2061 = CARTESIAN_POINT('', (-76.74960124, -135.89690167, -200.27094854));
#2062 = CARTESIAN_POINT('', (-81.7674629, -147.16720347, -185.90016478));
#2063 = CARTESIAN_POINT('', (-82.4134609, -148.61813874, -180.));
#2064 = B_SPLINE_CURVE_WITH_KNOTS('', 2, (#2059, #2060, #2061, #2062, #2063), .UNSPECIFIED., .F., .F., (3, 1, 1, 3), (-1., -0.42664954, -0.13845353, -0.), .UNSPECIFIED.);
#2065 = DIRECTION('', (-0.90764232, 0.41974446, 0.));
#2066 = VECTOR('', #2065, 1.);
#2067 = CARTESIAN_POINT('', (-82.4134609, -148.61813874, -180.));
#2068 = LINE('', #2067, #2066);
#2069 = DIRECTION('', (0.92580404, -0.37800382, 0.));
#2070 = VECTOR('', #2069, 1.);
#2071 = CARTESIAN_POINT('', (-57.14217348, -91.85789788, -240.));
#2072 = LINE('', #2071, #2070);
#2073 = CARTESIAN_POINT('', (-49.28752279, -95.06493506, -240.));
#2074 = CARTESIAN_POINT('', (-57.51079952, -113.53471701, -225.20020178));
#2075 = CARTESIAN_POINT('', (-68.89495055, -139.10393885, -200.27094854));
#2076 = CARTESIAN_POINT('', (-73.9128122, -150.37424066, -185.90016478));
#2077 = CARTESIAN_POINT('', (-74.55881021, -151.82517593, -180.));
#2078 = B_SPLINE_CURVE_WITH_KNOTS('', 2, (#2073, #2074, #2075, #2076, #2077), .UNSPECIFIED., .F., .F., (3, 1, 1, 3), (-1., -0.42664954, -0.13845353, -0.), .UNSPECIFIED.);
#2079 = DIRECTION('', (-0.92580404, 0.37800382, 0.));
#2080 = VECTOR('', #2079, 1.);
#2081 = CARTESIAN_POINT('', (-74.55881021, -151.82517593, -180.));
#2082 = LINE('', #2081, #2080);
#2083 = DIRECTION('', (0.98918628, -0.14666456, 0.));
#2084 = VECTOR('', #2083, 1.);
#2085 = CARTESIAN_POINT('', (-49.28752279, -95.06493506, -240.));
#2086 = LINE('', #2085, #2084);
#2087 = CARTESIAN_POINT('', (-41.66829085, -96.19462249, -240.));
#2088 = CARTESIAN_POINT('', (-49.89156759, -114.66440444, -225.20020178));
#2089 = CARTESIAN_POINT('', (-61.27571861, -140.23362628, -200.27094854));
#2090 = CARTESIAN_POINT('', (-66.29358027, -151.50392809, -185.90016478));
#2091 = CARTESIAN_POINT('', (-66.93957827, -152.95486336, -180.));
#2092 = B_SPLINE_CURVE_WITH_KNOTS('', 2, (#2087, #2088, #2089, #2090, #2091), .UNSPECIFIED., .F., .F., (3, 1, 1, 3), (-1., -0.42664954, -0.13845353, -0.), .UNSPECIFIED.);
#2093 = DIRECTION('', (-0.98918628, 0.14666456, 0.));
#2094 = VECTOR('', #2093, 1.);
#2095 = CARTESIAN_POINT('', (-66.93957827, -152.95486336, -180.));
#2096 = LINE('', #2095, #2094);
#2097 = DIRECTION('', (0.96219151, 0.27237381, 0.));
#2098 = VECTOR('', #2097, 1.);
#2099 = CARTESIAN_POINT('', (-41.66829085, -96.19462249, -240.));
#2100 = LINE('', #2099, #2098);
#2101 = CARTESIAN_POINT('', (-33.70243753, -93.93967662, -240.));
#2102 = CARTESIAN_POINT('', (-41.92571427, -112.40945857, -225.20020178));
#2103 = CARTESIAN_POINT('', (-53.30986529, -137.97868041, -200.27094854));
#2104 = CARTESIAN_POINT('', (-58.32772695, -149.24898222, -185.90016478));
#2105 = CARTESIAN_POINT('', (-58.97372495, -150.69991748, -180.));
#2106 = B_SPLINE_CURVE_WITH_KNOTS('', 2, (#2101, #2102, #2103, #2104, #2105), .UNSPECIFIED., .F., .F., (3, 1, 1, 3), (-1., -0.42664954, -0.13845353, -0.), .UNSPECIFIED.);
#2107 = DIRECTION('', (-0.96219151, -0.27237381, 0.));
#2108 = VECTOR('', #2107, 1.);
#2109 = CARTESIAN_POINT('', (-58.97372495, -150.69991748, -180.));
#2110 = LINE('', #2109, #2108);
#2111 = DIRECTION('', (0.99317121, 0.11666593, 0.));
#2112 = VECTOR('', #2111, 1.);
#2113 = CARTESIAN_POINT('', (-33.70243753, -93.93967662, -240.));
#2114 = LINE('', #2113, #2112);
#2115 = CARTESIAN_POINT('', (-23.90765305, -92.78910197, -240.));
#2116 = CARTESIAN_POINT('', (-32.13092979, -111.25888392, -225.20020178));
#2117 = CARTESIAN_POINT('', (-43.51508081, -136.82810576, -200.27094854));
#2118 = CARTESIAN_POINT('', (-48.53294247, -148.09840757, -185.90016478));
#2119 = CARTESIAN_POINT('', (-49.17894047, -149.54934284, -180.));
#2120 = B_SPLINE_CURVE_WITH_KNOTS('', 2, (#2115, #2116, #2117, #2118, #2119), .UNSPECIFIED., .F., .F., (3, 1, 1, 3), (-1., -0.42664954, -0.13845353, -0.), .UNSPECIFIED.);
#2121 = DIRECTION('', (-0.99317121, -0.11666593, 0.));
#2122 = VECTOR('', #2121, 1.);
#2123 = CARTESIAN_POINT('', (-49.17894047, -149.54934284, -180.));
#2124 = LINE('', #2123, #2122);
#2125 = DIRECTION('', (0.93971753, -0.3419517, 0.));
#2126 = VECTOR('', #2125, 1.);
#2127 = CARTESIAN_POINT('', (-23.90765305, -92.78910197, -240.));
#2128 = LINE('', #2127, #2126);
#2129 = CARTESIAN_POINT('', (-18.91496283, -94.60588082, -240.));
#2130 = CARTESIAN_POINT('', (-27.13823957, -113.07566276, -225.20020178));
#2131 = CARTESIAN_POINT('', (-38.52239059, -138.64488461, -200.27094854));
#2132 = CARTESIAN_POINT('', (-43.54025225, -149.91518641, -185.90016478));
#2133 = CARTESIAN_POINT('', (-44.18625025, -151.36612168, -180.));
#2134 = B_SPLINE_CURVE_WITH_KNOTS('', 2, (#2129, #2130, #2131, #2132, #2133), .UNSPECIFIED., .F., .F., (3, 1, 1, 3), (-1., -0.42664954, -0.13845353, -0.), .UNSPECIFIED.);
#2135 = DIRECTION('', (-0.93971753, 0.3419517, 0.));
#2136 = VECTOR('', #2135, 1.);
#2137 = CARTESIAN_POINT('', (-44.18625025, -151.36612168, -180.));
#2138 = LINE('', #2137, #2136);
#2139 = DIRECTION('', (0.46834959, -0.88354324, 0.));
#2140 = VECTOR('', #2139, 1.);
#2141 = CARTESIAN_POINT('', (-18.91496283, -94.60588082, -240.));
#2142 = LINE('', #2141, #2140);
#2143 = CARTESIAN_POINT('', (-17.02306926, -98.17494508, -240.));
#2144 = CARTESIAN_POINT('', (-25.24634599, -116.64472702, -225.20020178));
#2145 = CARTESIAN_POINT('', (-36.63049702, -142.21394887, -200.27094854));
#2146 = CARTESIAN_POINT('', (-41.64835867, -153.48425067, -185.90016478));
#2147 = CARTESIAN_POINT('', (-42.29435667, -154.93518594, -180.));
#2148 = B_SPLINE_CURVE_WITH_KNOTS('', 2, (#2143, #2144, #2145, #2146, #2147), .UNSPECIFIED., .F., .F., (3, 1, 1, 3), (-1., -0.42664954, -0.13845353, -0.), .UNSPECIFIED.);
#2149 = DIRECTION('', (-0.46834959, 0.88354324, 0.));
#2150 = VECTOR('', #2149, 1.);
#2151 = CARTESIAN_POINT('', (-42.29435667, -154.93518594, -180.));
#2152 = LINE('', #2151, #2150);
#2153 = DIRECTION('', (0.24683264, -0.96905812, 0.));
#2154 = VECTOR('', #2153, 1.);
#2155 = CARTESIAN_POINT('', (-17.02306926, -98.17494508, -240.));
#2156 = LINE('', #2155, #2154);
#2157 = CARTESIAN_POINT('', (-16.38969958, -100.66153689, -240.));
#2158 = CARTESIAN_POINT('', (-24.61297631, -119.13131884, -225.20020178));
#2159 = CARTESIAN_POINT('', (-35.99712734, -144.70054068, -200.27094854));
#2160 = CARTESIAN_POINT('', (-41.01498899, -155.97084249, -185.90016478));
#2161 = CARTESIAN_POINT('', (-41.660987, -157.42177775, -180.));
#2162 = B_SPLINE_CURVE_WITH_KNOTS('', 2, (#2157, #2158, #2159, #2160, #2161), .UNSPECIFIED., .F., .F., (3, 1, 1, 3), (-1., -0.42664954, -0.13845353, -0.), .UNSPECIFIED.);
#2163 = DIRECTION('', (-0.24683264, 0.96905812, 0.));
#2164 = VECTOR('', #2163, 1.);
#2165 = CARTESIAN_POINT('', (-41.660987, -157.42177775, -180.));
#2166 = LINE('', #2165, #2164);
#2167 = DIRECTION('', (0.0077484, -0.99996998, 0.));
#2168 = VECTOR('', #2167, 1.);
#2169 = CARTESIAN_POINT('', (-16.38969958, -100.66153689, -240.));
#2170 = LINE('', #2169, #2168);
#2171 = CARTESIAN_POINT('', (-16.37977541, -101.94230131, -240.));
#2172 = CARTESIAN_POINT('', (-24.60305215, -120.41208326, -225.20020178));
#2173 = CARTESIAN_POINT('', (-35.98720317, -145.9813051, -200.27094854));
#2174 = CARTESIAN_POINT('', (-41.00506483, -157.25160691, -185.90016478));
#2175 = CARTESIAN_POINT('', (-41.65106283, -158.70254218, -180.));
#2176 = B_SPLINE_CURVE_WITH_KNOTS('', 2, (#2171, #2172, #2173, #2174, #2175), .UNSPECIFIED., .F., .F., (3, 1, 1, 3), (-1., -0.42664954, -0.13845353, -0.), .UNSPECIFIED.);
#2177 = DIRECTION('', (-0.0077484, 0.99996998, 0.));
#2178 = VECTOR('', #2177, 1.);
#2179 = CARTESIAN_POINT('', (-41.65106283, -158.70254218, -180.));
#2180 = LINE('', #2179, #2178);
#2181 = DIRECTION('', (0.20744435, -0.97824682, 0.));
#2182 = VECTOR('', #2181, 1.);
#2183 = CARTESIAN_POINT('', (91.89126099, -47.07999569, -240.));
#2184 = LINE('', #2183, #2182);
#2185 = CARTESIAN_POINT('', (92.63897127, -50.60597844, -240.));
#2186 = CARTESIAN_POINT('', (107.66364548, -64.13425587, -225.20020178));
#2187 = CARTESIAN_POINT('', (128.4635244, -82.86255096, -200.27094854));
#2188 = CARTESIAN_POINT('', (137.63161384, -91.11753578, -185.90016478));
#2189 = CARTESIAN_POINT('', (138.81191093, -92.18028005, -180.));
#2190 = B_SPLINE_CURVE_WITH_KNOTS('', 2, (#2185, #2186, #2187, #2188, #2189), .UNSPECIFIED., .F., .F., (3, 1, 1, 3), (-1., -0.42664954, -0.13845353, -0.), .UNSPECIFIED.);
#2191 = DIRECTION('', (-0.20744435, 0.97824682, 0.));
#2192 = VECTOR('', #2191, 1.);
#2193 = CARTESIAN_POINT('', (138.81191093, -92.18028005, -180.));
#2194 = LINE('', #2193, #2192);
#2195 = DIRECTION('', (-0.13318885, -0.99109068, 0.));
#2196 = VECTOR('', #2195, 1.);
#2197 = CARTESIAN_POINT('', (92.63897127, -50.60597844, -240.));
#2198 = LINE('', #2197, #2196);
#2199 = CARTESIAN_POINT('', (92.12598964, -54.42319979, -240.));
#2200 = CARTESIAN_POINT('', (107.15066386, -67.95147722, -225.20020178));
#2201 = CARTESIAN_POINT('', (127.95054277, -86.67977232, -200.27094854));
#2202 = CARTESIAN_POINT('', (137.11863222, -94.93475713, -185.90016478));
#2203 = CARTESIAN_POINT('', (138.2989293, -95.9975014, -180.));
#2204 = B_SPLINE_CURVE_WITH_KNOTS('', 2, (#2199, #2200, #2201, #2202, #2203), .UNSPECIFIED., .F., .F., (3, 1, 1, 3), (-1., -0.42664954, -0.13845353, -0.), .UNSPECIFIED.);
#2205 = DIRECTION('', (0.13318885, 0.99109068, 0.));
#2206 = VECTOR('', #2205, 1.);
#2207 = CARTESIAN_POINT('', (138.2989293, -95.9975014, -180.));
#2208 = LINE('', #2207, #2206);
#2209 = DIRECTION('', (-0.27129498, -0.96249625, 0.));
#2210 = VECTOR('', #2209, 1.);
#2211 = CARTESIAN_POINT('', (92.12598964, -54.42319979, -240.));
#2212 = LINE('', #2211, #2210);
#2213 = CARTESIAN_POINT('', (89.72101533, -62.95553139, -240.));
#2214 = CARTESIAN_POINT('', (104.74568954, -76.48380882, -225.20020178));
#2215 = CARTESIAN_POINT('', (125.54556846, -95.21210392, -200.27094854));
#2216 = CARTESIAN_POINT('', (134.71365791, -103.46708873, -185.90016478));
#2217 = CARTESIAN_POINT('', (135.89395499, -104.529833, -180.));
#2218 = B_SPLINE_CURVE_WITH_KNOTS('', 2, (#2213, #2214, #2215, #2216, #2217), .UNSPECIFIED., .F., .F., (3, 1, 1, 3), (-1., -0.42664954, -0.13845353, -0.), .UNSPECIFIED.);
#2219 = DIRECTION('', (0.27129498, 0.96249625, 0.));
#2220 = VECTOR('', #2219, 1.);
#2221 = CARTESIAN_POINT('', (135.89395499, -104.529833, -180.));
#2222 = LINE('', #2221, #2220);
#2223 = DIRECTION('', (-0.5465891, -0.83740096, 0.));
#2224 = VECTOR('', #2223, 1.);
#2225 = CARTESIAN_POINT('', (89.72101533, -62.95553139, -240.));
#2226 = LINE('', #2225, #2224);
#2227 = CARTESIAN_POINT('', (82.39111515, -74.18529329, -240.));
#2228 = CARTESIAN_POINT('', (97.41578936, -87.71357072, -225.20020178));
#2229 = CARTESIAN_POINT('', (118.21566828, -106.44186582, -200.27094854));
#2230 = CARTESIAN_POINT('', (127.38375773, -114.69685064, -185.90016478));
#2231 = CARTESIAN_POINT('', (128.56405481, -115.7595949, -180.));
#2232 = B_SPLINE_CURVE_WITH_KNOTS('', 2, (#2227, #2228, #2229, #2230, #2231), .UNSPECIFIED., .F., .F., (3, 1, 1, 3), (-1., -0.42664954, -0.13845353, -0.), .UNSPECIFIED.);
#2233 = DIRECTION('', (0.5465891, 0.83740096, 0.));
#2234 = VECTOR('', #2233, 1.);
#2235 = CARTESIAN_POINT('', (128.56405481, -115.7595949, -180.));
#2236 = LINE('', #2235, #2234);
#2237 = DIRECTION('', (-0.68870297, -0.7250436, 0.));
#2238 = VECTOR('', #2237, 1.);
#2239 = CARTESIAN_POINT('', (82.39111515, -74.18529329, -240.));
#2240 = LINE('', #2239, #2238);
#2241 = CARTESIAN_POINT('', (76.91398012, -79.95143897, -240.));
#2242 = CARTESIAN_POINT('', (91.93865434, -93.4797164, -225.20020178));
#2243 = CARTESIAN_POINT('', (112.73853326, -112.20801149, -200.27094854));
#2244 = CARTESIAN_POINT('', (121.9066227, -120.46299631, -185.90016478));
#2245 = CARTESIAN_POINT('', (123.08691978, -121.52574057, -180.));
#2246 = B_SPLINE_CURVE_WITH_KNOTS('', 2, (#2241, #2242, #2243, #2244, #2245), .UNSPECIFIED., .F., .F., (3, 1, 1, 3), (-1., -0.42664954, -0.13845353, -0.), .UNSPECIFIED.);
#2247 = DIRECTION('', (0.68870297, 0.7250436, 0.));
#2248 = VECTOR('', #2247, 1.);
#2249 = CARTESIAN_POINT('', (123.08691978, -121.52574057, -180.));
#2250 = LINE('', #2249, #2248);
#2251 = DIRECTION('', (-0.77403315, -0.63314507, 0.));
#2252 = VECTOR('', #2251, 1.);
#2253 = CARTESIAN_POINT('', (76.91398012, -79.95143897, -240.));
#2254 = LINE('', #2253, #2252);
#2255 = CARTESIAN_POINT('', (70.68849826, -85.04377012, -240.));
#2256 = CARTESIAN_POINT('', (85.71317248, -98.57204755, -225.20020178));
#2257 = CARTESIAN_POINT('', (106.51305139, -117.30034265, -200.27094854));
#2258 = CARTESIAN_POINT('', (115.68114084, -125.55532746, -185.90016478));
#2259 = CARTESIAN_POINT('', (116.86143792, -126.61807173, -180.));
#2260 = B_SPLINE_CURVE_WITH_KNOTS('', 2, (#2255, #2256, #2257, #2258, #2259), .UNSPECIFIED., .F., .F., (3, 1, 1, 3), (-1., -0.42664954, -0.13845353, -0.), .UNSPECIFIED.);
#2261 = DIRECTION('', (0.77403315, 0.63314507, 0.));
#2262 = VECTOR('', #2261, 1.);
#2263 = CARTESIAN_POINT('', (116.86143792, -126.61807173, -180.));
#2264 = LINE('', #2263, #2262);
#2265 = DIRECTION('', (-0.82408401, -0.56646761, 0.));
#2266 = VECTOR('', #2265, 1.);
#2267 = CARTESIAN_POINT('', (70.68849826, -85.04377012, -240.));
#2268 = LINE('', #2267, #2266);
#2269 = CARTESIAN_POINT('', (66.19682583, -88.13130357, -240.));
#2270 = CARTESIAN_POINT('', (81.22150005, -101.65958099, -225.20020178));
#2271 = CARTESIAN_POINT('', (102.02137896, -120.38787609, -200.27094854));
#2272 = CARTESIAN_POINT('', (111.18946841, -128.64286091, -185.90016478));
#2273 = CARTESIAN_POINT('', (112.36976549, -129.70560517, -180.));
#2274 = B_SPLINE_CURVE_WITH_KNOTS('', 2, (#2269, #2270, #2271, #2272, #2273), .UNSPECIFIED., .F., .F., (3, 1, 1, 3), (-1., -0.42664954, -0.13845353, -0.), .UNSPECIFIED.);
#2275 = DIRECTION('', (0.82408401, 0.56646761, 0.));
#2276 = VECTOR('', #2275, 1.);
#2277 = CARTESIAN_POINT('', (112.36976549, -129.70560517, -180.));
#2278 = LINE('', #2277, #2276);
#2279 = DIRECTION('', (-0.84472278, -0.53520409, 0.));
#2280 = VECTOR('', #2279, 1.);
#2281 = CARTESIAN_POINT('', (66.19682583, -88.13130357, -240.));
#2282 = LINE('', #2281, #2280);
#2283 = CARTESIAN_POINT('', (61.5476067, -91.07698132, -240.));
#2284 = CARTESIAN_POINT('', (76.57228091, -104.60525875, -225.20020178));
#2285 = CARTESIAN_POINT('', (97.37215983, -123.33355384, -200.27094854));
#2286 = CARTESIAN_POINT('', (106.54024927, -131.58853866, -185.90016478));
#2287 = CARTESIAN_POINT('', (107.72054635, -132.65128293, -180.));
#2288 = B_SPLINE_CURVE_WITH_KNOTS('', 2, (#2283, #2284, #2285, #2286, #2287), .UNSPECIFIED., .F., .F., (3, 1, 1, 3), (-1., -0.42664954, -0.13845353, -0.), .UNSPECIFIED.);
#2289 = DIRECTION('', (0.84472278, 0.53520409, 0.));
#2290 = VECTOR('', #2289, 1.);
#2291 = CARTESIAN_POINT('', (107.72054635, -132.65128293, -180.));
#2292 = LINE('', #2291, #2290);
#2293 = DIRECTION('', (0.73136137, 0.68199013, 0.));
#2294 = VECTOR('', #2293, 1.);
#2295 = CARTESIAN_POINT('', (61.5476067, -91.07698132, -240.));
#2296 = LINE('', #2295, #2294);
#2297 = CARTESIAN_POINT('', (64.6604272, -88.17429472, -240.));
#2298 = CARTESIAN_POINT('', (79.68510141, -101.70257214, -225.20020178));
#2299 = CARTESIAN_POINT('', (100.48498033, -120.43086724, -200.27094854));
#2300 = CARTESIAN_POINT('', (109.65306978, -128.68585206, -185.90016478));
#2301 = CARTESIAN_POINT('', (110.83336686, -129.74859632, -180.));
#2302 = B_SPLINE_CURVE_WITH_KNOTS('', 2, (#2297, #2298, #2299, #2300, #2301), .UNSPECIFIED., .F., .F., (3, 1, 1, 3), (-1., -0.42664954, -0.13845353, -0.), .UNSPECIFIED.);
#2303 = DIRECTION('', (-0.73136137, -0.68199013, 0.));
#2304 = VECTOR('', #2303, 1.);
#2305 = CARTESIAN_POINT('', (110.83336686, -129.74859632, -180.));
#2306 = LINE('', #2305, #2304);
#2307 = DIRECTION('', (0.67967761, 0.73351097, 0.));
#2308 = VECTOR('', #2307, 1.);
#2309 = CARTESIAN_POINT('', (64.6604272, -88.17429472, -240.));
#2310 = LINE('', #2309, #2308);
#2311 = CARTESIAN_POINT('', (69.70414965, -82.73108795, -240.));
#2312 = CARTESIAN_POINT('', (84.72882386, -96.25936538, -225.20020178));
#2313 = CARTESIAN_POINT('', (105.52870278, -114.98766048, -200.27094854));
#2314 = CARTESIAN_POINT('', (114.69679223, -123.2426453, -185.90016478));
#2315 = CARTESIAN_POINT('', (115.87708931, -124.30538956, -180.));
#2316 = B_SPLINE_CURVE_WITH_KNOTS('', 2, (#2311, #2312, #2313, #2314, #2315), .UNSPECIFIED., .F., .F., (3, 1, 1, 3), (-1., -0.42664954, -0.13845353, -0.), .UNSPECIFIED.);
#2317 = DIRECTION('', (-0.67967761, -0.73351097, 0.));
#2318 = VECTOR('', #2317, 1.);
#2319 = CARTESIAN_POINT('', (115.87708931, -124.30538956, -180.));
#2320 = LINE('', #2319, #2318);
#2321 = DIRECTION('', (0.64559218, 0.76368236, 0.));
#2322 = VECTOR('', #2321, 1.);
#2323 = CARTESIAN_POINT('', (69.70414965, -82.73108795, -240.));
#2324 = LINE('', #2323, #2322);
#2325 = CARTESIAN_POINT('', (75.18144381, -76.25190022, -240.));
#2326 = CARTESIAN_POINT('', (90.20611803, -89.78017765, -225.20020178));
#2327 = CARTESIAN_POINT('', (111.00599694, -108.50847275, -200.27094854));
#2328 = CARTESIAN_POINT('', (120.17408639, -116.76345757, -185.90016478));
#2329 = CARTESIAN_POINT('', (121.35438347, -117.82620183, -180.));
#2330 = B_SPLINE_CURVE_WITH_KNOTS('', 2, (#2325, #2326, #2327, #2328, #2329), .UNSPECIFIED., .F., .F., (3, 1, 1, 3), (-1., -0.42664954, -0.13845353, -0.), .UNSPECIFIED.);
#2331 = DIRECTION('', (-0.64559218, -0.76368236, 0.));
#2332 = VECTOR('', #2331, 1.);
#2333 = CARTESIAN_POINT('', (121.35438347, -117.82620183, -180.));
#2334 = LINE('', #2333, #2332);
#2335 = DIRECTION('', (0.44516166, 0.89545022, 0.));
#2336 = VECTOR('', #2335, 1.);
#2337 = CARTESIAN_POINT('', (75.18144381, -76.25190022, -240.));
#2338 = LINE('', #2337, #2336);
#2339 = CARTESIAN_POINT('', (78.61031256, -69.35467266, -240.));
#2340 = CARTESIAN_POINT('', (93.63498677, -82.88295008, -225.20020178));
#2341 = CARTESIAN_POINT('', (114.43486569, -101.61124518, -200.27094854));
#2342 = CARTESIAN_POINT('', (123.60295513, -109.86623, -185.90016478));
#2343 = CARTESIAN_POINT('', (124.78325221, -110.92897426, -180.));
#2344 = B_SPLINE_CURVE_WITH_KNOTS('', 2, (#2339, #2340, #2341, #2342, #2343), .UNSPECIFIED., .F., .F., (3, 1, 1, 3), (-1., -0.42664954, -0.13845353, -0.), .UNSPECIFIED.);
#2345 = DIRECTION('', (-0.44516166, -0.89545022, 0.));
#2346 = VECTOR('', #2345, 1.);
#2347 = CARTESIAN_POINT('', (124.78325221, -110.92897426, -180.));
#2348 = LINE('', #2347, #2346);
#2349 = DIRECTION('', (0.03829065, 0.99926664, 0.));
#2350 = VECTOR('', #2349, 1.);
#2351 = CARTESIAN_POINT('', (78.61031256, -69.35467266, -240.));
#2352 = LINE('', #2351, #2350);
#2353 = CARTESIAN_POINT('', (78.92731564, -61.08187935, -240.));
#2354 = CARTESIAN_POINT('', (93.95198985, -74.61015678, -225.20020178));
#2355 = CARTESIAN_POINT('', (114.75186877, -93.33845188, -200.27094854));
#2356 = CARTESIAN_POINT('', (123.91995822, -101.59343669, -185.90016478));
#2357 = CARTESIAN_POINT('', (125.1002553, -102.65618096, -180.));
#2358 = B_SPLINE_CURVE_WITH_KNOTS('', 2, (#2353, #2354, #2355, #2356, #2357), .UNSPECIFIED., .F., .F., (3, 1, 1, 3), (-1., -0.42664954, -0.13845353, -0.), .UNSPECIFIED.);
#2359 = DIRECTION('', (-0.03829065, -0.99926664, 0.));
#2360 = VECTOR('', #2359, 1.);
#2361 = CARTESIAN_POINT('', (125.1002553, -102.65618096, -180.));
#2362 = LINE('', #2361, #2360);
#2363 = DIRECTION('', (0.19595089, 0.98061371, 0.));
#2364 = VECTOR('', #2363, 1.);
#2365 = CARTESIAN_POINT('', (78.92731564, -61.08187935, -240.));
#2366 = LINE('', #2365, #2364);
#2367 = CARTESIAN_POINT('', (80.85980898, -51.41093863, -240.));
#2368 = CARTESIAN_POINT('', (95.8844832, -64.93921606, -225.20020178));
#2369 = CARTESIAN_POINT('', (116.68436211, -83.66751115, -200.27094854));
#2370 = CARTESIAN_POINT('', (125.85245156, -91.92249597, -185.90016478));
#2371 = CARTESIAN_POINT('', (127.03274864, -92.98524023, -180.));
#2372 = B_SPLINE_CURVE_WITH_KNOTS('', 2, (#2367, #2368, #2369, #2370, #2371), .UNSPECIFIED., .F., .F., (3, 1, 1, 3), (-1., -0.42664954, -0.13845353, -0.), .UNSPECIFIED.);
#2373 = DIRECTION('', (-0.19595089, -0.98061371, 0.));
#2374 = VECTOR('', #2373, 1.);
#2375 = CARTESIAN_POINT('', (127.03274864, -92.98524023, -180.));
#2376 = LINE('', #2375, #2374);
#2377 = DIRECTION('', (0.61560408, 0.78805559, 0.));
#2378 = VECTOR('', #2377, 1.);
#2379 = CARTESIAN_POINT('', (80.85980898, -51.41093863, -240.));
#2380 = LINE('', #2379, #2378);
#2381 = CARTESIAN_POINT('', (84.13049447, -47.2240236, -240.));
#2382 = CARTESIAN_POINT('', (99.15516868, -60.75230103, -225.20020178));
#2383 = CARTESIAN_POINT('', (119.9550476, -79.48059612, -200.27094854));
#2384 = CARTESIAN_POINT('', (129.12313704, -87.73558094, -185.90016478));
#2385 = CARTESIAN_POINT('', (130.30343413, -88.7983252, -180.));
#2386 = B_SPLINE_CURVE_WITH_KNOTS('', 2, (#2381, #2382, #2383, #2384, #2385), .UNSPECIFIED., .F., .F., (3, 1, 1, 3), (-1., -0.42664954, -0.13845353, -0.), .UNSPECIFIED.);
#2387 = DIRECTION('', (-0.61560408, -0.78805559, 0.));
#2388 = VECTOR('', #2387, 1.);
#2389 = CARTESIAN_POINT('', (130.30343413, -88.7983252, -180.));
#2390 = LINE('', #2389, #2388);
#2391 = DIRECTION('', (0.98502754, 0.17239705, 0.));
#2392 = VECTOR('', #2391, 1.);
#2393 = CARTESIAN_POINT('', (84.13049447, -47.2240236, -240.));
#2394 = LINE('', #2393, #2392);
#2395 = CARTESIAN_POINT('', (88.10950355, -46.52762739, -240.));
#2396 = CARTESIAN_POINT('', (103.13417777, -60.05590482, -225.20020178));
#2397 = CARTESIAN_POINT('', (123.93405669, -78.78419992, -200.27094854));
#2398 = CARTESIAN_POINT('', (133.10214613, -87.03918474, -185.90016478));
#2399 = CARTESIAN_POINT('', (134.28244321, -88.101929, -180.));
#2400 = B_SPLINE_CURVE_WITH_KNOTS('', 2, (#2395, #2396, #2397, #2398, #2399), .UNSPECIFIED., .F., .F., (3, 1, 1, 3), (-1., -0.42664954, -0.13845353, -0.), .UNSPECIFIED.);
#2401 = DIRECTION('', (-0.98502754, -0.17239705, 0.));
#2402 = VECTOR('', #2401, 1.);
#2403 = CARTESIAN_POINT('', (134.28244321, -88.101929, -180.));
#2404 = LINE('', #2403, #2402);
#2405 = DIRECTION('', (0.99790452, -0.06470363, 0.));
#2406 = VECTOR('', #2405, 1.);
#2407 = CARTESIAN_POINT('', (88.10950355, -46.52762739, -240.));
#2408 = LINE('', #2407, #2406);
#2409 = CARTESIAN_POINT('', (90.6701149, -46.69365616, -240.));
#2410 = CARTESIAN_POINT('', (105.69478911, -60.22193359, -225.20020178));
#2411 = CARTESIAN_POINT('', (126.49466803, -78.95022869, -200.27094854));
#2412 = CARTESIAN_POINT('', (135.66275748, -87.2052135, -185.90016478));
#2413 = CARTESIAN_POINT('', (136.84305456, -88.26795777, -180.));
#2414 = B_SPLINE_CURVE_WITH_KNOTS('', 2, (#2409, #2410, #2411, #2412, #2413), .UNSPECIFIED., .F., .F., (3, 1, 1, 3), (-1., -0.42664954, -0.13845353, -0.), .UNSPECIFIED.);
#2415 = DIRECTION('', (-0.99790452, 0.06470363, 0.));
#2416 = VECTOR('', #2415, 1.);
#2417 = CARTESIAN_POINT('', (136.84305456, -88.26795777, -180.));
#2418 = LINE('', #2417, #2416);
#2419 = DIRECTION('', (0.95342235, -0.30163856, 0.));
#2420 = VECTOR('', #2419, 1.);
#2421 = CARTESIAN_POINT('', (90.6701149, -46.69365616, -240.));
#2422 = LINE('', #2421, #2420);
#2423 = CARTESIAN_POINT('', (91.89126099, -47.07999569, -240.));
#2424 = CARTESIAN_POINT('', (106.9159352, -60.60827312, -225.20020178));
#2425 = CARTESIAN_POINT('', (127.71581412, -79.33656822, -200.27094854));
#2426 = CARTESIAN_POINT('', (136.88390356, -87.59155303, -185.90016478));
#2427 = CARTESIAN_POINT('', (138.06420064, -88.6542973, -180.));
#2428 = B_SPLINE_CURVE_WITH_KNOTS('', 2, (#2423, #2424, #2425, #2426, #2427), .UNSPECIFIED., .F., .F., (3, 1, 1, 3), (-1., -0.42664954, -0.13845353, -0.), .UNSPECIFIED.);
#2429 = DIRECTION('', (-0.95342235, 0.30163856, 0.));
#2430 = VECTOR('', #2429, 1.);
#2431 = CARTESIAN_POINT('', (138.06420064, -88.6542973, -180.));
#2432 = LINE('', #2431, #2430);
#2433 = DIRECTION('', (0.40717305, 0.91335103, 0.));
#2434 = VECTOR('', #2433, 1.);
#2435 = CARTESIAN_POINT('', (-46.66866463, 92.10084463, 240.));
#2436 = LINE('', #2435, #2434);
#2437 = CARTESIAN_POINT('', (-45.20105429, 95.39291767, 240.));
#2438 = CARTESIAN_POINT('', (-49.4045491, 115.16880594, 225.20020178));
#2439 = CARTESIAN_POINT('', (-55.22378897, 142.54617703, 200.27094854));
#2440 = CARTESIAN_POINT('', (-57.78877081, 154.6134678, 185.90016478));
#2441 = CARTESIAN_POINT('', (-58.1189858, 156.16700719, 180.));
#2442 = B_SPLINE_CURVE_WITH_KNOTS('', 2, (#2437, #2438, #2439, #2440, #2441), .UNSPECIFIED., .F., .F., (3, 1, 1, 3), (-1., -0.42664954, -0.13845353, -0.), .UNSPECIFIED.);
#2443 = DIRECTION('', (-0.40717305, -0.91335103, 0.));
#2444 = VECTOR('', #2443, 1.);
#2445 = CARTESIAN_POINT('', (-58.1189858, 156.16700719, 180.));
#2446 = LINE('', #2445, #2444);
#2447 = DIRECTION('', (0.69030052, 0.72352276, 0.));
#2448 = VECTOR('', #2447, 1.);
#2449 = CARTESIAN_POINT('', (-45.20105429, 95.39291767, 240.));
#2450 = LINE('', #2449, #2448);
#2451 = CARTESIAN_POINT('', (-42.54233702, 98.17959159, 240.));
#2452 = CARTESIAN_POINT('', (-46.74583184, 117.95547985, 225.20020178));
#2453 = CARTESIAN_POINT('', (-52.5650717, 145.33285094, 200.27094854));
#2454 = CARTESIAN_POINT('', (-55.13005354, 157.40014171, 185.90016478));
#2455 = CARTESIAN_POINT('', (-55.46026853, 158.9536811, 180.));
#2456 = B_SPLINE_CURVE_WITH_KNOTS('', 2, (#2451, #2452, #2453, #2454, #2455), .UNSPECIFIED., .F., .F., (3, 1, 1, 3), (-1., -0.42664954, -0.13845353, -0.), .UNSPECIFIED.);
#2457 = DIRECTION('', (-0.69030052, -0.72352276, 0.));
#2458 = VECTOR('', #2457, 1.);
#2459 = CARTESIAN_POINT('', (-55.46026853, 158.9536811, 180.));
#2460 = LINE('', #2459, #2458);
#2461 = DIRECTION('', (0.78522335, 0.61921263, 0.));
#2462 = VECTOR('', #2461, 1.);
#2463 = CARTESIAN_POINT('', (-42.54233702, 98.17959159, 240.));
#2464 = LINE('', #2463, #2462);
#2465 = CARTESIAN_POINT('', (-35.58149325, 103.66878442, 240.));
#2466 = CARTESIAN_POINT('', (-39.78498806, 123.44467268, 225.20020178));
#2467 = CARTESIAN_POINT('', (-45.60422793, 150.82204377, 200.27094854));
#2468 = CARTESIAN_POINT('', (-48.16920977, 162.88933454, 185.90016478));
#2469 = CARTESIAN_POINT('', (-48.49942476, 164.44287393, 180.));
#2470 = B_SPLINE_CURVE_WITH_KNOTS('', 2, (#2465, #2466, #2467, #2468, #2469), .UNSPECIFIED., .F., .F., (3, 1, 1, 3), (-1., -0.42664954, -0.13845353, -0.), .UNSPECIFIED.);
#2471 = DIRECTION('', (-0.78522335, -0.61921263, 0.));
#2472 = VECTOR('', #2471, 1.);
#2473 = CARTESIAN_POINT('', (-48.49942476, 164.44287393, 180.));
#2474 = LINE('', #2473, #2472);
#2475 = DIRECTION('', (0.9344118, 0.35619459, 0.));
#2476 = VECTOR('', #2475, 1.);
#2477 = CARTESIAN_POINT('', (-35.58149325, 103.66878442, 240.));
#2478 = LINE('', #2477, #2476);
#2479 = CARTESIAN_POINT('', (-23.05079101, 108.44544541, 240.));
#2480 = CARTESIAN_POINT('', (-27.25428582, 128.22133368, 225.20020178));
#2481 = CARTESIAN_POINT('', (-33.07352569, 155.59870476, 200.27094854));
#2482 = CARTESIAN_POINT('', (-35.63850752, 167.66599554, 185.90016478));
#2483 = CARTESIAN_POINT('', (-35.96872251, 169.21953493, 180.));
#2484 = B_SPLINE_CURVE_WITH_KNOTS('', 2, (#2479, #2480, #2481, #2482, #2483), .UNSPECIFIED., .F., .F., (3, 1, 1, 3), (-1., -0.42664954, -0.13845353, -0.), .UNSPECIFIED.);
#2485 = DIRECTION('', (-0.9344118, -0.35619459, 0.));
#2486 = VECTOR('', #2485, 1.);
#2487 = CARTESIAN_POINT('', (-35.96872251, 169.21953493, 180.));
#2488 = LINE('', #2487, #2486);
#2489 = DIRECTION('', (0.98334234, 0.18176314, 0.));
#2490 = VECTOR('', #2489, 1.);
#2491 = CARTESIAN_POINT('', (-23.05079101, 108.44544541, 240.));
#2492 = LINE('', #2491, #2490);
#2493 = CARTESIAN_POINT('', (-15.2304403, 109.89097606, 240.));
#2494 = CARTESIAN_POINT('', (-19.43393512, 129.66686433, 225.20020178));
#2495 = CARTESIAN_POINT('', (-25.25317498, 157.04423542, 200.27094854));
#2496 = CARTESIAN_POINT('', (-27.81815682, 169.11152619, 185.90016478));
#2497 = CARTESIAN_POINT('', (-28.14837181, 170.66506558, 180.));
#2498 = B_SPLINE_CURVE_WITH_KNOTS('', 2, (#2493, #2494, #2495, #2496, #2497), .UNSPECIFIED., .F., .F., (3, 1, 1, 3), (-1., -0.42664954, -0.13845353, -0.), .UNSPECIFIED.);
#2499 = DIRECTION('', (-0.98334234, -0.18176314, 0.));
#2500 = VECTOR('', #2499, 1.);
#2501 = CARTESIAN_POINT('', (-28.14837181, 170.66506558, 180.));
#2502 = LINE('', #2501, #2500);
#2503 = DIRECTION('', (0.99835931, 0.05725985, 0.));
#2504 = VECTOR('', #2503, 1.);
#2505 = CARTESIAN_POINT('', (-15.2304403, 109.89097606, 240.));
#2506 = LINE('', #2505, #2504);
#2507 = CARTESIAN_POINT('', (-7.20072252, 110.35151208, 240.));
#2508 = CARTESIAN_POINT('', (-11.40421734, 130.12740035, 225.20020178));
#2509 = CARTESIAN_POINT('', (-17.2234572, 157.50477143, 200.27094854));
#2510 = CARTESIAN_POINT('', (-19.78843904, 169.57206221, 185.90016478));
#2511 = CARTESIAN_POINT('', (-20.11865403, 171.12560159, 180.));
#2512 = B_SPLINE_CURVE_WITH_KNOTS('', 2, (#2507, #2508, #2509, #2510, #2511), .UNSPECIFIED., .F., .F., (3, 1, 1, 3), (-1., -0.42664954, -0.13845353, -0.), .UNSPECIFIED.);
#2513 = DIRECTION('', (-0.99835931, -0.05725985, 0.));
#2514 = VECTOR('', #2513, 1.);
#2515 = CARTESIAN_POINT('', (-20.11865403, 171.12560159, 180.));
#2516 = LINE('', #2515, #2514);
#2517 = DIRECTION('', (0.99965927, -0.02610251, 0.));
#2518 = VECTOR('', #2517, 1.);
#2519 = CARTESIAN_POINT('', (-7.20072252, 110.35151208, 240.));
#2520 = LINE('', #2519, #2518);
#2521 = CARTESIAN_POINT('', (-1.75207657, 110.20924029, 240.));
#2522 = CARTESIAN_POINT('', (-5.95557138, 129.98512856, 225.20020178));
#2523 = CARTESIAN_POINT('', (-11.77481125, 157.36249965, 200.27094854));
#2524 = CARTESIAN_POINT('', (-14.33979308, 169.42979042, 185.90016478));
#2525 = CARTESIAN_POINT('', (-14.67000808, 170.98332981, 180.));
#2526 = B_SPLINE_CURVE_WITH_KNOTS('', 2, (#2521, #2522, #2523, #2524, #2525), .UNSPECIFIED., .F., .F., (3, 1, 1, 3), (-1., -0.42664954, -0.13845353, -0.), .UNSPECIFIED.);
#2527 = DIRECTION('', (-0.99965927, 0.02610251, 0.));
#2528 = VECTOR('', #2527, 1.);
#2529 = CARTESIAN_POINT('', (-14.67000808, 170.98332981, 180.));
#2530 = LINE('', #2529, #2528);
#2531 = DIRECTION('', (0.99798016, -0.06352639, 0.));
#2532 = VECTOR('', #2531, 1.);
#2533 = CARTESIAN_POINT('', (-1.75207657, 110.20924029, 240.));
#2534 = LINE('', #2533, #2532);
#2535 = CARTESIAN_POINT('', (3.74064666, 109.85960121, 240.));
#2536 = CARTESIAN_POINT('', (-0.46284815, 129.63548948, 225.20020178));
#2537 = CARTESIAN_POINT('', (-6.28208802, 157.01286057, 200.27094854));
#2538 = CARTESIAN_POINT('', (-8.84706985, 169.08015134, 185.90016478));
#2539 = CARTESIAN_POINT('', (-9.17728484, 170.63369073, 180.));
#2540 = B_SPLINE_CURVE_WITH_KNOTS('', 2, (#2535, #2536, #2537, #2538, #2539), .UNSPECIFIED., .F., .F., (3, 1, 1, 3), (-1., -0.42664954, -0.13845353, -0.), .UNSPECIFIED.);
#2541 = DIRECTION('', (-0.99798016, 0.06352639, 0.));
#2542 = VECTOR('', #2541, 1.);
#2543 = CARTESIAN_POINT('', (-9.17728484, 170.63369073, 180.));
#2544 = LINE('', #2543, #2542);
#2545 = DIRECTION('', (-0.99254752, -0.12185818, 0.));
#2546 = VECTOR('', #2545, 1.);
#2547 = CARTESIAN_POINT('', (3.74064666, 109.85960121, 240.));
#2548 = LINE('', #2547, #2546);
#2549 = CARTESIAN_POINT('', (-0.4838344, 109.3409484, 240.));
#2550 = CARTESIAN_POINT('', (-4.68732922, 129.11683667, 225.20020178));
#2551 = CARTESIAN_POINT('', (-10.50656908, 156.49420776, 200.27094854));
#2552 = CARTESIAN_POINT('', (-13.07155092, 168.56149853, 185.90016478));
#2553 = CARTESIAN_POINT('', (-13.40176591, 170.11503792, 180.));
#2554 = B_SPLINE_CURVE_WITH_KNOTS('', 2, (#2549, #2550, #2551, #2552, #2553), .UNSPECIFIED., .F., .F., (3, 1, 1, 3), (-1., -0.42664954, -0.13845353, -0.), .UNSPECIFIED.);
#2555 = DIRECTION('', (0.99254752, 0.12185818, 0.));
#2556 = VECTOR('', #2555, 1.);
#2557 = CARTESIAN_POINT('', (-13.40176591, 170.11503792, 180.));
#2558 = LINE('', #2557, #2556);
#2559 = DIRECTION('', (-0.98101767, -0.19391837, 0.));
#2560 = VECTOR('', #2559, 1.);
#2561 = CARTESIAN_POINT('', (-0.4838344, 109.3409484, 240.));
#2562 = LINE('', #2561, #2560);
#2563 = CARTESIAN_POINT('', (-7.76372824, 107.9019273, 240.));
#2564 = CARTESIAN_POINT('', (-11.96722305, 127.67781557, 225.20020178));
#2565 = CARTESIAN_POINT('', (-17.78646292, 155.05518666, 200.27094854));
#2566 = CARTESIAN_POINT('', (-20.35144475, 167.12247743, 185.90016478));
#2567 = CARTESIAN_POINT('', (-20.68165974, 168.67601682, 180.));
#2568 = B_SPLINE_CURVE_WITH_KNOTS('', 2, (#2563, #2564, #2565, #2566, #2567), .UNSPECIFIED., .F., .F., (3, 1, 1, 3), (-1., -0.42664954, -0.13845353, -0.), .UNSPECIFIED.);
#2569 = DIRECTION('', (0.98101767, 0.19391837, 0.));
#2570 = VECTOR('', #2569, 1.);
#2571 = CARTESIAN_POINT('', (-20.68165974, 168.67601682, 180.));
#2572 = LINE('', #2571, #2570);
#2573 = DIRECTION('', (-0.97117627, -0.23836244, 0.));
#2574 = VECTOR('', #2573, 1.);
#2575 = CARTESIAN_POINT('', (-7.76372824, 107.9019273, 240.));
#2576 = LINE('', #2575, #2574);
#2577 = CARTESIAN_POINT('', (-16.00332329, 105.87962705, 240.));
#2578 = CARTESIAN_POINT('', (-20.20681811, 125.65551532, 225.20020178));
#2579 = CARTESIAN_POINT('', (-26.02605797, 153.03288641, 200.27094854));
#2580 = CARTESIAN_POINT('', (-28.59103981, 165.10017718, 185.90016478));
#2581 = CARTESIAN_POINT('', (-28.9212548, 166.65371657, 180.));
#2582 = B_SPLINE_CURVE_WITH_KNOTS('', 2, (#2577, #2578, #2579, #2580, #2581), .UNSPECIFIED., .F., .F., (3, 1, 1, 3), (-1., -0.42664954, -0.13845353, -0.), .UNSPECIFIED.);
#2583 = DIRECTION('', (0.97117627, 0.23836244, 0.));
#2584 = VECTOR('', #2583, 1.);
#2585 = CARTESIAN_POINT('', (-28.9212548, 166.65371657, 180.));
#2586 = LINE('', #2585, #2584);
#2587 = DIRECTION('', (-0.88647578, -0.46277499, 0.));
#2588 = VECTOR('', #2587, 1.);
#2589 = CARTESIAN_POINT('', (-16.00332329, 105.87962705, 240.));
#2590 = LINE('', #2589, #2588);
#2591 = CARTESIAN_POINT('', (-22.83142503, 102.31509122, 240.));
#2592 = CARTESIAN_POINT('', (-27.03491984, 122.09097948, 225.20020178));
#2593 = CARTESIAN_POINT('', (-32.85415971, 149.46835057, 200.27094854));
#2594 = CARTESIAN_POINT('', (-35.41914154, 161.53564134, 185.90016478));
#2595 = CARTESIAN_POINT('', (-35.74935653, 163.08918073, 180.));
#2596 = B_SPLINE_CURVE_WITH_KNOTS('', 2, (#2591, #2592, #2593, #2594, #2595), .UNSPECIFIED., .F., .F., (3, 1, 1, 3), (-1., -0.42664954, -0.13845353, -0.), .UNSPECIFIED.);
#2597 = DIRECTION('', (0.88647578, 0.46277499, 0.));
#2598 = VECTOR('', #2597, 1.);
#2599 = CARTESIAN_POINT('', (-35.74935653, 163.08918073, 180.));
#2600 = LINE('', #2599, #2598);
#2601 = DIRECTION('', (-0.61833198, -0.78591702, 0.));
#2602 = VECTOR('', #2601, 1.);
#2603 = CARTESIAN_POINT('', (-22.83142503, 102.31509122, 240.));
#2604 = LINE('', #2603, #2602);
#2605 = CARTESIAN_POINT('', (-27.95051181, 95.80859058, 240.));
#2606 = CARTESIAN_POINT('', (-32.15400662, 115.58447885, 225.20020178));
#2607 = CARTESIAN_POINT('', (-37.97324649, 142.96184993, 200.27094854));
#2608 = CARTESIAN_POINT('', (-40.53822832, 155.02914071, 185.90016478));
#2609 = CARTESIAN_POINT('', (-40.86844331, 156.58268009, 180.));
#2610 = B_SPLINE_CURVE_WITH_KNOTS('', 2, (#2605, #2606, #2607, #2608, #2609), .UNSPECIFIED., .F., .F., (3, 1, 1, 3), (-1., -0.42664954, -0.13845353, -0.), .UNSPECIFIED.);
#2611 = DIRECTION('', (0.61833198, 0.78591702, 0.));
#2612 = VECTOR('', #2611, 1.);
#2613 = CARTESIAN_POINT('', (-40.86844331, 156.58268009, 180.));
#2614 = LINE('', #2613, #2612);
#2615 = DIRECTION('', (-0.73491788, -0.67815611, 0.));
#2616 = VECTOR('', #2615, 1.);
#2617 = CARTESIAN_POINT('', (-27.95051181, 95.80859058, 240.));
#2618 = LINE('', #2617, #2616);
#2619 = CARTESIAN_POINT('', (-35.1983681, 89.12052627, 240.));
#2620 = CARTESIAN_POINT('', (-39.40186291, 108.89641454, 225.20020178));
#2621 = CARTESIAN_POINT('', (-45.22110278, 136.27378562, 200.27094854));
#2622 = CARTESIAN_POINT('', (-47.78608461, 148.3410764, 185.90016478));
#2623 = CARTESIAN_POINT('', (-48.1162996, 149.89461579, 180.));
#2624 = B_SPLINE_CURVE_WITH_KNOTS('', 2, (#2619, #2620, #2621, #2622, #2623), .UNSPECIFIED., .F., .F., (3, 1, 1, 3), (-1., -0.42664954, -0.13845353, -0.), .UNSPECIFIED.);
#2625 = DIRECTION('', (0.73491788, 0.67815611, 0.));
#2626 = VECTOR('', #2625, 1.);
#2627 = CARTESIAN_POINT('', (-48.1162996, 149.89461579, 180.));
#2628 = LINE('', #2627, #2626);
#2629 = DIRECTION('', (-0.96124162, -0.27570737, 0.));
#2630 = VECTOR('', #2629, 1.);
#2631 = CARTESIAN_POINT('', (-35.1983681, 89.12052627, 240.));
#2632 = LINE('', #2631, #2630);
#2633 = CARTESIAN_POINT('', (-40.30541514, 87.65570155, 240.));
#2634 = CARTESIAN_POINT('', (-44.50890996, 107.43158982, 225.20020178));
#2635 = CARTESIAN_POINT('', (-50.32814982, 134.8089609, 200.27094854));
#2636 = CARTESIAN_POINT('', (-52.89313166, 146.87625168, 185.90016478));
#2637 = CARTESIAN_POINT('', (-53.22334665, 148.42979106, 180.));
#2638 = B_SPLINE_CURVE_WITH_KNOTS('', 2, (#2633, #2634, #2635, #2636, #2637), .UNSPECIFIED., .F., .F., (3, 1, 1, 3), (-1., -0.42664954, -0.13845353, -0.), .UNSPECIFIED.);
#2639 = DIRECTION('', (0.96124162, 0.27570737, 0.));
#2640 = VECTOR('', #2639, 1.);
#2641 = CARTESIAN_POINT('', (-53.22334665, 148.42979106, 180.));
#2642 = LINE('', #2641, #2640);
#2643 = DIRECTION('', (-0.89823647, 0.43951252, 0.));
#2644 = VECTOR('', #2643, 1.);
#2645 = CARTESIAN_POINT('', (-40.30541514, 87.65570155, 240.));
#2646 = LINE('', #2645, #2644);
#2647 = CARTESIAN_POINT('', (-43.93383254, 89.43110805, 240.));
#2648 = CARTESIAN_POINT('', (-48.13732735, 109.20699631, 225.20020178));
#2649 = CARTESIAN_POINT('', (-53.95656722, 136.5843674, 200.27094854));
#2650 = CARTESIAN_POINT('', (-56.52154905, 148.65165817, 185.90016478));
#2651 = CARTESIAN_POINT('', (-56.85176404, 150.20519756, 180.));
#2652 = B_SPLINE_CURVE_WITH_KNOTS('', 2, (#2647, #2648, #2649, #2650, #2651), .UNSPECIFIED., .F., .F., (3, 1, 1, 3), (-1., -0.42664954, -0.13845353, -0.), .UNSPECIFIED.);
#2653 = DIRECTION('', (0.89823647, -0.43951252, 0.));
#2654 = VECTOR('', #2653, 1.);
#2655 = CARTESIAN_POINT('', (-56.85176404, 150.20519756, 180.));
#2656 = LINE('', #2655, #2654);
#2657 = DIRECTION('', (-0.76928988, 0.6388999, 0.));
#2658 = VECTOR('', #2657, 1.);
#2659 = CARTESIAN_POINT('', (-43.93383254, 89.43110805, 240.));
#2660 = LINE('', #2659, #2658);
#2661 = CARTESIAN_POINT('', (-45.90782137, 91.07051773, 240.));
#2662 = CARTESIAN_POINT('', (-50.11131618, 110.84640599, 225.20020178));
#2663 = CARTESIAN_POINT('', (-55.93055605, 138.22377708, 200.27094854));
#2664 = CARTESIAN_POINT('', (-58.49553788, 150.29106785, 185.90016478));
#2665 = CARTESIAN_POINT('', (-58.82575287, 151.84460724, 180.));
#2666 = B_SPLINE_CURVE_WITH_KNOTS('', 2, (#2661, #2662, #2663, #2664, #2665), .UNSPECIFIED., .F., .F., (3, 1, 1, 3), (-1., -0.42664954, -0.13845353, -0.), .UNSPECIFIED.);
#2667 = DIRECTION('', (0.76928988, -0.6388999, 0.));
#2668 = VECTOR('', #2667, 1.);
#2669 = CARTESIAN_POINT('', (-58.82575287, 151.84460724, 180.));
#2670 = LINE('', #2669, #2668);
#2671 = DIRECTION('', (-0.59403619, 0.80443832, 0.));
#2672 = VECTOR('', #2671, 1.);
#2673 = CARTESIAN_POINT('', (-45.90782137, 91.07051773, 240.));
#2674 = LINE('', #2673, #2672);
#2675 = CARTESIAN_POINT('', (-46.66866463, 92.10084463, 240.));
#2676 = CARTESIAN_POINT('', (-50.87215944, 111.8767329, 225.20020178));
#2677 = CARTESIAN_POINT('', (-56.69139931, 139.25410398, 200.27094854));
#2678 = CARTESIAN_POINT('', (-59.25638114, 151.32139476, 185.90016478));
#2679 = CARTESIAN_POINT('', (-59.58659613, 152.87493415, 180.));
#2680 = B_SPLINE_CURVE_WITH_KNOTS('', 2, (#2675, #2676, #2677, #2678, #2679), .UNSPECIFIED., .F., .F., (3, 1, 1, 3), (-1., -0.42664954, -0.13845353, -0.), .UNSPECIFIED.);
#2681 = DIRECTION('', (0.59403619, -0.80443832, 0.));
#2682 = VECTOR('', #2681, 1.);
#2683 = CARTESIAN_POINT('', (-59.58659613, 152.87493415, 180.));
#2684 = LINE('', #2683, #2682);
#2685 = DIRECTION('', (-0.74282506, 0.66948557, 0.));
#2686 = VECTOR('', #2685, 1.);
#2687 = CARTESIAN_POINT('', (-102.01451892, -15.92381141, 240.));
#2688 = LINE('', #2687, #2686);
#2689 = CARTESIAN_POINT('', (-104.6919499, -13.51072452, 240.));
#2690 = CARTESIAN_POINT('', (-124.79888864, -11.3974001, 225.20020178));
#2691 = CARTESIAN_POINT('', (-152.63455982, -8.47175317, 200.27094854));
#2692 = CARTESIAN_POINT('', (-164.90385832, -7.18219793, 185.90016478));
#2693 = CARTESIAN_POINT('', (-166.48340412, -7.01618098, 180.));
#2694 = B_SPLINE_CURVE_WITH_KNOTS('', 2, (#2689, #2690, #2691, #2692, #2693), .UNSPECIFIED., .F., .F., (3, 1, 1, 3), (-1., -0.42664954, -0.13845353, -0.), .UNSPECIFIED.);
#2695 = DIRECTION('', (0.74282506, -0.66948557, 0.));
#2696 = VECTOR('', #2695, 1.);
#2697 = CARTESIAN_POINT('', (-166.48340412, -7.01618098, 180.));
#2698 = LINE('', #2697, #2696);
#2699 = DIRECTION('', (-0.47479644, 0.88009564, 0.));
#2700 = VECTOR('', #2699, 1.);
#2701 = CARTESIAN_POINT('', (-104.6919499, -13.51072452, 240.));
#2702 = LINE('', #2701, #2700);
#2703 = CARTESIAN_POINT('', (-106.52064547, -10.12100455, 240.));
#2704 = CARTESIAN_POINT('', (-126.6275842, -8.00768013, 225.20020178));
#2705 = CARTESIAN_POINT('', (-154.46325538, -5.08203319, 200.27094854));
#2706 = CARTESIAN_POINT('', (-166.73255389, -3.79247796, 185.90016478));
#2707 = CARTESIAN_POINT('', (-168.31209969, -3.626461, 180.));
#2708 = B_SPLINE_CURVE_WITH_KNOTS('', 2, (#2703, #2704, #2705, #2706, #2707), .UNSPECIFIED., .F., .F., (3, 1, 1, 3), (-1., -0.42664954, -0.13845353, -0.), .UNSPECIFIED.);
#2709 = DIRECTION('', (0.47479644, -0.88009564, 0.));
#2710 = VECTOR('', #2709, 1.);
#2711 = CARTESIAN_POINT('', (-168.31209969, -3.626461, 180.));
#2712 = LINE('', #2711, #2710);
#2713 = DIRECTION('', (-0.34625885, 0.93813901, 0.));
#2714 = VECTOR('', #2713, 1.);
#2715 = CARTESIAN_POINT('', (-106.52064547, -10.12100455, 240.));
#2716 = LINE('', #2715, #2714);
#2717 = CARTESIAN_POINT('', (-109.59015906, -1.80459484, 240.));
#2718 = CARTESIAN_POINT('', (-129.69709779, 0.30872958, 225.20020178));
#2719 = CARTESIAN_POINT('', (-157.53276897, 3.23437651, 200.27094854));
#2720 = CARTESIAN_POINT('', (-169.80206748, 4.52393174, 185.90016478));
#2721 = CARTESIAN_POINT('', (-171.38161328, 4.6899487, 180.));
#2722 = B_SPLINE_CURVE_WITH_KNOTS('', 2, (#2717, #2718, #2719, #2720, #2721), .UNSPECIFIED., .F., .F., (3, 1, 1, 3), (-1., -0.42664954, -0.13845353, -0.), .UNSPECIFIED.);
#2723 = DIRECTION('', (0.34625885, -0.93813901, 0.));
#2724 = VECTOR('', #2723, 1.);
#2725 = CARTESIAN_POINT('', (-171.38161328, 4.6899487, 180.));
#2726 = LINE('', #2725, #2724);
#2727 = DIRECTION('', (-0.05001206, 0.99874861, 0.));
#2728 = VECTOR('', #2727, 1.);
#2729 = CARTESIAN_POINT('', (-109.59015906, -1.80459484, 240.));
#2730 = LINE('', #2729, #2728);
#2731 = CARTESIAN_POINT('', (-110.26083368, 11.5888806, 240.));
#2732 = CARTESIAN_POINT('', (-130.36777241, 13.70220502, 225.20020178));
#2733 = CARTESIAN_POINT('', (-158.20344359, 16.62785196, 200.27094854));
#2734 = CARTESIAN_POINT('', (-170.4727421, 17.91740719, 185.90016478));
#2735 = CARTESIAN_POINT('', (-172.0522879, 18.08342415, 180.));
#2736 = B_SPLINE_CURVE_WITH_KNOTS('', 2, (#2731, #2732, #2733, #2734, #2735), .UNSPECIFIED., .F., .F., (3, 1, 1, 3), (-1., -0.42664954, -0.13845353, -0.), .UNSPECIFIED.);
#2737 = DIRECTION('', (0.05001206, -0.99874861, 0.));
#2738 = VECTOR('', #2737, 1.);
#2739 = CARTESIAN_POINT('', (-172.0522879, 18.08342415, 180.));
#2740 = LINE('', #2739, #2738);
#2741 = DIRECTION('', (0.13100248, 0.99138204, 0.));
#2742 = VECTOR('', #2741, 1.);
#2743 = CARTESIAN_POINT('', (-110.26083368, 11.5888806, 240.));
#2744 = LINE('', #2743, #2742);
#2745 = CARTESIAN_POINT('', (-109.21899375, 19.47316964, 240.));
#2746 = CARTESIAN_POINT('', (-129.32593249, 21.58649406, 225.20020178));
#2747 = CARTESIAN_POINT('', (-157.16160367, 24.51214099, 200.27094854));
#2748 = CARTESIAN_POINT('', (-169.43090217, 25.80169623, 185.90016478));
#2749 = CARTESIAN_POINT('', (-171.01044797, 25.96771318, 180.));
#2750 = B_SPLINE_CURVE_WITH_KNOTS('', 2, (#2745, #2746, #2747, #2748, #2749), .UNSPECIFIED., .F., .F., (3, 1, 1, 3), (-1., -0.42664954, -0.13845353, -0.), .UNSPECIFIED.);
#2751 = DIRECTION('', (-0.13100248, -0.99138204, 0.));
#2752 = VECTOR('', #2751, 1.);
#2753 = CARTESIAN_POINT('', (-171.01044797, 25.96771318, 180.));
#2754 = LINE('', #2753, #2752);
#2755 = DIRECTION('', (0.25405264, 0.96719039, 0.));
#2756 = VECTOR('', #2755, 1.);
#2757 = CARTESIAN_POINT('', (-109.21899375, 19.47316964, 240.));
#2758 = LINE('', #2757, #2756);
#2759 = CARTESIAN_POINT('', (-107.17567028, 27.25219851, 240.));
#2760 = CARTESIAN_POINT('', (-127.28260901, 29.36552293, 225.20020178));
#2761 = CARTESIAN_POINT('', (-155.1182802, 32.29116986, 200.27094854));
#2762 = CARTESIAN_POINT('', (-167.3875787, 33.5807251, 185.90016478));
#2763 = CARTESIAN_POINT('', (-168.9671245, 33.74674205, 180.));
#2764 = B_SPLINE_CURVE_WITH_KNOTS('', 2, (#2759, #2760, #2761, #2762, #2763), .UNSPECIFIED., .F., .F., (3, 1, 1, 3), (-1., -0.42664954, -0.13845353, -0.), .UNSPECIFIED.);
#2765 = DIRECTION('', (-0.25405264, -0.96719039, 0.));
#2766 = VECTOR('', #2765, 1.);
#2767 = CARTESIAN_POINT('', (-168.9671245, 33.74674205, 180.));
#2768 = LINE('', #2767, #2766);
#2769 = DIRECTION('', (0.33373666, 0.94266635, 0.));
#2770 = VECTOR('', #2769, 1.);
#2771 = CARTESIAN_POINT('', (-107.17567028, 27.25219851, 240.));
#2772 = LINE('', #2771, #2770);
#2773 = CARTESIAN_POINT('', (-105.35663757, 32.39020435, 240.));
#2774 = CARTESIAN_POINT('', (-125.46357631, 34.50352877, 225.20020178));
#2775 = CARTESIAN_POINT('', (-153.29924749, 37.4291757, 200.27094854));
#2776 = CARTESIAN_POINT('', (-165.56854599, 38.71873094, 185.90016478));
#2777 = CARTESIAN_POINT('', (-167.14809179, 38.88474789, 180.));
#2778 = B_SPLINE_CURVE_WITH_KNOTS('', 2, (#2773, #2774, #2775, #2776, #2777), .UNSPECIFIED., .F., .F., (3, 1, 1, 3), (-1., -0.42664954, -0.13845353, -0.), .UNSPECIFIED.);
#2779 = DIRECTION('', (-0.33373666, -0.94266635, 0.));
#2780 = VECTOR('', #2779, 1.);
#2781 = CARTESIAN_POINT('', (-167.14809179, 38.88474789, 180.));
#2782 = LINE('', #2781, #2780);
#2783 = DIRECTION('', (0.36881001, 0.9295048, 0.));
#2784 = VECTOR('', #2783, 1.);
#2785 = CARTESIAN_POINT('', (-105.35663757, 32.39020435, 240.));
#2786 = LINE('', #2785, #2784);
#2787 = CARTESIAN_POINT('', (-103.32676622, 37.50605015, 240.));
#2788 = CARTESIAN_POINT('', (-123.43370496, 39.61937457, 225.20020178));
#2789 = CARTESIAN_POINT('', (-151.26937614, 42.54502151, 200.27094854));
#2790 = CARTESIAN_POINT('', (-163.53867464, 43.83457674, 185.90016478));
#2791 = CARTESIAN_POINT('', (-165.11822045, 44.0005937, 180.));
#2792 = B_SPLINE_CURVE_WITH_KNOTS('', 2, (#2787, #2788, #2789, #2790, #2791), .UNSPECIFIED., .F., .F., (3, 1, 1, 3), (-1., -0.42664954, -0.13845353, -0.), .UNSPECIFIED.);
#2793 = DIRECTION('', (-0.36881001, -0.9295048, 0.));
#2794 = VECTOR('', #2793, 1.);
#2795 = CARTESIAN_POINT('', (-165.11822045, 44.0005937, 180.));
#2796 = LINE('', #2795, #2794);
#2797 = DIRECTION('', (-0.19082004, -0.98162504, 0.));
#2798 = VECTOR('', #2797, 1.);
#2799 = CARTESIAN_POINT('', (-103.32676622, 37.50605015, 240.));
#2800 = LINE('', #2799, #2798);
#2801 = CARTESIAN_POINT('', (-104.13893453, 33.32805738, 240.));
#2802 = CARTESIAN_POINT('', (-124.24587327, 35.4413818, 225.20020178));
#2803 = CARTESIAN_POINT('', (-152.08154445, 38.36702873, 200.27094854));
#2804 = CARTESIAN_POINT('', (-164.35084295, 39.65658397, 185.90016478));
#2805 = CARTESIAN_POINT('', (-165.93038875, 39.82260092, 180.));
#2806 = B_SPLINE_CURVE_WITH_KNOTS('', 2, (#2801, #2802, #2803, #2804, #2805), .UNSPECIFIED., .F., .F., (3, 1, 1, 3), (-1., -0.42664954, -0.13845353, -0.), .UNSPECIFIED.);
#2807 = DIRECTION('', (0.19082004, 0.98162504, 0.));
#2808 = VECTOR('', #2807, 1.);
#2809 = CARTESIAN_POINT('', (-165.93038875, 39.82260092, 180.));
#2810 = LINE('', #2809, #2808);
#2811 = DIRECTION('', (-0.1187238, -0.99292732, 0.));
#2812 = VECTOR('', #2811, 1.);
#2813 = CARTESIAN_POINT('', (-104.13893453, 33.32805738, 240.));
#2814 = LINE('', #2813, #2812);
#2815 = CARTESIAN_POINT('', (-105.01995505, 25.95978493, 240.));
#2816 = CARTESIAN_POINT('', (-125.12689378, 28.07310935, 225.20020178));
#2817 = CARTESIAN_POINT('', (-152.96256497, 30.99875628, 200.27094854));
#2818 = CARTESIAN_POINT('', (-165.23186347, 32.28831152, 185.90016478));
#2819 = CARTESIAN_POINT('', (-166.81140927, 32.45432847, 180.));
#2820 = B_SPLINE_CURVE_WITH_KNOTS('', 2, (#2815, #2816, #2817, #2818, #2819), .UNSPECIFIED., .F., .F., (3, 1, 1, 3), (-1., -0.42664954, -0.13845353, -0.), .UNSPECIFIED.);
#2821 = DIRECTION('', (0.1187238, 0.99292732, 0.));
#2822 = VECTOR('', #2821, 1.);
#2823 = CARTESIAN_POINT('', (-166.81140927, 32.45432847, 180.));
#2824 = LINE('', #2823, #2822);
#2825 = DIRECTION('', (-0.07341382, -0.99730157, 0.));
#2826 = VECTOR('', #2825, 1.);
#2827 = CARTESIAN_POINT('', (-105.01995505, 25.95978493, 240.));
#2828 = LINE('', #2827, #2826);
#2829 = CARTESIAN_POINT('', (-105.64280812, 17.49853922, 240.));
#2830 = CARTESIAN_POINT('', (-125.74974685, 19.61186364, 225.20020178));
#2831 = CARTESIAN_POINT('', (-153.58541803, 22.53751057, 200.27094854));
#2832 = CARTESIAN_POINT('', (-165.85471654, 23.8270658, 185.90016478));
#2833 = CARTESIAN_POINT('', (-167.43426234, 23.99308276, 180.));
#2834 = B_SPLINE_CURVE_WITH_KNOTS('', 2, (#2829, #2830, #2831, #2832, #2833), .UNSPECIFIED., .F., .F., (3, 1, 1, 3), (-1., -0.42664954, -0.13845353, -0.), .UNSPECIFIED.);
#2835 = DIRECTION('', (0.07341382, 0.99730157, 0.));
#2836 = VECTOR('', #2835, 1.);
#2837 = CARTESIAN_POINT('', (-167.43426234, 23.99308276, 180.));
#2838 = LINE('', #2837, #2836);
#2839 = DIRECTION('', (0.16618909, -0.9860939, 0.));
#2840 = VECTOR('', #2839, 1.);
#2841 = CARTESIAN_POINT('', (-105.64280812, 17.49853922, 240.));
#2842 = LINE('', #2841, #2840);
#2843 = CARTESIAN_POINT('', (-104.36273256, 9.90312642, 240.));
#2844 = CARTESIAN_POINT('', (-124.46967129, 12.01645084, 225.20020178));
#2845 = CARTESIAN_POINT('', (-152.30534247, 14.94209777, 200.27094854));
#2846 = CARTESIAN_POINT('', (-164.57464098, 16.23165301, 185.90016478));
#2847 = CARTESIAN_POINT('', (-166.15418678, 16.39766996, 180.));
#2848 = B_SPLINE_CURVE_WITH_KNOTS('', 2, (#2843, #2844, #2845, #2846, #2847), .UNSPECIFIED., .F., .F., (3, 1, 1, 3), (-1., -0.42664954, -0.13845353, -0.), .UNSPECIFIED.);
#2849 = DIRECTION('', (-0.16618909, 0.9860939, 0.));
#2850 = VECTOR('', #2849, 1.);
#2851 = CARTESIAN_POINT('', (-166.15418678, 16.39766996, 180.));
#2852 = LINE('', #2851, #2850);
#2853 = DIRECTION('', (0.55637641, -0.83093037, 0.));
#2854 = VECTOR('', #2853, 1.);
#2855 = CARTESIAN_POINT('', (-104.36273256, 9.90312642, 240.));
#2856 = LINE('', #2855, #2854);
#2857 = CARTESIAN_POINT('', (-99.75656754, 3.02396631, 240.));
#2858 = CARTESIAN_POINT('', (-119.86350627, 5.13729073, 225.20020178));
#2859 = CARTESIAN_POINT('', (-147.69917745, 8.06293766, 200.27094854));
#2860 = CARTESIAN_POINT('', (-159.96847596, 9.3524929, 185.90016478));
#2861 = CARTESIAN_POINT('', (-161.54802176, 9.51850985, 180.));
#2862 = B_SPLINE_CURVE_WITH_KNOTS('', 2, (#2857, #2858, #2859, #2860, #2861), .UNSPECIFIED., .F., .F., (3, 1, 1, 3), (-1., -0.42664954, -0.13845353, -0.), .UNSPECIFIED.);
#2863 = DIRECTION('', (-0.55637641, 0.83093037, 0.));
#2864 = VECTOR('', #2863, 1.);
#2865 = CARTESIAN_POINT('', (-161.54802176, 9.51850985, 180.));
#2866 = LINE('', #2865, #2864);
#2867 = DIRECTION('', (0.41786267, -0.9085102, 0.));
#2868 = VECTOR('', #2867, 1.);
#2869 = CARTESIAN_POINT('', (-99.75656754, 3.02396631, 240.));
#2870 = LINE('', #2869, #2868);
#2871 = CARTESIAN_POINT('', (-95.63555116, -5.93588018, 240.));
#2872 = CARTESIAN_POINT('', (-115.7424899, -3.82255576, 225.20020178));
#2873 = CARTESIAN_POINT('', (-143.57816108, -0.89690882, 200.27094854));
#2874 = CARTESIAN_POINT('', (-155.84745958, 0.39264641, 185.90016478));
#2875 = CARTESIAN_POINT('', (-157.42700538, 0.55866337, 180.));
#2876 = B_SPLINE_CURVE_WITH_KNOTS('', 2, (#2871, #2872, #2873, #2874, #2875), .UNSPECIFIED., .F., .F., (3, 1, 1, 3), (-1., -0.42664954, -0.13845353, -0.), .UNSPECIFIED.);
#2877 = DIRECTION('', (-0.41786267, 0.9085102, 0.));
#2878 = VECTOR('', #2877, 1.);
#2879 = CARTESIAN_POINT('', (-157.42700538, 0.55866337, 180.));
#2880 = LINE('', #2879, #2878);
#2881 = DIRECTION('', (-0.03482671, -0.99939337, 0.));
#2882 = VECTOR('', #2881, 1.);
#2883 = CARTESIAN_POINT('', (-95.63555116, -5.93588018, 240.));
#2884 = LINE('', #2883, #2882);
#2885 = CARTESIAN_POINT('', (-95.82058439, -11.24562628, 240.));
#2886 = CARTESIAN_POINT('', (-115.92752313, -9.13230186, 225.20020178));
#2887 = CARTESIAN_POINT('', (-143.76319431, -6.20665493, 200.27094854));
#2888 = CARTESIAN_POINT('', (-156.03249281, -4.91709969, 185.90016478));
#2889 = CARTESIAN_POINT('', (-157.61203862, -4.75108274, 180.));
#2890 = B_SPLINE_CURVE_WITH_KNOTS('', 2, (#2885, #2886, #2887, #2888, #2889), .UNSPECIFIED., .F., .F., (3, 1, 1, 3), (-1., -0.42664954, -0.13845353, -0.), .UNSPECIFIED.);
#2891 = DIRECTION('', (0.03482671, 0.99939337, 0.));
#2892 = VECTOR('', #2891, 1.);
#2893 = CARTESIAN_POINT('', (-157.61203862, -4.75108274, 180.));
#2894 = LINE('', #2893, #2892);
#2895 = DIRECTION('', (-0.69557158, -0.71845681, 0.));
#2896 = VECTOR('', #2895, 1.);
#2897 = CARTESIAN_POINT('', (-95.82058439, -11.24562628, 240.));
#2898 = LINE('', #2897, #2896);
#2899 = CARTESIAN_POINT('', (-98.63033895, -14.14782551, 240.));
#2900 = CARTESIAN_POINT('', (-118.73727768, -12.03450109, 225.20020178));
#2901 = CARTESIAN_POINT('', (-146.57294887, -9.10885415, 200.27094854));
#2902 = CARTESIAN_POINT('', (-158.84224737, -7.81929892, 185.90016478));
#2903 = CARTESIAN_POINT('', (-160.42179317, -7.65328196, 180.));
#2904 = B_SPLINE_CURVE_WITH_KNOTS('', 2, (#2899, #2900, #2901, #2902, #2903), .UNSPECIFIED., .F., .F., (3, 1, 1, 3), (-1., -0.42664954, -0.13845353, -0.), .UNSPECIFIED.);
#2905 = DIRECTION('', (0.69557158, 0.71845681, 0.));
#2906 = VECTOR('', #2905, 1.);
#2907 = CARTESIAN_POINT('', (-160.42179317, -7.65328196, 180.));
#2908 = LINE('', #2907, #2906);
#2909 = DIRECTION('', (-0.84535356, -0.53420722, 0.));
#2910 = VECTOR('', #2909, 1.);
#2911 = CARTESIAN_POINT('', (-98.63033895, -14.14782551, 240.));
#2912 = LINE('', #2911, #2910);
#2913 = CARTESIAN_POINT('', (-100.7995063, -15.518595, 240.));
#2914 = CARTESIAN_POINT('', (-120.90644504, -13.40527058, 225.20020178));
#2915 = CARTESIAN_POINT('', (-148.74211622, -10.47962364, 200.27094854));
#2916 = CARTESIAN_POINT('', (-161.01141472, -9.19006841, 185.90016478));
#2917 = CARTESIAN_POINT('', (-162.59096052, -9.02405145, 180.));
#2918 = B_SPLINE_CURVE_WITH_KNOTS('', 2, (#2913, #2914, #2915, #2916, #2917), .UNSPECIFIED., .F., .F., (3, 1, 1, 3), (-1., -0.42664954, -0.13845353, -0.), .UNSPECIFIED.);
#2919 = DIRECTION('', (0.84535356, 0.53420722, 0.));
#2920 = VECTOR('', #2919, 1.);
#2921 = CARTESIAN_POINT('', (-162.59096052, -9.02405145, 180.));
#2922 = LINE('', #2921, #2920);
#2923 = DIRECTION('', (-0.94863358, -0.31637688, 0.));
#2924 = VECTOR('', #2923, 1.);
#2925 = CARTESIAN_POINT('', (-100.7995063, -15.518595, 240.));
#2926 = LINE('', #2925, #2924);
#2927 = CARTESIAN_POINT('', (-102.01451892, -15.92381141, 240.));
#2928 = CARTESIAN_POINT('', (-122.12145765, -13.81048699, 225.20020178));
#2929 = CARTESIAN_POINT('', (-149.95712884, -10.88484006, 200.27094854));
#2930 = CARTESIAN_POINT('', (-162.22642734, -9.59528482, 185.90016478));
#2931 = CARTESIAN_POINT('', (-163.80597314, -9.42926787, 180.));
#2932 = B_SPLINE_CURVE_WITH_KNOTS('', 2, (#2927, #2928, #2929, #2930, #2931), .UNSPECIFIED., .F., .F., (3, 1, 1, 3), (-1., -0.42664954, -0.13845353, -0.), .UNSPECIFIED.);
#2933 = DIRECTION('', (0.94863358, 0.31637688, 0.));
#2934 = VECTOR('', #2933, 1.);
#2935 = CARTESIAN_POINT('', (-163.80597314, -9.42926787, 180.));
#2936 = LINE('', #2935, #2934);
#2937 = DIRECTION('', (-0.86626418, -0.49958619, 0.));
#2938 = VECTOR('', #2937, 1.);
#2939 = CARTESIAN_POINT('', (-16.37977541, -101.94230131, 240.));
#2940 = LINE('', #2939, #2938);
#2941 = CARTESIAN_POINT('', (-19.5021291, -103.74300464, 240.));
#2942 = CARTESIAN_POINT('', (-27.72540583, -122.21278659, 225.20020178));
#2943 = CARTESIAN_POINT('', (-39.10955686, -147.78200843, 200.27094854));
#2944 = CARTESIAN_POINT('', (-44.12741851, -159.05231024, 185.90016478));
#2945 = CARTESIAN_POINT('', (-44.77341651, -160.50324551, 180.));
#2946 = B_SPLINE_CURVE_WITH_KNOTS('', 2, (#2941, #2942, #2943, #2944, #2945), .UNSPECIFIED., .F., .F., (3, 1, 1, 3), (-1., -0.42664954, -0.13845353, -0.), .UNSPECIFIED.);
#2947 = DIRECTION('', (0.86626418, 0.49958619, 0.));
#2948 = VECTOR('', #2947, 1.);
#2949 = CARTESIAN_POINT('', (-44.77341651, -160.50324551, 180.));
#2950 = LINE('', #2949, #2948);
#2951 = DIRECTION('', (-0.98374086, -0.17959374, 0.));
#2952 = VECTOR('', #2951, 1.);
#2953 = CARTESIAN_POINT('', (-19.5021291, -103.74300464, 240.));
#2954 = LINE('', #2953, #2952);
#2955 = CARTESIAN_POINT('', (-23.29104238, -104.43471639, 240.));
#2956 = CARTESIAN_POINT('', (-31.51431911, -122.90449834, 225.20020178));
#2957 = CARTESIAN_POINT('', (-42.89847014, -148.47372018, 200.27094854));
#2958 = CARTESIAN_POINT('', (-47.91633179, -159.74402199, 185.90016478));
#2959 = CARTESIAN_POINT('', (-48.56232979, -161.19495726, 180.));
#2960 = B_SPLINE_CURVE_WITH_KNOTS('', 2, (#2955, #2956, #2957, #2958, #2959), .UNSPECIFIED., .F., .F., (3, 1, 1, 3), (-1., -0.42664954, -0.13845353, -0.), .UNSPECIFIED.);
#2961 = DIRECTION('', (0.98374086, 0.17959374, 0.));
#2962 = VECTOR('', #2961, 1.);
#2963 = CARTESIAN_POINT('', (-48.56232979, -161.19495726, 180.));
#2964 = LINE('', #2963, #2962);
#2965 = DIRECTION('', (-0.99922309, -0.03941084, 0.));
#2966 = VECTOR('', #2965, 1.);
#2967 = CARTESIAN_POINT('', (-23.29104238, -104.43471639, 240.));
#2968 = LINE('', #2967, #2966);
#2969 = CARTESIAN_POINT('', (-32.14894988, -104.78408537, 240.));
#2970 = CARTESIAN_POINT('', (-40.37222661, -123.25386731, 225.20020178));
#2971 = CARTESIAN_POINT('', (-51.75637764, -148.82308916, 200.27094854));
#2972 = CARTESIAN_POINT('', (-56.7742393, -160.09339096, 185.90016478));
#2973 = CARTESIAN_POINT('', (-57.4202373, -161.54432623, 180.));
#2974 = B_SPLINE_CURVE_WITH_KNOTS('', 2, (#2969, #2970, #2971, #2972, #2973), .UNSPECIFIED., .F., .F., (3, 1, 1, 3), (-1., -0.42664954, -0.13845353, -0.), .UNSPECIFIED.);
#2975 = DIRECTION('', (0.99922309, 0.03941084, 0.));
#2976 = VECTOR('', #2975, 1.);
#2977 = CARTESIAN_POINT('', (-57.4202373, -161.54432623, 180.));
#2978 = LINE('', #2977, #2976);
#2979 = DIRECTION('', (-0.96532095, 0.261066, 0.));
#2980 = VECTOR('', #2979, 1.);
#2981 = CARTESIAN_POINT('', (-32.14894988, -104.78408537, 240.));
#2982 = LINE('', #2981, #2980);
#2983 = CARTESIAN_POINT('', (-45.09415183, -101.28312331, 240.));
#2984 = CARTESIAN_POINT('', (-53.31742857, -119.75290525, 225.20020178));
#2985 = CARTESIAN_POINT('', (-64.70157959, -145.3221271, 200.27094854));
#2986 = CARTESIAN_POINT('', (-69.71944125, -156.5924289, 185.90016478));
#2987 = CARTESIAN_POINT('', (-70.36543925, -158.04336417, 180.));
#2988 = B_SPLINE_CURVE_WITH_KNOTS('', 2, (#2983, #2984, #2985, #2986, #2987), .UNSPECIFIED., .F., .F., (3, 1, 1, 3), (-1., -0.42664954, -0.13845353, -0.), .UNSPECIFIED.);
#2989 = DIRECTION('', (0.96532095, -0.261066, 0.));
#2990 = VECTOR('', #2989, 1.);
#2991 = CARTESIAN_POINT('', (-70.36543925, -158.04336417, 180.));
#2992 = LINE('', #2991, #2990);
#2993 = DIRECTION('', (-0.90237836, 0.43094466, 0.));
#2994 = VECTOR('', #2993, 1.);
#2995 = CARTESIAN_POINT('', (-45.09415183, -101.28312331, 240.));
#2996 = LINE('', #2995, #2994);
#2997 = CARTESIAN_POINT('', (-52.27061005, -97.85589536, 240.));
#2998 = CARTESIAN_POINT('', (-60.49388679, -116.3256773, 225.20020178));
#2999 = CARTESIAN_POINT('', (-71.87803781, -141.89489915, 200.27094854));
#3000 = CARTESIAN_POINT('', (-76.89589947, -153.16520095, 185.90016478));
#3001 = CARTESIAN_POINT('', (-77.54189747, -154.61613622, 180.));
#3002 = B_SPLINE_CURVE_WITH_KNOTS('', 2, (#2997, #2998, #2999, #3000, #3001), .UNSPECIFIED., .F., .F., (3, 1, 1, 3), (-1., -0.42664954, -0.13845353, -0.), .UNSPECIFIED.);
#3003 = DIRECTION('', (0.90237836, -0.43094466, 0.));
#3004 = VECTOR('', #3003, 1.);
#3005 = CARTESIAN_POINT('', (-77.54189747, -154.61613622, 180.));
#3006 = LINE('', #3005, #3004);
#3007 = DIRECTION('', (-0.84134614, 0.54049669, 0.));
#3008 = VECTOR('', #3007, 1.);
#3009 = CARTESIAN_POINT('', (-52.27061005, -97.85589536, 240.));
#3010 = LINE('', #3009, #3008);
#3011 = CARTESIAN_POINT('', (-59.03748447, -93.50872713, 240.));
#3012 = CARTESIAN_POINT('', (-67.26076121, -111.97850908, 225.20020178));
#3013 = CARTESIAN_POINT('', (-78.64491223, -137.54773092, 200.27094854));
#3014 = CARTESIAN_POINT('', (-83.66277389, -148.81803273, 185.90016478));
#3015 = CARTESIAN_POINT('', (-84.30877189, -150.268968, 180.));
#3016 = B_SPLINE_CURVE_WITH_KNOTS('', 2, (#3011, #3012, #3013, #3014, #3015), .UNSPECIFIED., .F., .F., (3, 1, 1, 3), (-1., -0.42664954, -0.13845353, -0.), .UNSPECIFIED.);
#3017 = DIRECTION('', (0.84134614, -0.54049669, 0.));
#3018 = VECTOR('', #3017, 1.);
#3019 = CARTESIAN_POINT('', (-84.30877189, -150.268968, 180.));
#3020 = LINE('', #3019, #3018);
#3021 = DIRECTION('', (-0.79339867, 0.60870235, 0.));
#3022 = VECTOR('', #3021, 1.);
#3023 = CARTESIAN_POINT('', (-59.03748447, -93.50872713, 240.));
#3024 = LINE('', #3023, #3022);
#3025 = CARTESIAN_POINT('', (-63.36190639, -90.1909931, 240.));
#3026 = CARTESIAN_POINT('', (-71.58518312, -108.66077505, 225.20020178));
#3027 = CARTESIAN_POINT('', (-82.96933415, -134.22999689, 200.27094854));
#3028 = CARTESIAN_POINT('', (-87.98719581, -145.5002987, 185.90016478));
#3029 = CARTESIAN_POINT('', (-88.63319381, -146.95123397, 180.));
#3030 = B_SPLINE_CURVE_WITH_KNOTS('', 2, (#3025, #3026, #3027, #3028, #3029), .UNSPECIFIED., .F., .F., (3, 1, 1, 3), (-1., -0.42664954, -0.13845353, -0.), .UNSPECIFIED.);
#3031 = DIRECTION('', (0.79339867, -0.60870235, 0.));
#3032 = VECTOR('', #3031, 1.);
#3033 = CARTESIAN_POINT('', (-88.63319381, -146.95123397, 180.));
#3034 = LINE('', #3033, #3032);
#3035 = DIRECTION('', (-0.77004304, 0.63799195, 0.));
#3036 = VECTOR('', #3035, 1.);
#3037 = CARTESIAN_POINT('', (-63.36190639, -90.1909931, 240.));
#3038 = LINE('', #3037, #3036);
#3039 = CARTESIAN_POINT('', (-67.60010014, -86.67958743, 240.));
#3040 = CARTESIAN_POINT('', (-75.82337687, -105.14936938, 225.20020178));
#3041 = CARTESIAN_POINT('', (-87.2075279, -130.71859122, 200.27094854));
#3042 = CARTESIAN_POINT('', (-92.22538955, -141.98889303, 185.90016478));
#3043 = CARTESIAN_POINT('', (-92.87138756, -143.4398283, 180.));
#3044 = B_SPLINE_CURVE_WITH_KNOTS('', 2, (#3039, #3040, #3041, #3042, #3043), .UNSPECIFIED., .F., .F., (3, 1, 1, 3), (-1., -0.42664954, -0.13845353, -0.), .UNSPECIFIED.);
#3045 = DIRECTION('', (0.77004304, -0.63799195, 0.));
#3046 = VECTOR('', #3045, 1.);
#3047 = CARTESIAN_POINT('', (-92.87138756, -143.4398283, 180.));
#3048 = LINE('', #3047, #3046);
#3049 = DIRECTION('', (0.87461425, -0.48481946, 0.));
#3050 = VECTOR('', #3049, 1.);
#3051 = CARTESIAN_POINT('', (-67.60010014, -86.67958743, 240.));
#3052 = LINE('', #3051, #3050);
#3053 = CARTESIAN_POINT('', (-63.87756669, -88.74307617, 240.));
#3054 = CARTESIAN_POINT('', (-72.10084343, -107.21285811, 225.20020178));
#3055 = CARTESIAN_POINT('', (-83.48499445, -132.78207996, 200.27094854));
#3056 = CARTESIAN_POINT('', (-88.50285611, -144.05238176, 185.90016478));
#3057 = CARTESIAN_POINT('', (-89.14885411, -145.50331703, 180.));
#3058 = B_SPLINE_CURVE_WITH_KNOTS('', 2, (#3053, #3054, #3055, #3056, #3057), .UNSPECIFIED., .F., .F., (3, 1, 1, 3), (-1., -0.42664954, -0.13845353, -0.), .UNSPECIFIED.);
#3059 = DIRECTION('', (-0.87461425, 0.48481946, 0.));
#3060 = VECTOR('', #3059, 1.);
#3061 = CARTESIAN_POINT('', (-89.14885411, -145.50331703, 180.));
#3062 = LINE('', #3061, #3060);
#3063 = DIRECTION('', (0.90764232, -0.41974446, 0.));
#3064 = VECTOR('', #3063, 1.);
#3065 = CARTESIAN_POINT('', (-63.87756669, -88.74307617, 240.));
#3066 = LINE('', #3065, #3064);
#3067 = CARTESIAN_POINT('', (-57.14217348, -91.85789788, 240.));
#3068 = CARTESIAN_POINT('', (-65.36545021, -110.32767982, 225.20020178));
#3069 = CARTESIAN_POINT('', (-76.74960124, -135.89690167, 200.27094854));
#3070 = CARTESIAN_POINT('', (-81.7674629, -147.16720347, 185.90016478));
#3071 = CARTESIAN_POINT('', (-82.4134609, -148.61813874, 180.));
#3072 = B_SPLINE_CURVE_WITH_KNOTS('', 2, (#3067, #3068, #3069, #3070, #3071), .UNSPECIFIED., .F., .F., (3, 1, 1, 3), (-1., -0.42664954, -0.13845353, -0.), .UNSPECIFIED.);
#3073 = DIRECTION('', (-0.90764232, 0.41974446, 0.));
#3074 = VECTOR('', #3073, 1.);
#3075 = CARTESIAN_POINT('', (-82.4134609, -148.61813874, 180.));
#3076 = LINE('', #3075, #3074);
#3077 = DIRECTION('', (0.92580404, -0.37800382, 0.));
#3078 = VECTOR('', #3077, 1.);
#3079 = CARTESIAN_POINT('', (-57.14217348, -91.85789788, 240.));
#3080 = LINE('', #3079, #3078);
#3081 = CARTESIAN_POINT('', (-49.28752279, -95.06493506, 240.));
#3082 = CARTESIAN_POINT('', (-57.51079952, -113.53471701, 225.20020178));
#3083 = CARTESIAN_POINT('', (-68.89495055, -139.10393885, 200.27094854));
#3084 = CARTESIAN_POINT('', (-73.9128122, -150.37424066, 185.90016478));
#3085 = CARTESIAN_POINT('', (-74.55881021, -151.82517593, 180.));
#3086 = B_SPLINE_CURVE_WITH_KNOTS('', 2, (#3081, #3082, #3083, #3084, #3085), .UNSPECIFIED., .F., .F., (3, 1, 1, 3), (-1., -0.42664954, -0.13845353, -0.), .UNSPECIFIED.);
#3087 = DIRECTION('', (-0.92580404, 0.37800382, 0.));
#3088 = VECTOR('', #3087, 1.);
#3089 = CARTESIAN_POINT('', (-74.55881021, -151.82517593, 180.));
#3090 = LINE('', #3089, #3088);
#3091 = DIRECTION('', (0.98918628, -0.14666456, 0.));
#3092 = VECTOR('', #3091, 1.);
#3093 = CARTESIAN_POINT('', (-49.28752279, -95.06493506, 240.));
#3094 = LINE('', #3093, #3092);
#3095 = CARTESIAN_POINT('', (-41.66829085, -96.19462249, 240.));
#3096 = CARTESIAN_POINT('', (-49.89156759, -114.66440444, 225.20020178));
#3097 = CARTESIAN_POINT('', (-61.27571861, -140.23362628, 200.27094854));
#3098 = CARTESIAN_POINT('', (-66.29358027, -151.50392809, 185.90016478));
#3099 = CARTESIAN_POINT('', (-66.93957827, -152.95486336, 180.));
#3100 = B_SPLINE_CURVE_WITH_KNOTS('', 2, (#3095, #3096, #3097, #3098, #3099), .UNSPECIFIED., .F., .F., (3, 1, 1, 3), (-1., -0.42664954, -0.13845353, -0.), .UNSPECIFIED.);
#3101 = DIRECTION('', (-0.98918628, 0.14666456, 0.));
#3102 = VECTOR('', #3101, 1.);
#3103 = CARTESIAN_POINT('', (-66.93957827, -152.95486336, 180.));
#3104 = LINE('', #3103, #3102);
#3105 = DIRECTION('', (0.96219151, 0.27237381, 0.));
#3106 = VECTOR('', #3105, 1.);
#3107 = CARTESIAN_POINT('', (-41.66829085, -96.19462249, 240.));
#3108 = LINE('', #3107, #3106);
#3109 = CARTESIAN_POINT('', (-33.70243753, -93.93967662, 240.));
#3110 = CARTESIAN_POINT('', (-41.92571427, -112.40945857, 225.20020178));
#3111 = CARTESIAN_POINT('', (-53.30986529, -137.97868041, 200.27094854));
#3112 = CARTESIAN_POINT('', (-58.32772695, -149.24898222, 185.90016478));
#3113 = CARTESIAN_POINT('', (-58.97372495, -150.69991748, 180.));
#3114 = B_SPLINE_CURVE_WITH_KNOTS('', 2, (#3109, #3110, #3111, #3112, #3113), .UNSPECIFIED., .F., .F., (3, 1, 1, 3), (-1., -0.42664954, -0.13845353, -0.), .UNSPECIFIED.);
#3115 = DIRECTION('', (-0.96219151, -0.27237381, 0.));
#3116 = VECTOR('', #3115, 1.);
#3117 = CARTESIAN_POINT('', (-58.97372495, -150.69991748, 180.));
#3118 = LINE('', #3117, #3116);
#3119 = DIRECTION('', (0.99317121, 0.11666593, 0.));
#3120 = VECTOR('', #3119, 1.);
#3121 = CARTESIAN_POINT('', (-33.70243753, -93.93967662, 240.));
#3122 = LINE('', #3121, #3120);
#3123 = CARTESIAN_POINT('', (-23.90765305, -92.78910197, 240.));
#3124 = CARTESIAN_POINT('', (-32.13092979, -111.25888392, 225.20020178));
#3125 = CARTESIAN_POINT('', (-43.51508081, -136.82810576, 200.27094854));
#3126 = CARTESIAN_POINT('', (-48.53294247, -148.09840757, 185.90016478));
#3127 = CARTESIAN_POINT('', (-49.17894047, -149.54934284, 180.));
#3128 = B_SPLINE_CURVE_WITH_KNOTS('', 2, (#3123, #3124, #3125, #3126, #3127), .UNSPECIFIED., .F., .F., (3, 1, 1, 3), (-1., -0.42664954, -0.13845353, -0.), .UNSPECIFIED.);
#3129 = DIRECTION('', (-0.99317121, -0.11666593, 0.));
#3130 = VECTOR('', #3129, 1.);
#3131 = CARTESIAN_POINT('', (-49.17894047, -149.54934284, 180.));
#3132 = LINE('', #3131, #3130);
#3133 = DIRECTION('', (0.93971753, -0.3419517, 0.));
#3134 = VECTOR('', #3133, 1.);
#3135 = CARTESIAN_POINT('', (-23.90765305, -92.78910197, 240.));
#3136 = LINE('', #3135, #3134);
#3137 = CARTESIAN_POINT('', (-18.91496283, -94.60588082, 240.));
#3138 = CARTESIAN_POINT('', (-27.13823957, -113.07566276, 225.20020178));
#3139 = CARTESIAN_POINT('', (-38.52239059, -138.64488461, 200.27094854));
#3140 = CARTESIAN_POINT('', (-43.54025225, -149.91518641, 185.90016478));
#3141 = CARTESIAN_POINT('', (-44.18625025, -151.36612168, 180.));
#3142 = B_SPLINE_CURVE_WITH_KNOTS('', 2, (#3137, #3138, #3139, #3140, #3141), .UNSPECIFIED., .F., .F., (3, 1, 1, 3), (-1., -0.42664954, -0.13845353, -0.), .UNSPECIFIED.);
#3143 = DIRECTION('', (-0.93971753, 0.3419517, 0.));
#3144 = VECTOR('', #3143, 1.);
#3145 = CARTESIAN_POINT('', (-44.18625025, -151.36612168, 180.));
#3146 = LINE('', #3145, #3144);
#3147 = DIRECTION('', (0.46834959, -0.88354324, 0.));
#3148 = VECTOR('', #3147, 1.);
#3149 = CARTESIAN_POINT('', (-18.91496283, -94.60588082, 240.));
#3150 = LINE('', #3149, #3148);
#3151 = CARTESIAN_POINT('', (-17.02306926, -98.17494508, 240.));
#3152 = CARTESIAN_POINT('', (-25.24634599, -116.64472702, 225.20020178));
#3153 = CARTESIAN_POINT('', (-36.63049702, -142.21394887, 200.27094854));
#3154 = CARTESIAN_POINT('', (-41.64835867, -153.48425067, 185.90016478));
#3155 = CARTESIAN_POINT('', (-42.29435667, -154.93518594, 180.));
#3156 = B_SPLINE_CURVE_WITH_KNOTS('', 2, (#3151, #3152, #3153, #3154, #3155), .UNSPECIFIED., .F., .F., (3, 1, 1, 3), (-1., -0.42664954, -0.13845353, -0.), .UNSPECIFIED.);
#3157 = DIRECTION('', (-0.46834959, 0.88354324, 0.));
#3158 = VECTOR('', #3157, 1.);
#3159 = CARTESIAN_POINT('', (-42.29435667, -154.93518594, 180.));
#3160 = LINE('', #3159, #3158);
#3161 = DIRECTION('', (0.24683264, -0.96905812, 0.));
#3162 = VECTOR('', #3161, 1.);
#3163 = CARTESIAN_POINT('', (-17.02306926, -98.17494508, 240.));
#3164 = LINE('', #3163, #3162);
#3165 = CARTESIAN_POINT('', (-16.38969958, -100.66153689, 240.));
#3166 = CARTESIAN_POINT('', (-24.61297631, -119.13131884, 225.20020178));
#3167 = CARTESIAN_POINT('', (-35.99712734, -144.70054068, 200.27094854));
#3168 = CARTESIAN_POINT('', (-41.01498899, -155.97084249, 185.90016478));
#3169 = CARTESIAN_POINT('', (-41.660987, -157.42177775, 180.));
#3170 = B_SPLINE_CURVE_WITH_KNOTS('', 2, (#3165, #3166, #3167, #3168, #3169), .UNSPECIFIED., .F., .F., (3, 1, 1, 3), (-1., -0.42664954, -0.13845353, -0.), .UNSPECIFIED.);
#3171 = DIRECTION('', (-0.24683264, 0.96905812, 0.));
#3172 = VECTOR('', #3171, 1.);
#3173 = CARTESIAN_POINT('', (-41.660987, -157.42177775, 180.));
#3174 = LINE('', #3173, #3172);
#3175 = DIRECTION('', (0.0077484, -0.99996998, 0.));
#3176 = VECTOR('', #3175, 1.);
#3177 = CARTESIAN_POINT('', (-16.38969958, -100.66153689, 240.));
#3178 = LINE('', #3177, #3176);
#3179 = CARTESIAN_POINT('', (-16.37977541, -101.94230131, 240.));
#3180 = CARTESIAN_POINT('', (-24.60305215, -120.41208326, 225.20020178));
#3181 = CARTESIAN_POINT('', (-35.98720317, -145.9813051, 200.27094854));
#3182 = CARTESIAN_POINT('', (-41.00506483, -157.25160691, 185.90016478));
#3183 = CARTESIAN_POINT('', (-41.65106283, -158.70254218, 180.));
#3184 = B_SPLINE_CURVE_WITH_KNOTS('', 2, (#3179, #3180, #3181, #3182, #3183), .UNSPECIFIED., .F., .F., (3, 1, 1, 3), (-1., -0.42664954, -0.13845353, -0.), .UNSPECIFIED.);
#3185 = DIRECTION('', (-0.0077484, 0.99996998, 0.));
#3186 = VECTOR('', #3185, 1.);
#3187 = CARTESIAN_POINT('', (-41.65106283, -158.70254218, 180.));
#3188 = LINE('', #3187, #3186);
#3189 = DIRECTION('', (0.20744435, -0.97824682, 0.));
#3190 = VECTOR('', #3189, 1.);
#3191 = CARTESIAN_POINT('', (91.89126099, -47.07999569, 240.));
#3192 = LINE('', #3191, #3190);
#3193 = CARTESIAN_POINT('', (92.63897127, -50.60597844, 240.));
#3194 = CARTESIAN_POINT('', (107.66364548, -64.13425587, 225.20020178));
#3195 = CARTESIAN_POINT('', (128.4635244, -82.86255096, 200.27094854));
#3196 = CARTESIAN_POINT('', (137.63161384, -91.11753578, 185.90016478));
#3197 = CARTESIAN_POINT('', (138.81191093, -92.18028005, 180.));
#3198 = B_SPLINE_CURVE_WITH_KNOTS('', 2, (#3193, #3194, #3195, #3196, #3197), .UNSPECIFIED., .F., .F., (3, 1, 1, 3), (-1., -0.42664954, -0.13845353, -0.), .UNSPECIFIED.);
#3199 = DIRECTION('', (-0.20744435, 0.97824682, 0.));
#3200 = VECTOR('', #3199, 1.);
#3201 = CARTESIAN_POINT('', (138.81191093, -92.18028005, 180.));
#3202 = LINE('', #3201, #3200);
#3203 = DIRECTION('', (-0.13318885, -0.99109068, 0.));
#3204 = VECTOR('', #3203, 1.);
#3205 = CARTESIAN_POINT('', (92.63897127, -50.60597844, 240.));
#3206 = LINE('', #3205, #3204);
#3207 = CARTESIAN_POINT('', (92.12598964, -54.42319979, 240.));
#3208 = CARTESIAN_POINT('', (107.15066386, -67.95147722, 225.20020178));
#3209 = CARTESIAN_POINT('', (127.95054277, -86.67977232, 200.27094854));
#3210 = CARTESIAN_POINT('', (137.11863222, -94.93475713, 185.90016478));
#3211 = CARTESIAN_POINT('', (138.2989293, -95.9975014, 180.));
#3212 = B_SPLINE_CURVE_WITH_KNOTS('', 2, (#3207, #3208, #3209, #3210, #3211), .UNSPECIFIED., .F., .F., (3, 1, 1, 3), (-1., -0.42664954, -0.13845353, -0.), .UNSPECIFIED.);
#3213 = DIRECTION('', (0.13318885, 0.99109068, 0.));
#3214 = VECTOR('', #3213, 1.);
#3215 = CARTESIAN_POINT('', (138.2989293, -95.9975014, 180.));
#3216 = LINE('', #3215, #3214);
#3217 = DIRECTION('', (-0.27129498, -0.96249625, 0.));
#3218 = VECTOR('', #3217, 1.);
#3219 = CARTESIAN_POINT('', (92.12598964, -54.42319979, 240.));
#3220 = LINE('', #3219, #3218);
#3221 = CARTESIAN_POINT('', (89.72101533, -62.95553139, 240.));
#3222 = CARTESIAN_POINT('', (104.74568954, -76.48380882, 225.20020178));
#3223 = CARTESIAN_POINT('', (125.54556846, -95.21210392, 200.27094854));
#3224 = CARTESIAN_POINT('', (134.71365791, -103.46708873, 185.90016478));
#3225 = CARTESIAN_POINT('', (135.89395499, -104.529833, 180.));
#3226 = B_SPLINE_CURVE_WITH_KNOTS('', 2, (#3221, #3222, #3223, #3224, #3225), .UNSPECIFIED., .F., .F., (3, 1, 1, 3), (-1., -0.42664954, -0.13845353, -0.), .UNSPECIFIED.);
#3227 = DIRECTION('', (0.27129498, 0.96249625, 0.));
#3228 = VECTOR('', #3227, 1.);
#3229 = CARTESIAN_POINT('', (135.89395499, -104.529833, 180.));
#3230 = LINE('', #3229, #3228);
#3231 = DIRECTION('', (-0.5465891, -0.83740096, 0.));
#3232 = VECTOR('', #3231, 1.);
#3233 = CARTESIAN_POINT('', (89.72101533, -62.95553139, 240.));
#3234 = LINE('', #3233, #3232);
#3235 = CARTESIAN_POINT('', (82.39111515, -74.18529329, 240.));
#3236 = CARTESIAN_POINT('', (97.41578936, -87.71357072, 225.20020178));
#3237 = CARTESIAN_POINT('', (118.21566828, -106.44186582, 200.27094854));
#3238 = CARTESIAN_POINT('', (127.38375773, -114.69685064, 185.90016478));
#3239 = CARTESIAN_POINT('', (128.56405481, -115.7595949, 180.));
#3240 = B_SPLINE_CURVE_WITH_KNOTS('', 2, (#3235, #3236, #3237, #3238, #3239), .UNSPECIFIED., .F., .F., (3, 1, 1, 3), (-1., -0.42664954, -0.13845353, -0.), .UNSPECIFIED.);
#3241 = DIRECTION('', (0.5465891, 0.83740096, 0.));
#3242 = VECTOR('', #3241, 1.);
#3243 = CARTESIAN_POINT('', (128.56405481, -115.7595949, 180.));
#3244 = LINE('', #3243, #3242);
#3245 = DIRECTION('', (-0.68870297, -0.7250436, 0.));
#3246 = VECTOR('', #3245, 1.);
#3247 = CARTESIAN_POINT('', (82.39111515, -74.18529329, 240.));
#3248 = LINE('', #3247, #3246);
#3249 = CARTESIAN_POINT('', (76.91398012, -79.95143897, 240.));
#3250 = CARTESIAN_POINT('', (91.93865434, -93.4797164, 225.20020178));
#3251 = CARTESIAN_POINT('', (112.73853326, -112.20801149, 200.27094854));
#3252 = CARTESIAN_POINT('', (121.9066227, -120.46299631, 185.90016478));
#3253 = CARTESIAN_POINT('', (123.08691978, -121.52574057, 180.));
#3254 = B_SPLINE_CURVE_WITH_KNOTS('', 2, (#3249, #3250, #3251, #3252, #3253), .UNSPECIFIED., .F., .F., (3, 1, 1, 3), (-1., -0.42664954, -0.13845353, -0.), .UNSPECIFIED.);
#3255 = DIRECTION('', (0.68870297, 0.7250436, 0.));
#3256 = VECTOR('', #3255, 1.);
#3257 = CARTESIAN_POINT('', (123.08691978, -121.52574057, 180.));
#3258 = LINE('', #3257, #3256);
#3259 = DIRECTION('', (-0.77403315, -0.63314507, 0.));
#3260 = VECTOR('', #3259, 1.);
#3261 = CARTESIAN_POINT('', (76.91398012, -79.95143897, 240.));
#3262 = LINE('', #3261, #3260);
#3263 = CARTESIAN_POINT('', (70.68849826, -85.04377012, 240.));
#3264 = CARTESIAN_POINT('', (85.71317248, -98.57204755, 225.20020178));
#3265 = CARTESIAN_POINT('', (106.51305139, -117.30034265, 200.27094854));
#3266 = CARTESIAN_POINT('', (115.68114084, -125.55532746, 185.90016478));
#3267 = CARTESIAN_POINT('', (116.86143792, -126.61807173, 180.));
#3268 = B_SPLINE_CURVE_WITH_KNOTS('', 2, (#3263, #3264, #3265, #3266, #3267), .UNSPECIFIED., .F., .F., (3, 1, 1, 3), (-1., -0.42664954, -0.13845353, -0.), .UNSPECIFIED.);
#3269 = DIRECTION('', (0.77403315, 0.63314507, 0.));
#3270 = VECTOR('', #3269, 1.);
#3271 = CARTESIAN_POINT('', (116.86143792, -126.61807173, 180.));
#3272 = LINE('', #3271, #3270);
#3273 = DIRECTION('', (-0.82408401, -0.56646761, 0.));
#3274 = VECTOR('', #3273, 1.);
#3275 = CARTESIAN_POINT('', (70.68849826, -85.04377012, 240.));
#3276 = LINE('', #3275, #3274);
#3277 = CARTESIAN_POINT('', (66.19682583, -88.13130357, 240.));
#3278 = CARTESIAN_POINT('', (81.22150005, -101.65958099, 225.20020178));
#3279 = CARTESIAN_POINT('', (102.02137896, -120.38787609, 200.27094854));
#3280 = CARTESIAN_POINT('', (111.18946841, -128.64286091, 185.90016478));
#3281 = CARTESIAN_POINT('', (112.36976549, -129.70560517, 180.));
#3282 = B_SPLINE_CURVE_WITH_KNOTS('', 2, (#3277, #3278, #3279, #3280, #3281), .UNSPECIFIED., .F., .F., (3, 1, 1, 3), (-1., -0.42664954, -0.13845353, -0.), .UNSPECIFIED.);
#3283 = DIRECTION('', (0.82408401, 0.56646761, 0.));
#3284 = VECTOR('', #3283, 1.);
#3285 = CARTESIAN_POINT('', (112.36976549, -129.70560517, 180.));
#3286 = LINE('', #3285, #3284);
#3287 = DIRECTION('', (-0.84472278, -0.53520409, 0.));
#3288 = VECTOR('', #3287, 1.);
#3289 = CARTESIAN_POINT('', (66.19682583, -88.13130357, 240.));
#3290 = LINE('', #3289, #3288);
#3291 = CARTESIAN_POINT('', (61.5476067, -91.07698132, 240.));
#3292 = CARTESIAN_POINT('', (76.57228091, -104.60525875, 225.20020178));
#3293 = CARTESIAN_POINT('', (97.37215983, -123.33355384, 200.27094854));
#3294 = CARTESIAN_POINT('', (106.54024927, -131.58853866, 185.90016478));
#3295 = CARTESIAN_POINT('', (107.72054635, -132.65128293, 180.));
#3296 = B_SPLINE_CURVE_WITH_KNOTS('', 2, (#3291, #3292, #3293, #3294, #3295), .UNSPECIFIED., .F., .F., (3, 1, 1, 3), (-1., -0.42664954, -0.13845353, -0.), .UNSPECIFIED.);
#3297 = DIRECTION('', (0.84472278, 0.53520409, 0.));
#3298 = VECTOR('', #3297, 1.);
#3299 = CARTESIAN_POINT('', (107.72054635, -132.65128293, 180.));
#3300 = LINE('', #3299, #3298);
#3301 = DIRECTION('', (0.73136137, 0.68199013, 0.));
#3302 = VECTOR('', #3301, 1.);
#3303 = CARTESIAN_POINT('', (61.5476067, -91.07698132, 240.));
#3304 = LINE('', #3303, #3302);
#3305 = CARTESIAN_POINT('', (64.6604272, -88.17429472, 240.));
#3306 = CARTESIAN_POINT('', (79.68510141, -101.70257214, 225.20020178));
#3307 = CARTESIAN_POINT('', (100.48498033, -120.43086724, 200.27094854));
#3308 = CARTESIAN_POINT('', (109.65306978, -128.68585206, 185.90016478));
#3309 = CARTESIAN_POINT('', (110.83336686, -129.74859632, 180.));
#3310 = B_SPLINE_CURVE_WITH_KNOTS('', 2, (#3305, #3306, #3307, #3308, #3309), .UNSPECIFIED., .F., .F., (3, 1, 1, 3), (-1., -0.42664954, -0.13845353, -0.), .UNSPECIFIED.);
#3311 = DIRECTION('', (-0.73136137, -0.68199013, 0.));
#3312 = VECTOR('', #3311, 1.);
#3313 = CARTESIAN_POINT('', (110.83336686, -129.74859632, 180.));
#3314 = LINE('', #3313, #3312);
#3315 = DIRECTION('', (0.67967761, 0.73351097, 0.));
#3316 = VECTOR('', #3315, 1.);
#3317 = CARTESIAN_POINT('', (64.6604272, -88.17429472, 240.));
#3318 = LINE('', #3317, #3316);
#3319 = CARTESIAN_POINT('', (69.70414965, -82.73108795, 240.));
#3320 = CARTESIAN_POINT('', (84.72882386, -96.25936538, 225.20020178));
#3321 = CARTESIAN_POINT('', (105.52870278, -114.98766048, 200.27094854));
#3322 = CARTESIAN_POINT('', (114.69679223, -123.2426453, 185.90016478));
#3323 = CARTESIAN_POINT('', (115.87708931, -124.30538956, 180.));
#3324 = B_SPLINE_CURVE_WITH_KNOTS('', 2, (#3319, #3320, #3321, #3322, #3323), .UNSPECIFIED., .F., .F., (3, 1, 1, 3), (-1., -0.42664954, -0.13845353, -0.), .UNSPECIFIED.);
#3325 = DIRECTION('', (-0.67967761, -0.73351097, 0.));
#3326 = VECTOR('', #3325, 1.);
#3327 = CARTESIAN_POINT('', (115.87708931, -124.30538956, 180.));
#3328 = LINE('', #3327, #3326);
#3329 = DIRECTION('', (0.64559218, 0.76368236, 0.));
#3330 = VECTOR('', #3329, 1.);
#3331 = CARTESIAN_POINT('', (69.70414965, -82.73108795, 240.));
#3332 = LINE('', #3331, #3330);
#3333 = CARTESIAN_POINT('', (75.18144381, -76.25190022, 240.));
#3334 = CARTESIAN_POINT('', (90.20611803, -89.78017765, 225.20020178));
#3335 = CARTESIAN_POINT('', (111.00599694, -108.50847275, 200.27094854));
#3336 = CARTESIAN_POINT('', (120.17408639, -116.76345757, 185.90016478));
#3337 = CARTESIAN_POINT('', (121.35438347, -117.82620183, 180.));
#3338 = B_SPLINE_CURVE_WITH_KNOTS('', 2, (#3333, #3334, #3335, #3336, #3337), .UNSPECIFIED., .F., .F., (3, 1, 1, 3), (-1., -0.42664954, -0.13845353, -0.), .UNSPECIFIED.);
#3339 = DIRECTION('', (-0.64559218, -0.76368236, 0.));
#3340 = VECTOR('', #3339, 1.);
#3341 = CARTESIAN_POINT('', (121.35438347, -117.82620183, 180.));
#3342 = LINE('', #3341, #3340);
#3343 = DIRECTION('', (0.44516166, 0.89545022, 0.));
#3344 = VECTOR('', #3343, 1.);
#3345 = CARTESIAN_POINT('', (75.18144381, -76.25190022, 240.));
#3346 = LINE('', #3345, #3344);
#3347 = CARTESIAN_POINT('', (78.61031256, -69.35467266, 240.));
#3348 = CARTESIAN_POINT('', (93.63498677, -82.88295008, 225.20020178));
#3349 = CARTESIAN_POINT('', (114.43486569, -101.61124518, 200.27094854));
#3350 = CARTESIAN_POINT('', (123.60295513, -109.86623, 185.90016478));
#3351 = CARTESIAN_POINT('', (124.78325221, -110.92897426, 180.));
#3352 = B_SPLINE_CURVE_WITH_KNOTS('', 2, (#3347, #3348, #3349, #3350, #3351), .UNSPECIFIED., .F., .F., (3, 1, 1, 3), (-1., -0.42664954, -0.13845353, -0.), .UNSPECIFIED.);
#3353 = DIRECTION('', (-0.44516166, -0.89545022, 0.));
#3354 = VECTOR('', #3353, 1.);
#3355 = CARTESIAN_POINT('', (124.78325221, -110.92897426, 180.));
#3356 = LINE('', #3355, #3354);
#3357 = DIRECTION('', (0.03829065, 0.99926664, 0.));
#3358 = VECTOR('', #3357, 1.);
#3359 = CARTESIAN_POINT('', (78.61031256, -69.35467266, 240.));
#3360 = LINE('', #3359, #3358);
#3361 = CARTESIAN_POINT('', (78.92731564, -61.08187935, 240.));
#3362 = CARTESIAN_POINT('', (93.95198985, -74.61015678, 225.20020178));
#3363 = CARTESIAN_POINT('', (114.75186877, -93.33845188, 200.27094854));
#3364 = CARTESIAN_POINT('', (123.91995822, -101.59343669, 185.90016478));
#3365 = CARTESIAN_POINT('', (125.1002553, -102.65618096, 180.));
#3366 = B_SPLINE_CURVE_WITH_KNOTS('', 2, (#3361, #3362, #3363, #3364, #3365), .UNSPECIFIED., .F., .F., (3, 1, 1, 3), (-1., -0.42664954, -0.13845353, -0.), .UNSPECIFIED.);
#3367 = DIRECTION('', (-0.03829065, -0.99926664, 0.));
#3368 = VECTOR('', #3367, 1.);
#3369 = CARTESIAN_POINT('', (125.1002553, -102.65618096, 180.));
#3370 = LINE('', #3369, #3368);
#3371 = DIRECTION('', (0.19595089, 0.98061371, 0.));
#3372 = VECTOR('', #3371, 1.);
#3373 = CARTESIAN_POINT('', (78.92731564, -61.08187935, 240.));
#3374 = LINE('', #3373, #3372);
#3375 = CARTESIAN_POINT('', (80.85980898, -51.41093863, 240.));
#3376 = CARTESIAN_POINT('', (95.8844832, -64.93921606, 225.20020178));
#3377 = CARTESIAN_POINT('', (116.68436211, -83.66751115, 200.27094854));
#3378 = CARTESIAN_POINT('', (125.85245156, -91.92249597, 185.90016478));
#3379 = CARTESIAN_POINT('', (127.03274864, -92.98524023, 180.));
#3380 = B_SPLINE_CURVE_WITH_KNOTS('', 2, (#3375, #3376, #3377, #3378, #3379), .UNSPECIFIED., .F., .F., (3, 1, 1, 3), (-1., -0.42664954, -0.13845353, -0.), .UNSPECIFIED.);
#3381 = DIRECTION('', (-0.19595089, -0.98061371, 0.));
#3382 = VECTOR('', #3381, 1.);
#3383 = CARTESIAN_POINT('', (127.03274864, -92.98524023, 180.));
#3384 = LINE('', #3383, #3382);
#3385 = DIRECTION('', (0.61560408, 0.78805559, 0.));
#3386 = VECTOR('', #3385, 1.);
#3387 = CARTESIAN_POINT('', (80.85980898, -51.41093863, 240.));
#3388 = LINE('', #3387, #3386);
#3389 = CARTESIAN_POINT('', (84.13049447, -47.2240236, 240.));
#3390 = CARTESIAN_POINT('', (99.15516868, -60.75230103, 225.20020178));
#3391 = CARTESIAN_POINT('', (119.9550476, -79.48059612, 200.27094854));
#3392 = CARTESIAN_POINT('', (129.12313704, -87.73558094, 185.90016478));
#3393 = CARTESIAN_POINT('', (130.30343413, -88.7983252, 180.));
#3394 = B_SPLINE_CURVE_WITH_KNOTS('', 2, (#3389, #3390, #3391, #3392, #3393), .UNSPECIFIED., .F., .F., (3, 1, 1, 3), (-1., -0.42664954, -0.13845353, -0.), .UNSPECIFIED.);
#3395 = DIRECTION('', (-0.61560408, -0.78805559, 0.));
#3396 = VECTOR('', #3395, 1.);
#3397 = CARTESIAN_POINT('', (130.30343413, -88.7983252, 180.));
#3398 = LINE('', #3397, #3396);
#3399 = DIRECTION('', (0.98502754, 0.17239705, 0.));
#3400 = VECTOR('', #3399, 1.);
#3401 = CARTESIAN_POINT('', (84.13049447, -47.2240236, 240.));
#3402 = LINE('', #3401, #3400);
#3403 = CARTESIAN_POINT('', (88.10950355, -46.52762739, 240.));
#3404 = CARTESIAN_POINT('', (103.13417777, -60.05590482, 225.20020178));
#3405 = CARTESIAN_POINT('', (123.93405669, -78.78419992, 200.27094854));
#3406 = CARTESIAN_POINT('', (133.10214613, -87.03918474, 185.90016478));
#3407 = CARTESIAN_POINT('', (134.28244321, -88.101929, 180.));
#3408 = B_SPLINE_CURVE_WITH_KNOTS('', 2, (#3403, #3404, #3405, #3406, #3407), .UNSPECIFIED., .F., .F., (3, 1, 1, 3), (-1., -0.42664954, -0.13845353, -0.), .UNSPECIFIED.);
#3409 = DIRECTION('', (-0.98502754, -0.17239705, 0.));
#3410 = VECTOR('', #3409, 1.);
#3411 = CARTESIAN_POINT('', (134.28244321, -88.101929, 180.));
#3412 = LINE('', #3411, #3410);
#3413 = DIRECTION('', (0.99790452, -0.06470363, 0.));
#3414 = VECTOR('', #3413, 1.);
#3415 = CARTESIAN_POINT('', (88.10950355, -46.52762739, 240.));
#3416 = LINE('', #3415, #3414);
#3417 = CARTESIAN_POINT('', (90.6701149, -46.69365616, 240.));
#3418 = CARTESIAN_POINT('', (105.69478911, -60.22193359, 225.20020178));
#3419 = CARTESIAN_POINT('', (126.49466803, -78.95022869, 200.27094854));
#3420 = CARTESIAN_POINT('', (135.66275748, -87.2052135, 185.90016478));
#3421 = CARTESIAN_POINT('', (136.84305456, -88.26795777, 180.));
#3422 = B_SPLINE_CURVE_WITH_KNOTS('', 2, (#3417, #3418, #3419, #3420, #3421), .UNSPECIFIED., .F., .F., (3, 1, 1, 3), (-1., -0.42664954, -0.13845353, -0.), .UNSPECIFIED.);
#3423 = DIRECTION('', (-0.99790452, 0.06470363, 0.));
#3424 = VECTOR('', #3423, 1.);
#3425 = CARTESIAN_POINT('', (136.84305456, -88.26795777, 180.));
#3426 = LINE('', #3425, #3424);
#3427 = DIRECTION('', (0.95342235, -0.30163856, 0.));
#3428 = VECTOR('', #3427, 1.);
#3429 = CARTESIAN_POINT('', (90.6701149, -46.69365616, 240.));
#3430 = LINE('', #3429, #3428);
#3431 = CARTESIAN_POINT('', (91.89126099, -47.07999569, 240.));
#3432 = CARTESIAN_POINT('', (106.9159352, -60.60827312, 225.20020178));
#3433 = CARTESIAN_POINT('', (127.71581412, -79.33656822, 200.27094854));
#3434 = CARTESIAN_POINT('', (136.88390356, -87.59155303, 185.90016478));
#3435 = CARTESIAN_POINT('', (138.06420064, -88.6542973, 180.));
#3436 = B_SPLINE_CURVE_WITH_KNOTS('', 2, (#3431, #3432, #3433, #3434, #3435), .UNSPECIFIED., .F., .F., (3, 1, 1, 3), (-1., -0.42664954, -0.13845353, -0.), .UNSPECIFIED.);
#3437 = DIRECTION('', (-0.95342235, 0.30163856, 0.));
#3438 = VECTOR('', #3437, 1.);
#3439 = CARTESIAN_POINT('', (138.06420064, -88.6542973, 180.));
#3440 = LINE('', #3439, #3438);
#3441 = DIRECTION('', (0.99447184, -0.10500359, 0.));
#3442 = VECTOR('', #3441, 1.);
#3443 = CARTESIAN_POINT('', (73.17169797, 72.84526379, 240.));
#3444 = LINE('', #3443, #3442);
#3445 = CARTESIAN_POINT('', (76.75616202, 72.46678993, 240.));
#3446 = CARTESIAN_POINT('', (94.26519809, 82.57563662, 225.20020178));
#3447 = CARTESIAN_POINT('', (118.50438125, 96.57013554, 200.27094854));
#3448 = CARTESIAN_POINT('', (129.18843379, 102.73857615, 185.90016478));
#3449 = CARTESIAN_POINT('', (130.56389551, 103.53269934, 180.));
#3450 = B_SPLINE_CURVE_WITH_KNOTS('', 2, (#3445, #3446, #3447, #3448, #3449), .UNSPECIFIED., .F., .F., (3, 1, 1, 3), (-1., -0.42664954, -0.13845353, -0.), .UNSPECIFIED.);
#3451 = DIRECTION('', (-0.99447184, 0.10500359, 0.));
#3452 = VECTOR('', #3451, 1.);
#3453 = CARTESIAN_POINT('', (130.56389551, 103.53269934, 180.));
#3454 = LINE('', #3453, #3452);
#3455 = DIRECTION('', (0.90142563, -0.43293398, 0.));
#3456 = VECTOR('', #3455, 1.);
#3457 = CARTESIAN_POINT('', (76.75616202, 72.46678993, 240.));
#3458 = LINE('', #3457, #3456);
#3459 = CARTESIAN_POINT('', (80.22803522, 70.79932915, 240.));
#3460 = CARTESIAN_POINT('', (97.73707129, 80.90817583, 225.20020178));
#3461 = CARTESIAN_POINT('', (121.97625445, 94.90267475, 200.27094854));
#3462 = CARTESIAN_POINT('', (132.660307, 101.07111537, 185.90016478));
#3463 = CARTESIAN_POINT('', (134.03576871, 101.86523856, 180.));
#3464 = B_SPLINE_CURVE_WITH_KNOTS('', 2, (#3459, #3460, #3461, #3462, #3463), .UNSPECIFIED., .F., .F., (3, 1, 1, 3), (-1., -0.42664954, -0.13845353, -0.), .UNSPECIFIED.);
#3465 = DIRECTION('', (-0.90142563, 0.43293398, 0.));
#3466 = VECTOR('', #3465, 1.);
#3467 = CARTESIAN_POINT('', (134.03576871, 101.86523856, 180.));
#3468 = LINE('', #3467, #3466);
#3469 = DIRECTION('', (0.83155357, -0.55544456, 0.));
#3470 = VECTOR('', #3469, 1.);
#3471 = CARTESIAN_POINT('', (80.22803522, 70.79932915, 240.));
#3472 = LINE('', #3471, #3470);
#3473 = CARTESIAN_POINT('', (87.59958686, 65.87542719, 240.));
#3474 = CARTESIAN_POINT('', (105.10862293, 75.98427387, 225.20020178));
#3475 = CARTESIAN_POINT('', (129.34780608, 89.97877279, 200.27094854));
#3476 = CARTESIAN_POINT('', (140.03185863, 96.14721341, 185.90016478));
#3477 = CARTESIAN_POINT('', (141.40732035, 96.9413366, 180.));
#3478 = B_SPLINE_CURVE_WITH_KNOTS('', 2, (#3473, #3474, #3475, #3476, #3477), .UNSPECIFIED., .F., .F., (3, 1, 1, 3), (-1., -0.42664954, -0.13845353, -0.), .UNSPECIFIED.);
#3479 = DIRECTION('', (-0.83155357, 0.55544456, 0.));
#3480 = VECTOR('', #3479, 1.);
#3481 = CARTESIAN_POINT('', (141.40732035, 96.9413366, 180.));
#3482 = LINE('', #3481, #3480);
#3483 = DIRECTION('', (0.62751032, -0.77860825, 0.));
#3484 = VECTOR('', #3483, 1.);
#3485 = CARTESIAN_POINT('', (87.59958686, 65.87542719, 240.));
#3486 = LINE('', #3485, #3484);
#3487 = CARTESIAN_POINT('', (96.01466137, 55.43409059, 240.));
#3488 = CARTESIAN_POINT('', (113.52369744, 65.54293727, 225.20020178));
#3489 = CARTESIAN_POINT('', (137.76288059, 79.53743619, 200.27094854));
#3490 = CARTESIAN_POINT('', (148.44693314, 85.70587681, 185.90016478));
#3491 = CARTESIAN_POINT('', (149.82239485, 86.5, 180.));
#3492 = B_SPLINE_CURVE_WITH_KNOTS('', 2, (#3487, #3488, #3489, #3490, #3491), .UNSPECIFIED., .F., .F., (3, 1, 1, 3), (-1., -0.42664954, -0.13845353, -0.), .UNSPECIFIED.);
#3493 = DIRECTION('', (-0.62751032, 0.77860825, 0.));
#3494 = VECTOR('', #3493, 1.);
#3495 = CARTESIAN_POINT('', (149.82239485, 86.5, 180.));
#3496 = LINE('', #3495, #3494);
#3497 = DIRECTION('', (0.47673651, -0.87904624, 0.));
#3498 = VECTOR('', #3497, 1.);
#3499 = CARTESIAN_POINT('', (96.01466137, 55.43409059, 240.));
#3500 = LINE('', #3499, #3498);
#3501 = CARTESIAN_POINT('', (99.80606398, 48.44318863, 240.));
#3502 = CARTESIAN_POINT('', (117.31510005, 58.55203531, 225.20020178));
#3503 = CARTESIAN_POINT('', (141.55428321, 72.54653423, 200.27094854));
#3504 = CARTESIAN_POINT('', (152.23833575, 78.71497485, 185.90016478));
#3505 = CARTESIAN_POINT('', (153.61379747, 79.50909804, 180.));
#3506 = B_SPLINE_CURVE_WITH_KNOTS('', 2, (#3501, #3502, #3503, #3504, #3505), .UNSPECIFIED., .F., .F., (3, 1, 1, 3), (-1., -0.42664954, -0.13845353, -0.), .UNSPECIFIED.);
#3507 = DIRECTION('', (-0.47673651, 0.87904624, 0.));
#3508 = VECTOR('', #3507, 1.);
#3509 = CARTESIAN_POINT('', (153.61379747, 79.50909804, 180.));
#3510 = LINE('', #3509, #3508);
#3511 = DIRECTION('', (0.36296734, -0.93180186, 0.));
#3512 = VECTOR('', #3511, 1.);
#3513 = CARTESIAN_POINT('', (99.80606398, 48.44318863, 240.));
#3514 = LINE('', #3513, #3512);
#3515 = CARTESIAN_POINT('', (102.72537901, 40.94878667, 240.));
#3516 = CARTESIAN_POINT('', (120.23441508, 51.05763335, 225.20020178));
#3517 = CARTESIAN_POINT('', (144.47359824, 65.05213227, 200.27094854));
#3518 = CARTESIAN_POINT('', (155.15765079, 71.22057289, 185.90016478));
#3519 = CARTESIAN_POINT('', (156.5331125, 72.01469608, 180.));
#3520 = B_SPLINE_CURVE_WITH_KNOTS('', 2, (#3515, #3516, #3517, #3518, #3519), .UNSPECIFIED., .F., .F., (3, 1, 1, 3), (-1., -0.42664954, -0.13845353, -0.), .UNSPECIFIED.);
#3521 = DIRECTION('', (-0.36296734, 0.93180186, 0.));
#3522 = VECTOR('', #3521, 1.);
#3523 = CARTESIAN_POINT('', (156.5331125, 72.01469608, 180.));
#3524 = LINE('', #3523, #3522);
#3525 = DIRECTION('', (0.28408675, -0.95879858, 0.));
#3526 = VECTOR('', #3525, 1.);
#3527 = CARTESIAN_POINT('', (102.72537901, 40.94878667, 240.));
#3528 = LINE('', #3527, #3526);
#3529 = CARTESIAN_POINT('', (104.2737947, 35.72285203, 240.));
#3530 = CARTESIAN_POINT('', (121.78283077, 45.83169871, 225.20020178));
#3531 = CARTESIAN_POINT('', (146.02201393, 59.82619763, 200.27094854));
#3532 = CARTESIAN_POINT('', (156.70606647, 65.99463825, 185.90016478));
#3533 = CARTESIAN_POINT('', (158.08152819, 66.78876144, 180.));
#3534 = B_SPLINE_CURVE_WITH_KNOTS('', 2, (#3529, #3530, #3531, #3532, #3533), .UNSPECIFIED., .F., .F., (3, 1, 1, 3), (-1., -0.42664954, -0.13845353, -0.), .UNSPECIFIED.);
#3535 = DIRECTION('', (-0.28408675, 0.95879858, 0.));
#3536 = VECTOR('', #3535, 1.);
#3537 = CARTESIAN_POINT('', (158.08152819, 66.78876144, 180.));
#3538 = LINE('', #3537, #3536);
#3539 = DIRECTION('', (0.24797564, -0.96876627, 0.));
#3540 = VECTOR('', #3539, 1.);
#3541 = CARTESIAN_POINT('', (104.2737947, 35.72285203, 240.));
#3542 = LINE('', #3541, #3540);
#3543 = CARTESIAN_POINT('', (105.638613, 30.39091739, 240.));
#3544 = CARTESIAN_POINT('', (123.14764907, 40.49976407, 225.20020178));
#3545 = CARTESIAN_POINT('', (147.38683223, 54.49426299, 200.27094854));
#3546 = CARTESIAN_POINT('', (158.07088477, 60.66270361, 185.90016478));
#3547 = CARTESIAN_POINT('', (159.44634649, 61.4568268, 180.));
#3548 = B_SPLINE_CURVE_WITH_KNOTS('', 2, (#3543, #3544, #3545, #3546, #3547), .UNSPECIFIED., .F., .F., (3, 1, 1, 3), (-1., -0.42664954, -0.13845353, -0.), .UNSPECIFIED.);
#3549 = DIRECTION('', (-0.24797564, 0.96876627, 0.));
#3550 = VECTOR('', #3549, 1.);
#3551 = CARTESIAN_POINT('', (159.44634649, 61.4568268, 180.));
#3552 = LINE('', #3551, #3550);
#3553 = DIRECTION('', (-0.42260807, 0.90631254, 0.));
#3554 = VECTOR('', #3553, 1.);
#3555 = CARTESIAN_POINT('', (105.638613, 30.39091739, 240.));
#3556 = LINE('', #3555, #3554);
#3557 = CARTESIAN_POINT('', (103.83990843, 34.2483651, 240.));
#3558 = CARTESIAN_POINT('', (121.34894449, 44.35721179, 225.20020178));
#3559 = CARTESIAN_POINT('', (145.58812765, 58.35171071, 200.27094854));
#3560 = CARTESIAN_POINT('', (156.2721802, 64.52015132, 185.90016478));
#3561 = CARTESIAN_POINT('', (157.64764191, 65.31427451, 180.));
#3562 = B_SPLINE_CURVE_WITH_KNOTS('', 2, (#3557, #3558, #3559, #3560, #3561), .UNSPECIFIED., .F., .F., (3, 1, 1, 3), (-1., -0.42664954, -0.13845353, -0.), .UNSPECIFIED.);
#3563 = DIRECTION('', (0.42260807, -0.90631254, 0.));
#3564 = VECTOR('', #3563, 1.);
#3565 = CARTESIAN_POINT('', (157.64764191, 65.31427451, 180.));
#3566 = LINE('', #3565, #3564);
#3567 = DIRECTION('', (-0.48757846, 0.87307918, 0.));
#3568 = VECTOR('', #3567, 1.);
#3569 = CARTESIAN_POINT('', (103.83990843, 34.2483651, 240.));
#3570 = LINE('', #3569, #3568);
#3571 = CARTESIAN_POINT('', (100.22170712, 40.72727359, 240.));
#3572 = CARTESIAN_POINT('', (117.73074319, 50.83612028, 225.20020178));
#3573 = CARTESIAN_POINT('', (141.96992635, 64.8306192, 200.27094854));
#3574 = CARTESIAN_POINT('', (152.65397889, 70.99905982, 185.90016478));
#3575 = CARTESIAN_POINT('', (154.02944061, 71.79318301, 180.));
#3576 = B_SPLINE_CURVE_WITH_KNOTS('', 2, (#3571, #3572, #3573, #3574, #3575), .UNSPECIFIED., .F., .F., (3, 1, 1, 3), (-1., -0.42664954, -0.13845353, -0.), .UNSPECIFIED.);
#3577 = DIRECTION('', (0.48757846, -0.87307918, 0.));
#3578 = VECTOR('', #3577, 1.);
#3579 = CARTESIAN_POINT('', (154.02944061, 71.79318301, 180.));
#3580 = LINE('', #3579, #3578);
#3581 = DIRECTION('', (-0.52680613, 0.84998547, 0.));
#3582 = VECTOR('', #3581, 1.);
#3583 = CARTESIAN_POINT('', (100.22170712, 40.72727359, 240.));
#3584 = LINE('', #3583, #3582);
#3585 = CARTESIAN_POINT('', (95.75221039, 47.93866902, 240.));
#3586 = CARTESIAN_POINT('', (113.26124646, 58.04751571, 225.20020178));
#3587 = CARTESIAN_POINT('', (137.50042961, 72.04201463, 200.27094854));
#3588 = CARTESIAN_POINT('', (148.18448216, 78.21045524, 185.90016478));
#3589 = CARTESIAN_POINT('', (149.55994387, 79.00457843, 180.));
#3590 = B_SPLINE_CURVE_WITH_KNOTS('', 2, (#3585, #3586, #3587, #3588, #3589), .UNSPECIFIED., .F., .F., (3, 1, 1, 3), (-1., -0.42664954, -0.13845353, -0.), .UNSPECIFIED.);
#3591 = DIRECTION('', (0.52680613, -0.84998547, 0.));
#3592 = VECTOR('', #3591, 1.);
#3593 = CARTESIAN_POINT('', (149.55994387, 79.00457843, 180.));
#3594 = LINE('', #3593, #3592);
#3595 = DIRECTION('', (-0.71406125, 0.70008323, 0.));
#3596 = VECTOR('', #3595, 1.);
#3597 = CARTESIAN_POINT('', (95.75221039, 47.93866902, 240.));
#3598 = LINE('', #3597, #3596);
#3599 = CARTESIAN_POINT('', (90.25213588, 53.33107751, 240.));
#3600 = CARTESIAN_POINT('', (107.76117195, 63.4399242, 225.20020178));
#3601 = CARTESIAN_POINT('', (132.0003551, 77.43442312, 200.27094854));
#3602 = CARTESIAN_POINT('', (142.68440765, 83.60286374, 185.90016478));
#3603 = CARTESIAN_POINT('', (144.05986937, 84.39698693, 180.));
#3604 = B_SPLINE_CURVE_WITH_KNOTS('', 2, (#3599, #3600, #3601, #3602, #3603), .UNSPECIFIED., .F., .F., (3, 1, 1, 3), (-1., -0.42664954, -0.13845353, -0.), .UNSPECIFIED.);
#3605 = DIRECTION('', (0.71406125, -0.70008323, 0.));
#3606 = VECTOR('', #3605, 1.);
#3607 = CARTESIAN_POINT('', (144.05986937, 84.39698693, 180.));
#3608 = LINE('', #3607, #3606);
#3609 = DIRECTION('', (-0.93852659, 0.34520694, 0.));
#3610 = VECTOR('', #3609, 1.);
#3611 = CARTESIAN_POINT('', (90.25213588, 53.33107751, 240.));
#3612 = LINE('', #3611, #3610);
#3613 = CARTESIAN_POINT('', (82.48220124, 56.18899908, 240.));
#3614 = CARTESIAN_POINT('', (99.99123731, 66.29784577, 225.20020178));
#3615 = CARTESIAN_POINT('', (124.23042046, 80.29234469, 200.27094854));
#3616 = CARTESIAN_POINT('', (134.91447301, 86.4607853, 185.90016478));
#3617 = CARTESIAN_POINT('', (136.28993472, 87.2549085, 180.));
#3618 = B_SPLINE_CURVE_WITH_KNOTS('', 2, (#3613, #3614, #3615, #3616, #3617), .UNSPECIFIED., .F., .F., (3, 1, 1, 3), (-1., -0.42664954, -0.13845353, -0.), .UNSPECIFIED.);
#3619 = DIRECTION('', (0.93852659, -0.34520694, 0.));
#3620 = VECTOR('', #3619, 1.);
#3621 = CARTESIAN_POINT('', (136.28993472, 87.2549085, 180.));
#3622 = LINE('', #3621, #3620);
#3623 = DIRECTION('', (-0.8720669, 0.48938667, 0.));
#3624 = VECTOR('', #3623, 1.);
#3625 = CARTESIAN_POINT('', (82.48220124, 56.18899908, 240.));
#3626 = LINE('', #3625, #3624);
#3627 = CARTESIAN_POINT('', (73.88176333, 61.01539451, 240.));
#3628 = CARTESIAN_POINT('', (91.3907994, 71.12424119, 225.20020178));
#3629 = CARTESIAN_POINT('', (115.62998256, 85.11874011, 200.27094854));
#3630 = CARTESIAN_POINT('', (126.3140351, 91.28718073, 185.90016478));
#3631 = CARTESIAN_POINT('', (127.68949682, 92.08130392, 180.));
#3632 = B_SPLINE_CURVE_WITH_KNOTS('', 2, (#3627, #3628, #3629, #3630, #3631), .UNSPECIFIED., .F., .F., (3, 1, 1, 3), (-1., -0.42664954, -0.13845353, -0.), .UNSPECIFIED.);
#3633 = DIRECTION('', (0.8720669, -0.48938667, 0.));
#3634 = VECTOR('', #3633, 1.);
#3635 = CARTESIAN_POINT('', (127.68949682, 92.08130392, 180.));
#3636 = LINE('', #3635, #3634);
#3637 = DIRECTION('', (-0.55925328, 0.82899684, 0.));
#3638 = VECTOR('', #3637, 1.);
#3639 = CARTESIAN_POINT('', (73.88176333, 61.01539451, 240.));
#3640 = LINE('', #3639, #3638);
#3641 = CARTESIAN_POINT('', (70.9104679, 65.41982915, 240.));
#3642 = CARTESIAN_POINT('', (88.41950397, 75.52867583, 225.20020178));
#3643 = CARTESIAN_POINT('', (112.65868713, 89.52317475, 200.27094854));
#3644 = CARTESIAN_POINT('', (123.34273968, 95.69161537, 185.90016478));
#3645 = CARTESIAN_POINT('', (124.71820139, 96.48573856, 180.));
#3646 = B_SPLINE_CURVE_WITH_KNOTS('', 2, (#3641, #3642, #3643, #3644, #3645), .UNSPECIFIED., .F., .F., (3, 1, 1, 3), (-1., -0.42664954, -0.13845353, -0.), .UNSPECIFIED.);
#3647 = DIRECTION('', (0.55925328, -0.82899684, 0.));
#3648 = VECTOR('', #3647, 1.);
#3649 = CARTESIAN_POINT('', (124.71820139, 96.48573856, 180.));
#3650 = LINE('', #3649, #3648);
#3651 = DIRECTION('', (0.14043091, 0.99009048, 0.));
#3652 = VECTOR('', #3651, 1.);
#3653 = CARTESIAN_POINT('', (70.9104679, 65.41982915, 240.));
#3654 = LINE('', #3653, #3652);
#3655 = CARTESIAN_POINT('', (71.47773719, 69.41928993, 240.));
#3656 = CARTESIAN_POINT('', (88.98677325, 79.52813662, 225.20020178));
#3657 = CARTESIAN_POINT('', (113.22595641, 93.52263554, 200.27094854));
#3658 = CARTESIAN_POINT('', (123.91000896, 99.69107615, 185.90016478));
#3659 = CARTESIAN_POINT('', (125.28547067, 100.48519934, 180.));
#3660 = B_SPLINE_CURVE_WITH_KNOTS('', 2, (#3655, #3656, #3657, #3658, #3659), .UNSPECIFIED., .F., .F., (3, 1, 1, 3), (-1., -0.42664954, -0.13845353, -0.), .UNSPECIFIED.);
#3661 = DIRECTION('', (-0.14043091, -0.99009048, 0.));
#3662 = VECTOR('', #3661, 1.);
#3663 = CARTESIAN_POINT('', (125.28547067, 100.48519934, 180.));
#3664 = LINE('', #3663, #3662);
#3665 = DIRECTION('', (0.36990627, 0.92906908, 0.));
#3666 = VECTOR('', #3665, 1.);
#3667 = CARTESIAN_POINT('', (71.47773719, 69.41928993, 240.));
#3668 = LINE('', #3667, #3666);
#3669 = CARTESIAN_POINT('', (72.42691235, 71.80327032, 240.));
#3670 = CARTESIAN_POINT('', (89.93594842, 81.91211701, 225.20020178));
#3671 = CARTESIAN_POINT('', (114.17513157, 95.90661593, 200.27094854));
#3672 = CARTESIAN_POINT('', (124.85918412, 102.07505655, 185.90016478));
#3673 = CARTESIAN_POINT('', (126.23464584, 102.86917974, 180.));
#3674 = B_SPLINE_CURVE_WITH_KNOTS('', 2, (#3669, #3670, #3671, #3672, #3673), .UNSPECIFIED., .F., .F., (3, 1, 1, 3), (-1., -0.42664954, -0.13845353, -0.), .UNSPECIFIED.);
#3675 = DIRECTION('', (-0.36990627, -0.92906908, 0.));
#3676 = VECTOR('', #3675, 1.);
#3677 = CARTESIAN_POINT('', (126.23464584, 102.86917974, 180.));
#3678 = LINE('', #3677, #3676);
#3679 = DIRECTION('', (0.58149902, 0.8135471, 0.));
#3680 = VECTOR('', #3679, 1.);
#3681 = CARTESIAN_POINT('', (72.42691235, 71.80327032, 240.));
#3682 = LINE('', #3681, #3680);
#3683 = CARTESIAN_POINT('', (73.17169797, 72.84526379, 240.));
#3684 = CARTESIAN_POINT('', (90.68073404, 82.95411047, 225.20020178));
#3685 = CARTESIAN_POINT('', (114.9199172, 96.9486094, 200.27094854));
#3686 = CARTESIAN_POINT('', (125.60396974, 103.11705001, 185.90016478));
#3687 = CARTESIAN_POINT('', (126.97943146, 103.9111732, 180.));
#3688 = B_SPLINE_CURVE_WITH_KNOTS('', 2, (#3683, #3684, #3685, #3686, #3687), .UNSPECIFIED., .F., .F., (3, 1, 1, 3), (-1., -0.42664954, -0.13845353, -0.), .UNSPECIFIED.);
#3689 = DIRECTION('', (-0.58149902, -0.8135471, 0.));
#3690 = VECTOR('', #3689, 1.);
#3691 = CARTESIAN_POINT('', (126.97943146, 103.9111732, 180.));
#3692 = LINE('', #3691, #3690);
#3693 = DIRECTION('', (1., 0., 0.));
#3694 = DIRECTION('', (0., -0., 1.));
#3695 = CARTESIAN_POINT('', (0., -0., -8.));
#3696 = AXIS2_PLACEMENT_3D('', #3695, #3694, #3693);
#3697 = CIRCLE('', #3696, 22.);
#3698 = DIRECTION('', (0., -0., 1.));
#3699 = VECTOR('', #3698, 1.);
#3700 = CARTESIAN_POINT('', (22., 0., -8.));
#3701 = LINE('', #3700, #3699);
#3702 = DIRECTION('', (1., 0., 0.));
#3703 = DIRECTION('', (0., -0., 1.));
#3704 = CARTESIAN_POINT('', (0., -0., 8.));
#3705 = AXIS2_PLACEMENT_3D('', #3704, #3703, #3702);
#3706 = CIRCLE('', #3705, 22.);
#3707 = DIRECTION('', (0.40717305, 0.91335103, 0.));
#3708 = VECTOR('', #3707, 1.);
#3709 = CARTESIAN_POINT('', (-59.58659613, 152.87493415, 180.));
#3710 = LINE('', #3709, #3708);
#3711 = CARTESIAN_POINT('', (-58.1189858, 156.16700719, 180.));
#3712 = CARTESIAN_POINT('', (53.32437817, 191.15663774, 0.));
#3713 = CARTESIAN_POINT('', (130.56389551, 103.53269934, -180.));
#3714 = B_SPLINE_CURVE_WITH_KNOTS('', 2, (#3711, #3712, #3713), .UNSPECIFIED., .F., .F., (3, 3), (-1., -0.), .UNSPECIFIED.);
#3715 = DIRECTION('', (-0.99447184, 0.10500359, 0.));
#3716 = VECTOR('', #3715, 1.);
#3717 = CARTESIAN_POINT('', (130.56389551, 103.53269934, -180.));
#3718 = LINE('', #3717, #3716);
#3719 = DIRECTION('', (0.69030052, 0.72352276, 0.));
#3720 = VECTOR('', #3719, 1.);
#3721 = CARTESIAN_POINT('', (-58.1189858, 156.16700719, 180.));
#3722 = LINE('', #3721, #3720);
#3723 = CARTESIAN_POINT('', (-55.46026853, 158.9536811, 180.));
#3724 = CARTESIAN_POINT('', (57.8369095, 191.98045469, 0.));
#3725 = CARTESIAN_POINT('', (134.03576871, 101.86523856, -180.));
#3726 = B_SPLINE_CURVE_WITH_KNOTS('', 2, (#3723, #3724, #3725), .UNSPECIFIED., .F., .F., (3, 3), (-1., -0.), .UNSPECIFIED.);
#3727 = DIRECTION('', (-0.90142563, 0.43293398, 0.));
#3728 = VECTOR('', #3727, 1.);
#3729 = CARTESIAN_POINT('', (134.03576871, 101.86523856, -180.));
#3730 = LINE('', #3729, #3728);
#3731 = DIRECTION('', (0.78522335, 0.61921263, 0.));
#3732 = VECTOR('', #3731, 1.);
#3733 = CARTESIAN_POINT('', (-55.46026853, 158.9536811, 180.));
#3734 = LINE('', #3733, #3732);
#3735 = CARTESIAN_POINT('', (-48.49942476, 164.44287393, 180.));
#3736 = CARTESIAN_POINT('', (68.3865268, 192.3965472, 0.));
#3737 = CARTESIAN_POINT('', (141.40732035, 96.9413366, -180.));
#3738 = B_SPLINE_CURVE_WITH_KNOTS('', 2, (#3735, #3736, #3737), .UNSPECIFIED., .F., .F., (3, 3), (-1., -0.), .UNSPECIFIED.);
#3739 = DIRECTION('', (-0.83155357, 0.55544456, 0.));
#3740 = VECTOR('', #3739, 1.);
#3741 = CARTESIAN_POINT('', (141.40732035, 96.9413366, -180.));
#3742 = LINE('', #3741, #3740);
#3743 = DIRECTION('', (0.9344118, 0.35619459, 0.));
#3744 = VECTOR('', #3743, 1.);
#3745 = CARTESIAN_POINT('', (-48.49942476, 164.44287393, 180.));
#3746 = LINE('', #3745, #3744);
#3747 = CARTESIAN_POINT('', (-35.96872251, 169.21953493, 180.));
#3748 = CARTESIAN_POINT('', (83.80404233, 188.22696088, 0.));
#3749 = CARTESIAN_POINT('', (149.82239485, 86.5, -180.));
#3750 = B_SPLINE_CURVE_WITH_KNOTS('', 2, (#3747, #3748, #3749), .UNSPECIFIED., .F., .F., (3, 3), (-1., -0.), .UNSPECIFIED.);
#3751 = DIRECTION('', (-0.62751032, 0.77860825, 0.));
#3752 = VECTOR('', #3751, 1.);
#3753 = CARTESIAN_POINT('', (149.82239485, 86.5, -180.));
#3754 = LINE('', #3753, #3752);
#3755 = DIRECTION('', (0.98334234, 0.18176314, 0.));
#3756 = VECTOR('', #3755, 1.);
#3757 = CARTESIAN_POINT('', (-35.96872251, 169.21953493, 180.));
#3758 = LINE('', #3757, #3756);
#3759 = CARTESIAN_POINT('', (-28.14837181, 170.66506558, 180.));
#3760 = CARTESIAN_POINT('', (92.35108211, 184.14519064, 0.));
#3761 = CARTESIAN_POINT('', (153.61379747, 79.50909804, -180.));
#3762 = B_SPLINE_CURVE_WITH_KNOTS('', 2, (#3759, #3760, #3761), .UNSPECIFIED., .F., .F., (3, 3), (-1., -0.), .UNSPECIFIED.);
#3763 = DIRECTION('', (-0.47673651, 0.87904624, 0.));
#3764 = VECTOR('', #3763, 1.);
#3765 = CARTESIAN_POINT('', (153.61379747, 79.50909804, -180.));
#3766 = LINE('', #3765, #3764);
#3767 = DIRECTION('', (0.99835931, 0.05725985, 0.));
#3768 = VECTOR('', #3767, 1.);
#3769 = CARTESIAN_POINT('', (-28.14837181, 170.66506558, 180.));
#3770 = LINE('', #3769, #3768);
#3771 = CARTESIAN_POINT('', (-20.11865403, 171.12560159, 180.));
#3772 = CARTESIAN_POINT('', (100.41031455, 178.96778716, 0.));
#3773 = CARTESIAN_POINT('', (156.5331125, 72.01469608, -180.));
#3774 = B_SPLINE_CURVE_WITH_KNOTS('', 2, (#3771, #3772, #3773), .UNSPECIFIED., .F., .F., (3, 3), (-1., -0.), .UNSPECIFIED.);
#3775 = DIRECTION('', (-0.36296734, 0.93180186, 0.));
#3776 = VECTOR('', #3775, 1.);
#3777 = CARTESIAN_POINT('', (156.5331125, 72.01469608, -180.));
#3778 = LINE('', #3777, #3776);
#3779 = DIRECTION('', (0.99965927, -0.02610251, 0.));
#3780 = VECTOR('', #3779, 1.);
#3781 = CARTESIAN_POINT('', (-20.11865403, 171.12560159, 180.));
#3782 = LINE('', #3781, #3780);
#3783 = CARTESIAN_POINT('', (-14.67000808, 170.98332981, 180.));
#3784 = CARTESIAN_POINT('', (105.56062756, 175.01642231, 0.));
#3785 = CARTESIAN_POINT('', (158.08152819, 66.78876144, -180.));
#3786 = B_SPLINE_CURVE_WITH_KNOTS('', 2, (#3783, #3784, #3785), .UNSPECIFIED., .F., .F., (3, 3), (-1., -0.), .UNSPECIFIED.);
#3787 = DIRECTION('', (-0.28408675, 0.95879858, 0.));
#3788 = VECTOR('', #3787, 1.);
#3789 = CARTESIAN_POINT('', (158.08152819, 66.78876144, -180.));
#3790 = LINE('', #3789, #3788);
#3791 = DIRECTION('', (0.99798016, -0.06352639, 0.));
#3792 = VECTOR('', #3791, 1.);
#3793 = CARTESIAN_POINT('', (-14.67000808, 170.98332981, 180.));
#3794 = LINE('', #3793, #3792);
#3795 = CARTESIAN_POINT('', (-9.17728484, 170.63369073, 180.));
#3796 = CARTESIAN_POINT('', (110.60824429, 170.83439783, 0.));
#3797 = CARTESIAN_POINT('', (159.44634649, 61.4568268, -180.));
#3798 = B_SPLINE_CURVE_WITH_KNOTS('', 2, (#3795, #3796, #3797), .UNSPECIFIED., .F., .F., (3, 3), (-1., -0.), .UNSPECIFIED.);
#3799 = DIRECTION('', (-0.24797564, 0.96876627, 0.));
#3800 = VECTOR('', #3799, 1.);
#3801 = CARTESIAN_POINT('', (159.44634649, 61.4568268, -180.));
#3802 = LINE('', #3801, #3800);
#3803 = DIRECTION('', (-0.99254752, -0.12185818, 0.));
#3804 = VECTOR('', #3803, 1.);
#3805 = CARTESIAN_POINT('', (-9.17728484, 170.63369073, 180.));
#3806 = LINE('', #3805, #3804);
#3807 = CARTESIAN_POINT('', (-13.40176591, 170.11503792, 180.));
#3808 = CARTESIAN_POINT('', (106.17477022, 173.29197785, 0.));
#3809 = CARTESIAN_POINT('', (157.64764191, 65.31427451, -180.));
#3810 = B_SPLINE_CURVE_WITH_KNOTS('', 2, (#3807, #3808, #3809), .UNSPECIFIED., .F., .F., (3, 3), (-1., -0.), .UNSPECIFIED.);
#3811 = DIRECTION('', (0.42260807, -0.90631254, 0.));
#3812 = VECTOR('', #3811, 1.);
#3813 = CARTESIAN_POINT('', (157.64764191, 65.31427451, -180.));
#3814 = LINE('', #3813, #3812);
#3815 = DIRECTION('', (-0.98101767, -0.19391837, 0.));
#3816 = VECTOR('', #3815, 1.);
#3817 = CARTESIAN_POINT('', (-13.40176591, 170.11503792, 180.));
#3818 = LINE('', #3817, #3816);
#3819 = CARTESIAN_POINT('', (-20.68165974, 168.67601682, 180.));
#3820 = CARTESIAN_POINT('', (98.15303136, 177.00167757, 0.));
#3821 = CARTESIAN_POINT('', (154.02944061, 71.79318301, -180.));
#3822 = B_SPLINE_CURVE_WITH_KNOTS('', 2, (#3819, #3820, #3821), .UNSPECIFIED., .F., .F., (3, 3), (-1., -0.), .UNSPECIFIED.);
#3823 = DIRECTION('', (0.48757846, -0.87307918, 0.));
#3824 = VECTOR('', #3823, 1.);
#3825 = CARTESIAN_POINT('', (154.02944061, 71.79318301, -180.));
#3826 = LINE('', #3825, #3824);
#3827 = DIRECTION('', (-0.97117627, -0.23836244, 0.));
#3828 = VECTOR('', #3827, 1.);
#3829 = CARTESIAN_POINT('', (-20.68165974, 168.67601682, 180.));
#3830 = LINE('', #3829, #3828);
#3831 = CARTESIAN_POINT('', (-28.9212548, 166.65371657, 180.));
#3832 = CARTESIAN_POINT('', (88.79827588, 180.82120436, 0.));
#3833 = CARTESIAN_POINT('', (149.55994387, 79.00457843, -180.));
#3834 = B_SPLINE_CURVE_WITH_KNOTS('', 2, (#3831, #3832, #3833), .UNSPECIFIED., .F., .F., (3, 3), (-1., -0.), .UNSPECIFIED.);
#3835 = DIRECTION('', (0.52680613, -0.84998547, 0.));
#3836 = VECTOR('', #3835, 1.);
#3837 = CARTESIAN_POINT('', (149.55994387, 79.00457843, -180.));
#3838 = LINE('', #3837, #3836);
#3839 = DIRECTION('', (-0.88647578, -0.46277499, 0.));
#3840 = VECTOR('', #3839, 1.);
#3841 = CARTESIAN_POINT('', (-28.9212548, 166.65371657, 180.));
#3842 = LINE('', #3841, #3840);
#3843 = CARTESIAN_POINT('', (-35.74935653, 163.08918073, 180.));
#3844 = CARTESIAN_POINT('', (79.72390012, 182.16664289, 0.));
#3845 = CARTESIAN_POINT('', (144.05986937, 84.39698693, -180.));
#3846 = B_SPLINE_CURVE_WITH_KNOTS('', 2, (#3843, #3844, #3845), .UNSPECIFIED., .F., .F., (3, 3), (-1., -0.), .UNSPECIFIED.);
#3847 = DIRECTION('', (0.71406125, -0.70008323, 0.));
#3848 = VECTOR('', #3847, 1.);
#3849 = CARTESIAN_POINT('', (144.05986937, 84.39698693, -180.));
#3850 = LINE('', #3849, #3848);
#3851 = DIRECTION('', (-0.61833198, -0.78591702, 0.));
#3852 = VECTOR('', #3851, 1.);
#3853 = CARTESIAN_POINT('', (-35.74935653, 163.08918073, 180.));
#3854 = LINE('', #3853, #3852);
#3855 = CARTESIAN_POINT('', (-40.86844331, 156.58268009, 180.));
#3856 = CARTESIAN_POINT('', (70.23670419, 179.48104067, 0.));
#3857 = CARTESIAN_POINT('', (136.28993472, 87.2549085, -180.));
#3858 = B_SPLINE_CURVE_WITH_KNOTS('', 2, (#3855, #3856, #3857), .UNSPECIFIED., .F., .F., (3, 3), (-1., -0.), .UNSPECIFIED.);
#3859 = DIRECTION('', (0.93852659, -0.34520694, 0.));
#3860 = VECTOR('', #3859, 1.);
#3861 = CARTESIAN_POINT('', (136.28993472, 87.2549085, -180.));
#3862 = LINE('', #3861, #3860);
#3863 = DIRECTION('', (-0.73491788, -0.67815611, 0.));
#3864 = VECTOR('', #3863, 1.);
#3865 = CARTESIAN_POINT('', (-40.86844331, 156.58268009, 180.));
#3866 = LINE('', #3865, #3864);
#3867 = CARTESIAN_POINT('', (-48.1162996, 149.89461579, 180.));
#3868 = CARTESIAN_POINT('', (58.57128234, 178.11072582, 0.));
#3869 = CARTESIAN_POINT('', (127.68949682, 92.08130392, -180.));
#3870 = B_SPLINE_CURVE_WITH_KNOTS('', 2, (#3867, #3868, #3869), .UNSPECIFIED., .F., .F., (3, 3), (-1., -0.), .UNSPECIFIED.);
#3871 = DIRECTION('', (0.8720669, -0.48938667, 0.));
#3872 = VECTOR('', #3871, 1.);
#3873 = CARTESIAN_POINT('', (127.68949682, 92.08130392, -180.));
#3874 = LINE('', #3873, #3872);
#3875 = DIRECTION('', (-0.96124162, -0.27570737, 0.));
#3876 = VECTOR('', #3875, 1.);
#3877 = CARTESIAN_POINT('', (-48.1162996, 149.89461579, 180.));
#3878 = LINE('', #3877, #3876);
#3879 = CARTESIAN_POINT('', (-53.22334665, 148.42979106, 180.));
#3880 = CARTESIAN_POINT('', (52.62507313, 180.27447855, 0.));
#3881 = CARTESIAN_POINT('', (124.71820139, 96.48573856, -180.));
#3882 = B_SPLINE_CURVE_WITH_KNOTS('', 2, (#3879, #3880, #3881), .UNSPECIFIED., .F., .F., (3, 3), (-1., -0.), .UNSPECIFIED.);
#3883 = DIRECTION('', (0.55925328, -0.82899684, 0.));
#3884 = VECTOR('', #3883, 1.);
#3885 = CARTESIAN_POINT('', (124.71820139, 96.48573856, -180.));
#3886 = LINE('', #3885, #3884);
#3887 = DIRECTION('', (-0.89823647, 0.43951252, 0.));
#3888 = VECTOR('', #3887, 1.);
#3889 = CARTESIAN_POINT('', (-53.22334665, 148.42979106, 180.));
#3890 = LINE('', #3889, #3888);
#3891 = CARTESIAN_POINT('', (-56.85176404, 150.20519756, 180.));
#3892 = CARTESIAN_POINT('', (50.37186003, 184.52517343, 0.));
#3893 = CARTESIAN_POINT('', (125.28547067, 100.48519934, -180.));
#3894 = B_SPLINE_CURVE_WITH_KNOTS('', 2, (#3891, #3892, #3893), .UNSPECIFIED., .F., .F., (3, 3), (-1., -0.), .UNSPECIFIED.);
#3895 = DIRECTION('', (-0.14043091, -0.99009048, 0.));
#3896 = VECTOR('', #3895, 1.);
#3897 = CARTESIAN_POINT('', (125.28547067, 100.48519934, -180.));
#3898 = LINE('', #3897, #3896);
#3899 = DIRECTION('', (-0.76928988, 0.6388999, 0.));
#3900 = VECTOR('', #3899, 1.);
#3901 = CARTESIAN_POINT('', (-56.85176404, 150.20519756, 180.));
#3902 = LINE('', #3901, #3900);
#3903 = CARTESIAN_POINT('', (-58.82575287, 151.84460724, 180.));
#3904 = CARTESIAN_POINT('', (49.61752751, 187.48666202, 0.));
#3905 = CARTESIAN_POINT('', (126.23464584, 102.86917974, -180.));
#3906 = B_SPLINE_CURVE_WITH_KNOTS('', 2, (#3903, #3904, #3905), .UNSPECIFIED., .F., .F., (3, 3), (-1., -0.), .UNSPECIFIED.);
#3907 = DIRECTION('', (-0.36990627, -0.92906908, 0.));
#3908 = VECTOR('', #3907, 1.);
#3909 = CARTESIAN_POINT('', (126.23464584, 102.86917974, -180.));
#3910 = LINE('', #3909, #3908);
#3911 = DIRECTION('', (-0.59403619, 0.80443832, 0.));
#3912 = VECTOR('', #3911, 1.);
#3913 = CARTESIAN_POINT('', (-58.82575287, 151.84460724, 180.));
#3914 = LINE('', #3913, #3912);
#3915 = CARTESIAN_POINT('', (-59.58659613, 152.87493415, 180.));
#3916 = CARTESIAN_POINT('', (49.605708, 189.01203069, 0.));
#3917 = CARTESIAN_POINT('', (126.97943146, 103.9111732, -180.));
#3918 = B_SPLINE_CURVE_WITH_KNOTS('', 2, (#3915, #3916, #3917), .UNSPECIFIED., .F., .F., (3, 3), (-1., -0.), .UNSPECIFIED.);
#3919 = DIRECTION('', (-0.58149902, -0.8135471, 0.));
#3920 = VECTOR('', #3919, 1.);
#3921 = CARTESIAN_POINT('', (126.97943146, 103.9111732, -180.));
#3922 = LINE('', #3921, #3920);
#3923 = DIRECTION('', (-0.74282506, 0.66948557, 0.));
#3924 = VECTOR('', #3923, 1.);
#3925 = CARTESIAN_POINT('', (-163.80597314, -9.42926787, 180.));
#3926 = LINE('', #3925, #3924);
#3927 = CARTESIAN_POINT('', (-166.48340412, -7.01618098, 180.));
#3928 = CARTESIAN_POINT('', (-165.32262689, 109.78514699, 0.));
#3929 = CARTESIAN_POINT('', (-58.1189858, 156.16700719, -180.));
#3930 = B_SPLINE_CURVE_WITH_KNOTS('', 2, (#3927, #3928, #3929), .UNSPECIFIED., .F., .F., (3, 3), (-1., -0.), .UNSPECIFIED.);
#3931 = DIRECTION('', (-0.40717305, -0.91335103, 0.));
#3932 = VECTOR('', #3931, 1.);
#3933 = CARTESIAN_POINT('', (-58.1189858, 156.16700719, -180.));
#3934 = LINE('', #3933, #3932);
#3935 = DIRECTION('', (-0.47479644, 0.88009564, 0.));
#3936 = VECTOR('', #3935, 1.);
#3937 = CARTESIAN_POINT('', (-166.48340412, -7.01618098, 180.));
#3938 = LINE('', #3937, #3936);
#3939 = CARTESIAN_POINT('', (-168.31209969, -3.626461, 180.));
#3940 = CARTESIAN_POINT('', (-164.7116745, 114.33139275, 0.));
#3941 = CARTESIAN_POINT('', (-55.46026853, 158.9536811, -180.));
#3942 = B_SPLINE_CURVE_WITH_KNOTS('', 2, (#3939, #3940, #3941), .UNSPECIFIED., .F., .F., (3, 3), (-1., -0.), .UNSPECIFIED.);
#3943 = DIRECTION('', (-0.69030052, -0.72352276, 0.));
#3944 = VECTOR('', #3943, 1.);
#3945 = CARTESIAN_POINT('', (-55.46026853, 158.9536811, -180.));
#3946 = LINE('', #3945, #3944);
#3947 = DIRECTION('', (-0.34625885, 0.93813901, 0.));
#3948 = VECTOR('', #3947, 1.);
#3949 = CARTESIAN_POINT('', (-168.31209969, -3.626461, 180.));
#3950 = LINE('', #3949, #3948);
#3951 = CARTESIAN_POINT('', (-171.38161328, 4.6899487, 180.));
#3952 = CARTESIAN_POINT('', (-161.84739096, 124.49325468, 0.));
#3953 = CARTESIAN_POINT('', (-48.49942476, 164.44287393, -180.));
#3954 = B_SPLINE_CURVE_WITH_KNOTS('', 2, (#3951, #3952, #3953), .UNSPECIFIED., .F., .F., (3, 3), (-1., -0.), .UNSPECIFIED.);
#3955 = DIRECTION('', (-0.78522335, -0.61921263, 0.));
#3956 = VECTOR('', #3955, 1.);
#3957 = CARTESIAN_POINT('', (-48.49942476, 164.44287393, -180.));
#3958 = LINE('', #3957, #3956);
#3959 = DIRECTION('', (-0.05001206, 0.99874861, 0.));
#3960 = VECTOR('', #3959, 1.);
#3961 = CARTESIAN_POINT('', (-171.38161328, 4.6899487, 180.));
#3962 = LINE('', #3961, #3960);
#3963 = CARTESIAN_POINT('', (-172.0522879, 18.08342415, 180.));
#3964 = CARTESIAN_POINT('', (-153.11760441, 137.86771026, 0.));
#3965 = CARTESIAN_POINT('', (-35.96872251, 169.21953493, -180.));
#3966 = B_SPLINE_CURVE_WITH_KNOTS('', 2, (#3963, #3964, #3965), .UNSPECIFIED., .F., .F., (3, 3), (-1., -0.), .UNSPECIFIED.);
#3967 = DIRECTION('', (-0.9344118, -0.35619459, 0.));
#3968 = VECTOR('', #3967, 1.);
#3969 = CARTESIAN_POINT('', (-35.96872251, 169.21953493, -180.));
#3970 = LINE('', #3969, #3968);
#3971 = DIRECTION('', (0.13100248, 0.99138204, 0.));
#3972 = VECTOR('', #3971, 1.);
#3973 = CARTESIAN_POINT('', (-172.0522879, 18.08342415, 180.));
#3974 = LINE('', #3973, #3972);
#3975 = CARTESIAN_POINT('', (-171.01044797, 25.96771318, 180.));
#3976 = CARTESIAN_POINT('', (-146.59442968, 144.73509177, 0.));
#3977 = CARTESIAN_POINT('', (-28.14837181, 170.66506558, -180.));
#3978 = B_SPLINE_CURVE_WITH_KNOTS('', 2, (#3975, #3976, #3977), .UNSPECIFIED., .F., .F., (3, 3), (-1., -0.), .UNSPECIFIED.);
#3979 = DIRECTION('', (-0.98334234, -0.18176314, 0.));
#3980 = VECTOR('', #3979, 1.);
#3981 = CARTESIAN_POINT('', (-28.14837181, 170.66506558, -180.));
#3982 = LINE('', #3981, #3980);
#3983 = DIRECTION('', (0.25405264, 0.96719039, 0.));
#3984 = VECTOR('', #3983, 1.);
#3985 = CARTESIAN_POINT('', (-171.01044797, 25.96771318, 180.));
#3986 = LINE('', #3985, #3984);
#3987 = CARTESIAN_POINT('', (-168.9671245, 33.74674205, 180.));
#3988 = CARTESIAN_POINT('', (-139.17998658, 150.79997163, 0.));
#3989 = CARTESIAN_POINT('', (-20.11865403, 171.12560159, -180.));
#3990 = B_SPLINE_CURVE_WITH_KNOTS('', 2, (#3987, #3988, #3989), .UNSPECIFIED., .F., .F., (3, 3), (-1., -0.), .UNSPECIFIED.);
#3991 = DIRECTION('', (-0.99835931, -0.05725985, 0.));
#3992 = VECTOR('', #3991, 1.);
#3993 = CARTESIAN_POINT('', (-20.11865403, 171.12560159, -180.));
#3994 = LINE('', #3993, #3992);
#3995 = DIRECTION('', (0.33373666, 0.94266635, 0.));
#3996 = VECTOR('', #3995, 1.);
#3997 = CARTESIAN_POINT('', (-168.9671245, 33.74674205, 180.));
#3998 = LINE('', #3997, #3996);
#3999 = CARTESIAN_POINT('', (-167.14809179, 38.88474789, 180.));
#4000 = CARTESIAN_POINT('', (-133.83048104, 154.47717149, 0.));
#4001 = CARTESIAN_POINT('', (-14.67000808, 170.98332981, -180.));
#4002 = B_SPLINE_CURVE_WITH_KNOTS('', 2, (#3999, #4000, #4001), .UNSPECIFIED., .F., .F., (3, 3), (-1., -0.), .UNSPECIFIED.);
#4003 = DIRECTION('', (-0.99965927, 0.02610251, 0.));
#4004 = VECTOR('', #4003, 1.);
#4005 = CARTESIAN_POINT('', (-14.67000808, 170.98332981, -180.));
#4006 = LINE('', #4005, #4004);
#4007 = DIRECTION('', (0.36881001, 0.9295048, 0.));
#4008 = VECTOR('', #4007, 1.);
#4009 = CARTESIAN_POINT('', (-167.14809179, 38.88474789, 180.));
#4010 = LINE('', #4009, #4008);
#4011 = CARTESIAN_POINT('', (-165.11822045, 44.0005937, 180.));
#4012 = CARTESIAN_POINT('', (-128.29334007, 157.98542364, 0.));
#4013 = CARTESIAN_POINT('', (-9.17728484, 170.63369073, -180.));
#4014 = B_SPLINE_CURVE_WITH_KNOTS('', 2, (#4011, #4012, #4013), .UNSPECIFIED., .F., .F., (3, 3), (-1., -0.), .UNSPECIFIED.);
#4015 = DIRECTION('', (-0.99798016, 0.06352639, 0.));
#4016 = VECTOR('', #4015, 1.);
#4017 = CARTESIAN_POINT('', (-9.17728484, 170.63369073, -180.));
#4018 = LINE('', #4017, #4016);
#4019 = DIRECTION('', (-0.19082004, -0.98162504, 0.));
#4020 = VECTOR('', #4019, 1.);
#4021 = CARTESIAN_POINT('', (-165.11822045, 44.0005937, 180.));
#4022 = LINE('', #4021, #4020);
#4023 = CARTESIAN_POINT('', (-165.93038875, 39.82260092, 180.));
#4024 = CARTESIAN_POINT('', (-132.00065638, 154.52837322, 0.));
#4025 = CARTESIAN_POINT('', (-13.40176591, 170.11503792, -180.));
#4026 = B_SPLINE_CURVE_WITH_KNOTS('', 2, (#4023, #4024, #4025), .UNSPECIFIED., .F., .F., (3, 3), (-1., -0.), .UNSPECIFIED.);
#4027 = DIRECTION('', (0.99254752, 0.12185818, 0.));
#4028 = VECTOR('', #4027, 1.);
#4029 = CARTESIAN_POINT('', (-13.40176591, 170.11503792, -180.));
#4030 = LINE('', #4029, #4028);
#4031 = DIRECTION('', (-0.1187238, -0.99292732, 0.));
#4032 = VECTOR('', #4031, 1.);
#4033 = CARTESIAN_POINT('', (-165.93038875, 39.82260092, 180.));
#4034 = LINE('', #4033, #4032);
#4035 = CARTESIAN_POINT('', (-166.81140927, 32.45432847, 180.));
#4036 = CARTESIAN_POINT('', (-138.00764411, 148.04560647, 0.));
#4037 = CARTESIAN_POINT('', (-20.68165974, 168.67601682, -180.));
#4038 = B_SPLINE_CURVE_WITH_KNOTS('', 2, (#4035, #4036, #4037), .UNSPECIFIED., .F., .F., (3, 3), (-1., -0.), .UNSPECIFIED.);
#4039 = DIRECTION('', (0.98101767, 0.19391837, 0.));
#4040 = VECTOR('', #4039, 1.);
#4041 = CARTESIAN_POINT('', (-20.68165974, 168.67601682, -180.));
#4042 = LINE('', #4041, #4040);
#4043 = DIRECTION('', (-0.07341382, -0.99730157, 0.));
#4044 = VECTOR('', #4043, 1.);
#4045 = CARTESIAN_POINT('', (-166.81140927, 32.45432847, 180.));
#4046 = LINE('', #4045, #4044);
#4047 = CARTESIAN_POINT('', (-167.43426234, 23.99308276, 180.));
#4048 = CARTESIAN_POINT('', (-144.53100837, 140.329004, 0.));
#4049 = CARTESIAN_POINT('', (-28.9212548, 166.65371657, -180.));
#4050 = B_SPLINE_CURVE_WITH_KNOTS('', 2, (#4047, #4048, #4049), .UNSPECIFIED., .F., .F., (3, 3), (-1., -0.), .UNSPECIFIED.);
#4051 = DIRECTION('', (0.97117627, 0.23836244, 0.));
#4052 = VECTOR('', #4051, 1.);
#4053 = CARTESIAN_POINT('', (-28.9212548, 166.65371657, -180.));
#4054 = LINE('', #4053, #4052);
#4055 = DIRECTION('', (0.16618909, -0.9860939, 0.));
#4056 = VECTOR('', #4055, 1.);
#4057 = CARTESIAN_POINT('', (-167.43426234, 23.99308276, 180.));
#4058 = LINE('', #4057, #4056);
#4059 = CARTESIAN_POINT('', (-166.15418678, 16.39766996, 180.));
#4060 = CARTESIAN_POINT('', (-148.61473277, 132.11452318, 0.));
#4061 = CARTESIAN_POINT('', (-35.74935653, 163.08918073, -180.));
#4062 = B_SPLINE_CURVE_WITH_KNOTS('', 2, (#4059, #4060, #4061), .UNSPECIFIED., .F., .F., (3, 3), (-1., -0.), .UNSPECIFIED.);
#4063 = DIRECTION('', (0.88647578, 0.46277499, 0.));
#4064 = VECTOR('', #4063, 1.);
#4065 = CARTESIAN_POINT('', (-35.74935653, 163.08918073, -180.));
#4066 = LINE('', #4065, #4064);
#4067 = DIRECTION('', (0.55637641, -0.83093037, 0.));
#4068 = VECTOR('', #4067, 1.);
#4069 = CARTESIAN_POINT('', (-166.15418678, 16.39766996, 180.));
#4070 = LINE('', #4069, #4068);
#4071 = CARTESIAN_POINT('', (-161.54802176, 9.51850985, 180.));
#4072 = CARTESIAN_POINT('', (-148.99227806, 122.26176694, 0.));
#4073 = CARTESIAN_POINT('', (-40.86844331, 156.58268009, -180.));
#4074 = B_SPLINE_CURVE_WITH_KNOTS('', 2, (#4071, #4072, #4073), .UNSPECIFIED., .F., .F., (3, 3), (-1., -0.), .UNSPECIFIED.);
#4075 = DIRECTION('', (0.61833198, 0.78591702, 0.));
#4076 = VECTOR('', #4075, 1.);
#4077 = CARTESIAN_POINT('', (-40.86844331, 156.58268009, -180.));
#4078 = LINE('', #4077, #4076);
#4079 = DIRECTION('', (0.41786267, -0.9085102, 0.));
#4080 = VECTOR('', #4079, 1.);
#4081 = CARTESIAN_POINT('', (-161.54802176, 9.51850985, 180.));
#4082 = LINE('', #4081, #4080);
#4083 = CARTESIAN_POINT('', (-157.42700538, 0.55866337, 180.));
#4084 = CARTESIAN_POINT('', (-151.29384479, 110.74384089, 0.));
#4085 = CARTESIAN_POINT('', (-48.1162996, 149.89461579, -180.));
#4086 = B_SPLINE_CURVE_WITH_KNOTS('', 2, (#4083, #4084, #4085), .UNSPECIFIED., .F., .F., (3, 3), (-1., -0.), .UNSPECIFIED.);
#4087 = DIRECTION('', (0.73491788, 0.67815611, 0.));
#4088 = VECTOR('', #4087, 1.);
#4089 = CARTESIAN_POINT('', (-48.1162996, 149.89461579, -180.));
#4090 = LINE('', #4089, #4088);
#4091 = DIRECTION('', (-0.03482671, -0.99939337, 0.));
#4092 = VECTOR('', #4091, 1.);
#4093 = CARTESIAN_POINT('', (-157.42700538, 0.55866337, 180.));
#4094 = LINE('', #4093, #4092);
#4095 = CARTESIAN_POINT('', (-157.61203862, -4.75108274, 180.));
#4096 = CARTESIAN_POINT('', (-155.18917562, 105.75729625, 0.));
#4097 = CARTESIAN_POINT('', (-53.22334665, 148.42979106, -180.));
#4098 = B_SPLINE_CURVE_WITH_KNOTS('', 2, (#4095, #4096, #4097), .UNSPECIFIED., .F., .F., (3, 3), (-1., -0.), .UNSPECIFIED.);
#4099 = DIRECTION('', (0.96124162, 0.27570737, 0.));
#4100 = VECTOR('', #4099, 1.);
#4101 = CARTESIAN_POINT('', (-53.22334665, 148.42979106, -180.));
#4102 = LINE('', #4101, #4100);
#4103 = DIRECTION('', (-0.69557158, -0.71845681, 0.));
#4104 = VECTOR('', #4103, 1.);
#4105 = CARTESIAN_POINT('', (-157.61203862, -4.75108274, 180.));
#4106 = LINE('', #4105, #4104);
#4107 = CARTESIAN_POINT('', (-160.42179317, -7.65328196, 180.));
#4108 = CARTESIAN_POINT('', (-159.92810782, 104.9279002, 0.));
#4109 = CARTESIAN_POINT('', (-56.85176404, 150.20519756, -180.));
#4110 = B_SPLINE_CURVE_WITH_KNOTS('', 2, (#4107, #4108, #4109), .UNSPECIFIED., .F., .F., (3, 3), (-1., -0.), .UNSPECIFIED.);
#4111 = DIRECTION('', (0.89823647, -0.43951252, 0.));
#4112 = VECTOR('', #4111, 1.);
#4113 = CARTESIAN_POINT('', (-56.85176404, 150.20519756, -180.));
#4114 = LINE('', #4113, #4112);
#4115 = DIRECTION('', (-0.84535356, -0.53420722, 0.));
#4116 = VECTOR('', #4115, 1.);
#4117 = CARTESIAN_POINT('', (-160.42179317, -7.65328196, 180.));
#4118 = LINE('', #4117, #4116);
#4119 = CARTESIAN_POINT('', (-162.59096052, -9.02405145, 180.));
#4120 = CARTESIAN_POINT('', (-162.97775241, 105.12563764, 0.));
#4121 = CARTESIAN_POINT('', (-58.82575287, 151.84460724, -180.));
#4122 = B_SPLINE_CURVE_WITH_KNOTS('', 2, (#4119, #4120, #4121), .UNSPECIFIED., .F., .F., (3, 3), (-1., -0.), .UNSPECIFIED.);
#4123 = DIRECTION('', (0.76928988, -0.6388999, 0.));
#4124 = VECTOR('', #4123, 1.);
#4125 = CARTESIAN_POINT('', (-58.82575287, 151.84460724, -180.));
#4126 = LINE('', #4125, #4124);
#4127 = DIRECTION('', (-0.94863358, -0.31637688, 0.));
#4128 = VECTOR('', #4127, 1.);
#4129 = CARTESIAN_POINT('', (-162.59096052, -9.02405145, 180.));
#4130 = LINE('', #4129, #4128);
#4131 = CARTESIAN_POINT('', (-163.80597314, -9.42926787, 180.));
#4132 = CARTESIAN_POINT('', (-164.43211665, 105.58576146, 0.));
#4133 = CARTESIAN_POINT('', (-59.58659613, 152.87493415, -180.));
#4134 = B_SPLINE_CURVE_WITH_KNOTS('', 2, (#4131, #4132, #4133), .UNSPECIFIED., .F., .F., (3, 3), (-1., -0.), .UNSPECIFIED.);
#4135 = DIRECTION('', (0.59403619, -0.80443832, 0.));
#4136 = VECTOR('', #4135, 1.);
#4137 = CARTESIAN_POINT('', (-59.58659613, 152.87493415, -180.));
#4138 = LINE('', #4137, #4136);
#4139 = DIRECTION('', (-0.86626418, -0.49958619, 0.));
#4140 = VECTOR('', #4139, 1.);
#4141 = CARTESIAN_POINT('', (-41.65106283, -158.70254218, 180.));
#4142 = LINE('', #4141, #4140);
#4143 = CARTESIAN_POINT('', (-44.77341651, -160.50324551, 180.));
#4144 = CARTESIAN_POINT('', (-155.4993807, -123.30568545, 0.));
#4145 = CARTESIAN_POINT('', (-166.48340412, -7.01618098, -180.));
#4146 = B_SPLINE_CURVE_WITH_KNOTS('', 2, (#4143, #4144, #4145), .UNSPECIFIED., .F., .F., (3, 3), (-1., -0.), .UNSPECIFIED.);
#4147 = DIRECTION('', (0.74282506, -0.66948557, 0.));
#4148 = VECTOR('', #4147, 1.);
#4149 = CARTESIAN_POINT('', (-166.48340412, -7.01618098, -180.));
#4150 = LINE('', #4149, #4148);
#4151 = DIRECTION('', (-0.98374086, -0.17959374, 0.));
#4152 = VECTOR('', #4151, 1.);
#4153 = CARTESIAN_POINT('', (-44.77341651, -160.50324551, 180.));
#4154 = LINE('', #4153, #4152);
#4155 = CARTESIAN_POINT('', (-48.56232979, -161.19495726, 180.));
#4156 = CARTESIAN_POINT('', (-159.63432268, -121.31976799, 0.));
#4157 = CARTESIAN_POINT('', (-168.31209969, -3.626461, -180.));
#4158 = B_SPLINE_CURVE_WITH_KNOTS('', 2, (#4155, #4156, #4157), .UNSPECIFIED., .F., .F., (3, 3), (-1., -0.), .UNSPECIFIED.);
#4159 = DIRECTION('', (0.47479644, -0.88009564, 0.));
#4160 = VECTOR('', #4159, 1.);
#4161 = CARTESIAN_POINT('', (-168.31209969, -3.626461, -180.));
#4162 = LINE('', #4161, #4160);
#4163 = DIRECTION('', (-0.99922309, -0.03941084, 0.));
#4164 = VECTOR('', #4163, 1.);
#4165 = CARTESIAN_POINT('', (-48.56232979, -161.19495726, 180.));
#4166 = LINE('', #4165, #4164);
#4167 = CARTESIAN_POINT('', (-57.4202373, -161.54432623, 180.));
#4168 = CARTESIAN_POINT('', (-168.4137154, -115.45548443, 0.));
#4169 = CARTESIAN_POINT('', (-171.38161328, 4.6899487, -180.));
#4170 = B_SPLINE_CURVE_WITH_KNOTS('', 2, (#4167, #4168, #4169), .UNSPECIFIED., .F., .F., (3, 3), (-1., -0.), .UNSPECIFIED.);
#4171 = DIRECTION('', (0.34625885, -0.93813901, 0.));
#4172 = VECTOR('', #4171, 1.);
#4173 = CARTESIAN_POINT('', (-171.38161328, 4.6899487, -180.));
#4174 = LINE('', #4173, #4172);
#4175 = DIRECTION('', (-0.96532095, 0.261066, 0.));
#4176 = VECTOR('', #4175, 1.);
#4177 = CARTESIAN_POINT('', (-57.4202373, -161.54432623, 180.));
#4178 = LINE('', #4177, #4176);
#4179 = CARTESIAN_POINT('', (-70.36543925, -158.04336417, 180.));
#4180 = CARTESIAN_POINT('', (-178.43592613, -103.02002999, 0.));
#4181 = CARTESIAN_POINT('', (-172.0522879, 18.08342415, -180.));
#4182 = B_SPLINE_CURVE_WITH_KNOTS('', 2, (#4179, #4180, #4181), .UNSPECIFIED., .F., .F., (3, 3), (-1., -0.), .UNSPECIFIED.);
#4183 = DIRECTION('', (0.05001206, -0.99874861, 0.));
#4184 = VECTOR('', #4183, 1.);
#4185 = CARTESIAN_POINT('', (-172.0522879, 18.08342415, -180.));
#4186 = LINE('', #4185, #4184);
#4187 = DIRECTION('', (-0.90237836, 0.43094466, 0.));
#4188 = VECTOR('', #4187, 1.);
#4189 = CARTESIAN_POINT('', (-70.36543925, -158.04336417, 180.));
#4190 = LINE('', #4189, #4188);
#4191 = CARTESIAN_POINT('', (-77.54189747, -154.61613622, 180.));
#4192 = CARTESIAN_POINT('', (-182.95142222, -94.69398456, 0.));
#4193 = CARTESIAN_POINT('', (-171.01044797, 25.96771318, -180.));
#4194 = B_SPLINE_CURVE_WITH_KNOTS('', 2, (#4191, #4192, #4193), .UNSPECIFIED., .F., .F., (3, 3), (-1., -0.), .UNSPECIFIED.);
#4195 = DIRECTION('', (-0.13100248, -0.99138204, 0.));
#4196 = VECTOR('', #4195, 1.);
#4197 = CARTESIAN_POINT('', (-171.01044797, 25.96771318, -180.));
#4198 = LINE('', #4197, #4196);
#4199 = DIRECTION('', (-0.84134614, 0.54049669, 0.));
#4200 = VECTOR('', #4199, 1.);
#4201 = CARTESIAN_POINT('', (-77.54189747, -154.61613622, 180.));
#4202 = LINE('', #4201, #4200);
#4203 = CARTESIAN_POINT('', (-84.30877189, -150.268968, 180.));
#4204 = CARTESIAN_POINT('', (-186.42827681, -85.76827919, 0.));
#4205 = CARTESIAN_POINT('', (-168.9671245, 33.74674205, -180.));
#4206 = B_SPLINE_CURVE_WITH_KNOTS('', 2, (#4203, #4204, #4205), .UNSPECIFIED., .F., .F., (3, 3), (-1., -0.), .UNSPECIFIED.);
#4207 = DIRECTION('', (-0.25405264, -0.96719039, 0.));
#4208 = VECTOR('', #4207, 1.);
#4209 = CARTESIAN_POINT('', (-168.9671245, 33.74674205, -180.));
#4210 = LINE('', #4209, #4208);
#4211 = DIRECTION('', (-0.79339867, 0.60870235, 0.));
#4212 = VECTOR('', #4211, 1.);
#4213 = CARTESIAN_POINT('', (-84.30877189, -150.268968, 180.));
#4214 = LINE('', #4213, #4212);
#4215 = CARTESIAN_POINT('', (-88.63319381, -146.95123397, 180.));
#4216 = CARTESIAN_POINT('', (-188.27241358, -79.54427984, 0.));
#4217 = CARTESIAN_POINT('', (-167.14809179, 38.88474789, -180.));
#4218 = B_SPLINE_CURVE_WITH_KNOTS('', 2, (#4215, #4216, #4217), .UNSPECIFIED., .F., .F., (3, 3), (-1., -0.), .UNSPECIFIED.);
#4219 = DIRECTION('', (-0.33373666, -0.94266635, 0.));
#4220 = VECTOR('', #4219, 1.);
#4221 = CARTESIAN_POINT('', (-167.14809179, 38.88474789, -180.));
#4222 = LINE('', #4221, #4220);
#4223 = DIRECTION('', (-0.77004304, 0.63799195, 0.));
#4224 = VECTOR('', #4223, 1.);
#4225 = CARTESIAN_POINT('', (-88.63319381, -146.95123397, 180.));
#4226 = LINE('', #4225, #4224);
#4227 = CARTESIAN_POINT('', (-92.87138756, -143.4398283, 180.));
#4228 = CARTESIAN_POINT('', (-189.89788898, -73.1940363, 0.));
#4229 = CARTESIAN_POINT('', (-165.11822045, 44.0005937, -180.));
#4230 = B_SPLINE_CURVE_WITH_KNOTS('', 2, (#4227, #4228, #4229), .UNSPECIFIED., .F., .F., (3, 3), (-1., -0.), .UNSPECIFIED.);
#4231 = DIRECTION('', (-0.36881001, -0.9295048, 0.));
#4232 = VECTOR('', #4231, 1.);
#4233 = CARTESIAN_POINT('', (-165.11822045, 44.0005937, -180.));
#4234 = LINE('', #4233, #4232);
#4235 = DIRECTION('', (0.87461425, -0.48481946, 0.));
#4236 = VECTOR('', #4235, 1.);
#4237 = CARTESIAN_POINT('', (-92.87138756, -143.4398283, 180.));
#4238 = LINE('', #4237, #4236);
#4239 = CARTESIAN_POINT('', (-89.14885411, -145.50331703, 180.));
#4240 = CARTESIAN_POINT('', (-187.7556624, -77.78819097, 0.));
#4241 = CARTESIAN_POINT('', (-165.93038875, 39.82260092, -180.));
#4242 = B_SPLINE_CURVE_WITH_KNOTS('', 2, (#4239, #4240, #4241), .UNSPECIFIED., .F., .F., (3, 3), (-1., -0.), .UNSPECIFIED.);
#4243 = DIRECTION('', (0.19082004, 0.98162504, 0.));
#4244 = VECTOR('', #4243, 1.);
#4245 = CARTESIAN_POINT('', (-165.93038875, 39.82260092, -180.));
#4246 = LINE('', #4245, #4244);
#4247 = DIRECTION('', (0.90764232, -0.41974446, 0.));
#4248 = VECTOR('', #4247, 1.);
#4249 = CARTESIAN_POINT('', (-89.14885411, -145.50331703, 180.));
#4250 = LINE('', #4249, #4248);
#4251 = CARTESIAN_POINT('', (-82.4134609, -148.61813874, 180.));
#4252 = CARTESIAN_POINT('', (-183.44644613, -85.50446088, 0.));
#4253 = CARTESIAN_POINT('', (-166.81140927, 32.45432847, -180.));
#4254 = B_SPLINE_CURVE_WITH_KNOTS('', 2, (#4251, #4252, #4253), .UNSPECIFIED., .F., .F., (3, 3), (-1., -0.), .UNSPECIFIED.);
#4255 = DIRECTION('', (0.1187238, 0.99292732, 0.));
#4256 = VECTOR('', #4255, 1.);
#4257 = CARTESIAN_POINT('', (-166.81140927, 32.45432847, -180.));
#4258 = LINE('', #4257, #4256);
#4259 = DIRECTION('', (0.92580404, -0.37800382, 0.));
#4260 = VECTOR('', #4259, 1.);
#4261 = CARTESIAN_POINT('', (-82.4134609, -148.61813874, 180.));
#4262 = LINE('', #4261, #4260);
#4263 = CARTESIAN_POINT('', (-74.55881021, -151.82517593, 180.));
#4264 = CARTESIAN_POINT('', (-178.12335148, -94.09311028, 0.));
#4265 = CARTESIAN_POINT('', (-167.43426234, 23.99308276, -180.));
#4266 = B_SPLINE_CURVE_WITH_KNOTS('', 2, (#4263, #4264, #4265), .UNSPECIFIED., .F., .F., (3, 3), (-1., -0.), .UNSPECIFIED.);
#4267 = DIRECTION('', (0.07341382, 0.99730157, 0.));
#4268 = VECTOR('', #4267, 1.);
#4269 = CARTESIAN_POINT('', (-167.43426234, 23.99308276, -180.));
#4270 = LINE('', #4269, #4268);
#4271 = DIRECTION('', (0.98918628, -0.14666456, 0.));
#4272 = VECTOR('', #4271, 1.);
#4273 = CARTESIAN_POINT('', (-74.55881021, -151.82517593, 180.));
#4274 = LINE('', #4273, #4272);
#4275 = CARTESIAN_POINT('', (-66.93957827, -152.95486336, 180.));
#4276 = CARTESIAN_POINT('', (-171.57285621, -100.51537716, 0.));
#4277 = CARTESIAN_POINT('', (-166.15418678, 16.39766996, -180.));
#4278 = B_SPLINE_CURVE_WITH_KNOTS('', 2, (#4275, #4276, #4277), .UNSPECIFIED., .F., .F., (3, 3), (-1., -0.), .UNSPECIFIED.);
#4279 = DIRECTION('', (-0.16618909, 0.9860939, 0.));
#4280 = VECTOR('', #4279, 1.);
#4281 = CARTESIAN_POINT('', (-166.15418678, 16.39766996, -180.));
#4282 = LINE('', #4281, #4280);
#4283 = DIRECTION('', (0.96219151, 0.27237381, 0.));
#4284 = VECTOR('', #4283, 1.);
#4285 = CARTESIAN_POINT('', (-66.93957827, -152.95486336, 180.));
#4286 = LINE('', #4285, #4284);
#4287 = CARTESIAN_POINT('', (-58.97372495, -150.69991748, 180.));
#4288 = CARTESIAN_POINT('', (-162.3189961, -103.91911318, 0.));
#4289 = CARTESIAN_POINT('', (-161.54802176, 9.51850985, -180.));
#4290 = B_SPLINE_CURVE_WITH_KNOTS('', 2, (#4287, #4288, #4289), .UNSPECIFIED., .F., .F., (3, 3), (-1., -0.), .UNSPECIFIED.);
#4291 = DIRECTION('', (-0.55637641, 0.83093037, 0.));
#4292 = VECTOR('', #4291, 1.);
#4293 = CARTESIAN_POINT('', (-161.54802176, 9.51850985, -180.));
#4294 = LINE('', #4293, #4292);
#4295 = DIRECTION('', (0.99317121, 0.11666593, 0.));
#4296 = VECTOR('', #4295, 1.);
#4297 = CARTESIAN_POINT('', (-58.97372495, -150.69991748, 180.));
#4298 = LINE('', #4297, #4296);
#4299 = CARTESIAN_POINT('', (-49.17894047, -149.54934284, 180.));
#4300 = CARTESIAN_POINT('', (-152.07602071, -109.6672681, 0.));
#4301 = CARTESIAN_POINT('', (-157.42700538, 0.55866337, -180.));
#4302 = B_SPLINE_CURVE_WITH_KNOTS('', 2, (#4299, #4300, #4301), .UNSPECIFIED., .F., .F., (3, 3), (-1., -0.), .UNSPECIFIED.);
#4303 = DIRECTION('', (-0.41786267, 0.9085102, 0.));
#4304 = VECTOR('', #4303, 1.);
#4305 = CARTESIAN_POINT('', (-157.42700538, 0.55866337, -180.));
#4306 = LINE('', #4305, #4304);
#4307 = DIRECTION('', (0.93971753, -0.3419517, 0.));
#4308 = VECTOR('', #4307, 1.);
#4309 = CARTESIAN_POINT('', (-49.17894047, -149.54934284, 180.));
#4310 = LINE('', #4309, #4308);
#4311 = CARTESIAN_POINT('', (-44.18625025, -151.36612168, 180.));
#4312 = CARTESIAN_POINT('', (-148.53725835, -114.91287491, 0.));
#4313 = CARTESIAN_POINT('', (-157.61203862, -4.75108274, -180.));
#4314 = B_SPLINE_CURVE_WITH_KNOTS('', 2, (#4311, #4312, #4313), .UNSPECIFIED., .F., .F., (3, 3), (-1., -0.), .UNSPECIFIED.);
#4315 = DIRECTION('', (0.03482671, 0.99939337, 0.));
#4316 = VECTOR('', #4315, 1.);
#4317 = CARTESIAN_POINT('', (-157.61203862, -4.75108274, -180.));
#4318 = LINE('', #4317, #4316);
#4319 = DIRECTION('', (0.46834959, -0.88354324, 0.));
#4320 = VECTOR('', #4319, 1.);
#4321 = CARTESIAN_POINT('', (-44.18625025, -151.36612168, 180.));
#4322 = LINE('', #4321, #4320);
#4323 = CARTESIAN_POINT('', (-42.29435667, -154.93518594, 180.));
#4324 = CARTESIAN_POINT('', (-149.21286642, -119.67616474, 0.));
#4325 = CARTESIAN_POINT('', (-160.42179317, -7.65328196, -180.));
#4326 = B_SPLINE_CURVE_WITH_KNOTS('', 2, (#4323, #4324, #4325), .UNSPECIFIED., .F., .F., (3, 3), (-1., -0.), .UNSPECIFIED.);
#4327 = DIRECTION('', (0.69557158, 0.71845681, 0.));
#4328 = VECTOR('', #4327, 1.);
#4329 = CARTESIAN_POINT('', (-160.42179317, -7.65328196, -180.));
#4330 = LINE('', #4329, #4328);
#4331 = DIRECTION('', (0.24683264, -0.96905812, 0.));
#4332 = VECTOR('', #4331, 1.);
#4333 = CARTESIAN_POINT('', (-42.29435667, -154.93518594, 180.));
#4334 = LINE('', #4333, #4332);
#4335 = CARTESIAN_POINT('', (-41.660987, -157.42177775, 180.));
#4336 = CARTESIAN_POINT('', (-150.34331791, -122.51544487, 0.));
#4337 = CARTESIAN_POINT('', (-162.59096052, -9.02405145, -180.));
#4338 = B_SPLINE_CURVE_WITH_KNOTS('', 2, (#4335, #4336, #4337), .UNSPECIFIED., .F., .F., (3, 3), (-1., -0.), .UNSPECIFIED.);
#4339 = DIRECTION('', (0.84535356, 0.53420722, 0.));
#4340 = VECTOR('', #4339, 1.);
#4341 = CARTESIAN_POINT('', (-162.59096052, -9.02405145, -180.));
#4342 = LINE('', #4341, #4340);
#4343 = DIRECTION('', (0.0077484, -0.99996998, 0.));
#4344 = VECTOR('', #4343, 1.);
#4345 = CARTESIAN_POINT('', (-41.660987, -157.42177775, 180.));
#4346 = LINE('', #4345, #4344);
#4347 = CARTESIAN_POINT('', (-41.65106283, -158.70254218, 180.));
#4348 = CARTESIAN_POINT('', (-151.23034493, -123.75644138, 0.));
#4349 = CARTESIAN_POINT('', (-163.80597314, -9.42926787, -180.));
#4350 = B_SPLINE_CURVE_WITH_KNOTS('', 2, (#4347, #4348, #4349), .UNSPECIFIED., .F., .F., (3, 3), (-1., -0.), .UNSPECIFIED.);
#4351 = DIRECTION('', (0.94863358, 0.31637688, 0.));
#4352 = VECTOR('', #4351, 1.);
#4353 = CARTESIAN_POINT('', (-163.80597314, -9.42926787, -180.));
#4354 = LINE('', #4353, #4352);
#4355 = DIRECTION('', (0.20744435, -0.97824682, 0.));
#4356 = VECTOR('', #4355, 1.);
#4357 = CARTESIAN_POINT('', (138.06420064, -88.6542973, 180.));
#4358 = LINE('', #4357, #4356);
#4359 = CARTESIAN_POINT('', (138.81191093, -92.18028005, 180.));
#4360 = CARTESIAN_POINT('', (69.21872439, -185.9922516, 0.));
#4361 = CARTESIAN_POINT('', (-44.77341651, -160.50324551, -180.));
#4362 = B_SPLINE_CURVE_WITH_KNOTS('', 2, (#4359, #4360, #4361), .UNSPECIFIED., .F., .F., (3, 3), (-1., -0.), .UNSPECIFIED.);
#4363 = DIRECTION('', (0.86626418, 0.49958619, 0.));
#4364 = VECTOR('', #4363, 1.);
#4365 = CARTESIAN_POINT('', (-44.77341651, -160.50324551, -180.));
#4366 = LINE('', #4365, #4364);
#4367 = DIRECTION('', (-0.13318885, -0.99109068, 0.));
#4368 = VECTOR('', #4367, 1.);
#4369 = CARTESIAN_POINT('', (138.81191093, -92.18028005, 180.));
#4370 = LINE('', #4369, #4368);
#4371 = CARTESIAN_POINT('', (138.2989293, -95.9975014, 180.));
#4372 = CARTESIAN_POINT('', (66.05223731, -189.31113287, 0.));
#4373 = CARTESIAN_POINT('', (-48.56232979, -161.19495726, -180.));
#4374 = B_SPLINE_CURVE_WITH_KNOTS('', 2, (#4371, #4372, #4373), .UNSPECIFIED., .F., .F., (3, 3), (-1., -0.), .UNSPECIFIED.);
#4375 = DIRECTION('', (0.98374086, 0.17959374, 0.));
#4376 = VECTOR('', #4375, 1.);
#4377 = CARTESIAN_POINT('', (-48.56232979, -161.19495726, -180.));
#4378 = LINE('', #4377, #4376);
#4379 = DIRECTION('', (-0.27129498, -0.96249625, 0.));
#4380 = VECTOR('', #4379, 1.);
#4381 = CARTESIAN_POINT('', (138.2989293, -95.9975014, 180.));
#4382 = LINE('', #4381, #4380);
#4383 = CARTESIAN_POINT('', (135.89395499, -104.529833, 180.));
#4384 = CARTESIAN_POINT('', (57.76199067, -195.84866825, 0.));
#4385 = CARTESIAN_POINT('', (-57.4202373, -161.54432623, -180.));
#4386 = B_SPLINE_CURVE_WITH_KNOTS('', 2, (#4383, #4384, #4385), .UNSPECIFIED., .F., .F., (3, 3), (-1., -0.), .UNSPECIFIED.);
#4387 = DIRECTION('', (0.99922309, 0.03941084, 0.));
#4388 = VECTOR('', #4387, 1.);
#4389 = CARTESIAN_POINT('', (-57.4202373, -161.54432623, -180.));
#4390 = LINE('', #4389, #4388);
#4391 = DIRECTION('', (-0.5465891, -0.83740096, 0.));
#4392 = VECTOR('', #4391, 1.);
#4393 = CARTESIAN_POINT('', (135.89395499, -104.529833, 180.));
#4394 = LINE('', #4393, #4392);
#4395 = CARTESIAN_POINT('', (128.56405481, -115.7595949, 180.));
#4396 = CARTESIAN_POINT('', (42.83813725, -201.53759032, 0.));
#4397 = CARTESIAN_POINT('', (-70.36543925, -158.04336417, -180.));
#4398 = B_SPLINE_CURVE_WITH_KNOTS('', 2, (#4395, #4396, #4397), .UNSPECIFIED., .F., .F., (3, 3), (-1., -0.), .UNSPECIFIED.);
#4399 = DIRECTION('', (0.96532095, -0.261066, 0.));
#4400 = VECTOR('', #4399, 1.);
#4401 = CARTESIAN_POINT('', (-70.36543925, -158.04336417, -180.));
#4402 = LINE('', #4401, #4400);
#4403 = DIRECTION('', (-0.68870297, -0.7250436, 0.));
#4404 = VECTOR('', #4403, 1.);
#4405 = CARTESIAN_POINT('', (128.56405481, -115.7595949, 180.));
#4406 = LINE('', #4405, #4404);
#4407 = CARTESIAN_POINT('', (123.08691978, -121.52574057, 180.));
#4408 = CARTESIAN_POINT('', (33.52423246, -203.25919276, 0.));
#4409 = CARTESIAN_POINT('', (-77.54189747, -154.61613622, -180.));
#4410 = B_SPLINE_CURVE_WITH_KNOTS('', 2, (#4407, #4408, #4409), .UNSPECIFIED., .F., .F., (3, 3), (-1., -0.), .UNSPECIFIED.);
#4411 = DIRECTION('', (0.90237836, -0.43094466, 0.));
#4412 = VECTOR('', #4411, 1.);
#4413 = CARTESIAN_POINT('', (-77.54189747, -154.61613622, -180.));
#4414 = LINE('', #4413, #4412);
#4415 = DIRECTION('', (-0.77403315, -0.63314507, 0.));
#4416 = VECTOR('', #4415, 1.);
#4417 = CARTESIAN_POINT('', (123.08691978, -121.52574057, 180.));
#4418 = LINE('', #4417, #4416);
#4419 = CARTESIAN_POINT('', (116.86143792, -126.61807173, 180.));
#4420 = CARTESIAN_POINT('', (23.96097505, -203.80768333, 0.));
#4421 = CARTESIAN_POINT('', (-84.30877189, -150.268968, -180.));
#4422 = B_SPLINE_CURVE_WITH_KNOTS('', 2, (#4419, #4420, #4421), .UNSPECIFIED., .F., .F., (3, 3), (-1., -0.), .UNSPECIFIED.);
#4423 = DIRECTION('', (0.84134614, -0.54049669, 0.));
#4424 = VECTOR('', #4423, 1.);
#4425 = CARTESIAN_POINT('', (-84.30877189, -150.268968, -180.));
#4426 = LINE('', #4425, #4424);
#4427 = DIRECTION('', (-0.82408401, -0.56646761, 0.));
#4428 = VECTOR('', #4427, 1.);
#4429 = CARTESIAN_POINT('', (116.86143792, -126.61807173, 180.));
#4430 = LINE('', #4429, #4428);
#4431 = CARTESIAN_POINT('', (112.36976549, -129.70560517, 180.));
#4432 = CARTESIAN_POINT('', (17.47173031, -203.63824005, 0.));
#4433 = CARTESIAN_POINT('', (-88.63319381, -146.95123397, -180.));
#4434 = B_SPLINE_CURVE_WITH_KNOTS('', 2, (#4431, #4432, #4433), .UNSPECIFIED., .F., .F., (3, 3), (-1., -0.), .UNSPECIFIED.);
#4435 = DIRECTION('', (0.79339867, -0.60870235, 0.));
#4436 = VECTOR('', #4435, 1.);
#4437 = CARTESIAN_POINT('', (-88.63319381, -146.95123397, -180.));
#4438 = LINE('', #4437, #4436);
#4439 = DIRECTION('', (-0.84472278, -0.53520409, 0.));
#4440 = VECTOR('', #4439, 1.);
#4441 = CARTESIAN_POINT('', (112.36976549, -129.70560517, 180.));
#4442 = LINE('', #4441, #4440);
#4443 = CARTESIAN_POINT('', (107.72054635, -132.65128293, 180.));
#4444 = CARTESIAN_POINT('', (10.92999029, -203.22182585, 0.));
#4445 = CARTESIAN_POINT('', (-92.87138756, -143.4398283, -180.));
#4446 = B_SPLINE_CURVE_WITH_KNOTS('', 2, (#4443, #4444, #4445), .UNSPECIFIED., .F., .F., (3, 3), (-1., -0.), .UNSPECIFIED.);
#4447 = DIRECTION('', (0.77004304, -0.63799195, 0.));
#4448 = VECTOR('', #4447, 1.);
#4449 = CARTESIAN_POINT('', (-92.87138756, -143.4398283, -180.));
#4450 = LINE('', #4449, #4448);
#4451 = DIRECTION('', (0.73136137, 0.68199013, 0.));
#4452 = VECTOR('', #4451, 1.);
#4453 = CARTESIAN_POINT('', (107.72054635, -132.65128293, 180.));
#4454 = LINE('', #4453, #4452);
#4455 = CARTESIAN_POINT('', (110.83336686, -129.74859632, 180.));
#4456 = CARTESIAN_POINT('', (15.96127544, -202.60411916, 0.));
#4457 = CARTESIAN_POINT('', (-89.14885411, -145.50331703, -180.));
#4458 = B_SPLINE_CURVE_WITH_KNOTS('', 2, (#4455, #4456, #4457), .UNSPECIFIED., .F., .F., (3, 3), (-1., -0.), .UNSPECIFIED.);
#4459 = DIRECTION('', (-0.87461425, 0.48481946, 0.));
#4460 = VECTOR('', #4459, 1.);
#4461 = CARTESIAN_POINT('', (-89.14885411, -145.50331703, -180.));
#4462 = LINE('', #4461, #4460);
#4463 = DIRECTION('', (0.67967761, 0.73351097, 0.));
#4464 = VECTOR('', #4463, 1.);
#4465 = CARTESIAN_POINT('', (110.83336686, -129.74859632, 180.));
#4466 = LINE('', #4465, #4464);
#4467 = CARTESIAN_POINT('', (115.87708931, -124.30538956, 180.));
#4468 = CARTESIAN_POINT('', (24.63150528, -200.89026949, 0.));
#4469 = CARTESIAN_POINT('', (-82.4134609, -148.61813874, -180.));
#4470 = B_SPLINE_CURVE_WITH_KNOTS('', 2, (#4467, #4468, #4469), .UNSPECIFIED., .F., .F., (3, 3), (-1., -0.), .UNSPECIFIED.);
#4471 = DIRECTION('', (-0.90764232, 0.41974446, 0.));
#4472 = VECTOR('', #4471, 1.);
#4473 = CARTESIAN_POINT('', (-82.4134609, -148.61813874, -180.));
#4474 = LINE('', #4473, #4472);
#4475 = DIRECTION('', (0.64559218, 0.76368236, 0.));
#4476 = VECTOR('', #4475, 1.);
#4477 = CARTESIAN_POINT('', (115.87708931, -124.30538956, 180.));
#4478 = LINE('', #4477, #4476);
#4479 = CARTESIAN_POINT('', (121.35438347, -117.82620183, 180.));
#4480 = CARTESIAN_POINT('', (34.44472297, -198.48174426, 0.));
#4481 = CARTESIAN_POINT('', (-74.55881021, -151.82517593, -180.));
#4482 = B_SPLINE_CURVE_WITH_KNOTS('', 2, (#4479, #4480, #4481), .UNSPECIFIED., .F., .F., (3, 3), (-1., -0.), .UNSPECIFIED.);
#4483 = DIRECTION('', (-0.92580404, 0.37800382, 0.));
#4484 = VECTOR('', #4483, 1.);
#4485 = CARTESIAN_POINT('', (-74.55881021, -151.82517593, -180.));
#4486 = LINE('', #4485, #4484);
#4487 = DIRECTION('', (0.44516166, 0.89545022, 0.));
#4488 = VECTOR('', #4487, 1.);
#4489 = CARTESIAN_POINT('', (121.35438347, -117.82620183, 180.));
#4490 = LINE('', #4489, #4488);
#4491 = CARTESIAN_POINT('', (124.78325221, -110.92897426, 180.));
#4492 = CARTESIAN_POINT('', (42.57687609, -194.23644265, 0.));
#4493 = CARTESIAN_POINT('', (-66.93957827, -152.95486336, -180.));
#4494 = B_SPLINE_CURVE_WITH_KNOTS('', 2, (#4491, #4492, #4493), .UNSPECIFIED., .F., .F., (3, 3), (-1., -0.), .UNSPECIFIED.);
#4495 = DIRECTION('', (-0.98918628, 0.14666456, 0.));
#4496 = VECTOR('', #4495, 1.);
#4497 = CARTESIAN_POINT('', (-66.93957827, -152.95486336, -180.));
#4498 = LINE('', #4497, #4496);
#4499 = DIRECTION('', (0.03829065, 0.99926664, 0.));
#4500 = VECTOR('', #4499, 1.);
#4501 = CARTESIAN_POINT('', (124.78325221, -110.92897426, 180.));
#4502 = LINE('', #4501, #4500);
#4503 = CARTESIAN_POINT('', (125.1002553, -102.65618096, 180.));
#4504 = CARTESIAN_POINT('', (48.67362145, -186.48731097, 0.));
#4505 = CARTESIAN_POINT('', (-58.97372495, -150.69991748, -180.));
#4506 = B_SPLINE_CURVE_WITH_KNOTS('', 2, (#4503, #4504, #4505), .UNSPECIFIED., .F., .F., (3, 3), (-1., -0.), .UNSPECIFIED.);
#4507 = DIRECTION('', (-0.96219151, -0.27237381, 0.));
#4508 = VECTOR('', #4507, 1.);
#4509 = CARTESIAN_POINT('', (-58.97372495, -150.69991748, -180.));
#4510 = LINE('', #4509, #4508);
#4511 = DIRECTION('', (0.19595089, 0.98061371, 0.));
#4512 = VECTOR('', #4511, 1.);
#4513 = CARTESIAN_POINT('', (125.1002553, -102.65618096, 180.));
#4514 = LINE('', #4513, #4512);
#4515 = CARTESIAN_POINT('', (127.03274864, -92.98524023, 180.));
#4516 = CARTESIAN_POINT('', (57.30569512, -178.52194004, 0.));
#4517 = CARTESIAN_POINT('', (-49.17894047, -149.54934284, -180.));
#4518 = B_SPLINE_CURVE_WITH_KNOTS('', 2, (#4515, #4516, #4517), .UNSPECIFIED., .F., .F., (3, 3), (-1., -0.), .UNSPECIFIED.);
#4519 = DIRECTION('', (-0.99317121, -0.11666593, 0.));
#4520 = VECTOR('', #4519, 1.);
#4521 = CARTESIAN_POINT('', (-49.17894047, -149.54934284, -180.));
#4522 = LINE('', #4521, #4520);
#4523 = DIRECTION('', (0.61560408, 0.78805559, 0.));
#4524 = VECTOR('', #4523, 1.);
#4525 = CARTESIAN_POINT('', (127.03274864, -92.98524023, 180.));
#4526 = LINE('', #4525, #4524);
#4527 = CARTESIAN_POINT('', (130.30343413, -88.7983252, 180.));
#4528 = CARTESIAN_POINT('', (63.38810136, -176.77735869, 0.));
#4529 = CARTESIAN_POINT('', (-44.18625025, -151.36612168, -180.));
#4530 = B_SPLINE_CURVE_WITH_KNOTS('', 2, (#4527, #4528, #4529), .UNSPECIFIED., .F., .F., (3, 3), (-1., -0.), .UNSPECIFIED.);
#4531 = DIRECTION('', (-0.93971753, 0.3419517, 0.));
#4532 = VECTOR('', #4531, 1.);
#4533 = CARTESIAN_POINT('', (-44.18625025, -151.36612168, -180.));
#4534 = LINE('', #4533, #4532);
#4535 = DIRECTION('', (0.98502754, 0.17239705, 0.));
#4536 = VECTOR('', #4535, 1.);
#4537 = CARTESIAN_POINT('', (130.30343413, -88.7983252, 180.));
#4538 = LINE('', #4537, #4536);
#4539 = CARTESIAN_POINT('', (134.28244321, -88.101929, 180.));
#4540 = CARTESIAN_POINT('', (67.70948481, -178.89183765, 0.));
#4541 = CARTESIAN_POINT('', (-42.29435667, -154.93518594, -180.));
#4542 = B_SPLINE_CURVE_WITH_KNOTS('', 2, (#4539, #4540, #4541), .UNSPECIFIED., .F., .F., (3, 3), (-1., -0.), .UNSPECIFIED.);
#4543 = DIRECTION('', (-0.46834959, 0.88354324, 0.));
#4544 = VECTOR('', #4543, 1.);
#4545 = CARTESIAN_POINT('', (-42.29435667, -154.93518594, -180.));
#4546 = LINE('', #4545, #4544);
#4547 = DIRECTION('', (0.99790452, -0.06470363, 0.));
#4548 = VECTOR('', #4547, 1.);
#4549 = CARTESIAN_POINT('', (134.28244321, -88.101929, 180.));
#4550 = LINE('', #4549, #4548);
#4551 = CARTESIAN_POINT('', (136.84305456, -88.26795777, 180.));
#4552 = CARTESIAN_POINT('', (70.06047196, -180.84434672, 0.));
#4553 = CARTESIAN_POINT('', (-41.660987, -157.42177775, -180.));
#4554 = B_SPLINE_CURVE_WITH_KNOTS('', 2, (#4551, #4552, #4553), .UNSPECIFIED., .F., .F., (3, 3), (-1., -0.), .UNSPECIFIED.);
#4555 = DIRECTION('', (-0.24683264, 0.96905812, 0.));
#4556 = VECTOR('', #4555, 1.);
#4557 = CARTESIAN_POINT('', (-41.660987, -157.42177775, -180.));
#4558 = LINE('', #4557, #4556);
#4559 = DIRECTION('', (0.95342235, -0.30163856, 0.));
#4560 = VECTOR('', #4559, 1.);
#4561 = CARTESIAN_POINT('', (136.84305456, -88.26795777, 180.));
#4562 = LINE('', #4561, #4560);
#4563 = CARTESIAN_POINT('', (138.06420064, -88.6542973, 180.));
#4564 = CARTESIAN_POINT('', (70.96662336, -182.07144856, 0.));
#4565 = CARTESIAN_POINT('', (-41.65106283, -158.70254218, -180.));
#4566 = B_SPLINE_CURVE_WITH_KNOTS('', 2, (#4563, #4564, #4565), .UNSPECIFIED., .F., .F., (3, 3), (-1., -0.), .UNSPECIFIED.);
#4567 = DIRECTION('', (-0.0077484, 0.99996998, 0.));
#4568 = VECTOR('', #4567, 1.);
#4569 = CARTESIAN_POINT('', (-41.65106283, -158.70254218, -180.));
#4570 = LINE('', #4569, #4568);
#4571 = DIRECTION('', (0.99447184, -0.10500359, 0.));
#4572 = VECTOR('', #4571, 1.);
#4573 = CARTESIAN_POINT('', (126.97943146, 103.9111732, 180.));
#4574 = LINE('', #4573, #4572);
#4575 = CARTESIAN_POINT('', (130.56389551, 103.53269934, 180.));
#4576 = CARTESIAN_POINT('', (198.27890503, 8.35615231, 0.));
#4577 = CARTESIAN_POINT('', (138.81191093, -92.18028005, -180.));
#4578 = B_SPLINE_CURVE_WITH_KNOTS('', 2, (#4575, #4576, #4577), .UNSPECIFIED., .F., .F., (3, 3), (-1., -0.), .UNSPECIFIED.);
#4579 = DIRECTION('', (-0.20744435, 0.97824682, 0.));
#4580 = VECTOR('', #4579, 1.);
#4581 = CARTESIAN_POINT('', (138.81191093, -92.18028005, -180.));
#4582 = LINE('', #4581, #4580);
#4583 = DIRECTION('', (0.90142563, -0.43293398, 0.));
#4584 = VECTOR('', #4583, 1.);
#4585 = CARTESIAN_POINT('', (130.56389551, 103.53269934, 180.));
#4586 = LINE('', #4585, #4584);
#4587 = CARTESIAN_POINT('', (134.03576871, 101.86523856, 180.));
#4588 = CARTESIAN_POINT('', (200.45685037, 4.31905343, 0.));
#4589 = CARTESIAN_POINT('', (138.2989293, -95.9975014, -180.));
#4590 = B_SPLINE_CURVE_WITH_KNOTS('', 2, (#4587, #4588, #4589), .UNSPECIFIED., .F., .F., (3, 3), (-1., -0.), .UNSPECIFIED.);
#4591 = DIRECTION('', (0.13318885, 0.99109068, 0.));
#4592 = VECTOR('', #4591, 1.);
#4593 = CARTESIAN_POINT('', (138.2989293, -95.9975014, -180.));
#4594 = LINE('', #4593, #4592);
#4595 = DIRECTION('', (0.83155357, -0.55544456, 0.));
#4596 = VECTOR('', #4595, 1.);
#4597 = CARTESIAN_POINT('', (134.03576871, 101.86523856, 180.));
#4598 = LINE('', #4597, #4596);
#4599 = CARTESIAN_POINT('', (141.40732035, 96.9413366, 180.));
#4600 = CARTESIAN_POINT('', (204.11258889, -5.5856492, 0.));
#4601 = CARTESIAN_POINT('', (135.89395499, -104.529833, -180.));
#4602 = B_SPLINE_CURVE_WITH_KNOTS('', 2, (#4599, #4600, #4601), .UNSPECIFIED., .F., .F., (3, 3), (-1., -0.), .UNSPECIFIED.);
#4603 = DIRECTION('', (0.27129498, 0.96249625, 0.));
#4604 = VECTOR('', #4603, 1.);
#4605 = CARTESIAN_POINT('', (135.89395499, -104.529833, -180.));
#4606 = LINE('', #4605, #4604);
#4607 = DIRECTION('', (0.62751032, -0.77860825, 0.));
#4608 = VECTOR('', #4607, 1.);
#4609 = CARTESIAN_POINT('', (141.40732035, 96.9413366, 180.));
#4610 = LINE('', #4609, #4608);
#4611 = CARTESIAN_POINT('', (149.82239485, 86.5, 180.));
#4612 = CARTESIAN_POINT('', (204.91135097, -21.53705084, 0.));
#4613 = CARTESIAN_POINT('', (128.56405481, -115.7595949, -180.));
#4614 = B_SPLINE_CURVE_WITH_KNOTS('', 2, (#4611, #4612, #4613), .UNSPECIFIED., .F., .F., (3, 3), (-1., -0.), .UNSPECIFIED.);
#4615 = DIRECTION('', (0.5465891, 0.83740096, 0.));
#4616 = VECTOR('', #4615, 1.);
#4617 = CARTESIAN_POINT('', (128.56405481, -115.7595949, -180.));
#4618 = LINE('', #4617, #4616);
#4619 = DIRECTION('', (0.47673651, -0.87904624, 0.));
#4620 = VECTOR('', #4619, 1.);
#4621 = CARTESIAN_POINT('', (149.82239485, 86.5, 180.));
#4622 = LINE('', #4621, #4620);
#4623 = CARTESIAN_POINT('', (153.61379747, 79.50909804, 180.));
#4624 = CARTESIAN_POINT('', (203.67053732, -30.92710509, 0.));
#4625 = CARTESIAN_POINT('', (123.08691978, -121.52574057, -180.));
#4626 = B_SPLINE_CURVE_WITH_KNOTS('', 2, (#4623, #4624, #4625), .UNSPECIFIED., .F., .F., (3, 3), (-1., -0.), .UNSPECIFIED.);
#4627 = DIRECTION('', (0.68870297, 0.7250436, 0.));
#4628 = VECTOR('', #4627, 1.);
#4629 = CARTESIAN_POINT('', (123.08691978, -121.52574057, -180.));
#4630 = LINE('', #4629, #4628);
#4631 = DIRECTION('', (0.36296734, -0.93180186, 0.));
#4632 = VECTOR('', #4631, 1.);
#4633 = CARTESIAN_POINT('', (153.61379747, 79.50909804, 180.));
#4634 = LINE('', #4633, #4632);
#4635 = CARTESIAN_POINT('', (156.5331125, 72.01469608, 180.));
#4636 = CARTESIAN_POINT('', (201.23697379, -40.19179628, 0.));
#4637 = CARTESIAN_POINT('', (116.86143792, -126.61807173, -180.));
#4638 = B_SPLINE_CURVE_WITH_KNOTS('', 2, (#4635, #4636, #4637), .UNSPECIFIED., .F., .F., (3, 3), (-1., -0.), .UNSPECIFIED.);
#4639 = DIRECTION('', (0.77403315, 0.63314507, 0.));
#4640 = VECTOR('', #4639, 1.);
#4641 = CARTESIAN_POINT('', (116.86143792, -126.61807173, -180.));
#4642 = LINE('', #4641, #4640);
#4643 = DIRECTION('', (0.28408675, -0.95879858, 0.));
#4644 = VECTOR('', #4643, 1.);
#4645 = CARTESIAN_POINT('', (156.5331125, 72.01469608, 180.));
#4646 = LINE('', #4645, #4644);
#4647 = CARTESIAN_POINT('', (158.08152819, 66.78876144, 180.));
#4648 = CARTESIAN_POINT('', (199.07053675, -46.31107392, 0.));
#4649 = CARTESIAN_POINT('', (112.36976549, -129.70560517, -180.));
#4650 = B_SPLINE_CURVE_WITH_KNOTS('', 2, (#4647, #4648, #4649), .UNSPECIFIED., .F., .F., (3, 3), (-1., -0.), .UNSPECIFIED.);
#4651 = DIRECTION('', (0.82408401, 0.56646761, 0.));
#4652 = VECTOR('', #4651, 1.);
#4653 = CARTESIAN_POINT('', (112.36976549, -129.70560517, -180.));
#4654 = LINE('', #4653, #4652);
#4655 = DIRECTION('', (0.24797564, -0.96876627, 0.));
#4656 = VECTOR('', #4655, 1.);
#4657 = CARTESIAN_POINT('', (158.08152819, 66.78876144, 180.));
#4658 = LINE('', #4657, #4656);
#4659 = CARTESIAN_POINT('', (159.44634649, 61.4568268, 180.));
#4660 = CARTESIAN_POINT('', (196.65299447, -52.40395933, 0.));
#4661 = CARTESIAN_POINT('', (107.72054635, -132.65128293, -180.));
#4662 = B_SPLINE_CURVE_WITH_KNOTS('', 2, (#4659, #4660, #4661), .UNSPECIFIED., .F., .F., (3, 3), (-1., -0.), .UNSPECIFIED.);
#4663 = DIRECTION('', (0.84472278, 0.53520409, 0.));
#4664 = VECTOR('', #4663, 1.);
#4665 = CARTESIAN_POINT('', (107.72054635, -132.65128293, -180.));
#4666 = LINE('', #4665, #4664);
#4667 = DIRECTION('', (-0.42260807, 0.90631254, 0.));
#4668 = VECTOR('', #4667, 1.);
#4669 = CARTESIAN_POINT('', (159.44634649, 61.4568268, 180.));
#4670 = LINE('', #4669, #4668);
#4671 = CARTESIAN_POINT('', (157.64764191, 65.31427451, 180.));
#4672 = CARTESIAN_POINT('', (197.62027312, -47.42804094, 0.));
#4673 = CARTESIAN_POINT('', (110.83336686, -129.74859632, -180.));
#4674 = B_SPLINE_CURVE_WITH_KNOTS('', 2, (#4671, #4672, #4673), .UNSPECIFIED., .F., .F., (3, 3), (-1., -0.), .UNSPECIFIED.);
#4675 = DIRECTION('', (-0.73136137, -0.68199013, 0.));
#4676 = VECTOR('', #4675, 1.);
#4677 = CARTESIAN_POINT('', (110.83336686, -129.74859632, -180.));
#4678 = LINE('', #4677, #4676);
#4679 = DIRECTION('', (-0.48757846, 0.87307918, 0.));
#4680 = VECTOR('', #4679, 1.);
#4681 = CARTESIAN_POINT('', (157.64764191, 65.31427451, 180.));
#4682 = LINE('', #4681, #4680);
#4683 = CARTESIAN_POINT('', (154.02944061, 71.79318301, 180.));
#4684 = CARTESIAN_POINT('', (198.66955359, -38.65255367, 0.));
#4685 = CARTESIAN_POINT('', (115.87708931, -124.30538956, -180.));
#4686 = B_SPLINE_CURVE_WITH_KNOTS('', 2, (#4683, #4684, #4685), .UNSPECIFIED., .F., .F., (3, 3), (-1., -0.), .UNSPECIFIED.);
#4687 = DIRECTION('', (-0.67967761, -0.73351097, 0.));
#4688 = VECTOR('', #4687, 1.);
#4689 = CARTESIAN_POINT('', (115.87708931, -124.30538956, -180.));
#4690 = LINE('', #4689, #4688);
#4691 = DIRECTION('', (-0.52680613, 0.84998547, 0.));
#4692 = VECTOR('', #4691, 1.);
#4693 = CARTESIAN_POINT('', (154.02944061, 71.79318301, 180.));
#4694 = LINE('', #4693, #4692);
#4695 = CARTESIAN_POINT('', (149.55994387, 79.00457843, 180.));
#4696 = CARTESIAN_POINT('', (199.411361, -28.57535382, 0.));
#4697 = CARTESIAN_POINT('', (121.35438347, -117.82620183, -180.));
#4698 = B_SPLINE_CURVE_WITH_KNOTS('', 2, (#4695, #4696, #4697), .UNSPECIFIED., .F., .F., (3, 3), (-1., -0.), .UNSPECIFIED.);
#4699 = DIRECTION('', (-0.64559218, -0.76368236, 0.));
#4700 = VECTOR('', #4699, 1.);
#4701 = CARTESIAN_POINT('', (121.35438347, -117.82620183, -180.));
#4702 = LINE('', #4701, #4700);
#4703 = DIRECTION('', (-0.71406125, 0.70008323, 0.));
#4704 = VECTOR('', #4703, 1.);
#4705 = CARTESIAN_POINT('', (149.55994387, 79.00457843, 180.));
#4706 = LINE('', #4705, #4704);
#4707 = CARTESIAN_POINT('', (144.05986937, 84.39698693, 180.));
#4708 = CARTESIAN_POINT('', (197.88681277, -19.52934626, 0.));
#4709 = CARTESIAN_POINT('', (124.78325221, -110.92897426, -180.));
#4710 = B_SPLINE_CURVE_WITH_KNOTS('', 2, (#4707, #4708, #4709), .UNSPECIFIED., .F., .F., (3, 3), (-1., -0.), .UNSPECIFIED.);
#4711 = DIRECTION('', (-0.44516166, -0.89545022, 0.));
#4712 = VECTOR('', #4711, 1.);
#4713 = CARTESIAN_POINT('', (124.78325221, -110.92897426, -180.));
#4714 = LINE('', #4713, #4712);
#4715 = DIRECTION('', (-0.93852659, 0.34520694, 0.));
#4716 = VECTOR('', #4715, 1.);
#4717 = CARTESIAN_POINT('', (144.05986937, 84.39698693, 180.));
#4718 = LINE('', #4717, #4716);
#4719 = CARTESIAN_POINT('', (136.28993472, 87.2549085, 180.));
#4720 = CARTESIAN_POINT('', (192.40094851, -11.33638347, 0.));
#4721 = CARTESIAN_POINT('', (125.1002553, -102.65618096, -180.));
#4722 = B_SPLINE_CURVE_WITH_KNOTS('', 2, (#4719, #4720, #4721), .UNSPECIFIED., .F., .F., (3, 3), (-1., -0.), .UNSPECIFIED.);
#4723 = DIRECTION('', (-0.03829065, -0.99926664, 0.));
#4724 = VECTOR('', #4723, 1.);
#4725 = CARTESIAN_POINT('', (125.1002553, -102.65618096, -180.));
#4726 = LINE('', #4725, #4724);
#4727 = DIRECTION('', (-0.8720669, 0.48938667, 0.));
#4728 = VECTOR('', #4727, 1.);
#4729 = CARTESIAN_POINT('', (136.28993472, 87.2549085, 180.));
#4730 = LINE('', #4729, #4728);
#4731 = CARTESIAN_POINT('', (127.68949682, 92.08130392, 180.));
#4732 = CARTESIAN_POINT('', (187.49288804, -0.66535857, 0.));
#4733 = CARTESIAN_POINT('', (127.03274864, -92.98524023, -180.));
#4734 = B_SPLINE_CURVE_WITH_KNOTS('', 2, (#4731, #4732, #4733), .UNSPECIFIED., .F., .F., (3, 3), (-1., -0.), .UNSPECIFIED.);
#4735 = DIRECTION('', (-0.19595089, -0.98061371, 0.));
#4736 = VECTOR('', #4735, 1.);
#4737 = CARTESIAN_POINT('', (127.03274864, -92.98524023, -180.));
#4738 = LINE('', #4737, #4736);
#4739 = DIRECTION('', (-0.55925328, 0.82899684, 0.));
#4740 = VECTOR('', #4739, 1.);
#4741 = CARTESIAN_POINT('', (127.68949682, 92.08130392, 180.));
#4742 = LINE('', #4741, #4740);
#4743 = CARTESIAN_POINT('', (124.71820139, 96.48573856, 180.));
#4744 = CARTESIAN_POINT('', (187.71325947, 5.6584588, 0.));
#4745 = CARTESIAN_POINT('', (130.30343413, -88.7983252, -180.));
#4746 = B_SPLINE_CURVE_WITH_KNOTS('', 2, (#4743, #4744, #4745), .UNSPECIFIED., .F., .F., (3, 3), (-1., -0.), .UNSPECIFIED.);
#4747 = DIRECTION('', (-0.61560408, -0.78805559, 0.));
#4748 = VECTOR('', #4747, 1.);
#4749 = CARTESIAN_POINT('', (130.30343413, -88.7983252, -180.));
#4750 = LINE('', #4749, #4748);
#4751 = DIRECTION('', (0.14043091, 0.99009048, 0.));
#4752 = VECTOR('', #4751, 1.);
#4753 = CARTESIAN_POINT('', (124.71820139, 96.48573856, 180.));
#4754 = LINE('', #4753, #4752);
#4755 = CARTESIAN_POINT('', (125.28547067, 100.48519934, 180.));
#4756 = CARTESIAN_POINT('', (191.0596294, 9.11492876, 0.));
#4757 = CARTESIAN_POINT('', (134.28244321, -88.101929, -180.));
#4758 = B_SPLINE_CURVE_WITH_KNOTS('', 2, (#4755, #4756, #4757), .UNSPECIFIED., .F., .F., (3, 3), (-1., -0.), .UNSPECIFIED.);
#4759 = DIRECTION('', (-0.98502754, -0.17239705, 0.));
#4760 = VECTOR('', #4759, 1.);
#4761 = CARTESIAN_POINT('', (134.28244321, -88.101929, -180.));
#4762 = LINE('', #4761, #4760);
#4763 = DIRECTION('', (0.36990627, 0.92906908, 0.));
#4764 = VECTOR('', #4763, 1.);
#4765 = CARTESIAN_POINT('', (125.28547067, 100.48519934, 180.));
#4766 = LINE('', #4765, #4764);
#4767 = CARTESIAN_POINT('', (126.23464584, 102.86917974, 180.));
#4768 = CARTESIAN_POINT('', (193.64307085, 10.74749192, 0.));
#4769 = CARTESIAN_POINT('', (136.84305456, -88.26795777, -180.));
#4770 = B_SPLINE_CURVE_WITH_KNOTS('', 2, (#4767, #4768, #4769), .UNSPECIFIED., .F., .F., (3, 3), (-1., -0.), .UNSPECIFIED.);
#4771 = DIRECTION('', (-0.99790452, 0.06470363, 0.));
#4772 = VECTOR('', #4771, 1.);
#4773 = CARTESIAN_POINT('', (136.84305456, -88.26795777, -180.));
#4774 = LINE('', #4773, #4772);
#4775 = DIRECTION('', (0.58149902, 0.8135471, 0.));
#4776 = VECTOR('', #4775, 1.);
#4777 = CARTESIAN_POINT('', (126.23464584, 102.86917974, 180.));
#4778 = LINE('', #4777, #4776);
#4779 = CARTESIAN_POINT('', (126.97943146, 103.9111732, 180.));
#4780 = CARTESIAN_POINT('', (195.09013023, 11.23009779, 0.));
#4781 = CARTESIAN_POINT('', (138.06420064, -88.6542973, -180.));
#4782 = B_SPLINE_CURVE_WITH_KNOTS('', 2, (#4779, #4780, #4781), .UNSPECIFIED., .F., .F., (3, 3), (-1., -0.), .UNSPECIFIED.);
#4783 = DIRECTION('', (-0.95342235, 0.30163856, 0.));
#4784 = VECTOR('', #4783, 1.);
#4785 = CARTESIAN_POINT('', (138.06420064, -88.6542973, -180.));
#4786 = LINE('', #4785, #4784);
#4787 = DIRECTION('', (1., 0., 0.));
#4788 = DIRECTION('', (0., -0., 1.));
#4789 = CARTESIAN_POINT('', (-0., -0., -315.));
#4790 = AXIS2_PLACEMENT_3D('', #4789, #4788, #4787);
#4791 = CIRCLE('', #4790, 9.);
#4792 = DIRECTION('', (0., -0., 1.));
#4793 = VECTOR('', #4792, 1.);
#4794 = CARTESIAN_POINT('', (9., 0., -315.));
#4795 = LINE('', #4794, #4793);
#4796 = DIRECTION('', (1., 0., 0.));
#4797 = DIRECTION('', (0., -0., 1.));
#4798 = CARTESIAN_POINT('', (-0., -0., 270.));
#4799 = AXIS2_PLACEMENT_3D('', #4798, #4797, #4796);
#4800 = CIRCLE('', #4799, 9.);
#4801 = DIRECTION('', (-0.91354546, 0.40673664, 0.));
#4802 = VECTOR('', #4801, 1.);
#4803 = CARTESIAN_POINT('', (71.3412902, 145.48360128, -3.));
#4804 = LINE('', #4803, #4802);
#4805 = DIRECTION('', (0., -0., 1.));
#4806 = VECTOR('', #4805, 1.);
#4807 = CARTESIAN_POINT('', (60.37874471, 150.364441, -3.));
#4808 = LINE('', #4807, #4806);
#4809 = DIRECTION('', (-0.91354546, 0.40673664, 0.));
#4810 = VECTOR('', #4809, 1.);
#4811 = CARTESIAN_POINT('', (71.3412902, 145.48360128, 3.));
#4812 = LINE('', #4811, #4810);
#4813 = DIRECTION('', (0., -0., 1.));
#4814 = VECTOR('', #4813, 1.);
#4815 = CARTESIAN_POINT('', (71.3412902, 145.48360128, -3.));
#4816 = LINE('', #4815, #4814);
#4817 = DIRECTION('', (-0.40673664, -0.91354546, 0.));
#4818 = VECTOR('', #4817, 1.);
#4819 = CARTESIAN_POINT('', (60.37874471, 150.364441, -3.));
#4820 = LINE('', #4819, #4818);
#4821 = DIRECTION('', (0., -0., 1.));
#4822 = VECTOR('', #4821, 1.);
#4823 = CARTESIAN_POINT('', (3.4669334, 22.53841993, -3.));
#4824 = LINE('', #4823, #4822);
#4825 = DIRECTION('', (-0.40673664, -0.91354546, 0.));
#4826 = VECTOR('', #4825, 1.);
#4827 = CARTESIAN_POINT('', (60.37874471, 150.364441, 3.));
#4828 = LINE('', #4827, #4826);
#4829 = DIRECTION('', (0.91354546, -0.40673664, 0.));
#4830 = VECTOR('', #4829, 1.);
#4831 = CARTESIAN_POINT('', (3.4669334, 22.53841993, -3.));
#4832 = LINE('', #4831, #4830);
#4833 = DIRECTION('', (0., -0., 1.));
#4834 = VECTOR('', #4833, 1.);
#4835 = CARTESIAN_POINT('', (14.42947889, 17.65758021, -3.));
#4836 = LINE('', #4835, #4834);
#4837 = DIRECTION('', (0.91354546, -0.40673664, 0.));
#4838 = VECTOR('', #4837, 1.);
#4839 = CARTESIAN_POINT('', (3.4669334, 22.53841993, 3.));
#4840 = LINE('', #4839, #4838);
#4841 = DIRECTION('', (0.40673664, 0.91354546, 0.));
#4842 = VECTOR('', #4841, 1.);
#4843 = CARTESIAN_POINT('', (14.42947889, 17.65758021, -3.));
#4844 = LINE('', #4843, #4842);
#4845 = DIRECTION('', (0.40673664, 0.91354546, 0.));
#4846 = VECTOR('', #4845, 1.);
#4847 = CARTESIAN_POINT('', (14.42947889, 17.65758021, 3.));
#4848 = LINE('', #4847, #4846);
#4849 = DIRECTION('', (-0.66913061, -0.74314483, 0.));
#4850 = VECTOR('', #4849, 1.);
#4851 = CARTESIAN_POINT('', (-116.31745594, 112.80650413, -3.));
#4852 = LINE('', #4851, #4850);
#4853 = DIRECTION('', (0., -0., 1.));
#4854 = VECTOR('', #4853, 1.);
#4855 = CARTESIAN_POINT('', (-124.34702321, 103.88876622, -3.));
#4856 = LINE('', #4855, #4854);
#4857 = DIRECTION('', (-0.66913061, -0.74314483, 0.));
#4858 = VECTOR('', #4857, 1.);
#4859 = CARTESIAN_POINT('', (-116.31745594, 112.80650413, 3.));
#4860 = LINE('', #4859, #4858);
#4861 = DIRECTION('', (0., -0., 1.));
#4862 = VECTOR('', #4861, 1.);
#4863 = CARTESIAN_POINT('', (-116.31745594, 112.80650413, -3.));
#4864 = LINE('', #4863, #4862);
#4865 = DIRECTION('', (0.74314483, -0.66913061, 0.));
#4866 = VECTOR('', #4865, 1.);
#4867 = CARTESIAN_POINT('', (-124.34702321, 103.88876622, -3.));
#4868 = LINE('', #4867, #4866);
#4869 = DIRECTION('', (0., -0., 1.));
#4870 = VECTOR('', #4869, 1.);
#4871 = CARTESIAN_POINT('', (-20.3639698, 10.26200439, -3.));
#4872 = LINE('', #4871, #4870);
#4873 = DIRECTION('', (0.74314483, -0.66913061, 0.));
#4874 = VECTOR('', #4873, 1.);
#4875 = CARTESIAN_POINT('', (-124.34702321, 103.88876622, 3.));
#4876 = LINE('', #4875, #4874);
#4877 = DIRECTION('', (0.66913061, 0.74314483, 0.));
#4878 = VECTOR('', #4877, 1.);
#4879 = CARTESIAN_POINT('', (-20.3639698, 10.26200439, -3.));
#4880 = LINE('', #4879, #4878);
#4881 = DIRECTION('', (0., -0., 1.));
#4882 = VECTOR('', #4881, 1.);
#4883 = CARTESIAN_POINT('', (-12.33440252, 19.17974229, -3.));
#4884 = LINE('', #4883, #4882);
#4885 = DIRECTION('', (0.66913061, 0.74314483, 0.));
#4886 = VECTOR('', #4885, 1.);
#4887 = CARTESIAN_POINT('', (-20.3639698, 10.26200439, 3.));
#4888 = LINE('', #4887, #4886);
#4889 = DIRECTION('', (-0.74314483, 0.66913061, 0.));
#4890 = VECTOR('', #4889, 1.);
#4891 = CARTESIAN_POINT('', (-12.33440252, 19.17974229, -3.));
#4892 = LINE('', #4891, #4890);
#4893 = DIRECTION('', (-0.74314483, 0.66913061, 0.));
#4894 = VECTOR('', #4893, 1.);
#4895 = CARTESIAN_POINT('', (-12.33440252, 19.17974229, 3.));
#4896 = LINE('', #4895, #4894);
#4897 = DIRECTION('', (0.5, -0.8660254, 0.));
#4898 = VECTOR('', #4897, 1.);
#4899 = CARTESIAN_POINT('', (-143.22943146, -75.76534758, -3.));
#4900 = LINE('', #4899, #4898);
#4901 = DIRECTION('', (0., -0., 1.));
#4902 = VECTOR('', #4901, 1.);
#4903 = CARTESIAN_POINT('', (-137.22943146, -86.15765242, -3.));
#4904 = LINE('', #4903, #4902);
#4905 = DIRECTION('', (0.5, -0.8660254, 0.));
#4906 = VECTOR('', #4905, 1.);
#4907 = CARTESIAN_POINT('', (-143.22943146, -75.76534758, 3.));
#4908 = LINE('', #4907, #4906);
#4909 = DIRECTION('', (0., -0., 1.));
#4910 = VECTOR('', #4909, 1.);
#4911 = CARTESIAN_POINT('', (-143.22943146, -75.76534758, -3.));
#4912 = LINE('', #4911, #4910);
#4913 = DIRECTION('', (0.8660254, 0.5, 0.));
#4914 = VECTOR('', #4913, 1.);
#4915 = CARTESIAN_POINT('', (-137.22943146, -86.15765242, -3.));
#4916 = LINE('', #4915, #4914);
#4917 = DIRECTION('', (0., -0., 1.));
#4918 = VECTOR('', #4917, 1.);
#4919 = CARTESIAN_POINT('', (-16.05255888, -16.19615242, -3.));
#4920 = LINE('', #4919, #4918);
#4921 = DIRECTION('', (0.8660254, 0.5, 0.));
#4922 = VECTOR('', #4921, 1.);
#4923 = CARTESIAN_POINT('', (-137.22943146, -86.15765242, 3.));
#4924 = LINE('', #4923, #4922);
#4925 = DIRECTION('', (-0.5, 0.8660254, 0.));
#4926 = VECTOR('', #4925, 1.);
#4927 = CARTESIAN_POINT('', (-16.05255888, -16.19615242, -3.));
#4928 = LINE('', #4927, #4926);
#4929 = DIRECTION('', (0., -0., 1.));
#4930 = VECTOR('', #4929, 1.);
#4931 = CARTESIAN_POINT('', (-22.05255888, -5.80384758, -3.));
#4932 = LINE('', #4931, #4930);
#4933 = DIRECTION('', (-0.5, 0.8660254, 0.));
#4934 = VECTOR('', #4933, 1.);
#4935 = CARTESIAN_POINT('', (-16.05255888, -16.19615242, 3.));
#4936 = LINE('', #4935, #4934);
#4937 = DIRECTION('', (-0.8660254, -0.5, 0.));
#4938 = VECTOR('', #4937, 1.);
#4939 = CARTESIAN_POINT('', (-22.05255888, -5.80384758, -3.));
#4940 = LINE('', #4939, #4938);
#4941 = DIRECTION('', (-0.8660254, -0.5, 0.));
#4942 = VECTOR('', #4941, 1.);
#4943 = CARTESIAN_POINT('', (-22.05255888, -5.80384758, 3.));
#4944 = LINE('', #4943, #4942);
#4945 = DIRECTION('', (0.9781476, 0.20791169, 0.));
#4946 = VECTOR('', #4945, 1.);
#4947 = CARTESIAN_POINT('', (27.79679911, -159.6320641, -3.));
#4948 = LINE('', #4947, #4946);
#4949 = DIRECTION('', (0., -0., 1.));
#4950 = VECTOR('', #4949, 1.);
#4951 = CARTESIAN_POINT('', (39.53457032, -157.13712381, -3.));
#4952 = LINE('', #4951, #4950);
#4953 = DIRECTION('', (0.9781476, 0.20791169, 0.));
#4954 = VECTOR('', #4953, 1.);
#4955 = CARTESIAN_POINT('', (27.79679911, -159.6320641, 3.));
#4956 = LINE('', #4955, #4954);
#4957 = DIRECTION('', (0., -0., 1.));
#4958 = VECTOR('', #4957, 1.);
#4959 = CARTESIAN_POINT('', (27.79679911, -159.6320641, -3.));
#4960 = LINE('', #4959, #4958);
#4961 = DIRECTION('', (-0.20791169, 0.9781476, 0.));
#4962 = VECTOR('', #4961, 1.);
#4963 = CARTESIAN_POINT('', (39.53457032, -157.13712381, -3.));
#4964 = LINE('', #4963, #4962);
#4965 = DIRECTION('', (0., -0., 1.));
#4966 = VECTOR('', #4965, 1.);
#4967 = CARTESIAN_POINT('', (10.4429428, -20.27177707, -3.));
#4968 = LINE('', #4967, #4966);
#4969 = DIRECTION('', (-0.20791169, 0.9781476, 0.));
#4970 = VECTOR('', #4969, 1.);
#4971 = CARTESIAN_POINT('', (39.53457032, -157.13712381, 3.));
#4972 = LINE('', #4971, #4970);
#4973 = DIRECTION('', (-0.9781476, -0.20791169, 0.));
#4974 = VECTOR('', #4973, 1.);
#4975 = CARTESIAN_POINT('', (10.4429428, -20.27177707, -3.));
#4976 = LINE('', #4975, #4974);
#4977 = DIRECTION('', (0., -0., 1.));
#4978 = VECTOR('', #4977, 1.);
#4979 = CARTESIAN_POINT('', (-1.29482841, -22.76671736, -3.));
#4980 = LINE('', #4979, #4978);
#4981 = DIRECTION('', (-0.9781476, -0.20791169, 0.));
#4982 = VECTOR('', #4981, 1.);
#4983 = CARTESIAN_POINT('', (10.4429428, -20.27177707, 3.));
#4984 = LINE('', #4983, #4982);
#4985 = DIRECTION('', (0.20791169, -0.9781476, 0.));
#4986 = VECTOR('', #4985, 1.);
#4987 = CARTESIAN_POINT('', (-1.29482841, -22.76671736, -3.));
#4988 = LINE('', #4987, #4986);
#4989 = DIRECTION('', (0.20791169, -0.9781476, 0.));
#4990 = VECTOR('', #4989, 1.);
#4991 = CARTESIAN_POINT('', (-1.29482841, -22.76671736, 3.));
#4992 = LINE('', #4991, #4990);
#4993 = DIRECTION('', (0.10452846, 0.9945219, 0.));
#4994 = VECTOR('', #4993, 1.);
#4995 = CARTESIAN_POINT('', (160.40879808, -22.89269373, -3.));
#4996 = LINE('', #4995, #4994);
#4997 = DIRECTION('', (0., -0., 1.));
#4998 = VECTOR('', #4997, 1.);
#4999 = CARTESIAN_POINT('', (161.66313964, -10.95843099, -3.));
#5000 = LINE('', #4999, #4998);
#5001 = DIRECTION('', (0.10452846, 0.9945219, 0.));
#5002 = VECTOR('', #5001, 1.);
#5003 = CARTESIAN_POINT('', (160.40879808, -22.89269373, 3.));
#5004 = LINE('', #5003, #5002);
#5005 = DIRECTION('', (0., -0., 1.));
#5006 = VECTOR('', #5005, 1.);
#5007 = CARTESIAN_POINT('', (160.40879808, -22.89269373, -3.));
#5008 = LINE('', #5007, #5006);
#5009 = DIRECTION('', (-0.9945219, 0.10452846, 0.));
#5010 = VECTOR('', #5009, 1.);
#5011 = CARTESIAN_POINT('', (161.66313964, -10.95843099, -3.));
#5012 = LINE('', #5011, #5010);
#5013 = DIRECTION('', (0., -0., 1.));
#5014 = VECTOR('', #5013, 1.);
#5015 = CARTESIAN_POINT('', (22.50665248, 3.66750518, -3.));
#5016 = LINE('', #5015, #5014);
#5017 = DIRECTION('', (-0.9945219, 0.10452846, 0.));
#5018 = VECTOR('', #5017, 1.);
#5019 = CARTESIAN_POINT('', (161.66313964, -10.95843099, 3.));
#5020 = LINE('', #5019, #5018);
#5021 = DIRECTION('', (-0.10452846, -0.9945219, 0.));
#5022 = VECTOR('', #5021, 1.);
#5023 = CARTESIAN_POINT('', (22.50665248, 3.66750518, -3.));
#5024 = LINE('', #5023, #5022);
#5025 = DIRECTION('', (0., -0., 1.));
#5026 = VECTOR('', #5025, 1.);
#5027 = CARTESIAN_POINT('', (21.25231092, -8.26675756, -3.));
#5028 = LINE('', #5027, #5026);
#5029 = DIRECTION('', (-0.10452846, -0.9945219, 0.));
#5030 = VECTOR('', #5029, 1.);
#5031 = CARTESIAN_POINT('', (22.50665248, 3.66750518, 3.));
#5032 = LINE('', #5031, #5030);
#5033 = DIRECTION('', (0.9945219, -0.10452846, 0.));
#5034 = VECTOR('', #5033, 1.);
#5035 = CARTESIAN_POINT('', (21.25231092, -8.26675756, -3.));
#5036 = LINE('', #5035, #5034);
#5037 = DIRECTION('', (0.9945219, -0.10452846, 0.));
#5038 = VECTOR('', #5037, 1.);
#5039 = CARTESIAN_POINT('', (21.25231092, -8.26675756, 3.));
#5040 = LINE('', #5039, #5038);
#5041 = EDGE_CURVE('', #74, #6, #1176, .T.);
#5042 = EDGE_CURVE('', #6, #8, #1182, .T.);
#5043 = EDGE_CURVE('', #8, #76, #1186, .T.);
#5044 = EDGE_CURVE('', #6, #10, #1190, .T.);
#5045 = EDGE_CURVE('', #10, #12, #1196, .T.);
#5046 = EDGE_CURVE('', #12, #8, #1200, .T.);
#5047 = EDGE_CURVE('', #10, #14, #1204, .T.);
#5048 = EDGE_CURVE('', #14, #16, #1210, .T.);
#5049 = EDGE_CURVE('', #16, #12, #1214, .T.);
#5050 = EDGE_CURVE('', #14, #18, #1218, .T.);
#5051 = EDGE_CURVE('', #18, #20, #1224, .T.);
#5052 = EDGE_CURVE('', #20, #16, #1228, .T.);
#5053 = EDGE_CURVE('', #18, #22, #1232, .T.);
#5054 = EDGE_CURVE('', #22, #24, #1238, .T.);
#5055 = EDGE_CURVE('', #24, #20, #1242, .T.);
#5056 = EDGE_CURVE('', #22, #26, #1246, .T.);
#5057 = EDGE_CURVE('', #26, #28, #1252, .T.);
#5058 = EDGE_CURVE('', #28, #24, #1256, .T.);
#5059 = EDGE_CURVE('', #26, #30, #1260, .T.);
#5060 = EDGE_CURVE('', #30, #32, #1266, .T.);
#5061 = EDGE_CURVE('', #32, #28, #1270, .T.);
#5062 = EDGE_CURVE('', #30, #34, #1274, .T.);
#5063 = EDGE_CURVE('', #34, #36, #1280, .T.);
#5064 = EDGE_CURVE('', #36, #32, #1284, .T.);
#5065 = EDGE_CURVE('', #34, #38, #1288, .T.);
#5066 = EDGE_CURVE('', #38, #40, #1294, .T.);
#5067 = EDGE_CURVE('', #40, #36, #1298, .T.);
#5068 = EDGE_CURVE('', #38, #42, #1302, .T.);
#5069 = EDGE_CURVE('', #42, #44, #1308, .T.);
#5070 = EDGE_CURVE('', #44, #40, #1312, .T.);
#5071 = EDGE_CURVE('', #42, #46, #1316, .T.);
#5072 = EDGE_CURVE('', #46, #48, #1322, .T.);
#5073 = EDGE_CURVE('', #48, #44, #1326, .T.);
#5074 = EDGE_CURVE('', #46, #50, #1330, .T.);
#5075 = EDGE_CURVE('', #50, #52, #1336, .T.);
#5076 = EDGE_CURVE('', #52, #48, #1340, .T.);
#5077 = EDGE_CURVE('', #50, #54, #1344, .T.);
#5078 = EDGE_CURVE('', #54, #56, #1350, .T.);
#5079 = EDGE_CURVE('', #56, #52, #1354, .T.);
#5080 = EDGE_CURVE('', #54, #58, #1358, .T.);
#5081 = EDGE_CURVE('', #58, #60, #1364, .T.);
#5082 = EDGE_CURVE('', #60, #56, #1368, .T.);
#5083 = EDGE_CURVE('', #58, #62, #1372, .T.);
#5084 = EDGE_CURVE('', #62, #64, #1378, .T.);
#5085 = EDGE_CURVE('', #64, #60, #1382, .T.);
#5086 = EDGE_CURVE('', #62, #66, #1386, .T.);
#5087 = EDGE_CURVE('', #66, #68, #1392, .T.);
#5088 = EDGE_CURVE('', #68, #64, #1396, .T.);
#5089 = EDGE_CURVE('', #66, #70, #1400, .T.);
#5090 = EDGE_CURVE('', #70, #72, #1406, .T.);
#5091 = EDGE_CURVE('', #72, #68, #1410, .T.);
#5092 = EDGE_CURVE('', #70, #74, #1414, .T.);
#5093 = EDGE_CURVE('', #74, #76, #1420, .T.);
#5094 = EDGE_CURVE('', #76, #72, #1424, .T.);
#5095 = EDGE_CURVE('', #146, #78, #1428, .T.);
#5096 = EDGE_CURVE('', #78, #80, #1434, .T.);
#5097 = EDGE_CURVE('', #80, #148, #1438, .T.);
#5098 = EDGE_CURVE('', #78, #82, #1442, .T.);
#5099 = EDGE_CURVE('', #82, #84, #1448, .T.);
#5100 = EDGE_CURVE('', #84, #80, #1452, .T.);
#5101 = EDGE_CURVE('', #82, #86, #1456, .T.);
#5102 = EDGE_CURVE('', #86, #88, #1462, .T.);
#5103 = EDGE_CURVE('', #88, #84, #1466, .T.);
#5104 = EDGE_CURVE('', #86, #90, #1470, .T.);
#5105 = EDGE_CURVE('', #90, #92, #1476, .T.);
#5106 = EDGE_CURVE('', #92, #88, #1480, .T.);
#5107 = EDGE_CURVE('', #90, #94, #1484, .T.);
#5108 = EDGE_CURVE('', #94, #96, #1490, .T.);
#5109 = EDGE_CURVE('', #96, #92, #1494, .T.);
#5110 = EDGE_CURVE('', #94, #98, #1498, .T.);
#5111 = EDGE_CURVE('', #98, #100, #1504, .T.);
#5112 = EDGE_CURVE('', #100, #96, #1508, .T.);
#5113 = EDGE_CURVE('', #98, #102, #1512, .T.);
#5114 = EDGE_CURVE('', #102, #104, #1518, .T.);
#5115 = EDGE_CURVE('', #104, #100, #1522, .T.);
#5116 = EDGE_CURVE('', #102, #106, #1526, .T.);
#5117 = EDGE_CURVE('', #106, #108, #1532, .T.);
#5118 = EDGE_CURVE('', #108, #104, #1536, .T.);
#5119 = EDGE_CURVE('', #106, #110, #1540, .T.);
#5120 = EDGE_CURVE('', #110, #112, #1546, .T.);
#5121 = EDGE_CURVE('', #112, #108, #1550, .T.);
#5122 = EDGE_CURVE('', #110, #114, #1554, .T.);
#5123 = EDGE_CURVE('', #114, #116, #1560, .T.);
#5124 = EDGE_CURVE('', #116, #112, #1564, .T.);
#5125 = EDGE_CURVE('', #114, #118, #1568, .T.);
#5126 = EDGE_CURVE('', #118, #120, #1574, .T.);
#5127 = EDGE_CURVE('', #120, #116, #1578, .T.);
#5128 = EDGE_CURVE('', #118, #122, #1582, .T.);
#5129 = EDGE_CURVE('', #122, #124, #1588, .T.);
#5130 = EDGE_CURVE('', #124, #120, #1592, .T.);
#5131 = EDGE_CURVE('', #122, #126, #1596, .T.);
#5132 = EDGE_CURVE('', #126, #128, #1602, .T.);
#5133 = EDGE_CURVE('', #128, #124, #1606, .T.);
#5134 = EDGE_CURVE('', #126, #130, #1610, .T.);
#5135 = EDGE_CURVE('', #130, #132, #1616, .T.);
#5136 = EDGE_CURVE('', #132, #128, #1620, .T.);
#5137 = EDGE_CURVE('', #130, #134, #1624, .T.);
#5138 = EDGE_CURVE('', #134, #136, #1630, .T.);
#5139 = EDGE_CURVE('', #136, #132, #1634, .T.);
#5140 = EDGE_CURVE('', #134, #138, #1638, .T.);
#5141 = EDGE_CURVE('', #138, #140, #1644, .T.);
#5142 = EDGE_CURVE('', #140, #136, #1648, .T.);
#5143 = EDGE_CURVE('', #138, #142, #1652, .T.);
#5144 = EDGE_CURVE('', #142, #144, #1658, .T.);
#5145 = EDGE_CURVE('', #144, #140, #1662, .T.);
#5146 = EDGE_CURVE('', #142, #146, #1666, .T.);
#5147 = EDGE_CURVE('', #146, #148, #1672, .T.);
#5148 = EDGE_CURVE('', #148, #144, #1676, .T.);
#5149 = EDGE_CURVE('', #218, #150, #1680, .T.);
#5150 = EDGE_CURVE('', #150, #152, #1686, .T.);
#5151 = EDGE_CURVE('', #152, #220, #1690, .T.);
#5152 = EDGE_CURVE('', #150, #154, #1694, .T.);
#5153 = EDGE_CURVE('', #154, #156, #1700, .T.);
#5154 = EDGE_CURVE('', #156, #152, #1704, .T.);
#5155 = EDGE_CURVE('', #154, #158, #1708, .T.);
#5156 = EDGE_CURVE('', #158, #160, #1714, .T.);
#5157 = EDGE_CURVE('', #160, #156, #1718, .T.);
#5158 = EDGE_CURVE('', #158, #162, #1722, .T.);
#5159 = EDGE_CURVE('', #162, #164, #1728, .T.);
#5160 = EDGE_CURVE('', #164, #160, #1732, .T.);
#5161 = EDGE_CURVE('', #162, #166, #1736, .T.);
#5162 = EDGE_CURVE('', #166, #168, #1742, .T.);
#5163 = EDGE_CURVE('', #168, #164, #1746, .T.);
#5164 = EDGE_CURVE('', #166, #170, #1750, .T.);
#5165 = EDGE_CURVE('', #170, #172, #1756, .T.);
#5166 = EDGE_CURVE('', #172, #168, #1760, .T.);
#5167 = EDGE_CURVE('', #170, #174, #1764, .T.);
#5168 = EDGE_CURVE('', #174, #176, #1770, .T.);
#5169 = EDGE_CURVE('', #176, #172, #1774, .T.);
#5170 = EDGE_CURVE('', #174, #178, #1778, .T.);
#5171 = EDGE_CURVE('', #178, #180, #1784, .T.);
#5172 = EDGE_CURVE('', #180, #176, #1788, .T.);
#5173 = EDGE_CURVE('', #178, #182, #1792, .T.);
#5174 = EDGE_CURVE('', #182, #184, #1798, .T.);
#5175 = EDGE_CURVE('', #184, #180, #1802, .T.);
#5176 = EDGE_CURVE('', #182, #186, #1806, .T.);
#5177 = EDGE_CURVE('', #186, #188, #1812, .T.);
#5178 = EDGE_CURVE('', #188, #184, #1816, .T.);
#5179 = EDGE_CURVE('', #186, #190, #1820, .T.);
#5180 = EDGE_CURVE('', #190, #192, #1826, .T.);
#5181 = EDGE_CURVE('', #192, #188, #1830, .T.);
#5182 = EDGE_CURVE('', #190, #194, #1834, .T.);
#5183 = EDGE_CURVE('', #194, #196, #1840, .T.);
#5184 = EDGE_CURVE('', #196, #192, #1844, .T.);
#5185 = EDGE_CURVE('', #194, #198, #1848, .T.);
#5186 = EDGE_CURVE('', #198, #200, #1854, .T.);
#5187 = EDGE_CURVE('', #200, #196, #1858, .T.);
#5188 = EDGE_CURVE('', #198, #202, #1862, .T.);
#5189 = EDGE_CURVE('', #202, #204, #1868, .T.);
#5190 = EDGE_CURVE('', #204, #200, #1872, .T.);
#5191 = EDGE_CURVE('', #202, #206, #1876, .T.);
#5192 = EDGE_CURVE('', #206, #208, #1882, .T.);
#5193 = EDGE_CURVE('', #208, #204, #1886, .T.);
#5194 = EDGE_CURVE('', #206, #210, #1890, .T.);
#5195 = EDGE_CURVE('', #210, #212, #1896, .T.);
#5196 = EDGE_CURVE('', #212, #208, #1900, .T.);
#5197 = EDGE_CURVE('', #210, #214, #1904, .T.);
#5198 = EDGE_CURVE('', #214, #216, #1910, .T.);
#5199 = EDGE_CURVE('', #216, #212, #1914, .T.);
#5200 = EDGE_CURVE('', #214, #218, #1918, .T.);
#5201 = EDGE_CURVE('', #218, #220, #1924, .T.);
#5202 = EDGE_CURVE('', #220, #216, #1928, .T.);
#5203 = EDGE_CURVE('', #290, #222, #1932, .T.);
#5204 = EDGE_CURVE('', #222, #224, #1938, .T.);
#5205 = EDGE_CURVE('', #224, #292, #1942, .T.);
#5206 = EDGE_CURVE('', #222, #226, #1946, .T.);
#5207 = EDGE_CURVE('', #226, #228, #1952, .T.);
#5208 = EDGE_CURVE('', #228, #224, #1956, .T.);
#5209 = EDGE_CURVE('', #226, #230, #1960, .T.);
#5210 = EDGE_CURVE('', #230, #232, #1966, .T.);
#5211 = EDGE_CURVE('', #232, #228, #1970, .T.);
#5212 = EDGE_CURVE('', #230, #234, #1974, .T.);
#5213 = EDGE_CURVE('', #234, #236, #1980, .T.);
#5214 = EDGE_CURVE('', #236, #232, #1984, .T.);
#5215 = EDGE_CURVE('', #234, #238, #1988, .T.);
#5216 = EDGE_CURVE('', #238, #240, #1994, .T.);
#5217 = EDGE_CURVE('', #240, #236, #1998, .T.);
#5218 = EDGE_CURVE('', #238, #242, #2002, .T.);
#5219 = EDGE_CURVE('', #242, #244, #2008, .T.);
#5220 = EDGE_CURVE('', #244, #240, #2012, .T.);
#5221 = EDGE_CURVE('', #242, #246, #2016, .T.);
#5222 = EDGE_CURVE('', #246, #248, #2022, .T.);
#5223 = EDGE_CURVE('', #248, #244, #2026, .T.);
#5224 = EDGE_CURVE('', #246, #250, #2030, .T.);
#5225 = EDGE_CURVE('', #250, #252, #2036, .T.);
#5226 = EDGE_CURVE('', #252, #248, #2040, .T.);
#5227 = EDGE_CURVE('', #250, #254, #2044, .T.);
#5228 = EDGE_CURVE('', #254, #256, #2050, .T.);
#5229 = EDGE_CURVE('', #256, #252, #2054, .T.);
#5230 = EDGE_CURVE('', #254, #258, #2058, .T.);
#5231 = EDGE_CURVE('', #258, #260, #2064, .T.);
#5232 = EDGE_CURVE('', #260, #256, #2068, .T.);
#5233 = EDGE_CURVE('', #258, #262, #2072, .T.);
#5234 = EDGE_CURVE('', #262, #264, #2078, .T.);
#5235 = EDGE_CURVE('', #264, #260, #2082, .T.);
#5236 = EDGE_CURVE('', #262, #266, #2086, .T.);
#5237 = EDGE_CURVE('', #266, #268, #2092, .T.);
#5238 = EDGE_CURVE('', #268, #264, #2096, .T.);
#5239 = EDGE_CURVE('', #266, #270, #2100, .T.);
#5240 = EDGE_CURVE('', #270, #272, #2106, .T.);
#5241 = EDGE_CURVE('', #272, #268, #2110, .T.);
#5242 = EDGE_CURVE('', #270, #274, #2114, .T.);
#5243 = EDGE_CURVE('', #274, #276, #2120, .T.);
#5244 = EDGE_CURVE('', #276, #272, #2124, .T.);
#5245 = EDGE_CURVE('', #274, #278, #2128, .T.);
#5246 = EDGE_CURVE('', #278, #280, #2134, .T.);
#5247 = EDGE_CURVE('', #280, #276, #2138, .T.);
#5248 = EDGE_CURVE('', #278, #282, #2142, .T.);
#5249 = EDGE_CURVE('', #282, #284, #2148, .T.);
#5250 = EDGE_CURVE('', #284, #280, #2152, .T.);
#5251 = EDGE_CURVE('', #282, #286, #2156, .T.);
#5252 = EDGE_CURVE('', #286, #288, #2162, .T.);
#5253 = EDGE_CURVE('', #288, #284, #2166, .T.);
#5254 = EDGE_CURVE('', #286, #290, #2170, .T.);
#5255 = EDGE_CURVE('', #290, #292, #2176, .T.);
#5256 = EDGE_CURVE('', #292, #288, #2180, .T.);
#5257 = EDGE_CURVE('', #362, #294, #2184, .T.);
#5258 = EDGE_CURVE('', #294, #296, #2190, .T.);
#5259 = EDGE_CURVE('', #296, #364, #2194, .T.);
#5260 = EDGE_CURVE('', #294, #298, #2198, .T.);
#5261 = EDGE_CURVE('', #298, #300, #2204, .T.);
#5262 = EDGE_CURVE('', #300, #296, #2208, .T.);
#5263 = EDGE_CURVE('', #298, #302, #2212, .T.);
#5264 = EDGE_CURVE('', #302, #304, #2218, .T.);
#5265 = EDGE_CURVE('', #304, #300, #2222, .T.);
#5266 = EDGE_CURVE('', #302, #306, #2226, .T.);
#5267 = EDGE_CURVE('', #306, #308, #2232, .T.);
#5268 = EDGE_CURVE('', #308, #304, #2236, .T.);
#5269 = EDGE_CURVE('', #306, #310, #2240, .T.);
#5270 = EDGE_CURVE('', #310, #312, #2246, .T.);
#5271 = EDGE_CURVE('', #312, #308, #2250, .T.);
#5272 = EDGE_CURVE('', #310, #314, #2254, .T.);
#5273 = EDGE_CURVE('', #314, #316, #2260, .T.);
#5274 = EDGE_CURVE('', #316, #312, #2264, .T.);
#5275 = EDGE_CURVE('', #314, #318, #2268, .T.);
#5276 = EDGE_CURVE('', #318, #320, #2274, .T.);
#5277 = EDGE_CURVE('', #320, #316, #2278, .T.);
#5278 = EDGE_CURVE('', #318, #322, #2282, .T.);
#5279 = EDGE_CURVE('', #322, #324, #2288, .T.);
#5280 = EDGE_CURVE('', #324, #320, #2292, .T.);
#5281 = EDGE_CURVE('', #322, #326, #2296, .T.);
#5282 = EDGE_CURVE('', #326, #328, #2302, .T.);
#5283 = EDGE_CURVE('', #328, #324, #2306, .T.);
#5284 = EDGE_CURVE('', #326, #330, #2310, .T.);
#5285 = EDGE_CURVE('', #330, #332, #2316, .T.);
#5286 = EDGE_CURVE('', #332, #328, #2320, .T.);
#5287 = EDGE_CURVE('', #330, #334, #2324, .T.);
#5288 = EDGE_CURVE('', #334, #336, #2330, .T.);
#5289 = EDGE_CURVE('', #336, #332, #2334, .T.);
#5290 = EDGE_CURVE('', #334, #338, #2338, .T.);
#5291 = EDGE_CURVE('', #338, #340, #2344, .T.);
#5292 = EDGE_CURVE('', #340, #336, #2348, .T.);
#5293 = EDGE_CURVE('', #338, #342, #2352, .T.);
#5294 = EDGE_CURVE('', #342, #344, #2358, .T.);
#5295 = EDGE_CURVE('', #344, #340, #2362, .T.);
#5296 = EDGE_CURVE('', #342, #346, #2366, .T.);
#5297 = EDGE_CURVE('', #346, #348, #2372, .T.);
#5298 = EDGE_CURVE('', #348, #344, #2376, .T.);
#5299 = EDGE_CURVE('', #346, #350, #2380, .T.);
#5300 = EDGE_CURVE('', #350, #352, #2386, .T.);
#5301 = EDGE_CURVE('', #352, #348, #2390, .T.);
#5302 = EDGE_CURVE('', #350, #354, #2394, .T.);
#5303 = EDGE_CURVE('', #354, #356, #2400, .T.);
#5304 = EDGE_CURVE('', #356, #352, #2404, .T.);
#5305 = EDGE_CURVE('', #354, #358, #2408, .T.);
#5306 = EDGE_CURVE('', #358, #360, #2414, .T.);
#5307 = EDGE_CURVE('', #360, #356, #2418, .T.);
#5308 = EDGE_CURVE('', #358, #362, #2422, .T.);
#5309 = EDGE_CURVE('', #362, #364, #2428, .T.);
#5310 = EDGE_CURVE('', #364, #360, #2432, .T.);
#5311 = EDGE_CURVE('', #434, #366, #2436, .T.);
#5312 = EDGE_CURVE('', #366, #368, #2442, .T.);
#5313 = EDGE_CURVE('', #368, #436, #2446, .T.);
#5314 = EDGE_CURVE('', #366, #370, #2450, .T.);
#5315 = EDGE_CURVE('', #370, #372, #2456, .T.);
#5316 = EDGE_CURVE('', #372, #368, #2460, .T.);
#5317 = EDGE_CURVE('', #370, #374, #2464, .T.);
#5318 = EDGE_CURVE('', #374, #376, #2470, .T.);
#5319 = EDGE_CURVE('', #376, #372, #2474, .T.);
#5320 = EDGE_CURVE('', #374, #378, #2478, .T.);
#5321 = EDGE_CURVE('', #378, #380, #2484, .T.);
#5322 = EDGE_CURVE('', #380, #376, #2488, .T.);
#5323 = EDGE_CURVE('', #378, #382, #2492, .T.);
#5324 = EDGE_CURVE('', #382, #384, #2498, .T.);
#5325 = EDGE_CURVE('', #384, #380, #2502, .T.);
#5326 = EDGE_CURVE('', #382, #386, #2506, .T.);
#5327 = EDGE_CURVE('', #386, #388, #2512, .T.);
#5328 = EDGE_CURVE('', #388, #384, #2516, .T.);
#5329 = EDGE_CURVE('', #386, #390, #2520, .T.);
#5330 = EDGE_CURVE('', #390, #392, #2526, .T.);
#5331 = EDGE_CURVE('', #392, #388, #2530, .T.);
#5332 = EDGE_CURVE('', #390, #394, #2534, .T.);
#5333 = EDGE_CURVE('', #394, #396, #2540, .T.);
#5334 = EDGE_CURVE('', #396, #392, #2544, .T.);
#5335 = EDGE_CURVE('', #394, #398, #2548, .T.);
#5336 = EDGE_CURVE('', #398, #400, #2554, .T.);
#5337 = EDGE_CURVE('', #400, #396, #2558, .T.);
#5338 = EDGE_CURVE('', #398, #402, #2562, .T.);
#5339 = EDGE_CURVE('', #402, #404, #2568, .T.);
#5340 = EDGE_CURVE('', #404, #400, #2572, .T.);
#5341 = EDGE_CURVE('', #402, #406, #2576, .T.);
#5342 = EDGE_CURVE('', #406, #408, #2582, .T.);
#5343 = EDGE_CURVE('', #408, #404, #2586, .T.);
#5344 = EDGE_CURVE('', #406, #410, #2590, .T.);
#5345 = EDGE_CURVE('', #410, #412, #2596, .T.);
#5346 = EDGE_CURVE('', #412, #408, #2600, .T.);
#5347 = EDGE_CURVE('', #410, #414, #2604, .T.);
#5348 = EDGE_CURVE('', #414, #416, #2610, .T.);
#5349 = EDGE_CURVE('', #416, #412, #2614, .T.);
#5350 = EDGE_CURVE('', #414, #418, #2618, .T.);
#5351 = EDGE_CURVE('', #418, #420, #2624, .T.);
#5352 = EDGE_CURVE('', #420, #416, #2628, .T.);
#5353 = EDGE_CURVE('', #418, #422, #2632, .T.);
#5354 = EDGE_CURVE('', #422, #424, #2638, .T.);
#5355 = EDGE_CURVE('', #424, #420, #2642, .T.);
#5356 = EDGE_CURVE('', #422, #426, #2646, .T.);
#5357 = EDGE_CURVE('', #426, #428, #2652, .T.);
#5358 = EDGE_CURVE('', #428, #424, #2656, .T.);
#5359 = EDGE_CURVE('', #426, #430, #2660, .T.);
#5360 = EDGE_CURVE('', #430, #432, #2666, .T.);
#5361 = EDGE_CURVE('', #432, #428, #2670, .T.);
#5362 = EDGE_CURVE('', #430, #434, #2674, .T.);
#5363 = EDGE_CURVE('', #434, #436, #2680, .T.);
#5364 = EDGE_CURVE('', #436, #432, #2684, .T.);
#5365 = EDGE_CURVE('', #506, #438, #2688, .T.);
#5366 = EDGE_CURVE('', #438, #440, #2694, .T.);
#5367 = EDGE_CURVE('', #440, #508, #2698, .T.);
#5368 = EDGE_CURVE('', #438, #442, #2702, .T.);
#5369 = EDGE_CURVE('', #442, #444, #2708, .T.);
#5370 = EDGE_CURVE('', #444, #440, #2712, .T.);
#5371 = EDGE_CURVE('', #442, #446, #2716, .T.);
#5372 = EDGE_CURVE('', #446, #448, #2722, .T.);
#5373 = EDGE_CURVE('', #448, #444, #2726, .T.);
#5374 = EDGE_CURVE('', #446, #450, #2730, .T.);
#5375 = EDGE_CURVE('', #450, #452, #2736, .T.);
#5376 = EDGE_CURVE('', #452, #448, #2740, .T.);
#5377 = EDGE_CURVE('', #450, #454, #2744, .T.);
#5378 = EDGE_CURVE('', #454, #456, #2750, .T.);
#5379 = EDGE_CURVE('', #456, #452, #2754, .T.);
#5380 = EDGE_CURVE('', #454, #458, #2758, .T.);
#5381 = EDGE_CURVE('', #458, #460, #2764, .T.);
#5382 = EDGE_CURVE('', #460, #456, #2768, .T.);
#5383 = EDGE_CURVE('', #458, #462, #2772, .T.);
#5384 = EDGE_CURVE('', #462, #464, #2778, .T.);
#5385 = EDGE_CURVE('', #464, #460, #2782, .T.);
#5386 = EDGE_CURVE('', #462, #466, #2786, .T.);
#5387 = EDGE_CURVE('', #466, #468, #2792, .T.);
#5388 = EDGE_CURVE('', #468, #464, #2796, .T.);
#5389 = EDGE_CURVE('', #466, #470, #2800, .T.);
#5390 = EDGE_CURVE('', #470, #472, #2806, .T.);
#5391 = EDGE_CURVE('', #472, #468, #2810, .T.);
#5392 = EDGE_CURVE('', #470, #474, #2814, .T.);
#5393 = EDGE_CURVE('', #474, #476, #2820, .T.);
#5394 = EDGE_CURVE('', #476, #472, #2824, .T.);
#5395 = EDGE_CURVE('', #474, #478, #2828, .T.);
#5396 = EDGE_CURVE('', #478, #480, #2834, .T.);
#5397 = EDGE_CURVE('', #480, #476, #2838, .T.);
#5398 = EDGE_CURVE('', #478, #482, #2842, .T.);
#5399 = EDGE_CURVE('', #482, #484, #2848, .T.);
#5400 = EDGE_CURVE('', #484, #480, #2852, .T.);
#5401 = EDGE_CURVE('', #482, #486, #2856, .T.);
#5402 = EDGE_CURVE('', #486, #488, #2862, .T.);
#5403 = EDGE_CURVE('', #488, #484, #2866, .T.);
#5404 = EDGE_CURVE('', #486, #490, #2870, .T.);
#5405 = EDGE_CURVE('', #490, #492, #2876, .T.);
#5406 = EDGE_CURVE('', #492, #488, #2880, .T.);
#5407 = EDGE_CURVE('', #490, #494, #2884, .T.);
#5408 = EDGE_CURVE('', #494, #496, #2890, .T.);
#5409 = EDGE_CURVE('', #496, #492, #2894, .T.);
#5410 = EDGE_CURVE('', #494, #498, #2898, .T.);
#5411 = EDGE_CURVE('', #498, #500, #2904, .T.);
#5412 = EDGE_CURVE('', #500, #496, #2908, .T.);
#5413 = EDGE_CURVE('', #498, #502, #2912, .T.);
#5414 = EDGE_CURVE('', #502, #504, #2918, .T.);
#5415 = EDGE_CURVE('', #504, #500, #2922, .T.);
#5416 = EDGE_CURVE('', #502, #506, #2926, .T.);
#5417 = EDGE_CURVE('', #506, #508, #2932, .T.);
#5418 = EDGE_CURVE('', #508, #504, #2936, .T.);
#5419 = EDGE_CURVE('', #578, #510, #2940, .T.);
#5420 = EDGE_CURVE('', #510, #512, #2946, .T.);
#5421 = EDGE_CURVE('', #512, #580, #2950, .T.);
#5422 = EDGE_CURVE('', #510, #514, #2954, .T.);
#5423 = EDGE_CURVE('', #514, #516, #2960, .T.);
#5424 = EDGE_CURVE('', #516, #512, #2964, .T.);
#5425 = EDGE_CURVE('', #514, #518, #2968, .T.);
#5426 = EDGE_CURVE('', #518, #520, #2974, .T.);
#5427 = EDGE_CURVE('', #520, #516, #2978, .T.);
#5428 = EDGE_CURVE('', #518, #522, #2982, .T.);
#5429 = EDGE_CURVE('', #522, #524, #2988, .T.);
#5430 = EDGE_CURVE('', #524, #520, #2992, .T.);
#5431 = EDGE_CURVE('', #522, #526, #2996, .T.);
#5432 = EDGE_CURVE('', #526, #528, #3002, .T.);
#5433 = EDGE_CURVE('', #528, #524, #3006, .T.);
#5434 = EDGE_CURVE('', #526, #530, #3010, .T.);
#5435 = EDGE_CURVE('', #530, #532, #3016, .T.);
#5436 = EDGE_CURVE('', #532, #528, #3020, .T.);
#5437 = EDGE_CURVE('', #530, #534, #3024, .T.);
#5438 = EDGE_CURVE('', #534, #536, #3030, .T.);
#5439 = EDGE_CURVE('', #536, #532, #3034, .T.);
#5440 = EDGE_CURVE('', #534, #538, #3038, .T.);
#5441 = EDGE_CURVE('', #538, #540, #3044, .T.);
#5442 = EDGE_CURVE('', #540, #536, #3048, .T.);
#5443 = EDGE_CURVE('', #538, #542, #3052, .T.);
#5444 = EDGE_CURVE('', #542, #544, #3058, .T.);
#5445 = EDGE_CURVE('', #544, #540, #3062, .T.);
#5446 = EDGE_CURVE('', #542, #546, #3066, .T.);
#5447 = EDGE_CURVE('', #546, #548, #3072, .T.);
#5448 = EDGE_CURVE('', #548, #544, #3076, .T.);
#5449 = EDGE_CURVE('', #546, #550, #3080, .T.);
#5450 = EDGE_CURVE('', #550, #552, #3086, .T.);
#5451 = EDGE_CURVE('', #552, #548, #3090, .T.);
#5452 = EDGE_CURVE('', #550, #554, #3094, .T.);
#5453 = EDGE_CURVE('', #554, #556, #3100, .T.);
#5454 = EDGE_CURVE('', #556, #552, #3104, .T.);
#5455 = EDGE_CURVE('', #554, #558, #3108, .T.);
#5456 = EDGE_CURVE('', #558, #560, #3114, .T.);
#5457 = EDGE_CURVE('', #560, #556, #3118, .T.);
#5458 = EDGE_CURVE('', #558, #562, #3122, .T.);
#5459 = EDGE_CURVE('', #562, #564, #3128, .T.);
#5460 = EDGE_CURVE('', #564, #560, #3132, .T.);
#5461 = EDGE_CURVE('', #562, #566, #3136, .T.);
#5462 = EDGE_CURVE('', #566, #568, #3142, .T.);
#5463 = EDGE_CURVE('', #568, #564, #3146, .T.);
#5464 = EDGE_CURVE('', #566, #570, #3150, .T.);
#5465 = EDGE_CURVE('', #570, #572, #3156, .T.);
#5466 = EDGE_CURVE('', #572, #568, #3160, .T.);
#5467 = EDGE_CURVE('', #570, #574, #3164, .T.);
#5468 = EDGE_CURVE('', #574, #576, #3170, .T.);
#5469 = EDGE_CURVE('', #576, #572, #3174, .T.);
#5470 = EDGE_CURVE('', #574, #578, #3178, .T.);
#5471 = EDGE_CURVE('', #578, #580, #3184, .T.);
#5472 = EDGE_CURVE('', #580, #576, #3188, .T.);
#5473 = EDGE_CURVE('', #650, #582, #3192, .T.);
#5474 = EDGE_CURVE('', #582, #584, #3198, .T.);
#5475 = EDGE_CURVE('', #584, #652, #3202, .T.);
#5476 = EDGE_CURVE('', #582, #586, #3206, .T.);
#5477 = EDGE_CURVE('', #586, #588, #3212, .T.);
#5478 = EDGE_CURVE('', #588, #584, #3216, .T.);
#5479 = EDGE_CURVE('', #586, #590, #3220, .T.);
#5480 = EDGE_CURVE('', #590, #592, #3226, .T.);
#5481 = EDGE_CURVE('', #592, #588, #3230, .T.);
#5482 = EDGE_CURVE('', #590, #594, #3234, .T.);
#5483 = EDGE_CURVE('', #594, #596, #3240, .T.);
#5484 = EDGE_CURVE('', #596, #592, #3244, .T.);
#5485 = EDGE_CURVE('', #594, #598, #3248, .T.);
#5486 = EDGE_CURVE('', #598, #600, #3254, .T.);
#5487 = EDGE_CURVE('', #600, #596, #3258, .T.);
#5488 = EDGE_CURVE('', #598, #602, #3262, .T.);
#5489 = EDGE_CURVE('', #602, #604, #3268, .T.);
#5490 = EDGE_CURVE('', #604, #600, #3272, .T.);
#5491 = EDGE_CURVE('', #602, #606, #3276, .T.);
#5492 = EDGE_CURVE('', #606, #608, #3282, .T.);
#5493 = EDGE_CURVE('', #608, #604, #3286, .T.);
#5494 = EDGE_CURVE('', #606, #610, #3290, .T.);
#5495 = EDGE_CURVE('', #610, #612, #3296, .T.);
#5496 = EDGE_CURVE('', #612, #608, #3300, .T.);
#5497 = EDGE_CURVE('', #610, #614, #3304, .T.);
#5498 = EDGE_CURVE('', #614, #616, #3310, .T.);
#5499 = EDGE_CURVE('', #616, #612, #3314, .T.);
#5500 = EDGE_CURVE('', #614, #618, #3318, .T.);
#5501 = EDGE_CURVE('', #618, #620, #3324, .T.);
#5502 = EDGE_CURVE('', #620, #616, #3328, .T.);
#5503 = EDGE_CURVE('', #618, #622, #3332, .T.);
#5504 = EDGE_CURVE('', #622, #624, #3338, .T.);
#5505 = EDGE_CURVE('', #624, #620, #3342, .T.);
#5506 = EDGE_CURVE('', #622, #626, #3346, .T.);
#5507 = EDGE_CURVE('', #626, #628, #3352, .T.);
#5508 = EDGE_CURVE('', #628, #624, #3356, .T.);
#5509 = EDGE_CURVE('', #626, #630, #3360, .T.);
#5510 = EDGE_CURVE('', #630, #632, #3366, .T.);
#5511 = EDGE_CURVE('', #632, #628, #3370, .T.);
#5512 = EDGE_CURVE('', #630, #634, #3374, .T.);
#5513 = EDGE_CURVE('', #634, #636, #3380, .T.);
#5514 = EDGE_CURVE('', #636, #632, #3384, .T.);
#5515 = EDGE_CURVE('', #634, #638, #3388, .T.);
#5516 = EDGE_CURVE('', #638, #640, #3394, .T.);
#5517 = EDGE_CURVE('', #640, #636, #3398, .T.);
#5518 = EDGE_CURVE('', #638, #642, #3402, .T.);
#5519 = EDGE_CURVE('', #642, #644, #3408, .T.);
#5520 = EDGE_CURVE('', #644, #640, #3412, .T.);
#5521 = EDGE_CURVE('', #642, #646, #3416, .T.);
#5522 = EDGE_CURVE('', #646, #648, #3422, .T.);
#5523 = EDGE_CURVE('', #648, #644, #3426, .T.);
#5524 = EDGE_CURVE('', #646, #650, #3430, .T.);
#5525 = EDGE_CURVE('', #650, #652, #3436, .T.);
#5526 = EDGE_CURVE('', #652, #648, #3440, .T.);
#5527 = EDGE_CURVE('', #722, #654, #3444, .T.);
#5528 = EDGE_CURVE('', #654, #656, #3450, .T.);
#5529 = EDGE_CURVE('', #656, #724, #3454, .T.);
#5530 = EDGE_CURVE('', #654, #658, #3458, .T.);
#5531 = EDGE_CURVE('', #658, #660, #3464, .T.);
#5532 = EDGE_CURVE('', #660, #656, #3468, .T.);
#5533 = EDGE_CURVE('', #658, #662, #3472, .T.);
#5534 = EDGE_CURVE('', #662, #664, #3478, .T.);
#5535 = EDGE_CURVE('', #664, #660, #3482, .T.);
#5536 = EDGE_CURVE('', #662, #666, #3486, .T.);
#5537 = EDGE_CURVE('', #666, #668, #3492, .T.);
#5538 = EDGE_CURVE('', #668, #664, #3496, .T.);
#5539 = EDGE_CURVE('', #666, #670, #3500, .T.);
#5540 = EDGE_CURVE('', #670, #672, #3506, .T.);
#5541 = EDGE_CURVE('', #672, #668, #3510, .T.);
#5542 = EDGE_CURVE('', #670, #674, #3514, .T.);
#5543 = EDGE_CURVE('', #674, #676, #3520, .T.);
#5544 = EDGE_CURVE('', #676, #672, #3524, .T.);
#5545 = EDGE_CURVE('', #674, #678, #3528, .T.);
#5546 = EDGE_CURVE('', #678, #680, #3534, .T.);
#5547 = EDGE_CURVE('', #680, #676, #3538, .T.);
#5548 = EDGE_CURVE('', #678, #682, #3542, .T.);
#5549 = EDGE_CURVE('', #682, #684, #3548, .T.);
#5550 = EDGE_CURVE('', #684, #680, #3552, .T.);
#5551 = EDGE_CURVE('', #682, #686, #3556, .T.);
#5552 = EDGE_CURVE('', #686, #688, #3562, .T.);
#5553 = EDGE_CURVE('', #688, #684, #3566, .T.);
#5554 = EDGE_CURVE('', #686, #690, #3570, .T.);
#5555 = EDGE_CURVE('', #690, #692, #3576, .T.);
#5556 = EDGE_CURVE('', #692, #688, #3580, .T.);
#5557 = EDGE_CURVE('', #690, #694, #3584, .T.);
#5558 = EDGE_CURVE('', #694, #696, #3590, .T.);
#5559 = EDGE_CURVE('', #696, #692, #3594, .T.);
#5560 = EDGE_CURVE('', #694, #698, #3598, .T.);
#5561 = EDGE_CURVE('', #698, #700, #3604, .T.);
#5562 = EDGE_CURVE('', #700, #696, #3608, .T.);
#5563 = EDGE_CURVE('', #698, #702, #3612, .T.);
#5564 = EDGE_CURVE('', #702, #704, #3618, .T.);
#5565 = EDGE_CURVE('', #704, #700, #3622, .T.);
#5566 = EDGE_CURVE('', #702, #706, #3626, .T.);
#5567 = EDGE_CURVE('', #706, #708, #3632, .T.);
#5568 = EDGE_CURVE('', #708, #704, #3636, .T.);
#5569 = EDGE_CURVE('', #706, #710, #3640, .T.);
#5570 = EDGE_CURVE('', #710, #712, #3646, .T.);
#5571 = EDGE_CURVE('', #712, #708, #3650, .T.);
#5572 = EDGE_CURVE('', #710, #714, #3654, .T.);
#5573 = EDGE_CURVE('', #714, #716, #3660, .T.);
#5574 = EDGE_CURVE('', #716, #712, #3664, .T.);
#5575 = EDGE_CURVE('', #714, #718, #3668, .T.);
#5576 = EDGE_CURVE('', #718, #720, #3674, .T.);
#5577 = EDGE_CURVE('', #720, #716, #3678, .T.);
#5578 = EDGE_CURVE('', #718, #722, #3682, .T.);
#5579 = EDGE_CURVE('', #722, #724, #3688, .T.);
#5580 = EDGE_CURVE('', #724, #720, #3692, .T.);
#5581 = EDGE_CURVE('', #726, #726, #3697, .T.);
#5582 = EDGE_CURVE('', #726, #728, #3701, .T.);
#5583 = EDGE_CURVE('', #728, #728, #3706, .T.);
#5584 = EDGE_CURVE('', #798, #730, #3710, .T.);
#5585 = EDGE_CURVE('', #730, #732, #3714, .T.);
#5586 = EDGE_CURVE('', #732, #800, #3718, .T.);
#5587 = EDGE_CURVE('', #730, #734, #3722, .T.);
#5588 = EDGE_CURVE('', #734, #736, #3726, .T.);
#5589 = EDGE_CURVE('', #736, #732, #3730, .T.);
#5590 = EDGE_CURVE('', #734, #738, #3734, .T.);
#5591 = EDGE_CURVE('', #738, #740, #3738, .T.);
#5592 = EDGE_CURVE('', #740, #736, #3742, .T.);
#5593 = EDGE_CURVE('', #738, #742, #3746, .T.);
#5594 = EDGE_CURVE('', #742, #744, #3750, .T.);
#5595 = EDGE_CURVE('', #744, #740, #3754, .T.);
#5596 = EDGE_CURVE('', #742, #746, #3758, .T.);
#5597 = EDGE_CURVE('', #746, #748, #3762, .T.);
#5598 = EDGE_CURVE('', #748, #744, #3766, .T.);
#5599 = EDGE_CURVE('', #746, #750, #3770, .T.);
#5600 = EDGE_CURVE('', #750, #752, #3774, .T.);
#5601 = EDGE_CURVE('', #752, #748, #3778, .T.);
#5602 = EDGE_CURVE('', #750, #754, #3782, .T.);
#5603 = EDGE_CURVE('', #754, #756, #3786, .T.);
#5604 = EDGE_CURVE('', #756, #752, #3790, .T.);
#5605 = EDGE_CURVE('', #754, #758, #3794, .T.);
#5606 = EDGE_CURVE('', #758, #760, #3798, .T.);
#5607 = EDGE_CURVE('', #760, #756, #3802, .T.);
#5608 = EDGE_CURVE('', #758, #762, #3806, .T.);
#5609 = EDGE_CURVE('', #762, #764, #3810, .T.);
#5610 = EDGE_CURVE('', #764, #760, #3814, .T.);
#5611 = EDGE_CURVE('', #762, #766, #3818, .T.);
#5612 = EDGE_CURVE('', #766, #768, #3822, .T.);
#5613 = EDGE_CURVE('', #768, #764, #3826, .T.);
#5614 = EDGE_CURVE('', #766, #770, #3830, .T.);
#5615 = EDGE_CURVE('', #770, #772, #3834, .T.);
#5616 = EDGE_CURVE('', #772, #768, #3838, .T.);
#5617 = EDGE_CURVE('', #770, #774, #3842, .T.);
#5618 = EDGE_CURVE('', #774, #776, #3846, .T.);
#5619 = EDGE_CURVE('', #776, #772, #3850, .T.);
#5620 = EDGE_CURVE('', #774, #778, #3854, .T.);
#5621 = EDGE_CURVE('', #778, #780, #3858, .T.);
#5622 = EDGE_CURVE('', #780, #776, #3862, .T.);
#5623 = EDGE_CURVE('', #778, #782, #3866, .T.);
#5624 = EDGE_CURVE('', #782, #784, #3870, .T.);
#5625 = EDGE_CURVE('', #784, #780, #3874, .T.);
#5626 = EDGE_CURVE('', #782, #786, #3878, .T.);
#5627 = EDGE_CURVE('', #786, #788, #3882, .T.);
#5628 = EDGE_CURVE('', #788, #784, #3886, .T.);
#5629 = EDGE_CURVE('', #786, #790, #3890, .T.);
#5630 = EDGE_CURVE('', #790, #792, #3894, .T.);
#5631 = EDGE_CURVE('', #792, #788, #3898, .T.);
#5632 = EDGE_CURVE('', #790, #794, #3902, .T.);
#5633 = EDGE_CURVE('', #794, #796, #3906, .T.);
#5634 = EDGE_CURVE('', #796, #792, #3910, .T.);
#5635 = EDGE_CURVE('', #794, #798, #3914, .T.);
#5636 = EDGE_CURVE('', #798, #800, #3918, .T.);
#5637 = EDGE_CURVE('', #800, #796, #3922, .T.);
#5638 = EDGE_CURVE('', #870, #802, #3926, .T.);
#5639 = EDGE_CURVE('', #802, #804, #3930, .T.);
#5640 = EDGE_CURVE('', #804, #872, #3934, .T.);
#5641 = EDGE_CURVE('', #802, #806, #3938, .T.);
#5642 = EDGE_CURVE('', #806, #808, #3942, .T.);
#5643 = EDGE_CURVE('', #808, #804, #3946, .T.);
#5644 = EDGE_CURVE('', #806, #810, #3950, .T.);
#5645 = EDGE_CURVE('', #810, #812, #3954, .T.);
#5646 = EDGE_CURVE('', #812, #808, #3958, .T.);
#5647 = EDGE_CURVE('', #810, #814, #3962, .T.);
#5648 = EDGE_CURVE('', #814, #816, #3966, .T.);
#5649 = EDGE_CURVE('', #816, #812, #3970, .T.);
#5650 = EDGE_CURVE('', #814, #818, #3974, .T.);
#5651 = EDGE_CURVE('', #818, #820, #3978, .T.);
#5652 = EDGE_CURVE('', #820, #816, #3982, .T.);
#5653 = EDGE_CURVE('', #818, #822, #3986, .T.);
#5654 = EDGE_CURVE('', #822, #824, #3990, .T.);
#5655 = EDGE_CURVE('', #824, #820, #3994, .T.);
#5656 = EDGE_CURVE('', #822, #826, #3998, .T.);
#5657 = EDGE_CURVE('', #826, #828, #4002, .T.);
#5658 = EDGE_CURVE('', #828, #824, #4006, .T.);
#5659 = EDGE_CURVE('', #826, #830, #4010, .T.);
#5660 = EDGE_CURVE('', #830, #832, #4014, .T.);
#5661 = EDGE_CURVE('', #832, #828, #4018, .T.);
#5662 = EDGE_CURVE('', #830, #834, #4022, .T.);
#5663 = EDGE_CURVE('', #834, #836, #4026, .T.);
#5664 = EDGE_CURVE('', #836, #832, #4030, .T.);
#5665 = EDGE_CURVE('', #834, #838, #4034, .T.);
#5666 = EDGE_CURVE('', #838, #840, #4038, .T.);
#5667 = EDGE_CURVE('', #840, #836, #4042, .T.);
#5668 = EDGE_CURVE('', #838, #842, #4046, .T.);
#5669 = EDGE_CURVE('', #842, #844, #4050, .T.);
#5670 = EDGE_CURVE('', #844, #840, #4054, .T.);
#5671 = EDGE_CURVE('', #842, #846, #4058, .T.);
#5672 = EDGE_CURVE('', #846, #848, #4062, .T.);
#5673 = EDGE_CURVE('', #848, #844, #4066, .T.);
#5674 = EDGE_CURVE('', #846, #850, #4070, .T.);
#5675 = EDGE_CURVE('', #850, #852, #4074, .T.);
#5676 = EDGE_CURVE('', #852, #848, #4078, .T.);
#5677 = EDGE_CURVE('', #850, #854, #4082, .T.);
#5678 = EDGE_CURVE('', #854, #856, #4086, .T.);
#5679 = EDGE_CURVE('', #856, #852, #4090, .T.);
#5680 = EDGE_CURVE('', #854, #858, #4094, .T.);
#5681 = EDGE_CURVE('', #858, #860, #4098, .T.);
#5682 = EDGE_CURVE('', #860, #856, #4102, .T.);
#5683 = EDGE_CURVE('', #858, #862, #4106, .T.);
#5684 = EDGE_CURVE('', #862, #864, #4110, .T.);
#5685 = EDGE_CURVE('', #864, #860, #4114, .T.);
#5686 = EDGE_CURVE('', #862, #866, #4118, .T.);
#5687 = EDGE_CURVE('', #866, #868, #4122, .T.);
#5688 = EDGE_CURVE('', #868, #864, #4126, .T.);
#5689 = EDGE_CURVE('', #866, #870, #4130, .T.);
#5690 = EDGE_CURVE('', #870, #872, #4134, .T.);
#5691 = EDGE_CURVE('', #872, #868, #4138, .T.);
#5692 = EDGE_CURVE('', #942, #874, #4142, .T.);
#5693 = EDGE_CURVE('', #874, #876, #4146, .T.);
#5694 = EDGE_CURVE('', #876, #944, #4150, .T.);
#5695 = EDGE_CURVE('', #874, #878, #4154, .T.);
#5696 = EDGE_CURVE('', #878, #880, #4158, .T.);
#5697 = EDGE_CURVE('', #880, #876, #4162, .T.);
#5698 = EDGE_CURVE('', #878, #882, #4166, .T.);
#5699 = EDGE_CURVE('', #882, #884, #4170, .T.);
#5700 = EDGE_CURVE('', #884, #880, #4174, .T.);
#5701 = EDGE_CURVE('', #882, #886, #4178, .T.);
#5702 = EDGE_CURVE('', #886, #888, #4182, .T.);
#5703 = EDGE_CURVE('', #888, #884, #4186, .T.);
#5704 = EDGE_CURVE('', #886, #890, #4190, .T.);
#5705 = EDGE_CURVE('', #890, #892, #4194, .T.);
#5706 = EDGE_CURVE('', #892, #888, #4198, .T.);
#5707 = EDGE_CURVE('', #890, #894, #4202, .T.);
#5708 = EDGE_CURVE('', #894, #896, #4206, .T.);
#5709 = EDGE_CURVE('', #896, #892, #4210, .T.);
#5710 = EDGE_CURVE('', #894, #898, #4214, .T.);
#5711 = EDGE_CURVE('', #898, #900, #4218, .T.);
#5712 = EDGE_CURVE('', #900, #896, #4222, .T.);
#5713 = EDGE_CURVE('', #898, #902, #4226, .T.);
#5714 = EDGE_CURVE('', #902, #904, #4230, .T.);
#5715 = EDGE_CURVE('', #904, #900, #4234, .T.);
#5716 = EDGE_CURVE('', #902, #906, #4238, .T.);
#5717 = EDGE_CURVE('', #906, #908, #4242, .T.);
#5718 = EDGE_CURVE('', #908, #904, #4246, .T.);
#5719 = EDGE_CURVE('', #906, #910, #4250, .T.);
#5720 = EDGE_CURVE('', #910, #912, #4254, .T.);
#5721 = EDGE_CURVE('', #912, #908, #4258, .T.);
#5722 = EDGE_CURVE('', #910, #914, #4262, .T.);
#5723 = EDGE_CURVE('', #914, #916, #4266, .T.);
#5724 = EDGE_CURVE('', #916, #912, #4270, .T.);
#5725 = EDGE_CURVE('', #914, #918, #4274, .T.);
#5726 = EDGE_CURVE('', #918, #920, #4278, .T.);
#5727 = EDGE_CURVE('', #920, #916, #4282, .T.);
#5728 = EDGE_CURVE('', #918, #922, #4286, .T.);
#5729 = EDGE_CURVE('', #922, #924, #4290, .T.);
#5730 = EDGE_CURVE('', #924, #920, #4294, .T.);
#5731 = EDGE_CURVE('', #922, #926, #4298, .T.);
#5732 = EDGE_CURVE('', #926, #928, #4302, .T.);
#5733 = EDGE_CURVE('', #928, #924, #4306, .T.);
#5734 = EDGE_CURVE('', #926, #930, #4310, .T.);
#5735 = EDGE_CURVE('', #930, #932, #4314, .T.);
#5736 = EDGE_CURVE('', #932, #928, #4318, .T.);
#5737 = EDGE_CURVE('', #930, #934, #4322, .T.);
#5738 = EDGE_CURVE('', #934, #936, #4326, .T.);
#5739 = EDGE_CURVE('', #936, #932, #4330, .T.);
#5740 = EDGE_CURVE('', #934, #938, #4334, .T.);
#5741 = EDGE_CURVE('', #938, #940, #4338, .T.);
#5742 = EDGE_CURVE('', #940, #936, #4342, .T.);
#5743 = EDGE_CURVE('', #938, #942, #4346, .T.);
#5744 = EDGE_CURVE('', #942, #944, #4350, .T.);
#5745 = EDGE_CURVE('', #944, #940, #4354, .T.);
#5746 = EDGE_CURVE('', #1014, #946, #4358, .T.);
#5747 = EDGE_CURVE('', #946, #948, #4362, .T.);
#5748 = EDGE_CURVE('', #948, #1016, #4366, .T.);
#5749 = EDGE_CURVE('', #946, #950, #4370, .T.);
#5750 = EDGE_CURVE('', #950, #952, #4374, .T.);
#5751 = EDGE_CURVE('', #952, #948, #4378, .T.);
#5752 = EDGE_CURVE('', #950, #954, #4382, .T.);
#5753 = EDGE_CURVE('', #954, #956, #4386, .T.);
#5754 = EDGE_CURVE('', #956, #952, #4390, .T.);
#5755 = EDGE_CURVE('', #954, #958, #4394, .T.);
#5756 = EDGE_CURVE('', #958, #960, #4398, .T.);
#5757 = EDGE_CURVE('', #960, #956, #4402, .T.);
#5758 = EDGE_CURVE('', #958, #962, #4406, .T.);
#5759 = EDGE_CURVE('', #962, #964, #4410, .T.);
#5760 = EDGE_CURVE('', #964, #960, #4414, .T.);
#5761 = EDGE_CURVE('', #962, #966, #4418, .T.);
#5762 = EDGE_CURVE('', #966, #968, #4422, .T.);
#5763 = EDGE_CURVE('', #968, #964, #4426, .T.);
#5764 = EDGE_CURVE('', #966, #970, #4430, .T.);
#5765 = EDGE_CURVE('', #970, #972, #4434, .T.);
#5766 = EDGE_CURVE('', #972, #968, #4438, .T.);
#5767 = EDGE_CURVE('', #970, #974, #4442, .T.);
#5768 = EDGE_CURVE('', #974, #976, #4446, .T.);
#5769 = EDGE_CURVE('', #976, #972, #4450, .T.);
#5770 = EDGE_CURVE('', #974, #978, #4454, .T.);
#5771 = EDGE_CURVE('', #978, #980, #4458, .T.);
#5772 = EDGE_CURVE('', #980, #976, #4462, .T.);
#5773 = EDGE_CURVE('', #978, #982, #4466, .T.);
#5774 = EDGE_CURVE('', #982, #984, #4470, .T.);
#5775 = EDGE_CURVE('', #984, #980, #4474, .T.);
#5776 = EDGE_CURVE('', #982, #986, #4478, .T.);
#5777 = EDGE_CURVE('', #986, #988, #4482, .T.);
#5778 = EDGE_CURVE('', #988, #984, #4486, .T.);
#5779 = EDGE_CURVE('', #986, #990, #4490, .T.);
#5780 = EDGE_CURVE('', #990, #992, #4494, .T.);
#5781 = EDGE_CURVE('', #992, #988, #4498, .T.);
#5782 = EDGE_CURVE('', #990, #994, #4502, .T.);
#5783 = EDGE_CURVE('', #994, #996, #4506, .T.);
#5784 = EDGE_CURVE('', #996, #992, #4510, .T.);
#5785 = EDGE_CURVE('', #994, #998, #4514, .T.);
#5786 = EDGE_CURVE('', #998, #1000, #4518, .T.);
#5787 = EDGE_CURVE('', #1000, #996, #4522, .T.);
#5788 = EDGE_CURVE('', #998, #1002, #4526, .T.);
#5789 = EDGE_CURVE('', #1002, #1004, #4530, .T.);
#5790 = EDGE_CURVE('', #1004, #1000, #4534, .T.);
#5791 = EDGE_CURVE('', #1002, #1006, #4538, .T.);
#5792 = EDGE_CURVE('', #1006, #1008, #4542, .T.);
#5793 = EDGE_CURVE('', #1008, #1004, #4546, .T.);
#5794 = EDGE_CURVE('', #1006, #1010, #4550, .T.);
#5795 = EDGE_CURVE('', #1010, #1012, #4554, .T.);
#5796 = EDGE_CURVE('', #1012, #1008, #4558, .T.);
#5797 = EDGE_CURVE('', #1010, #1014, #4562, .T.);
#5798 = EDGE_CURVE('', #1014, #1016, #4566, .T.);
#5799 = EDGE_CURVE('', #1016, #1012, #4570, .T.);
#5800 = EDGE_CURVE('', #1086, #1018, #4574, .T.);
#5801 = EDGE_CURVE('', #1018, #1020, #4578, .T.);
#5802 = EDGE_CURVE('', #1020, #1088, #4582, .T.);
#5803 = EDGE_CURVE('', #1018, #1022, #4586, .T.);
#5804 = EDGE_CURVE('', #1022, #1024, #4590, .T.);
#5805 = EDGE_CURVE('', #1024, #1020, #4594, .T.);
#5806 = EDGE_CURVE('', #1022, #1026, #4598, .T.);
#5807 = EDGE_CURVE('', #1026, #1028, #4602, .T.);
#5808 = EDGE_CURVE('', #1028, #1024, #4606, .T.);
#5809 = EDGE_CURVE('', #1026, #1030, #4610, .T.);
#5810 = EDGE_CURVE('', #1030, #1032, #4614, .T.);
#5811 = EDGE_CURVE('', #1032, #1028, #4618, .T.);
#5812 = EDGE_CURVE('', #1030, #1034, #4622, .T.);
#5813 = EDGE_CURVE('', #1034, #1036, #4626, .T.);
#5814 = EDGE_CURVE('', #1036, #1032, #4630, .T.);
#5815 = EDGE_CURVE('', #1034, #1038, #4634, .T.);
#5816 = EDGE_CURVE('', #1038, #1040, #4638, .T.);
#5817 = EDGE_CURVE('', #1040, #1036, #4642, .T.);
#5818 = EDGE_CURVE('', #1038, #1042, #4646, .T.);
#5819 = EDGE_CURVE('', #1042, #1044, #4650, .T.);
#5820 = EDGE_CURVE('', #1044, #1040, #4654, .T.);
#5821 = EDGE_CURVE('', #1042, #1046, #4658, .T.);
#5822 = EDGE_CURVE('', #1046, #1048, #4662, .T.);
#5823 = EDGE_CURVE('', #1048, #1044, #4666, .T.);
#5824 = EDGE_CURVE('', #1046, #1050, #4670, .T.);
#5825 = EDGE_CURVE('', #1050, #1052, #4674, .T.);
#5826 = EDGE_CURVE('', #1052, #1048, #4678, .T.);
#5827 = EDGE_CURVE('', #1050, #1054, #4682, .T.);
#5828 = EDGE_CURVE('', #1054, #1056, #4686, .T.);
#5829 = EDGE_CURVE('', #1056, #1052, #4690, .T.);
#5830 = EDGE_CURVE('', #1054, #1058, #4694, .T.);
#5831 = EDGE_CURVE('', #1058, #1060, #4698, .T.);
#5832 = EDGE_CURVE('', #1060, #1056, #4702, .T.);
#5833 = EDGE_CURVE('', #1058, #1062, #4706, .T.);
#5834 = EDGE_CURVE('', #1062, #1064, #4710, .T.);
#5835 = EDGE_CURVE('', #1064, #1060, #4714, .T.);
#5836 = EDGE_CURVE('', #1062, #1066, #4718, .T.);
#5837 = EDGE_CURVE('', #1066, #1068, #4722, .T.);
#5838 = EDGE_CURVE('', #1068, #1064, #4726, .T.);
#5839 = EDGE_CURVE('', #1066, #1070, #4730, .T.);
#5840 = EDGE_CURVE('', #1070, #1072, #4734, .T.);
#5841 = EDGE_CURVE('', #1072, #1068, #4738, .T.);
#5842 = EDGE_CURVE('', #1070, #1074, #4742, .T.);
#5843 = EDGE_CURVE('', #1074, #1076, #4746, .T.);
#5844 = EDGE_CURVE('', #1076, #1072, #4750, .T.);
#5845 = EDGE_CURVE('', #1074, #1078, #4754, .T.);
#5846 = EDGE_CURVE('', #1078, #1080, #4758, .T.);
#5847 = EDGE_CURVE('', #1080, #1076, #4762, .T.);
#5848 = EDGE_CURVE('', #1078, #1082, #4766, .T.);
#5849 = EDGE_CURVE('', #1082, #1084, #4770, .T.);
#5850 = EDGE_CURVE('', #1084, #1080, #4774, .T.);
#5851 = EDGE_CURVE('', #1082, #1086, #4778, .T.);
#5852 = EDGE_CURVE('', #1086, #1088, #4782, .T.);
#5853 = EDGE_CURVE('', #1088, #1084, #4786, .T.);
#5854 = EDGE_CURVE('', #1090, #1090, #4791, .T.);
#5855 = EDGE_CURVE('', #1090, #1092, #4795, .T.);
#5856 = EDGE_CURVE('', #1092, #1092, #4800, .T.);
#5857 = EDGE_CURVE('', #1094, #1096, #4804, .T.);
#5858 = EDGE_CURVE('', #1096, #1098, #4808, .T.);
#5859 = EDGE_CURVE('', #1100, #1098, #4812, .T.);
#5860 = EDGE_CURVE('', #1094, #1100, #4816, .T.);
#5861 = EDGE_CURVE('', #1096, #1102, #4820, .T.);
#5862 = EDGE_CURVE('', #1102, #1104, #4824, .T.);
#5863 = EDGE_CURVE('', #1098, #1104, #4828, .T.);
#5864 = EDGE_CURVE('', #1102, #1106, #4832, .T.);
#5865 = EDGE_CURVE('', #1106, #1108, #4836, .T.);
#5866 = EDGE_CURVE('', #1104, #1108, #4840, .T.);
#5867 = EDGE_CURVE('', #1106, #1094, #4844, .T.);
#5868 = EDGE_CURVE('', #1108, #1100, #4848, .T.);
#5869 = EDGE_CURVE('', #1110, #1112, #4852, .T.);
#5870 = EDGE_CURVE('', #1112, #1114, #4856, .T.);
#5871 = EDGE_CURVE('', #1116, #1114, #4860, .T.);
#5872 = EDGE_CURVE('', #1110, #1116, #4864, .T.);
#5873 = EDGE_CURVE('', #1112, #1118, #4868, .T.);
#5874 = EDGE_CURVE('', #1118, #1120, #4872, .T.);
#5875 = EDGE_CURVE('', #1114, #1120, #4876, .T.);
#5876 = EDGE_CURVE('', #1118, #1122, #4880, .T.);
#5877 = EDGE_CURVE('', #1122, #1124, #4884, .T.);
#5878 = EDGE_CURVE('', #1120, #1124, #4888, .T.);
#5879 = EDGE_CURVE('', #1122, #1110, #4892, .T.);
#5880 = EDGE_CURVE('', #1124, #1116, #4896, .T.);
#5881 = EDGE_CURVE('', #1126, #1128, #4900, .T.);
#5882 = EDGE_CURVE('', #1128, #1130, #4904, .T.);
#5883 = EDGE_CURVE('', #1132, #1130, #4908, .T.);
#5884 = EDGE_CURVE('', #1126, #1132, #4912, .T.);
#5885 = EDGE_CURVE('', #1128, #1134, #4916, .T.);
#5886 = EDGE_CURVE('', #1134, #1136, #4920, .T.);
#5887 = EDGE_CURVE('', #1130, #1136, #4924, .T.);
#5888 = EDGE_CURVE('', #1134, #1138, #4928, .T.);
#5889 = EDGE_CURVE('', #1138, #1140, #4932, .T.);
#5890 = EDGE_CURVE('', #1136, #1140, #4936, .T.);
#5891 = EDGE_CURVE('', #1138, #1126, #4940, .T.);
#5892 = EDGE_CURVE('', #1140, #1132, #4944, .T.);
#5893 = EDGE_CURVE('', #1142, #1144, #4948, .T.);
#5894 = EDGE_CURVE('', #1144, #1146, #4952, .T.);
#5895 = EDGE_CURVE('', #1148, #1146, #4956, .T.);
#5896 = EDGE_CURVE('', #1142, #1148, #4960, .T.);
#5897 = EDGE_CURVE('', #1144, #1150, #4964, .T.);
#5898 = EDGE_CURVE('', #1150, #1152, #4968, .T.);
#5899 = EDGE_CURVE('', #1146, #1152, #4972, .T.);
#5900 = EDGE_CURVE('', #1150, #1154, #4976, .T.);
#5901 = EDGE_CURVE('', #1154, #1156, #4980, .T.);
#5902 = EDGE_CURVE('', #1152, #1156, #4984, .T.);
#5903 = EDGE_CURVE('', #1154, #1142, #4988, .T.);
#5904 = EDGE_CURVE('', #1156, #1148, #4992, .T.);
#5905 = EDGE_CURVE('', #1158, #1160, #4996, .T.);
#5906 = EDGE_CURVE('', #1160, #1162, #5000, .T.);
#5907 = EDGE_CURVE('', #1164, #1162, #5004, .T.);
#5908 = EDGE_CURVE('', #1158, #1164, #5008, .T.);
#5909 = EDGE_CURVE('', #1160, #1166, #5012, .T.);
#5910 = EDGE_CURVE('', #1166, #1168, #5016, .T.);
#5911 = EDGE_CURVE('', #1162, #1168, #5020, .T.);
#5912 = EDGE_CURVE('', #1166, #1170, #5024, .T.);
#5913 = EDGE_CURVE('', #1170, #1172, #5028, .T.);
#5914 = EDGE_CURVE('', #1168, #1172, #5032, .T.);
#5915 = EDGE_CURVE('', #1170, #1158, #5036, .T.);
#5916 = EDGE_CURVE('', #1172, #1164, #5040, .T.);
#5917 = CARTESIAN_POINT('', (126.97943146, 103.9111732, -180.));
#5918 = CARTESIAN_POINT('', (130.56389551, 103.53269934, -180.));
#5919 = CARTESIAN_POINT('', (125.60396974, 103.11705001, -185.90016478));
#5920 = CARTESIAN_POINT('', (129.18843379, 102.73857615, -185.90016478));
#5921 = CARTESIAN_POINT('', (114.9199172, 96.9486094, -200.27094854));
#5922 = CARTESIAN_POINT('', (118.50438125, 96.57013554, -200.27094854));
#5923 = CARTESIAN_POINT('', (90.68073404, 82.95411047, -225.20020178));
#5924 = CARTESIAN_POINT('', (94.26519809, 82.57563662, -225.20020178));
#5925 = CARTESIAN_POINT('', (73.17169797, 72.84526379, -240.));
#5926 = CARTESIAN_POINT('', (76.75616202, 72.46678993, -240.));
#5927 = B_SPLINE_SURFACE_WITH_KNOTS('', 2, 1, ((#5917, #5918), (#5919, #5920), (#5921, #5922), (#5923, #5924), (#5925, #5926)), .UNSPECIFIED., .F., .F., .F., (3, 1, 1, 3), (2, 2), (0., 0.13845353, 0.42664954, 1.), (0., 1.), .UNSPECIFIED.);
#5928 = CARTESIAN_POINT('', (130.56389551, 103.53269934, -180.));
#5929 = CARTESIAN_POINT('', (134.03576871, 101.86523856, -180.));
#5930 = CARTESIAN_POINT('', (129.18843379, 102.73857615, -185.90016478));
#5931 = CARTESIAN_POINT('', (132.660307, 101.07111537, -185.90016478));
#5932 = CARTESIAN_POINT('', (118.50438125, 96.57013554, -200.27094854));
#5933 = CARTESIAN_POINT('', (121.97625445, 94.90267475, -200.27094854));
#5934 = CARTESIAN_POINT('', (94.26519809, 82.57563662, -225.20020178));
#5935 = CARTESIAN_POINT('', (97.73707129, 80.90817583, -225.20020178));
#5936 = CARTESIAN_POINT('', (76.75616202, 72.46678993, -240.));
#5937 = CARTESIAN_POINT('', (80.22803522, 70.79932915, -240.));
#5938 = B_SPLINE_SURFACE_WITH_KNOTS('', 2, 1, ((#5928, #5929), (#5930, #5931), (#5932, #5933), (#5934, #5935), (#5936, #5937)), .UNSPECIFIED., .F., .F., .F., (3, 1, 1, 3), (2, 2), (0., 0.13845353, 0.42664954, 1.), (0., 1.), .UNSPECIFIED.);
#5939 = CARTESIAN_POINT('', (134.03576871, 101.86523856, -180.));
#5940 = CARTESIAN_POINT('', (141.40732035, 96.9413366, -180.));
#5941 = CARTESIAN_POINT('', (132.660307, 101.07111537, -185.90016478));
#5942 = CARTESIAN_POINT('', (140.03185863, 96.14721341, -185.90016478));
#5943 = CARTESIAN_POINT('', (121.97625445, 94.90267475, -200.27094854));
#5944 = CARTESIAN_POINT('', (129.34780608, 89.97877279, -200.27094854));
#5945 = CARTESIAN_POINT('', (97.73707129, 80.90817583, -225.20020178));
#5946 = CARTESIAN_POINT('', (105.10862293, 75.98427387, -225.20020178));
#5947 = CARTESIAN_POINT('', (80.22803522, 70.79932915, -240.));
#5948 = CARTESIAN_POINT('', (87.59958686, 65.87542719, -240.));
#5949 = B_SPLINE_SURFACE_WITH_KNOTS('', 2, 1, ((#5939, #5940), (#5941, #5942), (#5943, #5944), (#5945, #5946), (#5947, #5948)), .UNSPECIFIED., .F., .F., .F., (3, 1, 1, 3), (2, 2), (0., 0.13845353, 0.42664954, 1.), (0., 1.), .UNSPECIFIED.);
#5950 = CARTESIAN_POINT('', (141.40732035, 96.9413366, -180.));
#5951 = CARTESIAN_POINT('', (149.82239485, 86.5, -180.));
#5952 = CARTESIAN_POINT('', (140.03185863, 96.14721341, -185.90016478));
#5953 = CARTESIAN_POINT('', (148.44693314, 85.70587681, -185.90016478));
#5954 = CARTESIAN_POINT('', (129.34780608, 89.97877279, -200.27094854));
#5955 = CARTESIAN_POINT('', (137.76288059, 79.53743619, -200.27094854));
#5956 = CARTESIAN_POINT('', (105.10862293, 75.98427387, -225.20020178));
#5957 = CARTESIAN_POINT('', (113.52369744, 65.54293727, -225.20020178));
#5958 = CARTESIAN_POINT('', (87.59958686, 65.87542719, -240.));
#5959 = CARTESIAN_POINT('', (96.01466137, 55.43409059, -240.));
#5960 = B_SPLINE_SURFACE_WITH_KNOTS('', 2, 1, ((#5950, #5951), (#5952, #5953), (#5954, #5955), (#5956, #5957), (#5958, #5959)), .UNSPECIFIED., .F., .F., .F., (3, 1, 1, 3), (2, 2), (0., 0.13845353, 0.42664954, 1.), (0., 1.), .UNSPECIFIED.);
#5961 = CARTESIAN_POINT('', (149.82239485, 86.5, -180.));
#5962 = CARTESIAN_POINT('', (153.61379747, 79.50909804, -180.));
#5963 = CARTESIAN_POINT('', (148.44693314, 85.70587681, -185.90016478));
#5964 = CARTESIAN_POINT('', (152.23833575, 78.71497485, -185.90016478));
#5965 = CARTESIAN_POINT('', (137.76288059, 79.53743619, -200.27094854));
#5966 = CARTESIAN_POINT('', (141.55428321, 72.54653423, -200.27094854));
#5967 = CARTESIAN_POINT('', (113.52369744, 65.54293727, -225.20020178));
#5968 = CARTESIAN_POINT('', (117.31510005, 58.55203531, -225.20020178));
#5969 = CARTESIAN_POINT('', (96.01466137, 55.43409059, -240.));
#5970 = CARTESIAN_POINT('', (99.80606398, 48.44318863, -240.));
#5971 = B_SPLINE_SURFACE_WITH_KNOTS('', 2, 1, ((#5961, #5962), (#5963, #5964), (#5965, #5966), (#5967, #5968), (#5969, #5970)), .UNSPECIFIED., .F., .F., .F., (3, 1, 1, 3), (2, 2), (0., 0.13845353, 0.42664954, 1.), (0., 1.), .UNSPECIFIED.);
#5972 = CARTESIAN_POINT('', (153.61379747, 79.50909804, -180.));
#5973 = CARTESIAN_POINT('', (156.5331125, 72.01469608, -180.));
#5974 = CARTESIAN_POINT('', (152.23833575, 78.71497485, -185.90016478));
#5975 = CARTESIAN_POINT('', (155.15765079, 71.22057289, -185.90016478));
#5976 = CARTESIAN_POINT('', (141.55428321, 72.54653423, -200.27094854));
#5977 = CARTESIAN_POINT('', (144.47359824, 65.05213227, -200.27094854));
#5978 = CARTESIAN_POINT('', (117.31510005, 58.55203531, -225.20020178));
#5979 = CARTESIAN_POINT('', (120.23441508, 51.05763335, -225.20020178));
#5980 = CARTESIAN_POINT('', (99.80606398, 48.44318863, -240.));
#5981 = CARTESIAN_POINT('', (102.72537901, 40.94878667, -240.));
#5982 = B_SPLINE_SURFACE_WITH_KNOTS('', 2, 1, ((#5972, #5973), (#5974, #5975), (#5976, #5977), (#5978, #5979), (#5980, #5981)), .UNSPECIFIED., .F., .F., .F., (3, 1, 1, 3), (2, 2), (0., 0.13845353, 0.42664954, 1.), (0., 1.), .UNSPECIFIED.);
#5983 = CARTESIAN_POINT('', (156.5331125, 72.01469608, -180.));
#5984 = CARTESIAN_POINT('', (158.08152819, 66.78876144, -180.));
#5985 = CARTESIAN_POINT('', (155.15765079, 71.22057289, -185.90016478));
#5986 = CARTESIAN_POINT('', (156.70606647, 65.99463825, -185.90016478));
#5987 = CARTESIAN_POINT('', (144.47359824, 65.05213227, -200.27094854));
#5988 = CARTESIAN_POINT('', (146.02201393, 59.82619763, -200.27094854));
#5989 = CARTESIAN_POINT('', (120.23441508, 51.05763335, -225.20020178));
#5990 = CARTESIAN_POINT('', (121.78283077, 45.83169871, -225.20020178));
#5991 = CARTESIAN_POINT('', (102.72537901, 40.94878667, -240.));
#5992 = CARTESIAN_POINT('', (104.2737947, 35.72285203, -240.));
#5993 = B_SPLINE_SURFACE_WITH_KNOTS('', 2, 1, ((#5983, #5984), (#5985, #5986), (#5987, #5988), (#5989, #5990), (#5991, #5992)), .UNSPECIFIED., .F., .F., .F., (3, 1, 1, 3), (2, 2), (0., 0.13845353, 0.42664954, 1.), (0., 1.), .UNSPECIFIED.);
#5994 = CARTESIAN_POINT('', (158.08152819, 66.78876144, -180.));
#5995 = CARTESIAN_POINT('', (159.44634649, 61.4568268, -180.));
#5996 = CARTESIAN_POINT('', (156.70606647, 65.99463825, -185.90016478));
#5997 = CARTESIAN_POINT('', (158.07088477, 60.66270361, -185.90016478));
#5998 = CARTESIAN_POINT('', (146.02201393, 59.82619763, -200.27094854));
#5999 = CARTESIAN_POINT('', (147.38683223, 54.49426299, -200.27094854));
#6000 = CARTESIAN_POINT('', (121.78283077, 45.83169871, -225.20020178));
#6001 = CARTESIAN_POINT('', (123.14764907, 40.49976407, -225.20020178));
#6002 = CARTESIAN_POINT('', (104.2737947, 35.72285203, -240.));
#6003 = CARTESIAN_POINT('', (105.638613, 30.39091739, -240.));
#6004 = B_SPLINE_SURFACE_WITH_KNOTS('', 2, 1, ((#5994, #5995), (#5996, #5997), (#5998, #5999), (#6000, #6001), (#6002, #6003)), .UNSPECIFIED., .F., .F., .F., (3, 1, 1, 3), (2, 2), (0., 0.13845353, 0.42664954, 1.), (0., 1.), .UNSPECIFIED.);
#6005 = CARTESIAN_POINT('', (159.44634649, 61.4568268, -180.));
#6006 = CARTESIAN_POINT('', (157.64764191, 65.31427451, -180.));
#6007 = CARTESIAN_POINT('', (158.07088477, 60.66270361, -185.90016478));
#6008 = CARTESIAN_POINT('', (156.2721802, 64.52015132, -185.90016478));
#6009 = CARTESIAN_POINT('', (147.38683223, 54.49426299, -200.27094854));
#6010 = CARTESIAN_POINT('', (145.58812765, 58.35171071, -200.27094854));
#6011 = CARTESIAN_POINT('', (123.14764907, 40.49976407, -225.20020178));
#6012 = CARTESIAN_POINT('', (121.34894449, 44.35721179, -225.20020178));
#6013 = CARTESIAN_POINT('', (105.638613, 30.39091739, -240.));
#6014 = CARTESIAN_POINT('', (103.83990843, 34.2483651, -240.));
#6015 = B_SPLINE_SURFACE_WITH_KNOTS('', 2, 1, ((#6005, #6006), (#6007, #6008), (#6009, #6010), (#6011, #6012), (#6013, #6014)), .UNSPECIFIED., .F., .F., .F., (3, 1, 1, 3), (2, 2), (0., 0.13845353, 0.42664954, 1.), (0., 1.), .UNSPECIFIED.);
#6016 = CARTESIAN_POINT('', (157.64764191, 65.31427451, -180.));
#6017 = CARTESIAN_POINT('', (154.02944061, 71.79318301, -180.));
#6018 = CARTESIAN_POINT('', (156.2721802, 64.52015132, -185.90016478));
#6019 = CARTESIAN_POINT('', (152.65397889, 70.99905982, -185.90016478));
#6020 = CARTESIAN_POINT('', (145.58812765, 58.35171071, -200.27094854));
#6021 = CARTESIAN_POINT('', (141.96992635, 64.8306192, -200.27094854));
#6022 = CARTESIAN_POINT('', (121.34894449, 44.35721179, -225.20020178));
#6023 = CARTESIAN_POINT('', (117.73074319, 50.83612028, -225.20020178));
#6024 = CARTESIAN_POINT('', (103.83990843, 34.2483651, -240.));
#6025 = CARTESIAN_POINT('', (100.22170712, 40.72727359, -240.));
#6026 = B_SPLINE_SURFACE_WITH_KNOTS('', 2, 1, ((#6016, #6017), (#6018, #6019), (#6020, #6021), (#6022, #6023), (#6024, #6025)), .UNSPECIFIED., .F., .F., .F., (3, 1, 1, 3), (2, 2), (0., 0.13845353, 0.42664954, 1.), (0., 1.), .UNSPECIFIED.);
#6027 = CARTESIAN_POINT('', (154.02944061, 71.79318301, -180.));
#6028 = CARTESIAN_POINT('', (149.55994387, 79.00457843, -180.));
#6029 = CARTESIAN_POINT('', (152.65397889, 70.99905982, -185.90016478));
#6030 = CARTESIAN_POINT('', (148.18448216, 78.21045524, -185.90016478));
#6031 = CARTESIAN_POINT('', (141.96992635, 64.8306192, -200.27094854));
#6032 = CARTESIAN_POINT('', (137.50042961, 72.04201463, -200.27094854));
#6033 = CARTESIAN_POINT('', (117.73074319, 50.83612028, -225.20020178));
#6034 = CARTESIAN_POINT('', (113.26124646, 58.04751571, -225.20020178));
#6035 = CARTESIAN_POINT('', (100.22170712, 40.72727359, -240.));
#6036 = CARTESIAN_POINT('', (95.75221039, 47.93866902, -240.));
#6037 = B_SPLINE_SURFACE_WITH_KNOTS('', 2, 1, ((#6027, #6028), (#6029, #6030), (#6031, #6032), (#6033, #6034), (#6035, #6036)), .UNSPECIFIED., .F., .F., .F., (3, 1, 1, 3), (2, 2), (0., 0.13845353, 0.42664954, 1.), (0., 1.), .UNSPECIFIED.);
#6038 = CARTESIAN_POINT('', (149.55994387, 79.00457843, -180.));
#6039 = CARTESIAN_POINT('', (144.05986937, 84.39698693, -180.));
#6040 = CARTESIAN_POINT('', (148.18448216, 78.21045524, -185.90016478));
#6041 = CARTESIAN_POINT('', (142.68440765, 83.60286374, -185.90016478));
#6042 = CARTESIAN_POINT('', (137.50042961, 72.04201463, -200.27094854));
#6043 = CARTESIAN_POINT('', (132.0003551, 77.43442312, -200.27094854));
#6044 = CARTESIAN_POINT('', (113.26124646, 58.04751571, -225.20020178));
#6045 = CARTESIAN_POINT('', (107.76117195, 63.4399242, -225.20020178));
#6046 = CARTESIAN_POINT('', (95.75221039, 47.93866902, -240.));
#6047 = CARTESIAN_POINT('', (90.25213588, 53.33107751, -240.));
#6048 = B_SPLINE_SURFACE_WITH_KNOTS('', 2, 1, ((#6038, #6039), (#6040, #6041), (#6042, #6043), (#6044, #6045), (#6046, #6047)), .UNSPECIFIED., .F., .F., .F., (3, 1, 1, 3), (2, 2), (0., 0.13845353, 0.42664954, 1.), (0., 1.), .UNSPECIFIED.);
#6049 = CARTESIAN_POINT('', (144.05986937, 84.39698693, -180.));
#6050 = CARTESIAN_POINT('', (136.28993472, 87.2549085, -180.));
#6051 = CARTESIAN_POINT('', (142.68440765, 83.60286374, -185.90016478));
#6052 = CARTESIAN_POINT('', (134.91447301, 86.4607853, -185.90016478));
#6053 = CARTESIAN_POINT('', (132.0003551, 77.43442312, -200.27094854));
#6054 = CARTESIAN_POINT('', (124.23042046, 80.29234469, -200.27094854));
#6055 = CARTESIAN_POINT('', (107.76117195, 63.4399242, -225.20020178));
#6056 = CARTESIAN_POINT('', (99.99123731, 66.29784577, -225.20020178));
#6057 = CARTESIAN_POINT('', (90.25213588, 53.33107751, -240.));
#6058 = CARTESIAN_POINT('', (82.48220124, 56.18899908, -240.));
#6059 = B_SPLINE_SURFACE_WITH_KNOTS('', 2, 1, ((#6049, #6050), (#6051, #6052), (#6053, #6054), (#6055, #6056), (#6057, #6058)), .UNSPECIFIED., .F., .F., .F., (3, 1, 1, 3), (2, 2), (0., 0.13845353, 0.42664954, 1.), (0., 1.), .UNSPECIFIED.);
#6060 = CARTESIAN_POINT('', (136.28993472, 87.2549085, -180.));
#6061 = CARTESIAN_POINT('', (127.68949682, 92.08130392, -180.));
#6062 = CARTESIAN_POINT('', (134.91447301, 86.4607853, -185.90016478));
#6063 = CARTESIAN_POINT('', (126.3140351, 91.28718073, -185.90016478));
#6064 = CARTESIAN_POINT('', (124.23042046, 80.29234469, -200.27094854));
#6065 = CARTESIAN_POINT('', (115.62998256, 85.11874011, -200.27094854));
#6066 = CARTESIAN_POINT('', (99.99123731, 66.29784577, -225.20020178));
#6067 = CARTESIAN_POINT('', (91.3907994, 71.12424119, -225.20020178));
#6068 = CARTESIAN_POINT('', (82.48220124, 56.18899908, -240.));
#6069 = CARTESIAN_POINT('', (73.88176333, 61.01539451, -240.));
#6070 = B_SPLINE_SURFACE_WITH_KNOTS('', 2, 1, ((#6060, #6061), (#6062, #6063), (#6064, #6065), (#6066, #6067), (#6068, #6069)), .UNSPECIFIED., .F., .F., .F., (3, 1, 1, 3), (2, 2), (0., 0.13845353, 0.42664954, 1.), (0., 1.), .UNSPECIFIED.);
#6071 = CARTESIAN_POINT('', (127.68949682, 92.08130392, -180.));
#6072 = CARTESIAN_POINT('', (124.71820139, 96.48573856, -180.));
#6073 = CARTESIAN_POINT('', (126.3140351, 91.28718073, -185.90016478));
#6074 = CARTESIAN_POINT('', (123.34273968, 95.69161537, -185.90016478));
#6075 = CARTESIAN_POINT('', (115.62998256, 85.11874011, -200.27094854));
#6076 = CARTESIAN_POINT('', (112.65868713, 89.52317475, -200.27094854));
#6077 = CARTESIAN_POINT('', (91.3907994, 71.12424119, -225.20020178));
#6078 = CARTESIAN_POINT('', (88.41950397, 75.52867583, -225.20020178));
#6079 = CARTESIAN_POINT('', (73.88176333, 61.01539451, -240.));
#6080 = CARTESIAN_POINT('', (70.9104679, 65.41982915, -240.));
#6081 = B_SPLINE_SURFACE_WITH_KNOTS('', 2, 1, ((#6071, #6072), (#6073, #6074), (#6075, #6076), (#6077, #6078), (#6079, #6080)), .UNSPECIFIED., .F., .F., .F., (3, 1, 1, 3), (2, 2), (0., 0.13845353, 0.42664954, 1.), (0., 1.), .UNSPECIFIED.);
#6082 = CARTESIAN_POINT('', (124.71820139, 96.48573856, -180.));
#6083 = CARTESIAN_POINT('', (125.28547067, 100.48519934, -180.));
#6084 = CARTESIAN_POINT('', (123.34273968, 95.69161537, -185.90016478));
#6085 = CARTESIAN_POINT('', (123.91000896, 99.69107615, -185.90016478));
#6086 = CARTESIAN_POINT('', (112.65868713, 89.52317475, -200.27094854));
#6087 = CARTESIAN_POINT('', (113.22595641, 93.52263554, -200.27094854));
#6088 = CARTESIAN_POINT('', (88.41950397, 75.52867583, -225.20020178));
#6089 = CARTESIAN_POINT('', (88.98677325, 79.52813662, -225.20020178));
#6090 = CARTESIAN_POINT('', (70.9104679, 65.41982915, -240.));
#6091 = CARTESIAN_POINT('', (71.47773719, 69.41928993, -240.));
#6092 = B_SPLINE_SURFACE_WITH_KNOTS('', 2, 1, ((#6082, #6083), (#6084, #6085), (#6086, #6087), (#6088, #6089), (#6090, #6091)), .UNSPECIFIED., .F., .F., .F., (3, 1, 1, 3), (2, 2), (0., 0.13845353, 0.42664954, 1.), (0., 1.), .UNSPECIFIED.);
#6093 = CARTESIAN_POINT('', (125.28547067, 100.48519934, -180.));
#6094 = CARTESIAN_POINT('', (126.23464584, 102.86917974, -180.));
#6095 = CARTESIAN_POINT('', (123.91000896, 99.69107615, -185.90016478));
#6096 = CARTESIAN_POINT('', (124.85918412, 102.07505655, -185.90016478));
#6097 = CARTESIAN_POINT('', (113.22595641, 93.52263554, -200.27094854));
#6098 = CARTESIAN_POINT('', (114.17513157, 95.90661593, -200.27094854));
#6099 = CARTESIAN_POINT('', (88.98677325, 79.52813662, -225.20020178));
#6100 = CARTESIAN_POINT('', (89.93594842, 81.91211701, -225.20020178));
#6101 = CARTESIAN_POINT('', (71.47773719, 69.41928993, -240.));
#6102 = CARTESIAN_POINT('', (72.42691235, 71.80327032, -240.));
#6103 = B_SPLINE_SURFACE_WITH_KNOTS('', 2, 1, ((#6093, #6094), (#6095, #6096), (#6097, #6098), (#6099, #6100), (#6101, #6102)), .UNSPECIFIED., .F., .F., .F., (3, 1, 1, 3), (2, 2), (0., 0.13845353, 0.42664954, 1.), (0., 1.), .UNSPECIFIED.);
#6104 = CARTESIAN_POINT('', (126.23464584, 102.86917974, -180.));
#6105 = CARTESIAN_POINT('', (126.97943146, 103.9111732, -180.));
#6106 = CARTESIAN_POINT('', (124.85918412, 102.07505655, -185.90016478));
#6107 = CARTESIAN_POINT('', (125.60396974, 103.11705001, -185.90016478));
#6108 = CARTESIAN_POINT('', (114.17513157, 95.90661593, -200.27094854));
#6109 = CARTESIAN_POINT('', (114.9199172, 96.9486094, -200.27094854));
#6110 = CARTESIAN_POINT('', (89.93594842, 81.91211701, -225.20020178));
#6111 = CARTESIAN_POINT('', (90.68073404, 82.95411047, -225.20020178));
#6112 = CARTESIAN_POINT('', (72.42691235, 71.80327032, -240.));
#6113 = CARTESIAN_POINT('', (73.17169797, 72.84526379, -240.));
#6114 = B_SPLINE_SURFACE_WITH_KNOTS('', 2, 1, ((#6104, #6105), (#6106, #6107), (#6108, #6109), (#6110, #6111), (#6112, #6113)), .UNSPECIFIED., .F., .F., .F., (3, 1, 1, 3), (2, 2), (0., 0.13845353, 0.42664954, 1.), (0., 1.), .UNSPECIFIED.);
#6115 = CARTESIAN_POINT('', (140.22943146, 80.9615, -180.));
#6116 = DIRECTION('', (0., -0., 1.));
#6117 = AXIS2_PLACEMENT_3D('', #6115, #6116, $);
#6118 = PLANE('', #6117);
#6119 = CARTESIAN_POINT('', (140.22943146, 80.9615, -240.));
#6120 = DIRECTION('', (0., -0., 1.));
#6121 = AXIS2_PLACEMENT_3D('', #6119, #6120, $);
#6122 = PLANE('', #6121);
#6123 = CARTESIAN_POINT('', (-59.58659613, 152.87493415, -180.));
#6124 = CARTESIAN_POINT('', (-58.1189858, 156.16700719, -180.));
#6125 = CARTESIAN_POINT('', (-59.25638114, 151.32139476, -185.90016478));
#6126 = CARTESIAN_POINT('', (-57.78877081, 154.6134678, -185.90016478));
#6127 = CARTESIAN_POINT('', (-56.69139931, 139.25410398, -200.27094854));
#6128 = CARTESIAN_POINT('', (-55.22378897, 142.54617703, -200.27094854));
#6129 = CARTESIAN_POINT('', (-50.87215944, 111.8767329, -225.20020178));
#6130 = CARTESIAN_POINT('', (-49.4045491, 115.16880594, -225.20020178));
#6131 = CARTESIAN_POINT('', (-46.66866463, 92.10084463, -240.));
#6132 = CARTESIAN_POINT('', (-45.20105429, 95.39291767, -240.));
#6133 = B_SPLINE_SURFACE_WITH_KNOTS('', 2, 1, ((#6123, #6124), (#6125, #6126), (#6127, #6128), (#6129, #6130), (#6131, #6132)), .UNSPECIFIED., .F., .F., .F., (3, 1, 1, 3), (2, 2), (0., 0.13845353, 0.42664954, 1.), (0., 1.), .UNSPECIFIED.);
#6134 = CARTESIAN_POINT('', (-58.1189858, 156.16700719, -180.));
#6135 = CARTESIAN_POINT('', (-55.46026853, 158.9536811, -180.));
#6136 = CARTESIAN_POINT('', (-57.78877081, 154.6134678, -185.90016478));
#6137 = CARTESIAN_POINT('', (-55.13005354, 157.40014171, -185.90016478));
#6138 = CARTESIAN_POINT('', (-55.22378897, 142.54617703, -200.27094854));
#6139 = CARTESIAN_POINT('', (-52.5650717, 145.33285094, -200.27094854));
#6140 = CARTESIAN_POINT('', (-49.4045491, 115.16880594, -225.20020178));
#6141 = CARTESIAN_POINT('', (-46.74583184, 117.95547985, -225.20020178));
#6142 = CARTESIAN_POINT('', (-45.20105429, 95.39291767, -240.));
#6143 = CARTESIAN_POINT('', (-42.54233702, 98.17959159, -240.));
#6144 = B_SPLINE_SURFACE_WITH_KNOTS('', 2, 1, ((#6134, #6135), (#6136, #6137), (#6138, #6139), (#6140, #6141), (#6142, #6143)), .UNSPECIFIED., .F., .F., .F., (3, 1, 1, 3), (2, 2), (0., 0.13845353, 0.42664954, 1.), (0., 1.), .UNSPECIFIED.);
#6145 = CARTESIAN_POINT('', (-55.46026853, 158.9536811, -180.));
#6146 = CARTESIAN_POINT('', (-48.49942476, 164.44287393, -180.));
#6147 = CARTESIAN_POINT('', (-55.13005354, 157.40014171, -185.90016478));
#6148 = CARTESIAN_POINT('', (-48.16920977, 162.88933454, -185.90016478));
#6149 = CARTESIAN_POINT('', (-52.5650717, 145.33285094, -200.27094854));
#6150 = CARTESIAN_POINT('', (-45.60422793, 150.82204377, -200.27094854));
#6151 = CARTESIAN_POINT('', (-46.74583184, 117.95547985, -225.20020178));
#6152 = CARTESIAN_POINT('', (-39.78498806, 123.44467268, -225.20020178));
#6153 = CARTESIAN_POINT('', (-42.54233702, 98.17959159, -240.));
#6154 = CARTESIAN_POINT('', (-35.58149325, 103.66878442, -240.));
#6155 = B_SPLINE_SURFACE_WITH_KNOTS('', 2, 1, ((#6145, #6146), (#6147, #6148), (#6149, #6150), (#6151, #6152), (#6153, #6154)), .UNSPECIFIED., .F., .F., .F., (3, 1, 1, 3), (2, 2), (0., 0.13845353, 0.42664954, 1.), (0., 1.), .UNSPECIFIED.);
#6156 = CARTESIAN_POINT('', (-48.49942476, 164.44287393, -180.));
#6157 = CARTESIAN_POINT('', (-35.96872251, 169.21953493, -180.));
#6158 = CARTESIAN_POINT('', (-48.16920977, 162.88933454, -185.90016478));
#6159 = CARTESIAN_POINT('', (-35.63850752, 167.66599554, -185.90016478));
#6160 = CARTESIAN_POINT('', (-45.60422793, 150.82204377, -200.27094854));
#6161 = CARTESIAN_POINT('', (-33.07352569, 155.59870476, -200.27094854));
#6162 = CARTESIAN_POINT('', (-39.78498806, 123.44467268, -225.20020178));
#6163 = CARTESIAN_POINT('', (-27.25428582, 128.22133368, -225.20020178));
#6164 = CARTESIAN_POINT('', (-35.58149325, 103.66878442, -240.));
#6165 = CARTESIAN_POINT('', (-23.05079101, 108.44544541, -240.));
#6166 = B_SPLINE_SURFACE_WITH_KNOTS('', 2, 1, ((#6156, #6157), (#6158, #6159), (#6160, #6161), (#6162, #6163), (#6164, #6165)), .UNSPECIFIED., .F., .F., .F., (3, 1, 1, 3), (2, 2), (0., 0.13845353, 0.42664954, 1.), (0., 1.), .UNSPECIFIED.);
#6167 = CARTESIAN_POINT('', (-35.96872251, 169.21953493, -180.));
#6168 = CARTESIAN_POINT('', (-28.14837181, 170.66506558, -180.));
#6169 = CARTESIAN_POINT('', (-35.63850752, 167.66599554, -185.90016478));
#6170 = CARTESIAN_POINT('', (-27.81815682, 169.11152619, -185.90016478));
#6171 = CARTESIAN_POINT('', (-33.07352569, 155.59870476, -200.27094854));
#6172 = CARTESIAN_POINT('', (-25.25317498, 157.04423542, -200.27094854));
#6173 = CARTESIAN_POINT('', (-27.25428582, 128.22133368, -225.20020178));
#6174 = CARTESIAN_POINT('', (-19.43393512, 129.66686433, -225.20020178));
#6175 = CARTESIAN_POINT('', (-23.05079101, 108.44544541, -240.));
#6176 = CARTESIAN_POINT('', (-15.2304403, 109.89097606, -240.));
#6177 = B_SPLINE_SURFACE_WITH_KNOTS('', 2, 1, ((#6167, #6168), (#6169, #6170), (#6171, #6172), (#6173, #6174), (#6175, #6176)), .UNSPECIFIED., .F., .F., .F., (3, 1, 1, 3), (2, 2), (0., 0.13845353, 0.42664954, 1.), (0., 1.), .UNSPECIFIED.);
#6178 = CARTESIAN_POINT('', (-28.14837181, 170.66506558, -180.));
#6179 = CARTESIAN_POINT('', (-20.11865403, 171.12560159, -180.));
#6180 = CARTESIAN_POINT('', (-27.81815682, 169.11152619, -185.90016478));
#6181 = CARTESIAN_POINT('', (-19.78843904, 169.57206221, -185.90016478));
#6182 = CARTESIAN_POINT('', (-25.25317498, 157.04423542, -200.27094854));
#6183 = CARTESIAN_POINT('', (-17.2234572, 157.50477143, -200.27094854));
#6184 = CARTESIAN_POINT('', (-19.43393512, 129.66686433, -225.20020178));
#6185 = CARTESIAN_POINT('', (-11.40421734, 130.12740035, -225.20020178));
#6186 = CARTESIAN_POINT('', (-15.2304403, 109.89097606, -240.));
#6187 = CARTESIAN_POINT('', (-7.20072252, 110.35151208, -240.));
#6188 = B_SPLINE_SURFACE_WITH_KNOTS('', 2, 1, ((#6178, #6179), (#6180, #6181), (#6182, #6183), (#6184, #6185), (#6186, #6187)), .UNSPECIFIED., .F., .F., .F., (3, 1, 1, 3), (2, 2), (0., 0.13845353, 0.42664954, 1.), (0., 1.), .UNSPECIFIED.);
#6189 = CARTESIAN_POINT('', (-20.11865403, 171.12560159, -180.));
#6190 = CARTESIAN_POINT('', (-14.67000808, 170.98332981, -180.));
#6191 = CARTESIAN_POINT('', (-19.78843904, 169.57206221, -185.90016478));
#6192 = CARTESIAN_POINT('', (-14.33979308, 169.42979042, -185.90016478));
#6193 = CARTESIAN_POINT('', (-17.2234572, 157.50477143, -200.27094854));
#6194 = CARTESIAN_POINT('', (-11.77481125, 157.36249965, -200.27094854));
#6195 = CARTESIAN_POINT('', (-11.40421734, 130.12740035, -225.20020178));
#6196 = CARTESIAN_POINT('', (-5.95557138, 129.98512856, -225.20020178));
#6197 = CARTESIAN_POINT('', (-7.20072252, 110.35151208, -240.));
#6198 = CARTESIAN_POINT('', (-1.75207657, 110.20924029, -240.));
#6199 = B_SPLINE_SURFACE_WITH_KNOTS('', 2, 1, ((#6189, #6190), (#6191, #6192), (#6193, #6194), (#6195, #6196), (#6197, #6198)), .UNSPECIFIED., .F., .F., .F., (3, 1, 1, 3), (2, 2), (0., 0.13845353, 0.42664954, 1.), (0., 1.), .UNSPECIFIED.);
#6200 = CARTESIAN_POINT('', (-14.67000808, 170.98332981, -180.));
#6201 = CARTESIAN_POINT('', (-9.17728484, 170.63369073, -180.));
#6202 = CARTESIAN_POINT('', (-14.33979308, 169.42979042, -185.90016478));
#6203 = CARTESIAN_POINT('', (-8.84706985, 169.08015134, -185.90016478));
#6204 = CARTESIAN_POINT('', (-11.77481125, 157.36249965, -200.27094854));
#6205 = CARTESIAN_POINT('', (-6.28208802, 157.01286057, -200.27094854));
#6206 = CARTESIAN_POINT('', (-5.95557138, 129.98512856, -225.20020178));
#6207 = CARTESIAN_POINT('', (-0.46284815, 129.63548948, -225.20020178));
#6208 = CARTESIAN_POINT('', (-1.75207657, 110.20924029, -240.));
#6209 = CARTESIAN_POINT('', (3.74064666, 109.85960121, -240.));
#6210 = B_SPLINE_SURFACE_WITH_KNOTS('', 2, 1, ((#6200, #6201), (#6202, #6203), (#6204, #6205), (#6206, #6207), (#6208, #6209)), .UNSPECIFIED., .F., .F., .F., (3, 1, 1, 3), (2, 2), (0., 0.13845353, 0.42664954, 1.), (0., 1.), .UNSPECIFIED.);
#6211 = CARTESIAN_POINT('', (-9.17728484, 170.63369073, -180.));
#6212 = CARTESIAN_POINT('', (-13.40176591, 170.11503792, -180.));
#6213 = CARTESIAN_POINT('', (-8.84706985, 169.08015134, -185.90016478));
#6214 = CARTESIAN_POINT('', (-13.07155092, 168.56149853, -185.90016478));
#6215 = CARTESIAN_POINT('', (-6.28208802, 157.01286057, -200.27094854));
#6216 = CARTESIAN_POINT('', (-10.50656908, 156.49420776, -200.27094854));
#6217 = CARTESIAN_POINT('', (-0.46284815, 129.63548948, -225.20020178));
#6218 = CARTESIAN_POINT('', (-4.68732922, 129.11683667, -225.20020178));
#6219 = CARTESIAN_POINT('', (3.74064666, 109.85960121, -240.));
#6220 = CARTESIAN_POINT('', (-0.4838344, 109.3409484, -240.));
#6221 = B_SPLINE_SURFACE_WITH_KNOTS('', 2, 1, ((#6211, #6212), (#6213, #6214), (#6215, #6216), (#6217, #6218), (#6219, #6220)), .UNSPECIFIED., .F., .F., .F., (3, 1, 1, 3), (2, 2), (0., 0.13845353, 0.42664954, 1.), (0., 1.), .UNSPECIFIED.);
#6222 = CARTESIAN_POINT('', (-13.40176591, 170.11503792, -180.));
#6223 = CARTESIAN_POINT('', (-20.68165974, 168.67601682, -180.));
#6224 = CARTESIAN_POINT('', (-13.07155092, 168.56149853, -185.90016478));
#6225 = CARTESIAN_POINT('', (-20.35144475, 167.12247743, -185.90016478));
#6226 = CARTESIAN_POINT('', (-10.50656908, 156.49420776, -200.27094854));
#6227 = CARTESIAN_POINT('', (-17.78646292, 155.05518666, -200.27094854));
#6228 = CARTESIAN_POINT('', (-4.68732922, 129.11683667, -225.20020178));
#6229 = CARTESIAN_POINT('', (-11.96722305, 127.67781557, -225.20020178));
#6230 = CARTESIAN_POINT('', (-0.4838344, 109.3409484, -240.));
#6231 = CARTESIAN_POINT('', (-7.76372824, 107.9019273, -240.));
#6232 = B_SPLINE_SURFACE_WITH_KNOTS('', 2, 1, ((#6222, #6223), (#6224, #6225), (#6226, #6227), (#6228, #6229), (#6230, #6231)), .UNSPECIFIED., .F., .F., .F., (3, 1, 1, 3), (2, 2), (0., 0.13845353, 0.42664954, 1.), (0., 1.), .UNSPECIFIED.);
#6233 = CARTESIAN_POINT('', (-20.68165974, 168.67601682, -180.));
#6234 = CARTESIAN_POINT('', (-28.9212548, 166.65371657, -180.));
#6235 = CARTESIAN_POINT('', (-20.35144475, 167.12247743, -185.90016478));
#6236 = CARTESIAN_POINT('', (-28.59103981, 165.10017718, -185.90016478));
#6237 = CARTESIAN_POINT('', (-17.78646292, 155.05518666, -200.27094854));
#6238 = CARTESIAN_POINT('', (-26.02605797, 153.03288641, -200.27094854));
#6239 = CARTESIAN_POINT('', (-11.96722305, 127.67781557, -225.20020178));
#6240 = CARTESIAN_POINT('', (-20.20681811, 125.65551532, -225.20020178));
#6241 = CARTESIAN_POINT('', (-7.76372824, 107.9019273, -240.));
#6242 = CARTESIAN_POINT('', (-16.00332329, 105.87962705, -240.));
#6243 = B_SPLINE_SURFACE_WITH_KNOTS('', 2, 1, ((#6233, #6234), (#6235, #6236), (#6237, #6238), (#6239, #6240), (#6241, #6242)), .UNSPECIFIED., .F., .F., .F., (3, 1, 1, 3), (2, 2), (0., 0.13845353, 0.42664954, 1.), (0., 1.), .UNSPECIFIED.);
#6244 = CARTESIAN_POINT('', (-28.9212548, 166.65371657, -180.));
#6245 = CARTESIAN_POINT('', (-35.74935653, 163.08918073, -180.));
#6246 = CARTESIAN_POINT('', (-28.59103981, 165.10017718, -185.90016478));
#6247 = CARTESIAN_POINT('', (-35.41914154, 161.53564134, -185.90016478));
#6248 = CARTESIAN_POINT('', (-26.02605797, 153.03288641, -200.27094854));
#6249 = CARTESIAN_POINT('', (-32.85415971, 149.46835057, -200.27094854));
#6250 = CARTESIAN_POINT('', (-20.20681811, 125.65551532, -225.20020178));
#6251 = CARTESIAN_POINT('', (-27.03491984, 122.09097948, -225.20020178));
#6252 = CARTESIAN_POINT('', (-16.00332329, 105.87962705, -240.));
#6253 = CARTESIAN_POINT('', (-22.83142503, 102.31509122, -240.));
#6254 = B_SPLINE_SURFACE_WITH_KNOTS('', 2, 1, ((#6244, #6245), (#6246, #6247), (#6248, #6249), (#6250, #6251), (#6252, #6253)), .UNSPECIFIED., .F., .F., .F., (3, 1, 1, 3), (2, 2), (0., 0.13845353, 0.42664954, 1.), (0., 1.), .UNSPECIFIED.);
#6255 = CARTESIAN_POINT('', (-35.74935653, 163.08918073, -180.));
#6256 = CARTESIAN_POINT('', (-40.86844331, 156.58268009, -180.));
#6257 = CARTESIAN_POINT('', (-35.41914154, 161.53564134, -185.90016478));
#6258 = CARTESIAN_POINT('', (-40.53822832, 155.02914071, -185.90016478));
#6259 = CARTESIAN_POINT('', (-32.85415971, 149.46835057, -200.27094854));
#6260 = CARTESIAN_POINT('', (-37.97324649, 142.96184993, -200.27094854));
#6261 = CARTESIAN_POINT('', (-27.03491984, 122.09097948, -225.20020178));
#6262 = CARTESIAN_POINT('', (-32.15400662, 115.58447885, -225.20020178));
#6263 = CARTESIAN_POINT('', (-22.83142503, 102.31509122, -240.));
#6264 = CARTESIAN_POINT('', (-27.95051181, 95.80859058, -240.));
#6265 = B_SPLINE_SURFACE_WITH_KNOTS('', 2, 1, ((#6255, #6256), (#6257, #6258), (#6259, #6260), (#6261, #6262), (#6263, #6264)), .UNSPECIFIED., .F., .F., .F., (3, 1, 1, 3), (2, 2), (0., 0.13845353, 0.42664954, 1.), (0., 1.), .UNSPECIFIED.);
#6266 = CARTESIAN_POINT('', (-40.86844331, 156.58268009, -180.));
#6267 = CARTESIAN_POINT('', (-48.1162996, 149.89461579, -180.));
#6268 = CARTESIAN_POINT('', (-40.53822832, 155.02914071, -185.90016478));
#6269 = CARTESIAN_POINT('', (-47.78608461, 148.3410764, -185.90016478));
#6270 = CARTESIAN_POINT('', (-37.97324649, 142.96184993, -200.27094854));
#6271 = CARTESIAN_POINT('', (-45.22110278, 136.27378562, -200.27094854));
#6272 = CARTESIAN_POINT('', (-32.15400662, 115.58447885, -225.20020178));
#6273 = CARTESIAN_POINT('', (-39.40186291, 108.89641454, -225.20020178));
#6274 = CARTESIAN_POINT('', (-27.95051181, 95.80859058, -240.));
#6275 = CARTESIAN_POINT('', (-35.1983681, 89.12052627, -240.));
#6276 = B_SPLINE_SURFACE_WITH_KNOTS('', 2, 1, ((#6266, #6267), (#6268, #6269), (#6270, #6271), (#6272, #6273), (#6274, #6275)), .UNSPECIFIED., .F., .F., .F., (3, 1, 1, 3), (2, 2), (0., 0.13845353, 0.42664954, 1.), (0., 1.), .UNSPECIFIED.);
#6277 = CARTESIAN_POINT('', (-48.1162996, 149.89461579, -180.));
#6278 = CARTESIAN_POINT('', (-53.22334665, 148.42979106, -180.));
#6279 = CARTESIAN_POINT('', (-47.78608461, 148.3410764, -185.90016478));
#6280 = CARTESIAN_POINT('', (-52.89313166, 146.87625168, -185.90016478));
#6281 = CARTESIAN_POINT('', (-45.22110278, 136.27378562, -200.27094854));
#6282 = CARTESIAN_POINT('', (-50.32814982, 134.8089609, -200.27094854));
#6283 = CARTESIAN_POINT('', (-39.40186291, 108.89641454, -225.20020178));
#6284 = CARTESIAN_POINT('', (-44.50890996, 107.43158982, -225.20020178));
#6285 = CARTESIAN_POINT('', (-35.1983681, 89.12052627, -240.));
#6286 = CARTESIAN_POINT('', (-40.30541514, 87.65570155, -240.));
#6287 = B_SPLINE_SURFACE_WITH_KNOTS('', 2, 1, ((#6277, #6278), (#6279, #6280), (#6281, #6282), (#6283, #6284), (#6285, #6286)), .UNSPECIFIED., .F., .F., .F., (3, 1, 1, 3), (2, 2), (0., 0.13845353, 0.42664954, 1.), (0., 1.), .UNSPECIFIED.);
#6288 = CARTESIAN_POINT('', (-53.22334665, 148.42979106, -180.));
#6289 = CARTESIAN_POINT('', (-56.85176404, 150.20519756, -180.));
#6290 = CARTESIAN_POINT('', (-52.89313166, 146.87625168, -185.90016478));
#6291 = CARTESIAN_POINT('', (-56.52154905, 148.65165817, -185.90016478));
#6292 = CARTESIAN_POINT('', (-50.32814982, 134.8089609, -200.27094854));
#6293 = CARTESIAN_POINT('', (-53.95656722, 136.5843674, -200.27094854));
#6294 = CARTESIAN_POINT('', (-44.50890996, 107.43158982, -225.20020178));
#6295 = CARTESIAN_POINT('', (-48.13732735, 109.20699631, -225.20020178));
#6296 = CARTESIAN_POINT('', (-40.30541514, 87.65570155, -240.));
#6297 = CARTESIAN_POINT('', (-43.93383254, 89.43110805, -240.));
#6298 = B_SPLINE_SURFACE_WITH_KNOTS('', 2, 1, ((#6288, #6289), (#6290, #6291), (#6292, #6293), (#6294, #6295), (#6296, #6297)), .UNSPECIFIED., .F., .F., .F., (3, 1, 1, 3), (2, 2), (0., 0.13845353, 0.42664954, 1.), (0., 1.), .UNSPECIFIED.);
#6299 = CARTESIAN_POINT('', (-56.85176404, 150.20519756, -180.));
#6300 = CARTESIAN_POINT('', (-58.82575287, 151.84460724, -180.));
#6301 = CARTESIAN_POINT('', (-56.52154905, 148.65165817, -185.90016478));
#6302 = CARTESIAN_POINT('', (-58.49553788, 150.29106785, -185.90016478));
#6303 = CARTESIAN_POINT('', (-53.95656722, 136.5843674, -200.27094854));
#6304 = CARTESIAN_POINT('', (-55.93055605, 138.22377708, -200.27094854));
#6305 = CARTESIAN_POINT('', (-48.13732735, 109.20699631, -225.20020178));
#6306 = CARTESIAN_POINT('', (-50.11131618, 110.84640599, -225.20020178));
#6307 = CARTESIAN_POINT('', (-43.93383254, 89.43110805, -240.));
#6308 = CARTESIAN_POINT('', (-45.90782137, 91.07051773, -240.));
#6309 = B_SPLINE_SURFACE_WITH_KNOTS('', 2, 1, ((#6299, #6300), (#6301, #6302), (#6303, #6304), (#6305, #6306), (#6307, #6308)), .UNSPECIFIED., .F., .F., .F., (3, 1, 1, 3), (2, 2), (0., 0.13845353, 0.42664954, 1.), (0., 1.), .UNSPECIFIED.);
#6310 = CARTESIAN_POINT('', (-58.82575287, 151.84460724, -180.));
#6311 = CARTESIAN_POINT('', (-59.58659613, 152.87493415, -180.));
#6312 = CARTESIAN_POINT('', (-58.49553788, 150.29106785, -185.90016478));
#6313 = CARTESIAN_POINT('', (-59.25638114, 151.32139476, -185.90016478));
#6314 = CARTESIAN_POINT('', (-55.93055605, 138.22377708, -200.27094854));
#6315 = CARTESIAN_POINT('', (-56.69139931, 139.25410398, -200.27094854));
#6316 = CARTESIAN_POINT('', (-50.11131618, 110.84640599, -225.20020178));
#6317 = CARTESIAN_POINT('', (-50.87215944, 111.8767329, -225.20020178));
#6318 = CARTESIAN_POINT('', (-45.90782137, 91.07051773, -240.));
#6319 = CARTESIAN_POINT('', (-46.66866463, 92.10084463, -240.));
#6320 = B_SPLINE_SURFACE_WITH_KNOTS('', 2, 1, ((#6310, #6311), (#6312, #6313), (#6314, #6315), (#6316, #6317), (#6318, #6319)), .UNSPECIFIED., .F., .F., .F., (3, 1, 1, 3), (2, 2), (0., 0.13845353, 0.42664954, 1.), (0., 1.), .UNSPECIFIED.);
#6321 = CARTESIAN_POINT('', (-33.66568471, 158.38459395, -180.));
#6322 = DIRECTION('', (0., -0., 1.));
#6323 = AXIS2_PLACEMENT_3D('', #6321, #6322, $);
#6324 = PLANE('', #6323);
#6325 = CARTESIAN_POINT('', (-33.66568471, 158.38459395, -240.));
#6326 = DIRECTION('', (0., -0., 1.));
#6327 = AXIS2_PLACEMENT_3D('', #6325, #6326, $);
#6328 = PLANE('', #6327);
#6329 = CARTESIAN_POINT('', (-163.80597314, -9.42926787, -180.));
#6330 = CARTESIAN_POINT('', (-166.48340412, -7.01618098, -180.));
#6331 = CARTESIAN_POINT('', (-162.22642734, -9.59528482, -185.90016478));
#6332 = CARTESIAN_POINT('', (-164.90385832, -7.18219793, -185.90016478));
#6333 = CARTESIAN_POINT('', (-149.95712884, -10.88484006, -200.27094854));
#6334 = CARTESIAN_POINT('', (-152.63455982, -8.47175317, -200.27094854));
#6335 = CARTESIAN_POINT('', (-122.12145765, -13.81048699, -225.20020178));
#6336 = CARTESIAN_POINT('', (-124.79888864, -11.3974001, -225.20020178));
#6337 = CARTESIAN_POINT('', (-102.01451892, -15.92381141, -240.));
#6338 = CARTESIAN_POINT('', (-104.6919499, -13.51072452, -240.));
#6339 = B_SPLINE_SURFACE_WITH_KNOTS('', 2, 1, ((#6329, #6330), (#6331, #6332), (#6333, #6334), (#6335, #6336), (#6337, #6338)), .UNSPECIFIED., .F., .F., .F., (3, 1, 1, 3), (2, 2), (0., 0.13845353, 0.42664954, 1.), (0., 1.), .UNSPECIFIED.);
#6340 = CARTESIAN_POINT('', (-166.48340412, -7.01618098, -180.));
#6341 = CARTESIAN_POINT('', (-168.31209969, -3.626461, -180.));
#6342 = CARTESIAN_POINT('', (-164.90385832, -7.18219793, -185.90016478));
#6343 = CARTESIAN_POINT('', (-166.73255389, -3.79247796, -185.90016478));
#6344 = CARTESIAN_POINT('', (-152.63455982, -8.47175317, -200.27094854));
#6345 = CARTESIAN_POINT('', (-154.46325538, -5.08203319, -200.27094854));
#6346 = CARTESIAN_POINT('', (-124.79888864, -11.3974001, -225.20020178));
#6347 = CARTESIAN_POINT('', (-126.6275842, -8.00768013, -225.20020178));
#6348 = CARTESIAN_POINT('', (-104.6919499, -13.51072452, -240.));
#6349 = CARTESIAN_POINT('', (-106.52064547, -10.12100455, -240.));
#6350 = B_SPLINE_SURFACE_WITH_KNOTS('', 2, 1, ((#6340, #6341), (#6342, #6343), (#6344, #6345), (#6346, #6347), (#6348, #6349)), .UNSPECIFIED., .F., .F., .F., (3, 1, 1, 3), (2, 2), (0., 0.13845353, 0.42664954, 1.), (0., 1.), .UNSPECIFIED.);
#6351 = CARTESIAN_POINT('', (-168.31209969, -3.626461, -180.));
#6352 = CARTESIAN_POINT('', (-171.38161328, 4.6899487, -180.));
#6353 = CARTESIAN_POINT('', (-166.73255389, -3.79247796, -185.90016478));
#6354 = CARTESIAN_POINT('', (-169.80206748, 4.52393174, -185.90016478));
#6355 = CARTESIAN_POINT('', (-154.46325538, -5.08203319, -200.27094854));
#6356 = CARTESIAN_POINT('', (-157.53276897, 3.23437651, -200.27094854));
#6357 = CARTESIAN_POINT('', (-126.6275842, -8.00768013, -225.20020178));
#6358 = CARTESIAN_POINT('', (-129.69709779, 0.30872958, -225.20020178));
#6359 = CARTESIAN_POINT('', (-106.52064547, -10.12100455, -240.));
#6360 = CARTESIAN_POINT('', (-109.59015906, -1.80459484, -240.));
#6361 = B_SPLINE_SURFACE_WITH_KNOTS('', 2, 1, ((#6351, #6352), (#6353, #6354), (#6355, #6356), (#6357, #6358), (#6359, #6360)), .UNSPECIFIED., .F., .F., .F., (3, 1, 1, 3), (2, 2), (0., 0.13845353, 0.42664954, 1.), (0., 1.), .UNSPECIFIED.);
#6362 = CARTESIAN_POINT('', (-171.38161328, 4.6899487, -180.));
#6363 = CARTESIAN_POINT('', (-172.0522879, 18.08342415, -180.));
#6364 = CARTESIAN_POINT('', (-169.80206748, 4.52393174, -185.90016478));
#6365 = CARTESIAN_POINT('', (-170.4727421, 17.91740719, -185.90016478));
#6366 = CARTESIAN_POINT('', (-157.53276897, 3.23437651, -200.27094854));
#6367 = CARTESIAN_POINT('', (-158.20344359, 16.62785196, -200.27094854));
#6368 = CARTESIAN_POINT('', (-129.69709779, 0.30872958, -225.20020178));
#6369 = CARTESIAN_POINT('', (-130.36777241, 13.70220502, -225.20020178));
#6370 = CARTESIAN_POINT('', (-109.59015906, -1.80459484, -240.));
#6371 = CARTESIAN_POINT('', (-110.26083368, 11.5888806, -240.));
#6372 = B_SPLINE_SURFACE_WITH_KNOTS('', 2, 1, ((#6362, #6363), (#6364, #6365), (#6366, #6367), (#6368, #6369), (#6370, #6371)), .UNSPECIFIED., .F., .F., .F., (3, 1, 1, 3), (2, 2), (0., 0.13845353, 0.42664954, 1.), (0., 1.), .UNSPECIFIED.);
#6373 = CARTESIAN_POINT('', (-172.0522879, 18.08342415, -180.));
#6374 = CARTESIAN_POINT('', (-171.01044797, 25.96771318, -180.));
#6375 = CARTESIAN_POINT('', (-170.4727421, 17.91740719, -185.90016478));
#6376 = CARTESIAN_POINT('', (-169.43090217, 25.80169623, -185.90016478));
#6377 = CARTESIAN_POINT('', (-158.20344359, 16.62785196, -200.27094854));
#6378 = CARTESIAN_POINT('', (-157.16160367, 24.51214099, -200.27094854));
#6379 = CARTESIAN_POINT('', (-130.36777241, 13.70220502, -225.20020178));
#6380 = CARTESIAN_POINT('', (-129.32593249, 21.58649406, -225.20020178));
#6381 = CARTESIAN_POINT('', (-110.26083368, 11.5888806, -240.));
#6382 = CARTESIAN_POINT('', (-109.21899375, 19.47316964, -240.));
#6383 = B_SPLINE_SURFACE_WITH_KNOTS('', 2, 1, ((#6373, #6374), (#6375, #6376), (#6377, #6378), (#6379, #6380), (#6381, #6382)), .UNSPECIFIED., .F., .F., .F., (3, 1, 1, 3), (2, 2), (0., 0.13845353, 0.42664954, 1.), (0., 1.), .UNSPECIFIED.);
#6384 = CARTESIAN_POINT('', (-171.01044797, 25.96771318, -180.));
#6385 = CARTESIAN_POINT('', (-168.9671245, 33.74674205, -180.));
#6386 = CARTESIAN_POINT('', (-169.43090217, 25.80169623, -185.90016478));
#6387 = CARTESIAN_POINT('', (-167.3875787, 33.5807251, -185.90016478));
#6388 = CARTESIAN_POINT('', (-157.16160367, 24.51214099, -200.27094854));
#6389 = CARTESIAN_POINT('', (-155.1182802, 32.29116986, -200.27094854));
#6390 = CARTESIAN_POINT('', (-129.32593249, 21.58649406, -225.20020178));
#6391 = CARTESIAN_POINT('', (-127.28260901, 29.36552293, -225.20020178));
#6392 = CARTESIAN_POINT('', (-109.21899375, 19.47316964, -240.));
#6393 = CARTESIAN_POINT('', (-107.17567028, 27.25219851, -240.));
#6394 = B_SPLINE_SURFACE_WITH_KNOTS('', 2, 1, ((#6384, #6385), (#6386, #6387), (#6388, #6389), (#6390, #6391), (#6392, #6393)), .UNSPECIFIED., .F., .F., .F., (3, 1, 1, 3), (2, 2), (0., 0.13845353, 0.42664954, 1.), (0., 1.), .UNSPECIFIED.);
#6395 = CARTESIAN_POINT('', (-168.9671245, 33.74674205, -180.));
#6396 = CARTESIAN_POINT('', (-167.14809179, 38.88474789, -180.));
#6397 = CARTESIAN_POINT('', (-167.3875787, 33.5807251, -185.90016478));
#6398 = CARTESIAN_POINT('', (-165.56854599, 38.71873094, -185.90016478));
#6399 = CARTESIAN_POINT('', (-155.1182802, 32.29116986, -200.27094854));
#6400 = CARTESIAN_POINT('', (-153.29924749, 37.4291757, -200.27094854));
#6401 = CARTESIAN_POINT('', (-127.28260901, 29.36552293, -225.20020178));
#6402 = CARTESIAN_POINT('', (-125.46357631, 34.50352877, -225.20020178));
#6403 = CARTESIAN_POINT('', (-107.17567028, 27.25219851, -240.));
#6404 = CARTESIAN_POINT('', (-105.35663757, 32.39020435, -240.));
#6405 = B_SPLINE_SURFACE_WITH_KNOTS('', 2, 1, ((#6395, #6396), (#6397, #6398), (#6399, #6400), (#6401, #6402), (#6403, #6404)), .UNSPECIFIED., .F., .F., .F., (3, 1, 1, 3), (2, 2), (0., 0.13845353, 0.42664954, 1.), (0., 1.), .UNSPECIFIED.);
#6406 = CARTESIAN_POINT('', (-167.14809179, 38.88474789, -180.));
#6407 = CARTESIAN_POINT('', (-165.11822045, 44.0005937, -180.));
#6408 = CARTESIAN_POINT('', (-165.56854599, 38.71873094, -185.90016478));
#6409 = CARTESIAN_POINT('', (-163.53867464, 43.83457674, -185.90016478));
#6410 = CARTESIAN_POINT('', (-153.29924749, 37.4291757, -200.27094854));
#6411 = CARTESIAN_POINT('', (-151.26937614, 42.54502151, -200.27094854));
#6412 = CARTESIAN_POINT('', (-125.46357631, 34.50352877, -225.20020178));
#6413 = CARTESIAN_POINT('', (-123.43370496, 39.61937457, -225.20020178));
#6414 = CARTESIAN_POINT('', (-105.35663757, 32.39020435, -240.));
#6415 = CARTESIAN_POINT('', (-103.32676622, 37.50605015, -240.));
#6416 = B_SPLINE_SURFACE_WITH_KNOTS('', 2, 1, ((#6406, #6407), (#6408, #6409), (#6410, #6411), (#6412, #6413), (#6414, #6415)), .UNSPECIFIED., .F., .F., .F., (3, 1, 1, 3), (2, 2), (0., 0.13845353, 0.42664954, 1.), (0., 1.), .UNSPECIFIED.);
#6417 = CARTESIAN_POINT('', (-165.11822045, 44.0005937, -180.));
#6418 = CARTESIAN_POINT('', (-165.93038875, 39.82260092, -180.));
#6419 = CARTESIAN_POINT('', (-163.53867464, 43.83457674, -185.90016478));
#6420 = CARTESIAN_POINT('', (-164.35084295, 39.65658397, -185.90016478));
#6421 = CARTESIAN_POINT('', (-151.26937614, 42.54502151, -200.27094854));
#6422 = CARTESIAN_POINT('', (-152.08154445, 38.36702873, -200.27094854));
#6423 = CARTESIAN_POINT('', (-123.43370496, 39.61937457, -225.20020178));
#6424 = CARTESIAN_POINT('', (-124.24587327, 35.4413818, -225.20020178));
#6425 = CARTESIAN_POINT('', (-103.32676622, 37.50605015, -240.));
#6426 = CARTESIAN_POINT('', (-104.13893453, 33.32805738, -240.));
#6427 = B_SPLINE_SURFACE_WITH_KNOTS('', 2, 1, ((#6417, #6418), (#6419, #6420), (#6421, #6422), (#6423, #6424), (#6425, #6426)), .UNSPECIFIED., .F., .F., .F., (3, 1, 1, 3), (2, 2), (0., 0.13845353, 0.42664954, 1.), (0., 1.), .UNSPECIFIED.);
#6428 = CARTESIAN_POINT('', (-165.93038875, 39.82260092, -180.));
#6429 = CARTESIAN_POINT('', (-166.81140927, 32.45432847, -180.));
#6430 = CARTESIAN_POINT('', (-164.35084295, 39.65658397, -185.90016478));
#6431 = CARTESIAN_POINT('', (-165.23186347, 32.28831152, -185.90016478));
#6432 = CARTESIAN_POINT('', (-152.08154445, 38.36702873, -200.27094854));
#6433 = CARTESIAN_POINT('', (-152.96256497, 30.99875628, -200.27094854));
#6434 = CARTESIAN_POINT('', (-124.24587327, 35.4413818, -225.20020178));
#6435 = CARTESIAN_POINT('', (-125.12689378, 28.07310935, -225.20020178));
#6436 = CARTESIAN_POINT('', (-104.13893453, 33.32805738, -240.));
#6437 = CARTESIAN_POINT('', (-105.01995505, 25.95978493, -240.));
#6438 = B_SPLINE_SURFACE_WITH_KNOTS('', 2, 1, ((#6428, #6429), (#6430, #6431), (#6432, #6433), (#6434, #6435), (#6436, #6437)), .UNSPECIFIED., .F., .F., .F., (3, 1, 1, 3), (2, 2), (0., 0.13845353, 0.42664954, 1.), (0., 1.), .UNSPECIFIED.);
#6439 = CARTESIAN_POINT('', (-166.81140927, 32.45432847, -180.));
#6440 = CARTESIAN_POINT('', (-167.43426234, 23.99308276, -180.));
#6441 = CARTESIAN_POINT('', (-165.23186347, 32.28831152, -185.90016478));
#6442 = CARTESIAN_POINT('', (-165.85471654, 23.8270658, -185.90016478));
#6443 = CARTESIAN_POINT('', (-152.96256497, 30.99875628, -200.27094854));
#6444 = CARTESIAN_POINT('', (-153.58541803, 22.53751057, -200.27094854));
#6445 = CARTESIAN_POINT('', (-125.12689378, 28.07310935, -225.20020178));
#6446 = CARTESIAN_POINT('', (-125.74974685, 19.61186364, -225.20020178));
#6447 = CARTESIAN_POINT('', (-105.01995505, 25.95978493, -240.));
#6448 = CARTESIAN_POINT('', (-105.64280812, 17.49853922, -240.));
#6449 = B_SPLINE_SURFACE_WITH_KNOTS('', 2, 1, ((#6439, #6440), (#6441, #6442), (#6443, #6444), (#6445, #6446), (#6447, #6448)), .UNSPECIFIED., .F., .F., .F., (3, 1, 1, 3), (2, 2), (0., 0.13845353, 0.42664954, 1.), (0., 1.), .UNSPECIFIED.);
#6450 = CARTESIAN_POINT('', (-167.43426234, 23.99308276, -180.));
#6451 = CARTESIAN_POINT('', (-166.15418678, 16.39766996, -180.));
#6452 = CARTESIAN_POINT('', (-165.85471654, 23.8270658, -185.90016478));
#6453 = CARTESIAN_POINT('', (-164.57464098, 16.23165301, -185.90016478));
#6454 = CARTESIAN_POINT('', (-153.58541803, 22.53751057, -200.27094854));
#6455 = CARTESIAN_POINT('', (-152.30534247, 14.94209777, -200.27094854));
#6456 = CARTESIAN_POINT('', (-125.74974685, 19.61186364, -225.20020178));
#6457 = CARTESIAN_POINT('', (-124.46967129, 12.01645084, -225.20020178));
#6458 = CARTESIAN_POINT('', (-105.64280812, 17.49853922, -240.));
#6459 = CARTESIAN_POINT('', (-104.36273256, 9.90312642, -240.));
#6460 = B_SPLINE_SURFACE_WITH_KNOTS('', 2, 1, ((#6450, #6451), (#6452, #6453), (#6454, #6455), (#6456, #6457), (#6458, #6459)), .UNSPECIFIED., .F., .F., .F., (3, 1, 1, 3), (2, 2), (0., 0.13845353, 0.42664954, 1.), (0., 1.), .UNSPECIFIED.);
#6461 = CARTESIAN_POINT('', (-166.15418678, 16.39766996, -180.));
#6462 = CARTESIAN_POINT('', (-161.54802176, 9.51850985, -180.));
#6463 = CARTESIAN_POINT('', (-164.57464098, 16.23165301, -185.90016478));
#6464 = CARTESIAN_POINT('', (-159.96847596, 9.3524929, -185.90016478));
#6465 = CARTESIAN_POINT('', (-152.30534247, 14.94209777, -200.27094854));
#6466 = CARTESIAN_POINT('', (-147.69917745, 8.06293766, -200.27094854));
#6467 = CARTESIAN_POINT('', (-124.46967129, 12.01645084, -225.20020178));
#6468 = CARTESIAN_POINT('', (-119.86350627, 5.13729073, -225.20020178));
#6469 = CARTESIAN_POINT('', (-104.36273256, 9.90312642, -240.));
#6470 = CARTESIAN_POINT('', (-99.75656754, 3.02396631, -240.));
#6471 = B_SPLINE_SURFACE_WITH_KNOTS('', 2, 1, ((#6461, #6462), (#6463, #6464), (#6465, #6466), (#6467, #6468), (#6469, #6470)), .UNSPECIFIED., .F., .F., .F., (3, 1, 1, 3), (2, 2), (0., 0.13845353, 0.42664954, 1.), (0., 1.), .UNSPECIFIED.);
#6472 = CARTESIAN_POINT('', (-161.54802176, 9.51850985, -180.));
#6473 = CARTESIAN_POINT('', (-157.42700538, 0.55866337, -180.));
#6474 = CARTESIAN_POINT('', (-159.96847596, 9.3524929, -185.90016478));
#6475 = CARTESIAN_POINT('', (-155.84745958, 0.39264641, -185.90016478));
#6476 = CARTESIAN_POINT('', (-147.69917745, 8.06293766, -200.27094854));
#6477 = CARTESIAN_POINT('', (-143.57816108, -0.89690882, -200.27094854));
#6478 = CARTESIAN_POINT('', (-119.86350627, 5.13729073, -225.20020178));
#6479 = CARTESIAN_POINT('', (-115.7424899, -3.82255576, -225.20020178));
#6480 = CARTESIAN_POINT('', (-99.75656754, 3.02396631, -240.));
#6481 = CARTESIAN_POINT('', (-95.63555116, -5.93588018, -240.));
#6482 = B_SPLINE_SURFACE_WITH_KNOTS('', 2, 1, ((#6472, #6473), (#6474, #6475), (#6476, #6477), (#6478, #6479), (#6480, #6481)), .UNSPECIFIED., .F., .F., .F., (3, 1, 1, 3), (2, 2), (0., 0.13845353, 0.42664954, 1.), (0., 1.), .UNSPECIFIED.);
#6483 = CARTESIAN_POINT('', (-157.42700538, 0.55866337, -180.));
#6484 = CARTESIAN_POINT('', (-157.61203862, -4.75108274, -180.));
#6485 = CARTESIAN_POINT('', (-155.84745958, 0.39264641, -185.90016478));
#6486 = CARTESIAN_POINT('', (-156.03249281, -4.91709969, -185.90016478));
#6487 = CARTESIAN_POINT('', (-143.57816108, -0.89690882, -200.27094854));
#6488 = CARTESIAN_POINT('', (-143.76319431, -6.20665493, -200.27094854));
#6489 = CARTESIAN_POINT('', (-115.7424899, -3.82255576, -225.20020178));
#6490 = CARTESIAN_POINT('', (-115.92752313, -9.13230186, -225.20020178));
#6491 = CARTESIAN_POINT('', (-95.63555116, -5.93588018, -240.));
#6492 = CARTESIAN_POINT('', (-95.82058439, -11.24562628, -240.));
#6493 = B_SPLINE_SURFACE_WITH_KNOTS('', 2, 1, ((#6483, #6484), (#6485, #6486), (#6487, #6488), (#6489, #6490), (#6491, #6492)), .UNSPECIFIED., .F., .F., .F., (3, 1, 1, 3), (2, 2), (0., 0.13845353, 0.42664954, 1.), (0., 1.), .UNSPECIFIED.);
#6494 = CARTESIAN_POINT('', (-157.61203862, -4.75108274, -180.));
#6495 = CARTESIAN_POINT('', (-160.42179317, -7.65328196, -180.));
#6496 = CARTESIAN_POINT('', (-156.03249281, -4.91709969, -185.90016478));
#6497 = CARTESIAN_POINT('', (-158.84224737, -7.81929892, -185.90016478));
#6498 = CARTESIAN_POINT('', (-143.76319431, -6.20665493, -200.27094854));
#6499 = CARTESIAN_POINT('', (-146.57294887, -9.10885415, -200.27094854));
#6500 = CARTESIAN_POINT('', (-115.92752313, -9.13230186, -225.20020178));
#6501 = CARTESIAN_POINT('', (-118.73727768, -12.03450109, -225.20020178));
#6502 = CARTESIAN_POINT('', (-95.82058439, -11.24562628, -240.));
#6503 = CARTESIAN_POINT('', (-98.63033895, -14.14782551, -240.));
#6504 = B_SPLINE_SURFACE_WITH_KNOTS('', 2, 1, ((#6494, #6495), (#6496, #6497), (#6498, #6499), (#6500, #6501), (#6502, #6503)), .UNSPECIFIED., .F., .F., .F., (3, 1, 1, 3), (2, 2), (0., 0.13845353, 0.42664954, 1.), (0., 1.), .UNSPECIFIED.);
#6505 = CARTESIAN_POINT('', (-160.42179317, -7.65328196, -180.));
#6506 = CARTESIAN_POINT('', (-162.59096052, -9.02405145, -180.));
#6507 = CARTESIAN_POINT('', (-158.84224737, -7.81929892, -185.90016478));
#6508 = CARTESIAN_POINT('', (-161.01141472, -9.19006841, -185.90016478));
#6509 = CARTESIAN_POINT('', (-146.57294887, -9.10885415, -200.27094854));
#6510 = CARTESIAN_POINT('', (-148.74211622, -10.47962364, -200.27094854));
#6511 = CARTESIAN_POINT('', (-118.73727768, -12.03450109, -225.20020178));
#6512 = CARTESIAN_POINT('', (-120.90644504, -13.40527058, -225.20020178));
#6513 = CARTESIAN_POINT('', (-98.63033895, -14.14782551, -240.));
#6514 = CARTESIAN_POINT('', (-100.7995063, -15.518595, -240.));
#6515 = B_SPLINE_SURFACE_WITH_KNOTS('', 2, 1, ((#6505, #6506), (#6507, #6508), (#6509, #6510), (#6511, #6512), (#6513, #6514)), .UNSPECIFIED., .F., .F., .F., (3, 1, 1, 3), (2, 2), (0., 0.13845353, 0.42664954, 1.), (0., 1.), .UNSPECIFIED.);
#6516 = CARTESIAN_POINT('', (-162.59096052, -9.02405145, -180.));
#6517 = CARTESIAN_POINT('', (-163.80597314, -9.42926787, -180.));
#6518 = CARTESIAN_POINT('', (-161.01141472, -9.19006841, -185.90016478));
#6519 = CARTESIAN_POINT('', (-162.22642734, -9.59528482, -185.90016478));
#6520 = CARTESIAN_POINT('', (-148.74211622, -10.47962364, -200.27094854));
#6521 = CARTESIAN_POINT('', (-149.95712884, -10.88484006, -200.27094854));
#6522 = CARTESIAN_POINT('', (-120.90644504, -13.40527058, -225.20020178));
#6523 = CARTESIAN_POINT('', (-122.12145765, -13.81048699, -225.20020178));
#6524 = CARTESIAN_POINT('', (-100.7995063, -15.518595, -240.));
#6525 = CARTESIAN_POINT('', (-102.01451892, -15.92381141, -240.));
#6526 = B_SPLINE_SURFACE_WITH_KNOTS('', 2, 1, ((#6516, #6517), (#6518, #6519), (#6520, #6521), (#6522, #6523), (#6524, #6525)), .UNSPECIFIED., .F., .F., .F., (3, 1, 1, 3), (2, 2), (0., 0.13845353, 0.42664954, 1.), (0., 1.), .UNSPECIFIED.);
#6527 = CARTESIAN_POINT('', (-161.03596886, 16.92556236, -180.));
#6528 = DIRECTION('', (0., -0., 1.));
#6529 = AXIS2_PLACEMENT_3D('', #6527, #6528, $);
#6530 = PLANE('', #6529);
#6531 = CARTESIAN_POINT('', (-161.03596886, 16.92556236, -240.));
#6532 = DIRECTION('', (0., -0., 1.));
#6533 = AXIS2_PLACEMENT_3D('', #6531, #6532, $);
#6534 = PLANE('', #6533);
#6535 = CARTESIAN_POINT('', (-41.65106283, -158.70254218, -180.));
#6536 = CARTESIAN_POINT('', (-44.77341651, -160.50324551, -180.));
#6537 = CARTESIAN_POINT('', (-41.00506483, -157.25160691, -185.90016478));
#6538 = CARTESIAN_POINT('', (-44.12741851, -159.05231024, -185.90016478));
#6539 = CARTESIAN_POINT('', (-35.98720317, -145.9813051, -200.27094854));
#6540 = CARTESIAN_POINT('', (-39.10955686, -147.78200843, -200.27094854));
#6541 = CARTESIAN_POINT('', (-24.60305215, -120.41208326, -225.20020178));
#6542 = CARTESIAN_POINT('', (-27.72540583, -122.21278659, -225.20020178));
#6543 = CARTESIAN_POINT('', (-16.37977541, -101.94230131, -240.));
#6544 = CARTESIAN_POINT('', (-19.5021291, -103.74300464, -240.));
#6545 = B_SPLINE_SURFACE_WITH_KNOTS('', 2, 1, ((#6535, #6536), (#6537, #6538), (#6539, #6540), (#6541, #6542), (#6543, #6544)), .UNSPECIFIED., .F., .F., .F., (3, 1, 1, 3), (2, 2), (0., 0.13845353, 0.42664954, 1.), (0., 1.), .UNSPECIFIED.);
#6546 = CARTESIAN_POINT('', (-44.77341651, -160.50324551, -180.));
#6547 = CARTESIAN_POINT('', (-48.56232979, -161.19495726, -180.));
#6548 = CARTESIAN_POINT('', (-44.12741851, -159.05231024, -185.90016478));
#6549 = CARTESIAN_POINT('', (-47.91633179, -159.74402199, -185.90016478));
#6550 = CARTESIAN_POINT('', (-39.10955686, -147.78200843, -200.27094854));
#6551 = CARTESIAN_POINT('', (-42.89847014, -148.47372018, -200.27094854));
#6552 = CARTESIAN_POINT('', (-27.72540583, -122.21278659, -225.20020178));
#6553 = CARTESIAN_POINT('', (-31.51431911, -122.90449834, -225.20020178));
#6554 = CARTESIAN_POINT('', (-19.5021291, -103.74300464, -240.));
#6555 = CARTESIAN_POINT('', (-23.29104238, -104.43471639, -240.));
#6556 = B_SPLINE_SURFACE_WITH_KNOTS('', 2, 1, ((#6546, #6547), (#6548, #6549), (#6550, #6551), (#6552, #6553), (#6554, #6555)), .UNSPECIFIED., .F., .F., .F., (3, 1, 1, 3), (2, 2), (0., 0.13845353, 0.42664954, 1.), (0., 1.), .UNSPECIFIED.);
#6557 = CARTESIAN_POINT('', (-48.56232979, -161.19495726, -180.));
#6558 = CARTESIAN_POINT('', (-57.4202373, -161.54432623, -180.));
#6559 = CARTESIAN_POINT('', (-47.91633179, -159.74402199, -185.90016478));
#6560 = CARTESIAN_POINT('', (-56.7742393, -160.09339096, -185.90016478));
#6561 = CARTESIAN_POINT('', (-42.89847014, -148.47372018, -200.27094854));
#6562 = CARTESIAN_POINT('', (-51.75637764, -148.82308916, -200.27094854));
#6563 = CARTESIAN_POINT('', (-31.51431911, -122.90449834, -225.20020178));
#6564 = CARTESIAN_POINT('', (-40.37222661, -123.25386731, -225.20020178));
#6565 = CARTESIAN_POINT('', (-23.29104238, -104.43471639, -240.));
#6566 = CARTESIAN_POINT('', (-32.14894988, -104.78408537, -240.));
#6567 = B_SPLINE_SURFACE_WITH_KNOTS('', 2, 1, ((#6557, #6558), (#6559, #6560), (#6561, #6562), (#6563, #6564), (#6565, #6566)), .UNSPECIFIED., .F., .F., .F., (3, 1, 1, 3), (2, 2), (0., 0.13845353, 0.42664954, 1.), (0., 1.), .UNSPECIFIED.);
#6568 = CARTESIAN_POINT('', (-57.4202373, -161.54432623, -180.));
#6569 = CARTESIAN_POINT('', (-70.36543925, -158.04336417, -180.));
#6570 = CARTESIAN_POINT('', (-56.7742393, -160.09339096, -185.90016478));
#6571 = CARTESIAN_POINT('', (-69.71944125, -156.5924289, -185.90016478));
#6572 = CARTESIAN_POINT('', (-51.75637764, -148.82308916, -200.27094854));
#6573 = CARTESIAN_POINT('', (-64.70157959, -145.3221271, -200.27094854));
#6574 = CARTESIAN_POINT('', (-40.37222661, -123.25386731, -225.20020178));
#6575 = CARTESIAN_POINT('', (-53.31742857, -119.75290525, -225.20020178));
#6576 = CARTESIAN_POINT('', (-32.14894988, -104.78408537, -240.));
#6577 = CARTESIAN_POINT('', (-45.09415183, -101.28312331, -240.));
#6578 = B_SPLINE_SURFACE_WITH_KNOTS('', 2, 1, ((#6568, #6569), (#6570, #6571), (#6572, #6573), (#6574, #6575), (#6576, #6577)), .UNSPECIFIED., .F., .F., .F., (3, 1, 1, 3), (2, 2), (0., 0.13845353, 0.42664954, 1.), (0., 1.), .UNSPECIFIED.);
#6579 = CARTESIAN_POINT('', (-70.36543925, -158.04336417, -180.));
#6580 = CARTESIAN_POINT('', (-77.54189747, -154.61613622, -180.));
#6581 = CARTESIAN_POINT('', (-69.71944125, -156.5924289, -185.90016478));
#6582 = CARTESIAN_POINT('', (-76.89589947, -153.16520095, -185.90016478));
#6583 = CARTESIAN_POINT('', (-64.70157959, -145.3221271, -200.27094854));
#6584 = CARTESIAN_POINT('', (-71.87803781, -141.89489915, -200.27094854));
#6585 = CARTESIAN_POINT('', (-53.31742857, -119.75290525, -225.20020178));
#6586 = CARTESIAN_POINT('', (-60.49388679, -116.3256773, -225.20020178));
#6587 = CARTESIAN_POINT('', (-45.09415183, -101.28312331, -240.));
#6588 = CARTESIAN_POINT('', (-52.27061005, -97.85589536, -240.));
#6589 = B_SPLINE_SURFACE_WITH_KNOTS('', 2, 1, ((#6579, #6580), (#6581, #6582), (#6583, #6584), (#6585, #6586), (#6587, #6588)), .UNSPECIFIED., .F., .F., .F., (3, 1, 1, 3), (2, 2), (0., 0.13845353, 0.42664954, 1.), (0., 1.), .UNSPECIFIED.);
#6590 = CARTESIAN_POINT('', (-77.54189747, -154.61613622, -180.));
#6591 = CARTESIAN_POINT('', (-84.30877189, -150.268968, -180.));
#6592 = CARTESIAN_POINT('', (-76.89589947, -153.16520095, -185.90016478));
#6593 = CARTESIAN_POINT('', (-83.66277389, -148.81803273, -185.90016478));
#6594 = CARTESIAN_POINT('', (-71.87803781, -141.89489915, -200.27094854));
#6595 = CARTESIAN_POINT('', (-78.64491223, -137.54773092, -200.27094854));
#6596 = CARTESIAN_POINT('', (-60.49388679, -116.3256773, -225.20020178));
#6597 = CARTESIAN_POINT('', (-67.26076121, -111.97850908, -225.20020178));
#6598 = CARTESIAN_POINT('', (-52.27061005, -97.85589536, -240.));
#6599 = CARTESIAN_POINT('', (-59.03748447, -93.50872713, -240.));
#6600 = B_SPLINE_SURFACE_WITH_KNOTS('', 2, 1, ((#6590, #6591), (#6592, #6593), (#6594, #6595), (#6596, #6597), (#6598, #6599)), .UNSPECIFIED., .F., .F., .F., (3, 1, 1, 3), (2, 2), (0., 0.13845353, 0.42664954, 1.), (0., 1.), .UNSPECIFIED.);
#6601 = CARTESIAN_POINT('', (-84.30877189, -150.268968, -180.));
#6602 = CARTESIAN_POINT('', (-88.63319381, -146.95123397, -180.));
#6603 = CARTESIAN_POINT('', (-83.66277389, -148.81803273, -185.90016478));
#6604 = CARTESIAN_POINT('', (-87.98719581, -145.5002987, -185.90016478));
#6605 = CARTESIAN_POINT('', (-78.64491223, -137.54773092, -200.27094854));
#6606 = CARTESIAN_POINT('', (-82.96933415, -134.22999689, -200.27094854));
#6607 = CARTESIAN_POINT('', (-67.26076121, -111.97850908, -225.20020178));
#6608 = CARTESIAN_POINT('', (-71.58518312, -108.66077505, -225.20020178));
#6609 = CARTESIAN_POINT('', (-59.03748447, -93.50872713, -240.));
#6610 = CARTESIAN_POINT('', (-63.36190639, -90.1909931, -240.));
#6611 = B_SPLINE_SURFACE_WITH_KNOTS('', 2, 1, ((#6601, #6602), (#6603, #6604), (#6605, #6606), (#6607, #6608), (#6609, #6610)), .UNSPECIFIED., .F., .F., .F., (3, 1, 1, 3), (2, 2), (0., 0.13845353, 0.42664954, 1.), (0., 1.), .UNSPECIFIED.);
#6612 = CARTESIAN_POINT('', (-88.63319381, -146.95123397, -180.));
#6613 = CARTESIAN_POINT('', (-92.87138756, -143.4398283, -180.));
#6614 = CARTESIAN_POINT('', (-87.98719581, -145.5002987, -185.90016478));
#6615 = CARTESIAN_POINT('', (-92.22538955, -141.98889303, -185.90016478));
#6616 = CARTESIAN_POINT('', (-82.96933415, -134.22999689, -200.27094854));
#6617 = CARTESIAN_POINT('', (-87.2075279, -130.71859122, -200.27094854));
#6618 = CARTESIAN_POINT('', (-71.58518312, -108.66077505, -225.20020178));
#6619 = CARTESIAN_POINT('', (-75.82337687, -105.14936938, -225.20020178));
#6620 = CARTESIAN_POINT('', (-63.36190639, -90.1909931, -240.));
#6621 = CARTESIAN_POINT('', (-67.60010014, -86.67958743, -240.));
#6622 = B_SPLINE_SURFACE_WITH_KNOTS('', 2, 1, ((#6612, #6613), (#6614, #6615), (#6616, #6617), (#6618, #6619), (#6620, #6621)), .UNSPECIFIED., .F., .F., .F., (3, 1, 1, 3), (2, 2), (0., 0.13845353, 0.42664954, 1.), (0., 1.), .UNSPECIFIED.);
#6623 = CARTESIAN_POINT('', (-92.87138756, -143.4398283, -180.));
#6624 = CARTESIAN_POINT('', (-89.14885411, -145.50331703, -180.));
#6625 = CARTESIAN_POINT('', (-92.22538955, -141.98889303, -185.90016478));
#6626 = CARTESIAN_POINT('', (-88.50285611, -144.05238176, -185.90016478));
#6627 = CARTESIAN_POINT('', (-87.2075279, -130.71859122, -200.27094854));
#6628 = CARTESIAN_POINT('', (-83.48499445, -132.78207996, -200.27094854));
#6629 = CARTESIAN_POINT('', (-75.82337687, -105.14936938, -225.20020178));
#6630 = CARTESIAN_POINT('', (-72.10084343, -107.21285811, -225.20020178));
#6631 = CARTESIAN_POINT('', (-67.60010014, -86.67958743, -240.));
#6632 = CARTESIAN_POINT('', (-63.87756669, -88.74307617, -240.));
#6633 = B_SPLINE_SURFACE_WITH_KNOTS('', 2, 1, ((#6623, #6624), (#6625, #6626), (#6627, #6628), (#6629, #6630), (#6631, #6632)), .UNSPECIFIED., .F., .F., .F., (3, 1, 1, 3), (2, 2), (0., 0.13845353, 0.42664954, 1.), (0., 1.), .UNSPECIFIED.);
#6634 = CARTESIAN_POINT('', (-89.14885411, -145.50331703, -180.));
#6635 = CARTESIAN_POINT('', (-82.4134609, -148.61813874, -180.));
#6636 = CARTESIAN_POINT('', (-88.50285611, -144.05238176, -185.90016478));
#6637 = CARTESIAN_POINT('', (-81.7674629, -147.16720347, -185.90016478));
#6638 = CARTESIAN_POINT('', (-83.48499445, -132.78207996, -200.27094854));
#6639 = CARTESIAN_POINT('', (-76.74960124, -135.89690167, -200.27094854));
#6640 = CARTESIAN_POINT('', (-72.10084343, -107.21285811, -225.20020178));
#6641 = CARTESIAN_POINT('', (-65.36545021, -110.32767982, -225.20020178));
#6642 = CARTESIAN_POINT('', (-63.87756669, -88.74307617, -240.));
#6643 = CARTESIAN_POINT('', (-57.14217348, -91.85789788, -240.));
#6644 = B_SPLINE_SURFACE_WITH_KNOTS('', 2, 1, ((#6634, #6635), (#6636, #6637), (#6638, #6639), (#6640, #6641), (#6642, #6643)), .UNSPECIFIED., .F., .F., .F., (3, 1, 1, 3), (2, 2), (0., 0.13845353, 0.42664954, 1.), (0., 1.), .UNSPECIFIED.);
#6645 = CARTESIAN_POINT('', (-82.4134609, -148.61813874, -180.));
#6646 = CARTESIAN_POINT('', (-74.55881021, -151.82517593, -180.));
#6647 = CARTESIAN_POINT('', (-81.7674629, -147.16720347, -185.90016478));
#6648 = CARTESIAN_POINT('', (-73.9128122, -150.37424066, -185.90016478));
#6649 = CARTESIAN_POINT('', (-76.74960124, -135.89690167, -200.27094854));
#6650 = CARTESIAN_POINT('', (-68.89495055, -139.10393885, -200.27094854));
#6651 = CARTESIAN_POINT('', (-65.36545021, -110.32767982, -225.20020178));
#6652 = CARTESIAN_POINT('', (-57.51079952, -113.53471701, -225.20020178));
#6653 = CARTESIAN_POINT('', (-57.14217348, -91.85789788, -240.));
#6654 = CARTESIAN_POINT('', (-49.28752279, -95.06493506, -240.));
#6655 = B_SPLINE_SURFACE_WITH_KNOTS('', 2, 1, ((#6645, #6646), (#6647, #6648), (#6649, #6650), (#6651, #6652), (#6653, #6654)), .UNSPECIFIED., .F., .F., .F., (3, 1, 1, 3), (2, 2), (0., 0.13845353, 0.42664954, 1.), (0., 1.), .UNSPECIFIED.);
#6656 = CARTESIAN_POINT('', (-74.55881021, -151.82517593, -180.));
#6657 = CARTESIAN_POINT('', (-66.93957827, -152.95486336, -180.));
#6658 = CARTESIAN_POINT('', (-73.9128122, -150.37424066, -185.90016478));
#6659 = CARTESIAN_POINT('', (-66.29358027, -151.50392809, -185.90016478));
#6660 = CARTESIAN_POINT('', (-68.89495055, -139.10393885, -200.27094854));
#6661 = CARTESIAN_POINT('', (-61.27571861, -140.23362628, -200.27094854));
#6662 = CARTESIAN_POINT('', (-57.51079952, -113.53471701, -225.20020178));
#6663 = CARTESIAN_POINT('', (-49.89156759, -114.66440444, -225.20020178));
#6664 = CARTESIAN_POINT('', (-49.28752279, -95.06493506, -240.));
#6665 = CARTESIAN_POINT('', (-41.66829085, -96.19462249, -240.));
#6666 = B_SPLINE_SURFACE_WITH_KNOTS('', 2, 1, ((#6656, #6657), (#6658, #6659), (#6660, #6661), (#6662, #6663), (#6664, #6665)), .UNSPECIFIED., .F., .F., .F., (3, 1, 1, 3), (2, 2), (0., 0.13845353, 0.42664954, 1.), (0., 1.), .UNSPECIFIED.);
#6667 = CARTESIAN_POINT('', (-66.93957827, -152.95486336, -180.));
#6668 = CARTESIAN_POINT('', (-58.97372495, -150.69991748, -180.));
#6669 = CARTESIAN_POINT('', (-66.29358027, -151.50392809, -185.90016478));
#6670 = CARTESIAN_POINT('', (-58.32772695, -149.24898222, -185.90016478));
#6671 = CARTESIAN_POINT('', (-61.27571861, -140.23362628, -200.27094854));
#6672 = CARTESIAN_POINT('', (-53.30986529, -137.97868041, -200.27094854));
#6673 = CARTESIAN_POINT('', (-49.89156759, -114.66440444, -225.20020178));
#6674 = CARTESIAN_POINT('', (-41.92571427, -112.40945857, -225.20020178));
#6675 = CARTESIAN_POINT('', (-41.66829085, -96.19462249, -240.));
#6676 = CARTESIAN_POINT('', (-33.70243753, -93.93967662, -240.));
#6677 = B_SPLINE_SURFACE_WITH_KNOTS('', 2, 1, ((#6667, #6668), (#6669, #6670), (#6671, #6672), (#6673, #6674), (#6675, #6676)), .UNSPECIFIED., .F., .F., .F., (3, 1, 1, 3), (2, 2), (0., 0.13845353, 0.42664954, 1.), (0., 1.), .UNSPECIFIED.);
#6678 = CARTESIAN_POINT('', (-58.97372495, -150.69991748, -180.));
#6679 = CARTESIAN_POINT('', (-49.17894047, -149.54934284, -180.));
#6680 = CARTESIAN_POINT('', (-58.32772695, -149.24898222, -185.90016478));
#6681 = CARTESIAN_POINT('', (-48.53294247, -148.09840757, -185.90016478));
#6682 = CARTESIAN_POINT('', (-53.30986529, -137.97868041, -200.27094854));
#6683 = CARTESIAN_POINT('', (-43.51508081, -136.82810576, -200.27094854));
#6684 = CARTESIAN_POINT('', (-41.92571427, -112.40945857, -225.20020178));
#6685 = CARTESIAN_POINT('', (-32.13092979, -111.25888392, -225.20020178));
#6686 = CARTESIAN_POINT('', (-33.70243753, -93.93967662, -240.));
#6687 = CARTESIAN_POINT('', (-23.90765305, -92.78910197, -240.));
#6688 = B_SPLINE_SURFACE_WITH_KNOTS('', 2, 1, ((#6678, #6679), (#6680, #6681), (#6682, #6683), (#6684, #6685), (#6686, #6687)), .UNSPECIFIED., .F., .F., .F., (3, 1, 1, 3), (2, 2), (0., 0.13845353, 0.42664954, 1.), (0., 1.), .UNSPECIFIED.);
#6689 = CARTESIAN_POINT('', (-49.17894047, -149.54934284, -180.));
#6690 = CARTESIAN_POINT('', (-44.18625025, -151.36612168, -180.));
#6691 = CARTESIAN_POINT('', (-48.53294247, -148.09840757, -185.90016478));
#6692 = CARTESIAN_POINT('', (-43.54025225, -149.91518641, -185.90016478));
#6693 = CARTESIAN_POINT('', (-43.51508081, -136.82810576, -200.27094854));
#6694 = CARTESIAN_POINT('', (-38.52239059, -138.64488461, -200.27094854));
#6695 = CARTESIAN_POINT('', (-32.13092979, -111.25888392, -225.20020178));
#6696 = CARTESIAN_POINT('', (-27.13823957, -113.07566276, -225.20020178));
#6697 = CARTESIAN_POINT('', (-23.90765305, -92.78910197, -240.));
#6698 = CARTESIAN_POINT('', (-18.91496283, -94.60588082, -240.));
#6699 = B_SPLINE_SURFACE_WITH_KNOTS('', 2, 1, ((#6689, #6690), (#6691, #6692), (#6693, #6694), (#6695, #6696), (#6697, #6698)), .UNSPECIFIED., .F., .F., .F., (3, 1, 1, 3), (2, 2), (0., 0.13845353, 0.42664954, 1.), (0., 1.), .UNSPECIFIED.);
#6700 = CARTESIAN_POINT('', (-44.18625025, -151.36612168, -180.));
#6701 = CARTESIAN_POINT('', (-42.29435667, -154.93518594, -180.));
#6702 = CARTESIAN_POINT('', (-43.54025225, -149.91518641, -185.90016478));
#6703 = CARTESIAN_POINT('', (-41.64835867, -153.48425067, -185.90016478));
#6704 = CARTESIAN_POINT('', (-38.52239059, -138.64488461, -200.27094854));
#6705 = CARTESIAN_POINT('', (-36.63049702, -142.21394887, -200.27094854));
#6706 = CARTESIAN_POINT('', (-27.13823957, -113.07566276, -225.20020178));
#6707 = CARTESIAN_POINT('', (-25.24634599, -116.64472702, -225.20020178));
#6708 = CARTESIAN_POINT('', (-18.91496283, -94.60588082, -240.));
#6709 = CARTESIAN_POINT('', (-17.02306926, -98.17494508, -240.));
#6710 = B_SPLINE_SURFACE_WITH_KNOTS('', 2, 1, ((#6700, #6701), (#6702, #6703), (#6704, #6705), (#6706, #6707), (#6708, #6709)), .UNSPECIFIED., .F., .F., .F., (3, 1, 1, 3), (2, 2), (0., 0.13845353, 0.42664954, 1.), (0., 1.), .UNSPECIFIED.);
#6711 = CARTESIAN_POINT('', (-42.29435667, -154.93518594, -180.));
#6712 = CARTESIAN_POINT('', (-41.660987, -157.42177775, -180.));
#6713 = CARTESIAN_POINT('', (-41.64835867, -153.48425067, -185.90016478));
#6714 = CARTESIAN_POINT('', (-41.01498899, -155.97084249, -185.90016478));
#6715 = CARTESIAN_POINT('', (-36.63049702, -142.21394887, -200.27094854));
#6716 = CARTESIAN_POINT('', (-35.99712734, -144.70054068, -200.27094854));
#6717 = CARTESIAN_POINT('', (-25.24634599, -116.64472702, -225.20020178));
#6718 = CARTESIAN_POINT('', (-24.61297631, -119.13131884, -225.20020178));
#6719 = CARTESIAN_POINT('', (-17.02306926, -98.17494508, -240.));
#6720 = CARTESIAN_POINT('', (-16.38969958, -100.66153689, -240.));
#6721 = B_SPLINE_SURFACE_WITH_KNOTS('', 2, 1, ((#6711, #6712), (#6713, #6714), (#6715, #6716), (#6717, #6718), (#6719, #6720)), .UNSPECIFIED., .F., .F., .F., (3, 1, 1, 3), (2, 2), (0., 0.13845353, 0.42664954, 1.), (0., 1.), .UNSPECIFIED.);
#6722 = CARTESIAN_POINT('', (-41.660987, -157.42177775, -180.));
#6723 = CARTESIAN_POINT('', (-41.65106283, -158.70254218, -180.));
#6724 = CARTESIAN_POINT('', (-41.01498899, -155.97084249, -185.90016478));
#6725 = CARTESIAN_POINT('', (-41.00506483, -157.25160691, -185.90016478));
#6726 = CARTESIAN_POINT('', (-35.99712734, -144.70054068, -200.27094854));
#6727 = CARTESIAN_POINT('', (-35.98720317, -145.9813051, -200.27094854));
#6728 = CARTESIAN_POINT('', (-24.61297631, -119.13131884, -225.20020178));
#6729 = CARTESIAN_POINT('', (-24.60305215, -120.41208326, -225.20020178));
#6730 = CARTESIAN_POINT('', (-16.38969958, -100.66153689, -240.));
#6731 = CARTESIAN_POINT('', (-16.37977541, -101.94230131, -240.));
#6732 = B_SPLINE_SURFACE_WITH_KNOTS('', 2, 1, ((#6722, #6723), (#6724, #6725), (#6726, #6727), (#6728, #6729), (#6730, #6731)), .UNSPECIFIED., .F., .F., .F., (3, 1, 1, 3), (2, 2), (0., 0.13845353, 0.42664954, 1.), (0., 1.), .UNSPECIFIED.);
#6733 = CARTESIAN_POINT('', (-65.86001746, -147.92402114, -180.));
#6734 = DIRECTION('', (0., 0., 1.));
#6735 = AXIS2_PLACEMENT_3D('', #6733, #6734, $);
#6736 = PLANE('', #6735);
#6737 = CARTESIAN_POINT('', (-65.86001746, -147.92402114, -240.));
#6738 = DIRECTION('', (0., 0., 1.));
#6739 = AXIS2_PLACEMENT_3D('', #6737, #6738, $);
#6740 = PLANE('', #6739);
#6741 = CARTESIAN_POINT('', (138.06420064, -88.6542973, -180.));
#6742 = CARTESIAN_POINT('', (138.81191093, -92.18028005, -180.));
#6743 = CARTESIAN_POINT('', (136.88390356, -87.59155303, -185.90016478));
#6744 = CARTESIAN_POINT('', (137.63161384, -91.11753578, -185.90016478));
#6745 = CARTESIAN_POINT('', (127.71581412, -79.33656822, -200.27094854));
#6746 = CARTESIAN_POINT('', (128.4635244, -82.86255096, -200.27094854));
#6747 = CARTESIAN_POINT('', (106.9159352, -60.60827312, -225.20020178));
#6748 = CARTESIAN_POINT('', (107.66364548, -64.13425587, -225.20020178));
#6749 = CARTESIAN_POINT('', (91.89126099, -47.07999569, -240.));
#6750 = CARTESIAN_POINT('', (92.63897127, -50.60597844, -240.));
#6751 = B_SPLINE_SURFACE_WITH_KNOTS('', 2, 1, ((#6741, #6742), (#6743, #6744), (#6745, #6746), (#6747, #6748), (#6749, #6750)), .UNSPECIFIED., .F., .F., .F., (3, 1, 1, 3), (2, 2), (0., 0.13845353, 0.42664954, 1.), (0., 1.), .UNSPECIFIED.);
#6752 = CARTESIAN_POINT('', (138.81191093, -92.18028005, -180.));
#6753 = CARTESIAN_POINT('', (138.2989293, -95.9975014, -180.));
#6754 = CARTESIAN_POINT('', (137.63161384, -91.11753578, -185.90016478));
#6755 = CARTESIAN_POINT('', (137.11863222, -94.93475713, -185.90016478));
#6756 = CARTESIAN_POINT('', (128.4635244, -82.86255096, -200.27094854));
#6757 = CARTESIAN_POINT('', (127.95054277, -86.67977232, -200.27094854));
#6758 = CARTESIAN_POINT('', (107.66364548, -64.13425587, -225.20020178));
#6759 = CARTESIAN_POINT('', (107.15066386, -67.95147722, -225.20020178));
#6760 = CARTESIAN_POINT('', (92.63897127, -50.60597844, -240.));
#6761 = CARTESIAN_POINT('', (92.12598964, -54.42319979, -240.));
#6762 = B_SPLINE_SURFACE_WITH_KNOTS('', 2, 1, ((#6752, #6753), (#6754, #6755), (#6756, #6757), (#6758, #6759), (#6760, #6761)), .UNSPECIFIED., .F., .F., .F., (3, 1, 1, 3), (2, 2), (0., 0.13845353, 0.42664954, 1.), (0., 1.), .UNSPECIFIED.);
#6763 = CARTESIAN_POINT('', (138.2989293, -95.9975014, -180.));
#6764 = CARTESIAN_POINT('', (135.89395499, -104.529833, -180.));
#6765 = CARTESIAN_POINT('', (137.11863222, -94.93475713, -185.90016478));
#6766 = CARTESIAN_POINT('', (134.71365791, -103.46708873, -185.90016478));
#6767 = CARTESIAN_POINT('', (127.95054277, -86.67977232, -200.27094854));
#6768 = CARTESIAN_POINT('', (125.54556846, -95.21210392, -200.27094854));
#6769 = CARTESIAN_POINT('', (107.15066386, -67.95147722, -225.20020178));
#6770 = CARTESIAN_POINT('', (104.74568954, -76.48380882, -225.20020178));
#6771 = CARTESIAN_POINT('', (92.12598964, -54.42319979, -240.));
#6772 = CARTESIAN_POINT('', (89.72101533, -62.95553139, -240.));
#6773 = B_SPLINE_SURFACE_WITH_KNOTS('', 2, 1, ((#6763, #6764), (#6765, #6766), (#6767, #6768), (#6769, #6770), (#6771, #6772)), .UNSPECIFIED., .F., .F., .F., (3, 1, 1, 3), (2, 2), (0., 0.13845353, 0.42664954, 1.), (0., 1.), .UNSPECIFIED.);
#6774 = CARTESIAN_POINT('', (135.89395499, -104.529833, -180.));
#6775 = CARTESIAN_POINT('', (128.56405481, -115.7595949, -180.));
#6776 = CARTESIAN_POINT('', (134.71365791, -103.46708873, -185.90016478));
#6777 = CARTESIAN_POINT('', (127.38375773, -114.69685064, -185.90016478));
#6778 = CARTESIAN_POINT('', (125.54556846, -95.21210392, -200.27094854));
#6779 = CARTESIAN_POINT('', (118.21566828, -106.44186582, -200.27094854));
#6780 = CARTESIAN_POINT('', (104.74568954, -76.48380882, -225.20020178));
#6781 = CARTESIAN_POINT('', (97.41578936, -87.71357072, -225.20020178));
#6782 = CARTESIAN_POINT('', (89.72101533, -62.95553139, -240.));
#6783 = CARTESIAN_POINT('', (82.39111515, -74.18529329, -240.));
#6784 = B_SPLINE_SURFACE_WITH_KNOTS('', 2, 1, ((#6774, #6775), (#6776, #6777), (#6778, #6779), (#6780, #6781), (#6782, #6783)), .UNSPECIFIED., .F., .F., .F., (3, 1, 1, 3), (2, 2), (0., 0.13845353, 0.42664954, 1.), (0., 1.), .UNSPECIFIED.);
#6785 = CARTESIAN_POINT('', (128.56405481, -115.7595949, -180.));
#6786 = CARTESIAN_POINT('', (123.08691978, -121.52574057, -180.));
#6787 = CARTESIAN_POINT('', (127.38375773, -114.69685064, -185.90016478));
#6788 = CARTESIAN_POINT('', (121.9066227, -120.46299631, -185.90016478));
#6789 = CARTESIAN_POINT('', (118.21566828, -106.44186582, -200.27094854));
#6790 = CARTESIAN_POINT('', (112.73853326, -112.20801149, -200.27094854));
#6791 = CARTESIAN_POINT('', (97.41578936, -87.71357072, -225.20020178));
#6792 = CARTESIAN_POINT('', (91.93865434, -93.4797164, -225.20020178));
#6793 = CARTESIAN_POINT('', (82.39111515, -74.18529329, -240.));
#6794 = CARTESIAN_POINT('', (76.91398012, -79.95143897, -240.));
#6795 = B_SPLINE_SURFACE_WITH_KNOTS('', 2, 1, ((#6785, #6786), (#6787, #6788), (#6789, #6790), (#6791, #6792), (#6793, #6794)), .UNSPECIFIED., .F., .F., .F., (3, 1, 1, 3), (2, 2), (0., 0.13845353, 0.42664954, 1.), (0., 1.), .UNSPECIFIED.);
#6796 = CARTESIAN_POINT('', (123.08691978, -121.52574057, -180.));
#6797 = CARTESIAN_POINT('', (116.86143792, -126.61807173, -180.));
#6798 = CARTESIAN_POINT('', (121.9066227, -120.46299631, -185.90016478));
#6799 = CARTESIAN_POINT('', (115.68114084, -125.55532746, -185.90016478));
#6800 = CARTESIAN_POINT('', (112.73853326, -112.20801149, -200.27094854));
#6801 = CARTESIAN_POINT('', (106.51305139, -117.30034265, -200.27094854));
#6802 = CARTESIAN_POINT('', (91.93865434, -93.4797164, -225.20020178));
#6803 = CARTESIAN_POINT('', (85.71317248, -98.57204755, -225.20020178));
#6804 = CARTESIAN_POINT('', (76.91398012, -79.95143897, -240.));
#6805 = CARTESIAN_POINT('', (70.68849826, -85.04377012, -240.));
#6806 = B_SPLINE_SURFACE_WITH_KNOTS('', 2, 1, ((#6796, #6797), (#6798, #6799), (#6800, #6801), (#6802, #6803), (#6804, #6805)), .UNSPECIFIED., .F., .F., .F., (3, 1, 1, 3), (2, 2), (0., 0.13845353, 0.42664954, 1.), (0., 1.), .UNSPECIFIED.);
#6807 = CARTESIAN_POINT('', (116.86143792, -126.61807173, -180.));
#6808 = CARTESIAN_POINT('', (112.36976549, -129.70560517, -180.));
#6809 = CARTESIAN_POINT('', (115.68114084, -125.55532746, -185.90016478));
#6810 = CARTESIAN_POINT('', (111.18946841, -128.64286091, -185.90016478));
#6811 = CARTESIAN_POINT('', (106.51305139, -117.30034265, -200.27094854));
#6812 = CARTESIAN_POINT('', (102.02137896, -120.38787609, -200.27094854));
#6813 = CARTESIAN_POINT('', (85.71317248, -98.57204755, -225.20020178));
#6814 = CARTESIAN_POINT('', (81.22150005, -101.65958099, -225.20020178));
#6815 = CARTESIAN_POINT('', (70.68849826, -85.04377012, -240.));
#6816 = CARTESIAN_POINT('', (66.19682583, -88.13130357, -240.));
#6817 = B_SPLINE_SURFACE_WITH_KNOTS('', 2, 1, ((#6807, #6808), (#6809, #6810), (#6811, #6812), (#6813, #6814), (#6815, #6816)), .UNSPECIFIED., .F., .F., .F., (3, 1, 1, 3), (2, 2), (0., 0.13845353, 0.42664954, 1.), (0., 1.), .UNSPECIFIED.);
#6818 = CARTESIAN_POINT('', (112.36976549, -129.70560517, -180.));
#6819 = CARTESIAN_POINT('', (107.72054635, -132.65128293, -180.));
#6820 = CARTESIAN_POINT('', (111.18946841, -128.64286091, -185.90016478));
#6821 = CARTESIAN_POINT('', (106.54024927, -131.58853866, -185.90016478));
#6822 = CARTESIAN_POINT('', (102.02137896, -120.38787609, -200.27094854));
#6823 = CARTESIAN_POINT('', (97.37215983, -123.33355384, -200.27094854));
#6824 = CARTESIAN_POINT('', (81.22150005, -101.65958099, -225.20020178));
#6825 = CARTESIAN_POINT('', (76.57228091, -104.60525875, -225.20020178));
#6826 = CARTESIAN_POINT('', (66.19682583, -88.13130357, -240.));
#6827 = CARTESIAN_POINT('', (61.5476067, -91.07698132, -240.));
#6828 = B_SPLINE_SURFACE_WITH_KNOTS('', 2, 1, ((#6818, #6819), (#6820, #6821), (#6822, #6823), (#6824, #6825), (#6826, #6827)), .UNSPECIFIED., .F., .F., .F., (3, 1, 1, 3), (2, 2), (0., 0.13845353, 0.42664954, 1.), (0., 1.), .UNSPECIFIED.);
#6829 = CARTESIAN_POINT('', (107.72054635, -132.65128293, -180.));
#6830 = CARTESIAN_POINT('', (110.83336686, -129.74859632, -180.));
#6831 = CARTESIAN_POINT('', (106.54024927, -131.58853866, -185.90016478));
#6832 = CARTESIAN_POINT('', (109.65306978, -128.68585206, -185.90016478));
#6833 = CARTESIAN_POINT('', (97.37215983, -123.33355384, -200.27094854));
#6834 = CARTESIAN_POINT('', (100.48498033, -120.43086724, -200.27094854));
#6835 = CARTESIAN_POINT('', (76.57228091, -104.60525875, -225.20020178));
#6836 = CARTESIAN_POINT('', (79.68510141, -101.70257214, -225.20020178));
#6837 = CARTESIAN_POINT('', (61.5476067, -91.07698132, -240.));
#6838 = CARTESIAN_POINT('', (64.6604272, -88.17429472, -240.));
#6839 = B_SPLINE_SURFACE_WITH_KNOTS('', 2, 1, ((#6829, #6830), (#6831, #6832), (#6833, #6834), (#6835, #6836), (#6837, #6838)), .UNSPECIFIED., .F., .F., .F., (3, 1, 1, 3), (2, 2), (0., 0.13845353, 0.42664954, 1.), (0., 1.), .UNSPECIFIED.);
#6840 = CARTESIAN_POINT('', (110.83336686, -129.74859632, -180.));
#6841 = CARTESIAN_POINT('', (115.87708931, -124.30538956, -180.));
#6842 = CARTESIAN_POINT('', (109.65306978, -128.68585206, -185.90016478));
#6843 = CARTESIAN_POINT('', (114.69679223, -123.2426453, -185.90016478));
#6844 = CARTESIAN_POINT('', (100.48498033, -120.43086724, -200.27094854));
#6845 = CARTESIAN_POINT('', (105.52870278, -114.98766048, -200.27094854));
#6846 = CARTESIAN_POINT('', (79.68510141, -101.70257214, -225.20020178));
#6847 = CARTESIAN_POINT('', (84.72882386, -96.25936538, -225.20020178));
#6848 = CARTESIAN_POINT('', (64.6604272, -88.17429472, -240.));
#6849 = CARTESIAN_POINT('', (69.70414965, -82.73108795, -240.));
#6850 = B_SPLINE_SURFACE_WITH_KNOTS('', 2, 1, ((#6840, #6841), (#6842, #6843), (#6844, #6845), (#6846, #6847), (#6848, #6849)), .UNSPECIFIED., .F., .F., .F., (3, 1, 1, 3), (2, 2), (0., 0.13845353, 0.42664954, 1.), (0., 1.), .UNSPECIFIED.);
#6851 = CARTESIAN_POINT('', (115.87708931, -124.30538956, -180.));
#6852 = CARTESIAN_POINT('', (121.35438347, -117.82620183, -180.));
#6853 = CARTESIAN_POINT('', (114.69679223, -123.2426453, -185.90016478));
#6854 = CARTESIAN_POINT('', (120.17408639, -116.76345757, -185.90016478));
#6855 = CARTESIAN_POINT('', (105.52870278, -114.98766048, -200.27094854));
#6856 = CARTESIAN_POINT('', (111.00599694, -108.50847275, -200.27094854));
#6857 = CARTESIAN_POINT('', (84.72882386, -96.25936538, -225.20020178));
#6858 = CARTESIAN_POINT('', (90.20611803, -89.78017765, -225.20020178));
#6859 = CARTESIAN_POINT('', (69.70414965, -82.73108795, -240.));
#6860 = CARTESIAN_POINT('', (75.18144381, -76.25190022, -240.));
#6861 = B_SPLINE_SURFACE_WITH_KNOTS('', 2, 1, ((#6851, #6852), (#6853, #6854), (#6855, #6856), (#6857, #6858), (#6859, #6860)), .UNSPECIFIED., .F., .F., .F., (3, 1, 1, 3), (2, 2), (0., 0.13845353, 0.42664954, 1.), (0., 1.), .UNSPECIFIED.);
#6862 = CARTESIAN_POINT('', (121.35438347, -117.82620183, -180.));
#6863 = CARTESIAN_POINT('', (124.78325221, -110.92897426, -180.));
#6864 = CARTESIAN_POINT('', (120.17408639, -116.76345757, -185.90016478));
#6865 = CARTESIAN_POINT('', (123.60295513, -109.86623, -185.90016478));
#6866 = CARTESIAN_POINT('', (111.00599694, -108.50847275, -200.27094854));
#6867 = CARTESIAN_POINT('', (114.43486569, -101.61124518, -200.27094854));
#6868 = CARTESIAN_POINT('', (90.20611803, -89.78017765, -225.20020178));
#6869 = CARTESIAN_POINT('', (93.63498677, -82.88295008, -225.20020178));
#6870 = CARTESIAN_POINT('', (75.18144381, -76.25190022, -240.));
#6871 = CARTESIAN_POINT('', (78.61031256, -69.35467266, -240.));
#6872 = B_SPLINE_SURFACE_WITH_KNOTS('', 2, 1, ((#6862, #6863), (#6864, #6865), (#6866, #6867), (#6868, #6869), (#6870, #6871)), .UNSPECIFIED., .F., .F., .F., (3, 1, 1, 3), (2, 2), (0., 0.13845353, 0.42664954, 1.), (0., 1.), .UNSPECIFIED.);
#6873 = CARTESIAN_POINT('', (124.78325221, -110.92897426, -180.));
#6874 = CARTESIAN_POINT('', (125.1002553, -102.65618096, -180.));
#6875 = CARTESIAN_POINT('', (123.60295513, -109.86623, -185.90016478));
#6876 = CARTESIAN_POINT('', (123.91995822, -101.59343669, -185.90016478));
#6877 = CARTESIAN_POINT('', (114.43486569, -101.61124518, -200.27094854));
#6878 = CARTESIAN_POINT('', (114.75186877, -93.33845188, -200.27094854));
#6879 = CARTESIAN_POINT('', (93.63498677, -82.88295008, -225.20020178));
#6880 = CARTESIAN_POINT('', (93.95198985, -74.61015678, -225.20020178));
#6881 = CARTESIAN_POINT('', (78.61031256, -69.35467266, -240.));
#6882 = CARTESIAN_POINT('', (78.92731564, -61.08187935, -240.));
#6883 = B_SPLINE_SURFACE_WITH_KNOTS('', 2, 1, ((#6873, #6874), (#6875, #6876), (#6877, #6878), (#6879, #6880), (#6881, #6882)), .UNSPECIFIED., .F., .F., .F., (3, 1, 1, 3), (2, 2), (0., 0.13845353, 0.42664954, 1.), (0., 1.), .UNSPECIFIED.);
#6884 = CARTESIAN_POINT('', (125.1002553, -102.65618096, -180.));
#6885 = CARTESIAN_POINT('', (127.03274864, -92.98524023, -180.));
#6886 = CARTESIAN_POINT('', (123.91995822, -101.59343669, -185.90016478));
#6887 = CARTESIAN_POINT('', (125.85245156, -91.92249597, -185.90016478));
#6888 = CARTESIAN_POINT('', (114.75186877, -93.33845188, -200.27094854));
#6889 = CARTESIAN_POINT('', (116.68436211, -83.66751115, -200.27094854));
#6890 = CARTESIAN_POINT('', (93.95198985, -74.61015678, -225.20020178));
#6891 = CARTESIAN_POINT('', (95.8844832, -64.93921606, -225.20020178));
#6892 = CARTESIAN_POINT('', (78.92731564, -61.08187935, -240.));
#6893 = CARTESIAN_POINT('', (80.85980898, -51.41093863, -240.));
#6894 = B_SPLINE_SURFACE_WITH_KNOTS('', 2, 1, ((#6884, #6885), (#6886, #6887), (#6888, #6889), (#6890, #6891), (#6892, #6893)), .UNSPECIFIED., .F., .F., .F., (3, 1, 1, 3), (2, 2), (0., 0.13845353, 0.42664954, 1.), (0., 1.), .UNSPECIFIED.);
#6895 = CARTESIAN_POINT('', (127.03274864, -92.98524023, -180.));
#6896 = CARTESIAN_POINT('', (130.30343413, -88.7983252, -180.));
#6897 = CARTESIAN_POINT('', (125.85245156, -91.92249597, -185.90016478));
#6898 = CARTESIAN_POINT('', (129.12313704, -87.73558094, -185.90016478));
#6899 = CARTESIAN_POINT('', (116.68436211, -83.66751115, -200.27094854));
#6900 = CARTESIAN_POINT('', (119.9550476, -79.48059612, -200.27094854));
#6901 = CARTESIAN_POINT('', (95.8844832, -64.93921606, -225.20020178));
#6902 = CARTESIAN_POINT('', (99.15516868, -60.75230103, -225.20020178));
#6903 = CARTESIAN_POINT('', (80.85980898, -51.41093863, -240.));
#6904 = CARTESIAN_POINT('', (84.13049447, -47.2240236, -240.));
#6905 = B_SPLINE_SURFACE_WITH_KNOTS('', 2, 1, ((#6895, #6896), (#6897, #6898), (#6899, #6900), (#6901, #6902), (#6903, #6904)), .UNSPECIFIED., .F., .F., .F., (3, 1, 1, 3), (2, 2), (0., 0.13845353, 0.42664954, 1.), (0., 1.), .UNSPECIFIED.);
#6906 = CARTESIAN_POINT('', (130.30343413, -88.7983252, -180.));
#6907 = CARTESIAN_POINT('', (134.28244321, -88.101929, -180.));
#6908 = CARTESIAN_POINT('', (129.12313704, -87.73558094, -185.90016478));
#6909 = CARTESIAN_POINT('', (133.10214613, -87.03918474, -185.90016478));
#6910 = CARTESIAN_POINT('', (119.9550476, -79.48059612, -200.27094854));
#6911 = CARTESIAN_POINT('', (123.93405669, -78.78419992, -200.27094854));
#6912 = CARTESIAN_POINT('', (99.15516868, -60.75230103, -225.20020178));
#6913 = CARTESIAN_POINT('', (103.13417777, -60.05590482, -225.20020178));
#6914 = CARTESIAN_POINT('', (84.13049447, -47.2240236, -240.));
#6915 = CARTESIAN_POINT('', (88.10950355, -46.52762739, -240.));
#6916 = B_SPLINE_SURFACE_WITH_KNOTS('', 2, 1, ((#6906, #6907), (#6908, #6909), (#6910, #6911), (#6912, #6913), (#6914, #6915)), .UNSPECIFIED., .F., .F., .F., (3, 1, 1, 3), (2, 2), (0., 0.13845353, 0.42664954, 1.), (0., 1.), .UNSPECIFIED.);
#6917 = CARTESIAN_POINT('', (134.28244321, -88.101929, -180.));
#6918 = CARTESIAN_POINT('', (136.84305456, -88.26795777, -180.));
#6919 = CARTESIAN_POINT('', (133.10214613, -87.03918474, -185.90016478));
#6920 = CARTESIAN_POINT('', (135.66275748, -87.2052135, -185.90016478));
#6921 = CARTESIAN_POINT('', (123.93405669, -78.78419992, -200.27094854));
#6922 = CARTESIAN_POINT('', (126.49466803, -78.95022869, -200.27094854));
#6923 = CARTESIAN_POINT('', (103.13417777, -60.05590482, -225.20020178));
#6924 = CARTESIAN_POINT('', (105.69478911, -60.22193359, -225.20020178));
#6925 = CARTESIAN_POINT('', (88.10950355, -46.52762739, -240.));
#6926 = CARTESIAN_POINT('', (90.6701149, -46.69365616, -240.));
#6927 = B_SPLINE_SURFACE_WITH_KNOTS('', 2, 1, ((#6917, #6918), (#6919, #6920), (#6921, #6922), (#6923, #6924), (#6925, #6926)), .UNSPECIFIED., .F., .F., .F., (3, 1, 1, 3), (2, 2), (0., 0.13845353, 0.42664954, 1.), (0., 1.), .UNSPECIFIED.);
#6928 = CARTESIAN_POINT('', (136.84305456, -88.26795777, -180.));
#6929 = CARTESIAN_POINT('', (138.06420064, -88.6542973, -180.));
#6930 = CARTESIAN_POINT('', (135.66275748, -87.2052135, -185.90016478));
#6931 = CARTESIAN_POINT('', (136.88390356, -87.59155303, -185.90016478));
#6932 = CARTESIAN_POINT('', (126.49466803, -78.95022869, -200.27094854));
#6933 = CARTESIAN_POINT('', (127.71581412, -79.33656822, -200.27094854));
#6934 = CARTESIAN_POINT('', (105.69478911, -60.22193359, -225.20020178));
#6935 = CARTESIAN_POINT('', (106.9159352, -60.60827312, -225.20020178));
#6936 = CARTESIAN_POINT('', (90.6701149, -46.69365616, -240.));
#6937 = CARTESIAN_POINT('', (91.89126099, -47.07999569, -240.));
#6938 = B_SPLINE_SURFACE_WITH_KNOTS('', 2, 1, ((#6928, #6929), (#6930, #6931), (#6932, #6933), (#6934, #6935), (#6936, #6937)), .UNSPECIFIED., .F., .F., .F., (3, 1, 1, 3), (2, 2), (0., 0.13845353, 0.42664954, 1.), (0., 1.), .UNSPECIFIED.);
#6939 = CARTESIAN_POINT('', (120.33223958, -108.34763517, -180.));
#6940 = DIRECTION('', (-0., -0., 1.));
#6941 = AXIS2_PLACEMENT_3D('', #6939, #6940, $);
#6942 = PLANE('', #6941);
#6943 = CARTESIAN_POINT('', (120.33223958, -108.34763517, -240.));
#6944 = DIRECTION('', (-0., -0., 1.));
#6945 = AXIS2_PLACEMENT_3D('', #6943, #6944, $);
#6946 = PLANE('', #6945);
#6947 = CARTESIAN_POINT('', (-59.58659613, 152.87493415, 180.));
#6948 = CARTESIAN_POINT('', (-58.1189858, 156.16700719, 180.));
#6949 = CARTESIAN_POINT('', (-59.25638114, 151.32139476, 185.90016478));
#6950 = CARTESIAN_POINT('', (-57.78877081, 154.6134678, 185.90016478));
#6951 = CARTESIAN_POINT('', (-56.69139931, 139.25410398, 200.27094854));
#6952 = CARTESIAN_POINT('', (-55.22378897, 142.54617703, 200.27094854));
#6953 = CARTESIAN_POINT('', (-50.87215944, 111.8767329, 225.20020178));
#6954 = CARTESIAN_POINT('', (-49.4045491, 115.16880594, 225.20020178));
#6955 = CARTESIAN_POINT('', (-46.66866463, 92.10084463, 240.));
#6956 = CARTESIAN_POINT('', (-45.20105429, 95.39291767, 240.));
#6957 = B_SPLINE_SURFACE_WITH_KNOTS('', 2, 1, ((#6947, #6948), (#6949, #6950), (#6951, #6952), (#6953, #6954), (#6955, #6956)), .UNSPECIFIED., .F., .F., .F., (3, 1, 1, 3), (2, 2), (0., 0.13845353, 0.42664954, 1.), (0., 1.), .UNSPECIFIED.);
#6958 = CARTESIAN_POINT('', (-58.1189858, 156.16700719, 180.));
#6959 = CARTESIAN_POINT('', (-55.46026853, 158.9536811, 180.));
#6960 = CARTESIAN_POINT('', (-57.78877081, 154.6134678, 185.90016478));
#6961 = CARTESIAN_POINT('', (-55.13005354, 157.40014171, 185.90016478));
#6962 = CARTESIAN_POINT('', (-55.22378897, 142.54617703, 200.27094854));
#6963 = CARTESIAN_POINT('', (-52.5650717, 145.33285094, 200.27094854));
#6964 = CARTESIAN_POINT('', (-49.4045491, 115.16880594, 225.20020178));
#6965 = CARTESIAN_POINT('', (-46.74583184, 117.95547985, 225.20020178));
#6966 = CARTESIAN_POINT('', (-45.20105429, 95.39291767, 240.));
#6967 = CARTESIAN_POINT('', (-42.54233702, 98.17959159, 240.));
#6968 = B_SPLINE_SURFACE_WITH_KNOTS('', 2, 1, ((#6958, #6959), (#6960, #6961), (#6962, #6963), (#6964, #6965), (#6966, #6967)), .UNSPECIFIED., .F., .F., .F., (3, 1, 1, 3), (2, 2), (0., 0.13845353, 0.42664954, 1.), (0., 1.), .UNSPECIFIED.);
#6969 = CARTESIAN_POINT('', (-55.46026853, 158.9536811, 180.));
#6970 = CARTESIAN_POINT('', (-48.49942476, 164.44287393, 180.));
#6971 = CARTESIAN_POINT('', (-55.13005354, 157.40014171, 185.90016478));
#6972 = CARTESIAN_POINT('', (-48.16920977, 162.88933454, 185.90016478));
#6973 = CARTESIAN_POINT('', (-52.5650717, 145.33285094, 200.27094854));
#6974 = CARTESIAN_POINT('', (-45.60422793, 150.82204377, 200.27094854));
#6975 = CARTESIAN_POINT('', (-46.74583184, 117.95547985, 225.20020178));
#6976 = CARTESIAN_POINT('', (-39.78498806, 123.44467268, 225.20020178));
#6977 = CARTESIAN_POINT('', (-42.54233702, 98.17959159, 240.));
#6978 = CARTESIAN_POINT('', (-35.58149325, 103.66878442, 240.));
#6979 = B_SPLINE_SURFACE_WITH_KNOTS('', 2, 1, ((#6969, #6970), (#6971, #6972), (#6973, #6974), (#6975, #6976), (#6977, #6978)), .UNSPECIFIED., .F., .F., .F., (3, 1, 1, 3), (2, 2), (0., 0.13845353, 0.42664954, 1.), (0., 1.), .UNSPECIFIED.);
#6980 = CARTESIAN_POINT('', (-48.49942476, 164.44287393, 180.));
#6981 = CARTESIAN_POINT('', (-35.96872251, 169.21953493, 180.));
#6982 = CARTESIAN_POINT('', (-48.16920977, 162.88933454, 185.90016478));
#6983 = CARTESIAN_POINT('', (-35.63850752, 167.66599554, 185.90016478));
#6984 = CARTESIAN_POINT('', (-45.60422793, 150.82204377, 200.27094854));
#6985 = CARTESIAN_POINT('', (-33.07352569, 155.59870476, 200.27094854));
#6986 = CARTESIAN_POINT('', (-39.78498806, 123.44467268, 225.20020178));
#6987 = CARTESIAN_POINT('', (-27.25428582, 128.22133368, 225.20020178));
#6988 = CARTESIAN_POINT('', (-35.58149325, 103.66878442, 240.));
#6989 = CARTESIAN_POINT('', (-23.05079101, 108.44544541, 240.));
#6990 = B_SPLINE_SURFACE_WITH_KNOTS('', 2, 1, ((#6980, #6981), (#6982, #6983), (#6984, #6985), (#6986, #6987), (#6988, #6989)), .UNSPECIFIED., .F., .F., .F., (3, 1, 1, 3), (2, 2), (0., 0.13845353, 0.42664954, 1.), (0., 1.), .UNSPECIFIED.);
#6991 = CARTESIAN_POINT('', (-35.96872251, 169.21953493, 180.));
#6992 = CARTESIAN_POINT('', (-28.14837181, 170.66506558, 180.));
#6993 = CARTESIAN_POINT('', (-35.63850752, 167.66599554, 185.90016478));
#6994 = CARTESIAN_POINT('', (-27.81815682, 169.11152619, 185.90016478));
#6995 = CARTESIAN_POINT('', (-33.07352569, 155.59870476, 200.27094854));
#6996 = CARTESIAN_POINT('', (-25.25317498, 157.04423542, 200.27094854));
#6997 = CARTESIAN_POINT('', (-27.25428582, 128.22133368, 225.20020178));
#6998 = CARTESIAN_POINT('', (-19.43393512, 129.66686433, 225.20020178));
#6999 = CARTESIAN_POINT('', (-23.05079101, 108.44544541, 240.));
#7000 = CARTESIAN_POINT('', (-15.2304403, 109.89097606, 240.));
#7001 = B_SPLINE_SURFACE_WITH_KNOTS('', 2, 1, ((#6991, #6992), (#6993, #6994), (#6995, #6996), (#6997, #6998), (#6999, #7000)), .UNSPECIFIED., .F., .F., .F., (3, 1, 1, 3), (2, 2), (0., 0.13845353, 0.42664954, 1.), (0., 1.), .UNSPECIFIED.);
#7002 = CARTESIAN_POINT('', (-28.14837181, 170.66506558, 180.));
#7003 = CARTESIAN_POINT('', (-20.11865403, 171.12560159, 180.));
#7004 = CARTESIAN_POINT('', (-27.81815682, 169.11152619, 185.90016478));
#7005 = CARTESIAN_POINT('', (-19.78843904, 169.57206221, 185.90016478));
#7006 = CARTESIAN_POINT('', (-25.25317498, 157.04423542, 200.27094854));
#7007 = CARTESIAN_POINT('', (-17.2234572, 157.50477143, 200.27094854));
#7008 = CARTESIAN_POINT('', (-19.43393512, 129.66686433, 225.20020178));
#7009 = CARTESIAN_POINT('', (-11.40421734, 130.12740035, 225.20020178));
#7010 = CARTESIAN_POINT('', (-15.2304403, 109.89097606, 240.));
#7011 = CARTESIAN_POINT('', (-7.20072252, 110.35151208, 240.));
#7012 = B_SPLINE_SURFACE_WITH_KNOTS('', 2, 1, ((#7002, #7003), (#7004, #7005), (#7006, #7007), (#7008, #7009), (#7010, #7011)), .UNSPECIFIED., .F., .F., .F., (3, 1, 1, 3), (2, 2), (0., 0.13845353, 0.42664954, 1.), (0., 1.), .UNSPECIFIED.);
#7013 = CARTESIAN_POINT('', (-20.11865403, 171.12560159, 180.));
#7014 = CARTESIAN_POINT('', (-14.67000808, 170.98332981, 180.));
#7015 = CARTESIAN_POINT('', (-19.78843904, 169.57206221, 185.90016478));
#7016 = CARTESIAN_POINT('', (-14.33979308, 169.42979042, 185.90016478));
#7017 = CARTESIAN_POINT('', (-17.2234572, 157.50477143, 200.27094854));
#7018 = CARTESIAN_POINT('', (-11.77481125, 157.36249965, 200.27094854));
#7019 = CARTESIAN_POINT('', (-11.40421734, 130.12740035, 225.20020178));
#7020 = CARTESIAN_POINT('', (-5.95557138, 129.98512856, 225.20020178));
#7021 = CARTESIAN_POINT('', (-7.20072252, 110.35151208, 240.));
#7022 = CARTESIAN_POINT('', (-1.75207657, 110.20924029, 240.));
#7023 = B_SPLINE_SURFACE_WITH_KNOTS('', 2, 1, ((#7013, #7014), (#7015, #7016), (#7017, #7018), (#7019, #7020), (#7021, #7022)), .UNSPECIFIED., .F., .F., .F., (3, 1, 1, 3), (2, 2), (0., 0.13845353, 0.42664954, 1.), (0., 1.), .UNSPECIFIED.);
#7024 = CARTESIAN_POINT('', (-14.67000808, 170.98332981, 180.));
#7025 = CARTESIAN_POINT('', (-9.17728484, 170.63369073, 180.));
#7026 = CARTESIAN_POINT('', (-14.33979308, 169.42979042, 185.90016478));
#7027 = CARTESIAN_POINT('', (-8.84706985, 169.08015134, 185.90016478));
#7028 = CARTESIAN_POINT('', (-11.77481125, 157.36249965, 200.27094854));
#7029 = CARTESIAN_POINT('', (-6.28208802, 157.01286057, 200.27094854));
#7030 = CARTESIAN_POINT('', (-5.95557138, 129.98512856, 225.20020178));
#7031 = CARTESIAN_POINT('', (-0.46284815, 129.63548948, 225.20020178));
#7032 = CARTESIAN_POINT('', (-1.75207657, 110.20924029, 240.));
#7033 = CARTESIAN_POINT('', (3.74064666, 109.85960121, 240.));
#7034 = B_SPLINE_SURFACE_WITH_KNOTS('', 2, 1, ((#7024, #7025), (#7026, #7027), (#7028, #7029), (#7030, #7031), (#7032, #7033)), .UNSPECIFIED., .F., .F., .F., (3, 1, 1, 3), (2, 2), (0., 0.13845353, 0.42664954, 1.), (0., 1.), .UNSPECIFIED.);
#7035 = CARTESIAN_POINT('', (-9.17728484, 170.63369073, 180.));
#7036 = CARTESIAN_POINT('', (-13.40176591, 170.11503792, 180.));
#7037 = CARTESIAN_POINT('', (-8.84706985, 169.08015134, 185.90016478));
#7038 = CARTESIAN_POINT('', (-13.07155092, 168.56149853, 185.90016478));
#7039 = CARTESIAN_POINT('', (-6.28208802, 157.01286057, 200.27094854));
#7040 = CARTESIAN_POINT('', (-10.50656908, 156.49420776, 200.27094854));
#7041 = CARTESIAN_POINT('', (-0.46284815, 129.63548948, 225.20020178));
#7042 = CARTESIAN_POINT('', (-4.68732922, 129.11683667, 225.20020178));
#7043 = CARTESIAN_POINT('', (3.74064666, 109.85960121, 240.));
#7044 = CARTESIAN_POINT('', (-0.4838344, 109.3409484, 240.));
#7045 = B_SPLINE_SURFACE_WITH_KNOTS('', 2, 1, ((#7035, #7036), (#7037, #7038), (#7039, #7040), (#7041, #7042), (#7043, #7044)), .UNSPECIFIED., .F., .F., .F., (3, 1, 1, 3), (2, 2), (0., 0.13845353, 0.42664954, 1.), (0., 1.), .UNSPECIFIED.);
#7046 = CARTESIAN_POINT('', (-13.40176591, 170.11503792, 180.));
#7047 = CARTESIAN_POINT('', (-20.68165974, 168.67601682, 180.));
#7048 = CARTESIAN_POINT('', (-13.07155092, 168.56149853, 185.90016478));
#7049 = CARTESIAN_POINT('', (-20.35144475, 167.12247743, 185.90016478));
#7050 = CARTESIAN_POINT('', (-10.50656908, 156.49420776, 200.27094854));
#7051 = CARTESIAN_POINT('', (-17.78646292, 155.05518666, 200.27094854));
#7052 = CARTESIAN_POINT('', (-4.68732922, 129.11683667, 225.20020178));
#7053 = CARTESIAN_POINT('', (-11.96722305, 127.67781557, 225.20020178));
#7054 = CARTESIAN_POINT('', (-0.4838344, 109.3409484, 240.));
#7055 = CARTESIAN_POINT('', (-7.76372824, 107.9019273, 240.));
#7056 = B_SPLINE_SURFACE_WITH_KNOTS('', 2, 1, ((#7046, #7047), (#7048, #7049), (#7050, #7051), (#7052, #7053), (#7054, #7055)), .UNSPECIFIED., .F., .F., .F., (3, 1, 1, 3), (2, 2), (0., 0.13845353, 0.42664954, 1.), (0., 1.), .UNSPECIFIED.);
#7057 = CARTESIAN_POINT('', (-20.68165974, 168.67601682, 180.));
#7058 = CARTESIAN_POINT('', (-28.9212548, 166.65371657, 180.));
#7059 = CARTESIAN_POINT('', (-20.35144475, 167.12247743, 185.90016478));
#7060 = CARTESIAN_POINT('', (-28.59103981, 165.10017718, 185.90016478));
#7061 = CARTESIAN_POINT('', (-17.78646292, 155.05518666, 200.27094854));
#7062 = CARTESIAN_POINT('', (-26.02605797, 153.03288641, 200.27094854));
#7063 = CARTESIAN_POINT('', (-11.96722305, 127.67781557, 225.20020178));
#7064 = CARTESIAN_POINT('', (-20.20681811, 125.65551532, 225.20020178));
#7065 = CARTESIAN_POINT('', (-7.76372824, 107.9019273, 240.));
#7066 = CARTESIAN_POINT('', (-16.00332329, 105.87962705, 240.));
#7067 = B_SPLINE_SURFACE_WITH_KNOTS('', 2, 1, ((#7057, #7058), (#7059, #7060), (#7061, #7062), (#7063, #7064), (#7065, #7066)), .UNSPECIFIED., .F., .F., .F., (3, 1, 1, 3), (2, 2), (0., 0.13845353, 0.42664954, 1.), (0., 1.), .UNSPECIFIED.);
#7068 = CARTESIAN_POINT('', (-28.9212548, 166.65371657, 180.));
#7069 = CARTESIAN_POINT('', (-35.74935653, 163.08918073, 180.));
#7070 = CARTESIAN_POINT('', (-28.59103981, 165.10017718, 185.90016478));
#7071 = CARTESIAN_POINT('', (-35.41914154, 161.53564134, 185.90016478));
#7072 = CARTESIAN_POINT('', (-26.02605797, 153.03288641, 200.27094854));
#7073 = CARTESIAN_POINT('', (-32.85415971, 149.46835057, 200.27094854));
#7074 = CARTESIAN_POINT('', (-20.20681811, 125.65551532, 225.20020178));
#7075 = CARTESIAN_POINT('', (-27.03491984, 122.09097948, 225.20020178));
#7076 = CARTESIAN_POINT('', (-16.00332329, 105.87962705, 240.));
#7077 = CARTESIAN_POINT('', (-22.83142503, 102.31509122, 240.));
#7078 = B_SPLINE_SURFACE_WITH_KNOTS('', 2, 1, ((#7068, #7069), (#7070, #7071), (#7072, #7073), (#7074, #7075), (#7076, #7077)), .UNSPECIFIED., .F., .F., .F., (3, 1, 1, 3), (2, 2), (0., 0.13845353, 0.42664954, 1.), (0., 1.), .UNSPECIFIED.);
#7079 = CARTESIAN_POINT('', (-35.74935653, 163.08918073, 180.));
#7080 = CARTESIAN_POINT('', (-40.86844331, 156.58268009, 180.));
#7081 = CARTESIAN_POINT('', (-35.41914154, 161.53564134, 185.90016478));
#7082 = CARTESIAN_POINT('', (-40.53822832, 155.02914071, 185.90016478));
#7083 = CARTESIAN_POINT('', (-32.85415971, 149.46835057, 200.27094854));
#7084 = CARTESIAN_POINT('', (-37.97324649, 142.96184993, 200.27094854));
#7085 = CARTESIAN_POINT('', (-27.03491984, 122.09097948, 225.20020178));
#7086 = CARTESIAN_POINT('', (-32.15400662, 115.58447885, 225.20020178));
#7087 = CARTESIAN_POINT('', (-22.83142503, 102.31509122, 240.));
#7088 = CARTESIAN_POINT('', (-27.95051181, 95.80859058, 240.));
#7089 = B_SPLINE_SURFACE_WITH_KNOTS('', 2, 1, ((#7079, #7080), (#7081, #7082), (#7083, #7084), (#7085, #7086), (#7087, #7088)), .UNSPECIFIED., .F., .F., .F., (3, 1, 1, 3), (2, 2), (0., 0.13845353, 0.42664954, 1.), (0., 1.), .UNSPECIFIED.);
#7090 = CARTESIAN_POINT('', (-40.86844331, 156.58268009, 180.));
#7091 = CARTESIAN_POINT('', (-48.1162996, 149.89461579, 180.));
#7092 = CARTESIAN_POINT('', (-40.53822832, 155.02914071, 185.90016478));
#7093 = CARTESIAN_POINT('', (-47.78608461, 148.3410764, 185.90016478));
#7094 = CARTESIAN_POINT('', (-37.97324649, 142.96184993, 200.27094854));
#7095 = CARTESIAN_POINT('', (-45.22110278, 136.27378562, 200.27094854));
#7096 = CARTESIAN_POINT('', (-32.15400662, 115.58447885, 225.20020178));
#7097 = CARTESIAN_POINT('', (-39.40186291, 108.89641454, 225.20020178));
#7098 = CARTESIAN_POINT('', (-27.95051181, 95.80859058, 240.));
#7099 = CARTESIAN_POINT('', (-35.1983681, 89.12052627, 240.));
#7100 = B_SPLINE_SURFACE_WITH_KNOTS('', 2, 1, ((#7090, #7091), (#7092, #7093), (#7094, #7095), (#7096, #7097), (#7098, #7099)), .UNSPECIFIED., .F., .F., .F., (3, 1, 1, 3), (2, 2), (0., 0.13845353, 0.42664954, 1.), (0., 1.), .UNSPECIFIED.);
#7101 = CARTESIAN_POINT('', (-48.1162996, 149.89461579, 180.));
#7102 = CARTESIAN_POINT('', (-53.22334665, 148.42979106, 180.));
#7103 = CARTESIAN_POINT('', (-47.78608461, 148.3410764, 185.90016478));
#7104 = CARTESIAN_POINT('', (-52.89313166, 146.87625168, 185.90016478));
#7105 = CARTESIAN_POINT('', (-45.22110278, 136.27378562, 200.27094854));
#7106 = CARTESIAN_POINT('', (-50.32814982, 134.8089609, 200.27094854));
#7107 = CARTESIAN_POINT('', (-39.40186291, 108.89641454, 225.20020178));
#7108 = CARTESIAN_POINT('', (-44.50890996, 107.43158982, 225.20020178));
#7109 = CARTESIAN_POINT('', (-35.1983681, 89.12052627, 240.));
#7110 = CARTESIAN_POINT('', (-40.30541514, 87.65570155, 240.));
#7111 = B_SPLINE_SURFACE_WITH_KNOTS('', 2, 1, ((#7101, #7102), (#7103, #7104), (#7105, #7106), (#7107, #7108), (#7109, #7110)), .UNSPECIFIED., .F., .F., .F., (3, 1, 1, 3), (2, 2), (0., 0.13845353, 0.42664954, 1.), (0., 1.), .UNSPECIFIED.);
#7112 = CARTESIAN_POINT('', (-53.22334665, 148.42979106, 180.));
#7113 = CARTESIAN_POINT('', (-56.85176404, 150.20519756, 180.));
#7114 = CARTESIAN_POINT('', (-52.89313166, 146.87625168, 185.90016478));
#7115 = CARTESIAN_POINT('', (-56.52154905, 148.65165817, 185.90016478));
#7116 = CARTESIAN_POINT('', (-50.32814982, 134.8089609, 200.27094854));
#7117 = CARTESIAN_POINT('', (-53.95656722, 136.5843674, 200.27094854));
#7118 = CARTESIAN_POINT('', (-44.50890996, 107.43158982, 225.20020178));
#7119 = CARTESIAN_POINT('', (-48.13732735, 109.20699631, 225.20020178));
#7120 = CARTESIAN_POINT('', (-40.30541514, 87.65570155, 240.));
#7121 = CARTESIAN_POINT('', (-43.93383254, 89.43110805, 240.));
#7122 = B_SPLINE_SURFACE_WITH_KNOTS('', 2, 1, ((#7112, #7113), (#7114, #7115), (#7116, #7117), (#7118, #7119), (#7120, #7121)), .UNSPECIFIED., .F., .F., .F., (3, 1, 1, 3), (2, 2), (0., 0.13845353, 0.42664954, 1.), (0., 1.), .UNSPECIFIED.);
#7123 = CARTESIAN_POINT('', (-56.85176404, 150.20519756, 180.));
#7124 = CARTESIAN_POINT('', (-58.82575287, 151.84460724, 180.));
#7125 = CARTESIAN_POINT('', (-56.52154905, 148.65165817, 185.90016478));
#7126 = CARTESIAN_POINT('', (-58.49553788, 150.29106785, 185.90016478));
#7127 = CARTESIAN_POINT('', (-53.95656722, 136.5843674, 200.27094854));
#7128 = CARTESIAN_POINT('', (-55.93055605, 138.22377708, 200.27094854));
#7129 = CARTESIAN_POINT('', (-48.13732735, 109.20699631, 225.20020178));
#7130 = CARTESIAN_POINT('', (-50.11131618, 110.84640599, 225.20020178));
#7131 = CARTESIAN_POINT('', (-43.93383254, 89.43110805, 240.));
#7132 = CARTESIAN_POINT('', (-45.90782137, 91.07051773, 240.));
#7133 = B_SPLINE_SURFACE_WITH_KNOTS('', 2, 1, ((#7123, #7124), (#7125, #7126), (#7127, #7128), (#7129, #7130), (#7131, #7132)), .UNSPECIFIED., .F., .F., .F., (3, 1, 1, 3), (2, 2), (0., 0.13845353, 0.42664954, 1.), (0., 1.), .UNSPECIFIED.);
#7134 = CARTESIAN_POINT('', (-58.82575287, 151.84460724, 180.));
#7135 = CARTESIAN_POINT('', (-59.58659613, 152.87493415, 180.));
#7136 = CARTESIAN_POINT('', (-58.49553788, 150.29106785, 185.90016478));
#7137 = CARTESIAN_POINT('', (-59.25638114, 151.32139476, 185.90016478));
#7138 = CARTESIAN_POINT('', (-55.93055605, 138.22377708, 200.27094854));
#7139 = CARTESIAN_POINT('', (-56.69139931, 139.25410398, 200.27094854));
#7140 = CARTESIAN_POINT('', (-50.11131618, 110.84640599, 225.20020178));
#7141 = CARTESIAN_POINT('', (-50.87215944, 111.8767329, 225.20020178));
#7142 = CARTESIAN_POINT('', (-45.90782137, 91.07051773, 240.));
#7143 = CARTESIAN_POINT('', (-46.66866463, 92.10084463, 240.));
#7144 = B_SPLINE_SURFACE_WITH_KNOTS('', 2, 1, ((#7134, #7135), (#7136, #7137), (#7138, #7139), (#7140, #7141), (#7142, #7143)), .UNSPECIFIED., .F., .F., .F., (3, 1, 1, 3), (2, 2), (0., 0.13845353, 0.42664954, 1.), (0., 1.), .UNSPECIFIED.);
#7145 = CARTESIAN_POINT('', (-33.66568471, 158.38459395, 180.));
#7146 = DIRECTION('', (0., -0., 1.));
#7147 = AXIS2_PLACEMENT_3D('', #7145, #7146, $);
#7148 = PLANE('', #7147);
#7149 = CARTESIAN_POINT('', (-33.66568471, 158.38459395, 240.));
#7150 = DIRECTION('', (0., -0., 1.));
#7151 = AXIS2_PLACEMENT_3D('', #7149, #7150, $);
#7152 = PLANE('', #7151);
#7153 = CARTESIAN_POINT('', (-163.80597314, -9.42926787, 180.));
#7154 = CARTESIAN_POINT('', (-166.48340412, -7.01618098, 180.));
#7155 = CARTESIAN_POINT('', (-162.22642734, -9.59528482, 185.90016478));
#7156 = CARTESIAN_POINT('', (-164.90385832, -7.18219793, 185.90016478));
#7157 = CARTESIAN_POINT('', (-149.95712884, -10.88484006, 200.27094854));
#7158 = CARTESIAN_POINT('', (-152.63455982, -8.47175317, 200.27094854));
#7159 = CARTESIAN_POINT('', (-122.12145765, -13.81048699, 225.20020178));
#7160 = CARTESIAN_POINT('', (-124.79888864, -11.3974001, 225.20020178));
#7161 = CARTESIAN_POINT('', (-102.01451892, -15.92381141, 240.));
#7162 = CARTESIAN_POINT('', (-104.6919499, -13.51072452, 240.));
#7163 = B_SPLINE_SURFACE_WITH_KNOTS('', 2, 1, ((#7153, #7154), (#7155, #7156), (#7157, #7158), (#7159, #7160), (#7161, #7162)), .UNSPECIFIED., .F., .F., .F., (3, 1, 1, 3), (2, 2), (0., 0.13845353, 0.42664954, 1.), (0., 1.), .UNSPECIFIED.);
#7164 = CARTESIAN_POINT('', (-166.48340412, -7.01618098, 180.));
#7165 = CARTESIAN_POINT('', (-168.31209969, -3.626461, 180.));
#7166 = CARTESIAN_POINT('', (-164.90385832, -7.18219793, 185.90016478));
#7167 = CARTESIAN_POINT('', (-166.73255389, -3.79247796, 185.90016478));
#7168 = CARTESIAN_POINT('', (-152.63455982, -8.47175317, 200.27094854));
#7169 = CARTESIAN_POINT('', (-154.46325538, -5.08203319, 200.27094854));
#7170 = CARTESIAN_POINT('', (-124.79888864, -11.3974001, 225.20020178));
#7171 = CARTESIAN_POINT('', (-126.6275842, -8.00768013, 225.20020178));
#7172 = CARTESIAN_POINT('', (-104.6919499, -13.51072452, 240.));
#7173 = CARTESIAN_POINT('', (-106.52064547, -10.12100455, 240.));
#7174 = B_SPLINE_SURFACE_WITH_KNOTS('', 2, 1, ((#7164, #7165), (#7166, #7167), (#7168, #7169), (#7170, #7171), (#7172, #7173)), .UNSPECIFIED., .F., .F., .F., (3, 1, 1, 3), (2, 2), (0., 0.13845353, 0.42664954, 1.), (0., 1.), .UNSPECIFIED.);
#7175 = CARTESIAN_POINT('', (-168.31209969, -3.626461, 180.));
#7176 = CARTESIAN_POINT('', (-171.38161328, 4.6899487, 180.));
#7177 = CARTESIAN_POINT('', (-166.73255389, -3.79247796, 185.90016478));
#7178 = CARTESIAN_POINT('', (-169.80206748, 4.52393174, 185.90016478));
#7179 = CARTESIAN_POINT('', (-154.46325538, -5.08203319, 200.27094854));
#7180 = CARTESIAN_POINT('', (-157.53276897, 3.23437651, 200.27094854));
#7181 = CARTESIAN_POINT('', (-126.6275842, -8.00768013, 225.20020178));
#7182 = CARTESIAN_POINT('', (-129.69709779, 0.30872958, 225.20020178));
#7183 = CARTESIAN_POINT('', (-106.52064547, -10.12100455, 240.));
#7184 = CARTESIAN_POINT('', (-109.59015906, -1.80459484, 240.));
#7185 = B_SPLINE_SURFACE_WITH_KNOTS('', 2, 1, ((#7175, #7176), (#7177, #7178), (#7179, #7180), (#7181, #7182), (#7183, #7184)), .UNSPECIFIED., .F., .F., .F., (3, 1, 1, 3), (2, 2), (0., 0.13845353, 0.42664954, 1.), (0., 1.), .UNSPECIFIED.);
#7186 = CARTESIAN_POINT('', (-171.38161328, 4.6899487, 180.));
#7187 = CARTESIAN_POINT('', (-172.0522879, 18.08342415, 180.));
#7188 = CARTESIAN_POINT('', (-169.80206748, 4.52393174, 185.90016478));
#7189 = CARTESIAN_POINT('', (-170.4727421, 17.91740719, 185.90016478));
#7190 = CARTESIAN_POINT('', (-157.53276897, 3.23437651, 200.27094854));
#7191 = CARTESIAN_POINT('', (-158.20344359, 16.62785196, 200.27094854));
#7192 = CARTESIAN_POINT('', (-129.69709779, 0.30872958, 225.20020178));
#7193 = CARTESIAN_POINT('', (-130.36777241, 13.70220502, 225.20020178));
#7194 = CARTESIAN_POINT('', (-109.59015906, -1.80459484, 240.));
#7195 = CARTESIAN_POINT('', (-110.26083368, 11.5888806, 240.));
#7196 = B_SPLINE_SURFACE_WITH_KNOTS('', 2, 1, ((#7186, #7187), (#7188, #7189), (#7190, #7191), (#7192, #7193), (#7194, #7195)), .UNSPECIFIED., .F., .F., .F., (3, 1, 1, 3), (2, 2), (0., 0.13845353, 0.42664954, 1.), (0., 1.), .UNSPECIFIED.);
#7197 = CARTESIAN_POINT('', (-172.0522879, 18.08342415, 180.));
#7198 = CARTESIAN_POINT('', (-171.01044797, 25.96771318, 180.));
#7199 = CARTESIAN_POINT('', (-170.4727421, 17.91740719, 185.90016478));
#7200 = CARTESIAN_POINT('', (-169.43090217, 25.80169623, 185.90016478));
#7201 = CARTESIAN_POINT('', (-158.20344359, 16.62785196, 200.27094854));
#7202 = CARTESIAN_POINT('', (-157.16160367, 24.51214099, 200.27094854));
#7203 = CARTESIAN_POINT('', (-130.36777241, 13.70220502, 225.20020178));
#7204 = CARTESIAN_POINT('', (-129.32593249, 21.58649406, 225.20020178));
#7205 = CARTESIAN_POINT('', (-110.26083368, 11.5888806, 240.));
#7206 = CARTESIAN_POINT('', (-109.21899375, 19.47316964, 240.));
#7207 = B_SPLINE_SURFACE_WITH_KNOTS('', 2, 1, ((#7197, #7198), (#7199, #7200), (#7201, #7202), (#7203, #7204), (#7205, #7206)), .UNSPECIFIED., .F., .F., .F., (3, 1, 1, 3), (2, 2), (0., 0.13845353, 0.42664954, 1.), (0., 1.), .UNSPECIFIED.);
#7208 = CARTESIAN_POINT('', (-171.01044797, 25.96771318, 180.));
#7209 = CARTESIAN_POINT('', (-168.9671245, 33.74674205, 180.));
#7210 = CARTESIAN_POINT('', (-169.43090217, 25.80169623, 185.90016478));
#7211 = CARTESIAN_POINT('', (-167.3875787, 33.5807251, 185.90016478));
#7212 = CARTESIAN_POINT('', (-157.16160367, 24.51214099, 200.27094854));
#7213 = CARTESIAN_POINT('', (-155.1182802, 32.29116986, 200.27094854));
#7214 = CARTESIAN_POINT('', (-129.32593249, 21.58649406, 225.20020178));
#7215 = CARTESIAN_POINT('', (-127.28260901, 29.36552293, 225.20020178));
#7216 = CARTESIAN_POINT('', (-109.21899375, 19.47316964, 240.));
#7217 = CARTESIAN_POINT('', (-107.17567028, 27.25219851, 240.));
#7218 = B_SPLINE_SURFACE_WITH_KNOTS('', 2, 1, ((#7208, #7209), (#7210, #7211), (#7212, #7213), (#7214, #7215), (#7216, #7217)), .UNSPECIFIED., .F., .F., .F., (3, 1, 1, 3), (2, 2), (0., 0.13845353, 0.42664954, 1.), (0., 1.), .UNSPECIFIED.);
#7219 = CARTESIAN_POINT('', (-168.9671245, 33.74674205, 180.));
#7220 = CARTESIAN_POINT('', (-167.14809179, 38.88474789, 180.));
#7221 = CARTESIAN_POINT('', (-167.3875787, 33.5807251, 185.90016478));
#7222 = CARTESIAN_POINT('', (-165.56854599, 38.71873094, 185.90016478));
#7223 = CARTESIAN_POINT('', (-155.1182802, 32.29116986, 200.27094854));
#7224 = CARTESIAN_POINT('', (-153.29924749, 37.4291757, 200.27094854));
#7225 = CARTESIAN_POINT('', (-127.28260901, 29.36552293, 225.20020178));
#7226 = CARTESIAN_POINT('', (-125.46357631, 34.50352877, 225.20020178));
#7227 = CARTESIAN_POINT('', (-107.17567028, 27.25219851, 240.));
#7228 = CARTESIAN_POINT('', (-105.35663757, 32.39020435, 240.));
#7229 = B_SPLINE_SURFACE_WITH_KNOTS('', 2, 1, ((#7219, #7220), (#7221, #7222), (#7223, #7224), (#7225, #7226), (#7227, #7228)), .UNSPECIFIED., .F., .F., .F., (3, 1, 1, 3), (2, 2), (0., 0.13845353, 0.42664954, 1.), (0., 1.), .UNSPECIFIED.);
#7230 = CARTESIAN_POINT('', (-167.14809179, 38.88474789, 180.));
#7231 = CARTESIAN_POINT('', (-165.11822045, 44.0005937, 180.));
#7232 = CARTESIAN_POINT('', (-165.56854599, 38.71873094, 185.90016478));
#7233 = CARTESIAN_POINT('', (-163.53867464, 43.83457674, 185.90016478));
#7234 = CARTESIAN_POINT('', (-153.29924749, 37.4291757, 200.27094854));
#7235 = CARTESIAN_POINT('', (-151.26937614, 42.54502151, 200.27094854));
#7236 = CARTESIAN_POINT('', (-125.46357631, 34.50352877, 225.20020178));
#7237 = CARTESIAN_POINT('', (-123.43370496, 39.61937457, 225.20020178));
#7238 = CARTESIAN_POINT('', (-105.35663757, 32.39020435, 240.));
#7239 = CARTESIAN_POINT('', (-103.32676622, 37.50605015, 240.));
#7240 = B_SPLINE_SURFACE_WITH_KNOTS('', 2, 1, ((#7230, #7231), (#7232, #7233), (#7234, #7235), (#7236, #7237), (#7238, #7239)), .UNSPECIFIED., .F., .F., .F., (3, 1, 1, 3), (2, 2), (0., 0.13845353, 0.42664954, 1.), (0., 1.), .UNSPECIFIED.);
#7241 = CARTESIAN_POINT('', (-165.11822045, 44.0005937, 180.));
#7242 = CARTESIAN_POINT('', (-165.93038875, 39.82260092, 180.));
#7243 = CARTESIAN_POINT('', (-163.53867464, 43.83457674, 185.90016478));
#7244 = CARTESIAN_POINT('', (-164.35084295, 39.65658397, 185.90016478));
#7245 = CARTESIAN_POINT('', (-151.26937614, 42.54502151, 200.27094854));
#7246 = CARTESIAN_POINT('', (-152.08154445, 38.36702873, 200.27094854));
#7247 = CARTESIAN_POINT('', (-123.43370496, 39.61937457, 225.20020178));
#7248 = CARTESIAN_POINT('', (-124.24587327, 35.4413818, 225.20020178));
#7249 = CARTESIAN_POINT('', (-103.32676622, 37.50605015, 240.));
#7250 = CARTESIAN_POINT('', (-104.13893453, 33.32805738, 240.));
#7251 = B_SPLINE_SURFACE_WITH_KNOTS('', 2, 1, ((#7241, #7242), (#7243, #7244), (#7245, #7246), (#7247, #7248), (#7249, #7250)), .UNSPECIFIED., .F., .F., .F., (3, 1, 1, 3), (2, 2), (0., 0.13845353, 0.42664954, 1.), (0., 1.), .UNSPECIFIED.);
#7252 = CARTESIAN_POINT('', (-165.93038875, 39.82260092, 180.));
#7253 = CARTESIAN_POINT('', (-166.81140927, 32.45432847, 180.));
#7254 = CARTESIAN_POINT('', (-164.35084295, 39.65658397, 185.90016478));
#7255 = CARTESIAN_POINT('', (-165.23186347, 32.28831152, 185.90016478));
#7256 = CARTESIAN_POINT('', (-152.08154445, 38.36702873, 200.27094854));
#7257 = CARTESIAN_POINT('', (-152.96256497, 30.99875628, 200.27094854));
#7258 = CARTESIAN_POINT('', (-124.24587327, 35.4413818, 225.20020178));
#7259 = CARTESIAN_POINT('', (-125.12689378, 28.07310935, 225.20020178));
#7260 = CARTESIAN_POINT('', (-104.13893453, 33.32805738, 240.));
#7261 = CARTESIAN_POINT('', (-105.01995505, 25.95978493, 240.));
#7262 = B_SPLINE_SURFACE_WITH_KNOTS('', 2, 1, ((#7252, #7253), (#7254, #7255), (#7256, #7257), (#7258, #7259), (#7260, #7261)), .UNSPECIFIED., .F., .F., .F., (3, 1, 1, 3), (2, 2), (0., 0.13845353, 0.42664954, 1.), (0., 1.), .UNSPECIFIED.);
#7263 = CARTESIAN_POINT('', (-166.81140927, 32.45432847, 180.));
#7264 = CARTESIAN_POINT('', (-167.43426234, 23.99308276, 180.));
#7265 = CARTESIAN_POINT('', (-165.23186347, 32.28831152, 185.90016478));
#7266 = CARTESIAN_POINT('', (-165.85471654, 23.8270658, 185.90016478));
#7267 = CARTESIAN_POINT('', (-152.96256497, 30.99875628, 200.27094854));
#7268 = CARTESIAN_POINT('', (-153.58541803, 22.53751057, 200.27094854));
#7269 = CARTESIAN_POINT('', (-125.12689378, 28.07310935, 225.20020178));
#7270 = CARTESIAN_POINT('', (-125.74974685, 19.61186364, 225.20020178));
#7271 = CARTESIAN_POINT('', (-105.01995505, 25.95978493, 240.));
#7272 = CARTESIAN_POINT('', (-105.64280812, 17.49853922, 240.));
#7273 = B_SPLINE_SURFACE_WITH_KNOTS('', 2, 1, ((#7263, #7264), (#7265, #7266), (#7267, #7268), (#7269, #7270), (#7271, #7272)), .UNSPECIFIED., .F., .F., .F., (3, 1, 1, 3), (2, 2), (0., 0.13845353, 0.42664954, 1.), (0., 1.), .UNSPECIFIED.);
#7274 = CARTESIAN_POINT('', (-167.43426234, 23.99308276, 180.));
#7275 = CARTESIAN_POINT('', (-166.15418678, 16.39766996, 180.));
#7276 = CARTESIAN_POINT('', (-165.85471654, 23.8270658, 185.90016478));
#7277 = CARTESIAN_POINT('', (-164.57464098, 16.23165301, 185.90016478));
#7278 = CARTESIAN_POINT('', (-153.58541803, 22.53751057, 200.27094854));
#7279 = CARTESIAN_POINT('', (-152.30534247, 14.94209777, 200.27094854));
#7280 = CARTESIAN_POINT('', (-125.74974685, 19.61186364, 225.20020178));
#7281 = CARTESIAN_POINT('', (-124.46967129, 12.01645084, 225.20020178));
#7282 = CARTESIAN_POINT('', (-105.64280812, 17.49853922, 240.));
#7283 = CARTESIAN_POINT('', (-104.36273256, 9.90312642, 240.));
#7284 = B_SPLINE_SURFACE_WITH_KNOTS('', 2, 1, ((#7274, #7275), (#7276, #7277), (#7278, #7279), (#7280, #7281), (#7282, #7283)), .UNSPECIFIED., .F., .F., .F., (3, 1, 1, 3), (2, 2), (0., 0.13845353, 0.42664954, 1.), (0., 1.), .UNSPECIFIED.);
#7285 = CARTESIAN_POINT('', (-166.15418678, 16.39766996, 180.));
#7286 = CARTESIAN_POINT('', (-161.54802176, 9.51850985, 180.));
#7287 = CARTESIAN_POINT('', (-164.57464098, 16.23165301, 185.90016478));
#7288 = CARTESIAN_POINT('', (-159.96847596, 9.3524929, 185.90016478));
#7289 = CARTESIAN_POINT('', (-152.30534247, 14.94209777, 200.27094854));
#7290 = CARTESIAN_POINT('', (-147.69917745, 8.06293766, 200.27094854));
#7291 = CARTESIAN_POINT('', (-124.46967129, 12.01645084, 225.20020178));
#7292 = CARTESIAN_POINT('', (-119.86350627, 5.13729073, 225.20020178));
#7293 = CARTESIAN_POINT('', (-104.36273256, 9.90312642, 240.));
#7294 = CARTESIAN_POINT('', (-99.75656754, 3.02396631, 240.));
#7295 = B_SPLINE_SURFACE_WITH_KNOTS('', 2, 1, ((#7285, #7286), (#7287, #7288), (#7289, #7290), (#7291, #7292), (#7293, #7294)), .UNSPECIFIED., .F., .F., .F., (3, 1, 1, 3), (2, 2), (0., 0.13845353, 0.42664954, 1.), (0., 1.), .UNSPECIFIED.);
#7296 = CARTESIAN_POINT('', (-161.54802176, 9.51850985, 180.));
#7297 = CARTESIAN_POINT('', (-157.42700538, 0.55866337, 180.));
#7298 = CARTESIAN_POINT('', (-159.96847596, 9.3524929, 185.90016478));
#7299 = CARTESIAN_POINT('', (-155.84745958, 0.39264641, 185.90016478));
#7300 = CARTESIAN_POINT('', (-147.69917745, 8.06293766, 200.27094854));
#7301 = CARTESIAN_POINT('', (-143.57816108, -0.89690882, 200.27094854));
#7302 = CARTESIAN_POINT('', (-119.86350627, 5.13729073, 225.20020178));
#7303 = CARTESIAN_POINT('', (-115.7424899, -3.82255576, 225.20020178));
#7304 = CARTESIAN_POINT('', (-99.75656754, 3.02396631, 240.));
#7305 = CARTESIAN_POINT('', (-95.63555116, -5.93588018, 240.));
#7306 = B_SPLINE_SURFACE_WITH_KNOTS('', 2, 1, ((#7296, #7297), (#7298, #7299), (#7300, #7301), (#7302, #7303), (#7304, #7305)), .UNSPECIFIED., .F., .F., .F., (3, 1, 1, 3), (2, 2), (0., 0.13845353, 0.42664954, 1.), (0., 1.), .UNSPECIFIED.);
#7307 = CARTESIAN_POINT('', (-157.42700538, 0.55866337, 180.));
#7308 = CARTESIAN_POINT('', (-157.61203862, -4.75108274, 180.));
#7309 = CARTESIAN_POINT('', (-155.84745958, 0.39264641, 185.90016478));
#7310 = CARTESIAN_POINT('', (-156.03249281, -4.91709969, 185.90016478));
#7311 = CARTESIAN_POINT('', (-143.57816108, -0.89690882, 200.27094854));
#7312 = CARTESIAN_POINT('', (-143.76319431, -6.20665493, 200.27094854));
#7313 = CARTESIAN_POINT('', (-115.7424899, -3.82255576, 225.20020178));
#7314 = CARTESIAN_POINT('', (-115.92752313, -9.13230186, 225.20020178));
#7315 = CARTESIAN_POINT('', (-95.63555116, -5.93588018, 240.));
#7316 = CARTESIAN_POINT('', (-95.82058439, -11.24562628, 240.));
#7317 = B_SPLINE_SURFACE_WITH_KNOTS('', 2, 1, ((#7307, #7308), (#7309, #7310), (#7311, #7312), (#7313, #7314), (#7315, #7316)), .UNSPECIFIED., .F., .F., .F., (3, 1, 1, 3), (2, 2), (0., 0.13845353, 0.42664954, 1.), (0., 1.), .UNSPECIFIED.);
#7318 = CARTESIAN_POINT('', (-157.61203862, -4.75108274, 180.));
#7319 = CARTESIAN_POINT('', (-160.42179317, -7.65328196, 180.));
#7320 = CARTESIAN_POINT('', (-156.03249281, -4.91709969, 185.90016478));
#7321 = CARTESIAN_POINT('', (-158.84224737, -7.81929892, 185.90016478));
#7322 = CARTESIAN_POINT('', (-143.76319431, -6.20665493, 200.27094854));
#7323 = CARTESIAN_POINT('', (-146.57294887, -9.10885415, 200.27094854));
#7324 = CARTESIAN_POINT('', (-115.92752313, -9.13230186, 225.20020178));
#7325 = CARTESIAN_POINT('', (-118.73727768, -12.03450109, 225.20020178));
#7326 = CARTESIAN_POINT('', (-95.82058439, -11.24562628, 240.));
#7327 = CARTESIAN_POINT('', (-98.63033895, -14.14782551, 240.));
#7328 = B_SPLINE_SURFACE_WITH_KNOTS('', 2, 1, ((#7318, #7319), (#7320, #7321), (#7322, #7323), (#7324, #7325), (#7326, #7327)), .UNSPECIFIED., .F., .F., .F., (3, 1, 1, 3), (2, 2), (0., 0.13845353, 0.42664954, 1.), (0., 1.), .UNSPECIFIED.);
#7329 = CARTESIAN_POINT('', (-160.42179317, -7.65328196, 180.));
#7330 = CARTESIAN_POINT('', (-162.59096052, -9.02405145, 180.));
#7331 = CARTESIAN_POINT('', (-158.84224737, -7.81929892, 185.90016478));
#7332 = CARTESIAN_POINT('', (-161.01141472, -9.19006841, 185.90016478));
#7333 = CARTESIAN_POINT('', (-146.57294887, -9.10885415, 200.27094854));
#7334 = CARTESIAN_POINT('', (-148.74211622, -10.47962364, 200.27094854));
#7335 = CARTESIAN_POINT('', (-118.73727768, -12.03450109, 225.20020178));
#7336 = CARTESIAN_POINT('', (-120.90644504, -13.40527058, 225.20020178));
#7337 = CARTESIAN_POINT('', (-98.63033895, -14.14782551, 240.));
#7338 = CARTESIAN_POINT('', (-100.7995063, -15.518595, 240.));
#7339 = B_SPLINE_SURFACE_WITH_KNOTS('', 2, 1, ((#7329, #7330), (#7331, #7332), (#7333, #7334), (#7335, #7336), (#7337, #7338)), .UNSPECIFIED., .F., .F., .F., (3, 1, 1, 3), (2, 2), (0., 0.13845353, 0.42664954, 1.), (0., 1.), .UNSPECIFIED.);
#7340 = CARTESIAN_POINT('', (-162.59096052, -9.02405145, 180.));
#7341 = CARTESIAN_POINT('', (-163.80597314, -9.42926787, 180.));
#7342 = CARTESIAN_POINT('', (-161.01141472, -9.19006841, 185.90016478));
#7343 = CARTESIAN_POINT('', (-162.22642734, -9.59528482, 185.90016478));
#7344 = CARTESIAN_POINT('', (-148.74211622, -10.47962364, 200.27094854));
#7345 = CARTESIAN_POINT('', (-149.95712884, -10.88484006, 200.27094854));
#7346 = CARTESIAN_POINT('', (-120.90644504, -13.40527058, 225.20020178));
#7347 = CARTESIAN_POINT('', (-122.12145765, -13.81048699, 225.20020178));
#7348 = CARTESIAN_POINT('', (-100.7995063, -15.518595, 240.));
#7349 = CARTESIAN_POINT('', (-102.01451892, -15.92381141, 240.));
#7350 = B_SPLINE_SURFACE_WITH_KNOTS('', 2, 1, ((#7340, #7341), (#7342, #7343), (#7344, #7345), (#7346, #7347), (#7348, #7349)), .UNSPECIFIED., .F., .F., .F., (3, 1, 1, 3), (2, 2), (0., 0.13845353, 0.42664954, 1.), (0., 1.), .UNSPECIFIED.);
#7351 = CARTESIAN_POINT('', (-161.03596886, 16.92556236, 180.));
#7352 = DIRECTION('', (0., -0., 1.));
#7353 = AXIS2_PLACEMENT_3D('', #7351, #7352, $);
#7354 = PLANE('', #7353);
#7355 = CARTESIAN_POINT('', (-161.03596886, 16.92556236, 240.));
#7356 = DIRECTION('', (0., -0., 1.));
#7357 = AXIS2_PLACEMENT_3D('', #7355, #7356, $);
#7358 = PLANE('', #7357);
#7359 = CARTESIAN_POINT('', (-41.65106283, -158.70254218, 180.));
#7360 = CARTESIAN_POINT('', (-44.77341651, -160.50324551, 180.));
#7361 = CARTESIAN_POINT('', (-41.00506483, -157.25160691, 185.90016478));
#7362 = CARTESIAN_POINT('', (-44.12741851, -159.05231024, 185.90016478));
#7363 = CARTESIAN_POINT('', (-35.98720317, -145.9813051, 200.27094854));
#7364 = CARTESIAN_POINT('', (-39.10955686, -147.78200843, 200.27094854));
#7365 = CARTESIAN_POINT('', (-24.60305215, -120.41208326, 225.20020178));
#7366 = CARTESIAN_POINT('', (-27.72540583, -122.21278659, 225.20020178));
#7367 = CARTESIAN_POINT('', (-16.37977541, -101.94230131, 240.));
#7368 = CARTESIAN_POINT('', (-19.5021291, -103.74300464, 240.));
#7369 = B_SPLINE_SURFACE_WITH_KNOTS('', 2, 1, ((#7359, #7360), (#7361, #7362), (#7363, #7364), (#7365, #7366), (#7367, #7368)), .UNSPECIFIED., .F., .F., .F., (3, 1, 1, 3), (2, 2), (0., 0.13845353, 0.42664954, 1.), (0., 1.), .UNSPECIFIED.);
#7370 = CARTESIAN_POINT('', (-44.77341651, -160.50324551, 180.));
#7371 = CARTESIAN_POINT('', (-48.56232979, -161.19495726, 180.));
#7372 = CARTESIAN_POINT('', (-44.12741851, -159.05231024, 185.90016478));
#7373 = CARTESIAN_POINT('', (-47.91633179, -159.74402199, 185.90016478));
#7374 = CARTESIAN_POINT('', (-39.10955686, -147.78200843, 200.27094854));
#7375 = CARTESIAN_POINT('', (-42.89847014, -148.47372018, 200.27094854));
#7376 = CARTESIAN_POINT('', (-27.72540583, -122.21278659, 225.20020178));
#7377 = CARTESIAN_POINT('', (-31.51431911, -122.90449834, 225.20020178));
#7378 = CARTESIAN_POINT('', (-19.5021291, -103.74300464, 240.));
#7379 = CARTESIAN_POINT('', (-23.29104238, -104.43471639, 240.));
#7380 = B_SPLINE_SURFACE_WITH_KNOTS('', 2, 1, ((#7370, #7371), (#7372, #7373), (#7374, #7375), (#7376, #7377), (#7378, #7379)), .UNSPECIFIED., .F., .F., .F., (3, 1, 1, 3), (2, 2), (0., 0.13845353, 0.42664954, 1.), (0., 1.), .UNSPECIFIED.);
#7381 = CARTESIAN_POINT('', (-48.56232979, -161.19495726, 180.));
#7382 = CARTESIAN_POINT('', (-57.4202373, -161.54432623, 180.));
#7383 = CARTESIAN_POINT('', (-47.91633179, -159.74402199, 185.90016478));
#7384 = CARTESIAN_POINT('', (-56.7742393, -160.09339096, 185.90016478));
#7385 = CARTESIAN_POINT('', (-42.89847014, -148.47372018, 200.27094854));
#7386 = CARTESIAN_POINT('', (-51.75637764, -148.82308916, 200.27094854));
#7387 = CARTESIAN_POINT('', (-31.51431911, -122.90449834, 225.20020178));
#7388 = CARTESIAN_POINT('', (-40.37222661, -123.25386731, 225.20020178));
#7389 = CARTESIAN_POINT('', (-23.29104238, -104.43471639, 240.));
#7390 = CARTESIAN_POINT('', (-32.14894988, -104.78408537, 240.));
#7391 = B_SPLINE_SURFACE_WITH_KNOTS('', 2, 1, ((#7381, #7382), (#7383, #7384), (#7385, #7386), (#7387, #7388), (#7389, #7390)), .UNSPECIFIED., .F., .F., .F., (3, 1, 1, 3), (2, 2), (0., 0.13845353, 0.42664954, 1.), (0., 1.), .UNSPECIFIED.);
#7392 = CARTESIAN_POINT('', (-57.4202373, -161.54432623, 180.));
#7393 = CARTESIAN_POINT('', (-70.36543925, -158.04336417, 180.));
#7394 = CARTESIAN_POINT('', (-56.7742393, -160.09339096, 185.90016478));
#7395 = CARTESIAN_POINT('', (-69.71944125, -156.5924289, 185.90016478));
#7396 = CARTESIAN_POINT('', (-51.75637764, -148.82308916, 200.27094854));
#7397 = CARTESIAN_POINT('', (-64.70157959, -145.3221271, 200.27094854));
#7398 = CARTESIAN_POINT('', (-40.37222661, -123.25386731, 225.20020178));
#7399 = CARTESIAN_POINT('', (-53.31742857, -119.75290525, 225.20020178));
#7400 = CARTESIAN_POINT('', (-32.14894988, -104.78408537, 240.));
#7401 = CARTESIAN_POINT('', (-45.09415183, -101.28312331, 240.));
#7402 = B_SPLINE_SURFACE_WITH_KNOTS('', 2, 1, ((#7392, #7393), (#7394, #7395), (#7396, #7397), (#7398, #7399), (#7400, #7401)), .UNSPECIFIED., .F., .F., .F., (3, 1, 1, 3), (2, 2), (0., 0.13845353, 0.42664954, 1.), (0., 1.), .UNSPECIFIED.);
#7403 = CARTESIAN_POINT('', (-70.36543925, -158.04336417, 180.));
#7404 = CARTESIAN_POINT('', (-77.54189747, -154.61613622, 180.));
#7405 = CARTESIAN_POINT('', (-69.71944125, -156.5924289, 185.90016478));
#7406 = CARTESIAN_POINT('', (-76.89589947, -153.16520095, 185.90016478));
#7407 = CARTESIAN_POINT('', (-64.70157959, -145.3221271, 200.27094854));
#7408 = CARTESIAN_POINT('', (-71.87803781, -141.89489915, 200.27094854));
#7409 = CARTESIAN_POINT('', (-53.31742857, -119.75290525, 225.20020178));
#7410 = CARTESIAN_POINT('', (-60.49388679, -116.3256773, 225.20020178));
#7411 = CARTESIAN_POINT('', (-45.09415183, -101.28312331, 240.));
#7412 = CARTESIAN_POINT('', (-52.27061005, -97.85589536, 240.));
#7413 = B_SPLINE_SURFACE_WITH_KNOTS('', 2, 1, ((#7403, #7404), (#7405, #7406), (#7407, #7408), (#7409, #7410), (#7411, #7412)), .UNSPECIFIED., .F., .F., .F., (3, 1, 1, 3), (2, 2), (0., 0.13845353, 0.42664954, 1.), (0., 1.), .UNSPECIFIED.);
#7414 = CARTESIAN_POINT('', (-77.54189747, -154.61613622, 180.));
#7415 = CARTESIAN_POINT('', (-84.30877189, -150.268968, 180.));
#7416 = CARTESIAN_POINT('', (-76.89589947, -153.16520095, 185.90016478));
#7417 = CARTESIAN_POINT('', (-83.66277389, -148.81803273, 185.90016478));
#7418 = CARTESIAN_POINT('', (-71.87803781, -141.89489915, 200.27094854));
#7419 = CARTESIAN_POINT('', (-78.64491223, -137.54773092, 200.27094854));
#7420 = CARTESIAN_POINT('', (-60.49388679, -116.3256773, 225.20020178));
#7421 = CARTESIAN_POINT('', (-67.26076121, -111.97850908, 225.20020178));
#7422 = CARTESIAN_POINT('', (-52.27061005, -97.85589536, 240.));
#7423 = CARTESIAN_POINT('', (-59.03748447, -93.50872713, 240.));
#7424 = B_SPLINE_SURFACE_WITH_KNOTS('', 2, 1, ((#7414, #7415), (#7416, #7417), (#7418, #7419), (#7420, #7421), (#7422, #7423)), .UNSPECIFIED., .F., .F., .F., (3, 1, 1, 3), (2, 2), (0., 0.13845353, 0.42664954, 1.), (0., 1.), .UNSPECIFIED.);
#7425 = CARTESIAN_POINT('', (-84.30877189, -150.268968, 180.));
#7426 = CARTESIAN_POINT('', (-88.63319381, -146.95123397, 180.));
#7427 = CARTESIAN_POINT('', (-83.66277389, -148.81803273, 185.90016478));
#7428 = CARTESIAN_POINT('', (-87.98719581, -145.5002987, 185.90016478));
#7429 = CARTESIAN_POINT('', (-78.64491223, -137.54773092, 200.27094854));
#7430 = CARTESIAN_POINT('', (-82.96933415, -134.22999689, 200.27094854));
#7431 = CARTESIAN_POINT('', (-67.26076121, -111.97850908, 225.20020178));
#7432 = CARTESIAN_POINT('', (-71.58518312, -108.66077505, 225.20020178));
#7433 = CARTESIAN_POINT('', (-59.03748447, -93.50872713, 240.));
#7434 = CARTESIAN_POINT('', (-63.36190639, -90.1909931, 240.));
#7435 = B_SPLINE_SURFACE_WITH_KNOTS('', 2, 1, ((#7425, #7426), (#7427, #7428), (#7429, #7430), (#7431, #7432), (#7433, #7434)), .UNSPECIFIED., .F., .F., .F., (3, 1, 1, 3), (2, 2), (0., 0.13845353, 0.42664954, 1.), (0., 1.), .UNSPECIFIED.);
#7436 = CARTESIAN_POINT('', (-88.63319381, -146.95123397, 180.));
#7437 = CARTESIAN_POINT('', (-92.87138756, -143.4398283, 180.));
#7438 = CARTESIAN_POINT('', (-87.98719581, -145.5002987, 185.90016478));
#7439 = CARTESIAN_POINT('', (-92.22538955, -141.98889303, 185.90016478));
#7440 = CARTESIAN_POINT('', (-82.96933415, -134.22999689, 200.27094854));
#7441 = CARTESIAN_POINT('', (-87.2075279, -130.71859122, 200.27094854));
#7442 = CARTESIAN_POINT('', (-71.58518312, -108.66077505, 225.20020178));
#7443 = CARTESIAN_POINT('', (-75.82337687, -105.14936938, 225.20020178));
#7444 = CARTESIAN_POINT('', (-63.36190639, -90.1909931, 240.));
#7445 = CARTESIAN_POINT('', (-67.60010014, -86.67958743, 240.));
#7446 = B_SPLINE_SURFACE_WITH_KNOTS('', 2, 1, ((#7436, #7437), (#7438, #7439), (#7440, #7441), (#7442, #7443), (#7444, #7445)), .UNSPECIFIED., .F., .F., .F., (3, 1, 1, 3), (2, 2), (0., 0.13845353, 0.42664954, 1.), (0., 1.), .UNSPECIFIED.);
#7447 = CARTESIAN_POINT('', (-92.87138756, -143.4398283, 180.));
#7448 = CARTESIAN_POINT('', (-89.14885411, -145.50331703, 180.));
#7449 = CARTESIAN_POINT('', (-92.22538955, -141.98889303, 185.90016478));
#7450 = CARTESIAN_POINT('', (-88.50285611, -144.05238176, 185.90016478));
#7451 = CARTESIAN_POINT('', (-87.2075279, -130.71859122, 200.27094854));
#7452 = CARTESIAN_POINT('', (-83.48499445, -132.78207996, 200.27094854));
#7453 = CARTESIAN_POINT('', (-75.82337687, -105.14936938, 225.20020178));
#7454 = CARTESIAN_POINT('', (-72.10084343, -107.21285811, 225.20020178));
#7455 = CARTESIAN_POINT('', (-67.60010014, -86.67958743, 240.));
#7456 = CARTESIAN_POINT('', (-63.87756669, -88.74307617, 240.));
#7457 = B_SPLINE_SURFACE_WITH_KNOTS('', 2, 1, ((#7447, #7448), (#7449, #7450), (#7451, #7452), (#7453, #7454), (#7455, #7456)), .UNSPECIFIED., .F., .F., .F., (3, 1, 1, 3), (2, 2), (0., 0.13845353, 0.42664954, 1.), (0., 1.), .UNSPECIFIED.);
#7458 = CARTESIAN_POINT('', (-89.14885411, -145.50331703, 180.));
#7459 = CARTESIAN_POINT('', (-82.4134609, -148.61813874, 180.));
#7460 = CARTESIAN_POINT('', (-88.50285611, -144.05238176, 185.90016478));
#7461 = CARTESIAN_POINT('', (-81.7674629, -147.16720347, 185.90016478));
#7462 = CARTESIAN_POINT('', (-83.48499445, -132.78207996, 200.27094854));
#7463 = CARTESIAN_POINT('', (-76.74960124, -135.89690167, 200.27094854));
#7464 = CARTESIAN_POINT('', (-72.10084343, -107.21285811, 225.20020178));
#7465 = CARTESIAN_POINT('', (-65.36545021, -110.32767982, 225.20020178));
#7466 = CARTESIAN_POINT('', (-63.87756669, -88.74307617, 240.));
#7467 = CARTESIAN_POINT('', (-57.14217348, -91.85789788, 240.));
#7468 = B_SPLINE_SURFACE_WITH_KNOTS('', 2, 1, ((#7458, #7459), (#7460, #7461), (#7462, #7463), (#7464, #7465), (#7466, #7467)), .UNSPECIFIED., .F., .F., .F., (3, 1, 1, 3), (2, 2), (0., 0.13845353, 0.42664954, 1.), (0., 1.), .UNSPECIFIED.);
#7469 = CARTESIAN_POINT('', (-82.4134609, -148.61813874, 180.));
#7470 = CARTESIAN_POINT('', (-74.55881021, -151.82517593, 180.));
#7471 = CARTESIAN_POINT('', (-81.7674629, -147.16720347, 185.90016478));
#7472 = CARTESIAN_POINT('', (-73.9128122, -150.37424066, 185.90016478));
#7473 = CARTESIAN_POINT('', (-76.74960124, -135.89690167, 200.27094854));
#7474 = CARTESIAN_POINT('', (-68.89495055, -139.10393885, 200.27094854));
#7475 = CARTESIAN_POINT('', (-65.36545021, -110.32767982, 225.20020178));
#7476 = CARTESIAN_POINT('', (-57.51079952, -113.53471701, 225.20020178));
#7477 = CARTESIAN_POINT('', (-57.14217348, -91.85789788, 240.));
#7478 = CARTESIAN_POINT('', (-49.28752279, -95.06493506, 240.));
#7479 = B_SPLINE_SURFACE_WITH_KNOTS('', 2, 1, ((#7469, #7470), (#7471, #7472), (#7473, #7474), (#7475, #7476), (#7477, #7478)), .UNSPECIFIED., .F., .F., .F., (3, 1, 1, 3), (2, 2), (0., 0.13845353, 0.42664954, 1.), (0., 1.), .UNSPECIFIED.);
#7480 = CARTESIAN_POINT('', (-74.55881021, -151.82517593, 180.));
#7481 = CARTESIAN_POINT('', (-66.93957827, -152.95486336, 180.));
#7482 = CARTESIAN_POINT('', (-73.9128122, -150.37424066, 185.90016478));
#7483 = CARTESIAN_POINT('', (-66.29358027, -151.50392809, 185.90016478));
#7484 = CARTESIAN_POINT('', (-68.89495055, -139.10393885, 200.27094854));
#7485 = CARTESIAN_POINT('', (-61.27571861, -140.23362628, 200.27094854));
#7486 = CARTESIAN_POINT('', (-57.51079952, -113.53471701, 225.20020178));
#7487 = CARTESIAN_POINT('', (-49.89156759, -114.66440444, 225.20020178));
#7488 = CARTESIAN_POINT('', (-49.28752279, -95.06493506, 240.));
#7489 = CARTESIAN_POINT('', (-41.66829085, -96.19462249, 240.));
#7490 = B_SPLINE_SURFACE_WITH_KNOTS('', 2, 1, ((#7480, #7481), (#7482, #7483), (#7484, #7485), (#7486, #7487), (#7488, #7489)), .UNSPECIFIED., .F., .F., .F., (3, 1, 1, 3), (2, 2), (0., 0.13845353, 0.42664954, 1.), (0., 1.), .UNSPECIFIED.);
#7491 = CARTESIAN_POINT('', (-66.93957827, -152.95486336, 180.));
#7492 = CARTESIAN_POINT('', (-58.97372495, -150.69991748, 180.));
#7493 = CARTESIAN_POINT('', (-66.29358027, -151.50392809, 185.90016478));
#7494 = CARTESIAN_POINT('', (-58.32772695, -149.24898222, 185.90016478));
#7495 = CARTESIAN_POINT('', (-61.27571861, -140.23362628, 200.27094854));
#7496 = CARTESIAN_POINT('', (-53.30986529, -137.97868041, 200.27094854));
#7497 = CARTESIAN_POINT('', (-49.89156759, -114.66440444, 225.20020178));
#7498 = CARTESIAN_POINT('', (-41.92571427, -112.40945857, 225.20020178));
#7499 = CARTESIAN_POINT('', (-41.66829085, -96.19462249, 240.));
#7500 = CARTESIAN_POINT('', (-33.70243753, -93.93967662, 240.));
#7501 = B_SPLINE_SURFACE_WITH_KNOTS('', 2, 1, ((#7491, #7492), (#7493, #7494), (#7495, #7496), (#7497, #7498), (#7499, #7500)), .UNSPECIFIED., .F., .F., .F., (3, 1, 1, 3), (2, 2), (0., 0.13845353, 0.42664954, 1.), (0., 1.), .UNSPECIFIED.);
#7502 = CARTESIAN_POINT('', (-58.97372495, -150.69991748, 180.));
#7503 = CARTESIAN_POINT('', (-49.17894047, -149.54934284, 180.));
#7504 = CARTESIAN_POINT('', (-58.32772695, -149.24898222, 185.90016478));
#7505 = CARTESIAN_POINT('', (-48.53294247, -148.09840757, 185.90016478));
#7506 = CARTESIAN_POINT('', (-53.30986529, -137.97868041, 200.27094854));
#7507 = CARTESIAN_POINT('', (-43.51508081, -136.82810576, 200.27094854));
#7508 = CARTESIAN_POINT('', (-41.92571427, -112.40945857, 225.20020178));
#7509 = CARTESIAN_POINT('', (-32.13092979, -111.25888392, 225.20020178));
#7510 = CARTESIAN_POINT('', (-33.70243753, -93.93967662, 240.));
#7511 = CARTESIAN_POINT('', (-23.90765305, -92.78910197, 240.));
#7512 = B_SPLINE_SURFACE_WITH_KNOTS('', 2, 1, ((#7502, #7503), (#7504, #7505), (#7506, #7507), (#7508, #7509), (#7510, #7511)), .UNSPECIFIED., .F., .F., .F., (3, 1, 1, 3), (2, 2), (0., 0.13845353, 0.42664954, 1.), (0., 1.), .UNSPECIFIED.);
#7513 = CARTESIAN_POINT('', (-49.17894047, -149.54934284, 180.));
#7514 = CARTESIAN_POINT('', (-44.18625025, -151.36612168, 180.));
#7515 = CARTESIAN_POINT('', (-48.53294247, -148.09840757, 185.90016478));
#7516 = CARTESIAN_POINT('', (-43.54025225, -149.91518641, 185.90016478));
#7517 = CARTESIAN_POINT('', (-43.51508081, -136.82810576, 200.27094854));
#7518 = CARTESIAN_POINT('', (-38.52239059, -138.64488461, 200.27094854));
#7519 = CARTESIAN_POINT('', (-32.13092979, -111.25888392, 225.20020178));
#7520 = CARTESIAN_POINT('', (-27.13823957, -113.07566276, 225.20020178));
#7521 = CARTESIAN_POINT('', (-23.90765305, -92.78910197, 240.));
#7522 = CARTESIAN_POINT('', (-18.91496283, -94.60588082, 240.));
#7523 = B_SPLINE_SURFACE_WITH_KNOTS('', 2, 1, ((#7513, #7514), (#7515, #7516), (#7517, #7518), (#7519, #7520), (#7521, #7522)), .UNSPECIFIED., .F., .F., .F., (3, 1, 1, 3), (2, 2), (0., 0.13845353, 0.42664954, 1.), (0., 1.), .UNSPECIFIED.);
#7524 = CARTESIAN_POINT('', (-44.18625025, -151.36612168, 180.));
#7525 = CARTESIAN_POINT('', (-42.29435667, -154.93518594, 180.));
#7526 = CARTESIAN_POINT('', (-43.54025225, -149.91518641, 185.90016478));
#7527 = CARTESIAN_POINT('', (-41.64835867, -153.48425067, 185.90016478));
#7528 = CARTESIAN_POINT('', (-38.52239059, -138.64488461, 200.27094854));
#7529 = CARTESIAN_POINT('', (-36.63049702, -142.21394887, 200.27094854));
#7530 = CARTESIAN_POINT('', (-27.13823957, -113.07566276, 225.20020178));
#7531 = CARTESIAN_POINT('', (-25.24634599, -116.64472702, 225.20020178));
#7532 = CARTESIAN_POINT('', (-18.91496283, -94.60588082, 240.));
#7533 = CARTESIAN_POINT('', (-17.02306926, -98.17494508, 240.));
#7534 = B_SPLINE_SURFACE_WITH_KNOTS('', 2, 1, ((#7524, #7525), (#7526, #7527), (#7528, #7529), (#7530, #7531), (#7532, #7533)), .UNSPECIFIED., .F., .F., .F., (3, 1, 1, 3), (2, 2), (0., 0.13845353, 0.42664954, 1.), (0., 1.), .UNSPECIFIED.);
#7535 = CARTESIAN_POINT('', (-42.29435667, -154.93518594, 180.));
#7536 = CARTESIAN_POINT('', (-41.660987, -157.42177775, 180.));
#7537 = CARTESIAN_POINT('', (-41.64835867, -153.48425067, 185.90016478));
#7538 = CARTESIAN_POINT('', (-41.01498899, -155.97084249, 185.90016478));
#7539 = CARTESIAN_POINT('', (-36.63049702, -142.21394887, 200.27094854));
#7540 = CARTESIAN_POINT('', (-35.99712734, -144.70054068, 200.27094854));
#7541 = CARTESIAN_POINT('', (-25.24634599, -116.64472702, 225.20020178));
#7542 = CARTESIAN_POINT('', (-24.61297631, -119.13131884, 225.20020178));
#7543 = CARTESIAN_POINT('', (-17.02306926, -98.17494508, 240.));
#7544 = CARTESIAN_POINT('', (-16.38969958, -100.66153689, 240.));
#7545 = B_SPLINE_SURFACE_WITH_KNOTS('', 2, 1, ((#7535, #7536), (#7537, #7538), (#7539, #7540), (#7541, #7542), (#7543, #7544)), .UNSPECIFIED., .F., .F., .F., (3, 1, 1, 3), (2, 2), (0., 0.13845353, 0.42664954, 1.), (0., 1.), .UNSPECIFIED.);
#7546 = CARTESIAN_POINT('', (-41.660987, -157.42177775, 180.));
#7547 = CARTESIAN_POINT('', (-41.65106283, -158.70254218, 180.));
#7548 = CARTESIAN_POINT('', (-41.01498899, -155.97084249, 185.90016478));
#7549 = CARTESIAN_POINT('', (-41.00506483, -157.25160691, 185.90016478));
#7550 = CARTESIAN_POINT('', (-35.99712734, -144.70054068, 200.27094854));
#7551 = CARTESIAN_POINT('', (-35.98720317, -145.9813051, 200.27094854));
#7552 = CARTESIAN_POINT('', (-24.61297631, -119.13131884, 225.20020178));
#7553 = CARTESIAN_POINT('', (-24.60305215, -120.41208326, 225.20020178));
#7554 = CARTESIAN_POINT('', (-16.38969958, -100.66153689, 240.));
#7555 = CARTESIAN_POINT('', (-16.37977541, -101.94230131, 240.));
#7556 = B_SPLINE_SURFACE_WITH_KNOTS('', 2, 1, ((#7546, #7547), (#7548, #7549), (#7550, #7551), (#7552, #7553), (#7554, #7555)), .UNSPECIFIED., .F., .F., .F., (3, 1, 1, 3), (2, 2), (0., 0.13845353, 0.42664954, 1.), (0., 1.), .UNSPECIFIED.);
#7557 = CARTESIAN_POINT('', (-65.86001746, -147.92402114, 180.));
#7558 = DIRECTION('', (0., 0., 1.));
#7559 = AXIS2_PLACEMENT_3D('', #7557, #7558, $);
#7560 = PLANE('', #7559);
#7561 = CARTESIAN_POINT('', (-65.86001746, -147.92402114, 240.));
#7562 = DIRECTION('', (0., 0., 1.));
#7563 = AXIS2_PLACEMENT_3D('', #7561, #7562, $);
#7564 = PLANE('', #7563);
#7565 = CARTESIAN_POINT('', (138.06420064, -88.6542973, 180.));
#7566 = CARTESIAN_POINT('', (138.81191093, -92.18028005, 180.));
#7567 = CARTESIAN_POINT('', (136.88390356, -87.59155303, 185.90016478));
#7568 = CARTESIAN_POINT('', (137.63161384, -91.11753578, 185.90016478));
#7569 = CARTESIAN_POINT('', (127.71581412, -79.33656822, 200.27094854));
#7570 = CARTESIAN_POINT('', (128.4635244, -82.86255096, 200.27094854));
#7571 = CARTESIAN_POINT('', (106.9159352, -60.60827312, 225.20020178));
#7572 = CARTESIAN_POINT('', (107.66364548, -64.13425587, 225.20020178));
#7573 = CARTESIAN_POINT('', (91.89126099, -47.07999569, 240.));
#7574 = CARTESIAN_POINT('', (92.63897127, -50.60597844, 240.));
#7575 = B_SPLINE_SURFACE_WITH_KNOTS('', 2, 1, ((#7565, #7566), (#7567, #7568), (#7569, #7570), (#7571, #7572), (#7573, #7574)), .UNSPECIFIED., .F., .F., .F., (3, 1, 1, 3), (2, 2), (0., 0.13845353, 0.42664954, 1.), (0., 1.), .UNSPECIFIED.);
#7576 = CARTESIAN_POINT('', (138.81191093, -92.18028005, 180.));
#7577 = CARTESIAN_POINT('', (138.2989293, -95.9975014, 180.));
#7578 = CARTESIAN_POINT('', (137.63161384, -91.11753578, 185.90016478));
#7579 = CARTESIAN_POINT('', (137.11863222, -94.93475713, 185.90016478));
#7580 = CARTESIAN_POINT('', (128.4635244, -82.86255096, 200.27094854));
#7581 = CARTESIAN_POINT('', (127.95054277, -86.67977232, 200.27094854));
#7582 = CARTESIAN_POINT('', (107.66364548, -64.13425587, 225.20020178));
#7583 = CARTESIAN_POINT('', (107.15066386, -67.95147722, 225.20020178));
#7584 = CARTESIAN_POINT('', (92.63897127, -50.60597844, 240.));
#7585 = CARTESIAN_POINT('', (92.12598964, -54.42319979, 240.));
#7586 = B_SPLINE_SURFACE_WITH_KNOTS('', 2, 1, ((#7576, #7577), (#7578, #7579), (#7580, #7581), (#7582, #7583), (#7584, #7585)), .UNSPECIFIED., .F., .F., .F., (3, 1, 1, 3), (2, 2), (0., 0.13845353, 0.42664954, 1.), (0., 1.), .UNSPECIFIED.);
#7587 = CARTESIAN_POINT('', (138.2989293, -95.9975014, 180.));
#7588 = CARTESIAN_POINT('', (135.89395499, -104.529833, 180.));
#7589 = CARTESIAN_POINT('', (137.11863222, -94.93475713, 185.90016478));
#7590 = CARTESIAN_POINT('', (134.71365791, -103.46708873, 185.90016478));
#7591 = CARTESIAN_POINT('', (127.95054277, -86.67977232, 200.27094854));
#7592 = CARTESIAN_POINT('', (125.54556846, -95.21210392, 200.27094854));
#7593 = CARTESIAN_POINT('', (107.15066386, -67.95147722, 225.20020178));
#7594 = CARTESIAN_POINT('', (104.74568954, -76.48380882, 225.20020178));
#7595 = CARTESIAN_POINT('', (92.12598964, -54.42319979, 240.));
#7596 = CARTESIAN_POINT('', (89.72101533, -62.95553139, 240.));
#7597 = B_SPLINE_SURFACE_WITH_KNOTS('', 2, 1, ((#7587, #7588), (#7589, #7590), (#7591, #7592), (#7593, #7594), (#7595, #7596)), .UNSPECIFIED., .F., .F., .F., (3, 1, 1, 3), (2, 2), (0., 0.13845353, 0.42664954, 1.), (0., 1.), .UNSPECIFIED.);
#7598 = CARTESIAN_POINT('', (135.89395499, -104.529833, 180.));
#7599 = CARTESIAN_POINT('', (128.56405481, -115.7595949, 180.));
#7600 = CARTESIAN_POINT('', (134.71365791, -103.46708873, 185.90016478));
#7601 = CARTESIAN_POINT('', (127.38375773, -114.69685064, 185.90016478));
#7602 = CARTESIAN_POINT('', (125.54556846, -95.21210392, 200.27094854));
#7603 = CARTESIAN_POINT('', (118.21566828, -106.44186582, 200.27094854));
#7604 = CARTESIAN_POINT('', (104.74568954, -76.48380882, 225.20020178));
#7605 = CARTESIAN_POINT('', (97.41578936, -87.71357072, 225.20020178));
#7606 = CARTESIAN_POINT('', (89.72101533, -62.95553139, 240.));
#7607 = CARTESIAN_POINT('', (82.39111515, -74.18529329, 240.));
#7608 = B_SPLINE_SURFACE_WITH_KNOTS('', 2, 1, ((#7598, #7599), (#7600, #7601), (#7602, #7603), (#7604, #7605), (#7606, #7607)), .UNSPECIFIED., .F., .F., .F., (3, 1, 1, 3), (2, 2), (0., 0.13845353, 0.42664954, 1.), (0., 1.), .UNSPECIFIED.);
#7609 = CARTESIAN_POINT('', (128.56405481, -115.7595949, 180.));
#7610 = CARTESIAN_POINT('', (123.08691978, -121.52574057, 180.));
#7611 = CARTESIAN_POINT('', (127.38375773, -114.69685064, 185.90016478));
#7612 = CARTESIAN_POINT('', (121.9066227, -120.46299631, 185.90016478));
#7613 = CARTESIAN_POINT('', (118.21566828, -106.44186582, 200.27094854));
#7614 = CARTESIAN_POINT('', (112.73853326, -112.20801149, 200.27094854));
#7615 = CARTESIAN_POINT('', (97.41578936, -87.71357072, 225.20020178));
#7616 = CARTESIAN_POINT('', (91.93865434, -93.4797164, 225.20020178));
#7617 = CARTESIAN_POINT('', (82.39111515, -74.18529329, 240.));
#7618 = CARTESIAN_POINT('', (76.91398012, -79.95143897, 240.));
#7619 = B_SPLINE_SURFACE_WITH_KNOTS('', 2, 1, ((#7609, #7610), (#7611, #7612), (#7613, #7614), (#7615, #7616), (#7617, #7618)), .UNSPECIFIED., .F., .F., .F., (3, 1, 1, 3), (2, 2), (0., 0.13845353, 0.42664954, 1.), (0., 1.), .UNSPECIFIED.);
#7620 = CARTESIAN_POINT('', (123.08691978, -121.52574057, 180.));
#7621 = CARTESIAN_POINT('', (116.86143792, -126.61807173, 180.));
#7622 = CARTESIAN_POINT('', (121.9066227, -120.46299631, 185.90016478));
#7623 = CARTESIAN_POINT('', (115.68114084, -125.55532746, 185.90016478));
#7624 = CARTESIAN_POINT('', (112.73853326, -112.20801149, 200.27094854));
#7625 = CARTESIAN_POINT('', (106.51305139, -117.30034265, 200.27094854));
#7626 = CARTESIAN_POINT('', (91.93865434, -93.4797164, 225.20020178));
#7627 = CARTESIAN_POINT('', (85.71317248, -98.57204755, 225.20020178));
#7628 = CARTESIAN_POINT('', (76.91398012, -79.95143897, 240.));
#7629 = CARTESIAN_POINT('', (70.68849826, -85.04377012, 240.));
#7630 = B_SPLINE_SURFACE_WITH_KNOTS('', 2, 1, ((#7620, #7621), (#7622, #7623), (#7624, #7625), (#7626, #7627), (#7628, #7629)), .UNSPECIFIED., .F., .F., .F., (3, 1, 1, 3), (2, 2), (0., 0.13845353, 0.42664954, 1.), (0., 1.), .UNSPECIFIED.);
#7631 = CARTESIAN_POINT('', (116.86143792, -126.61807173, 180.));
#7632 = CARTESIAN_POINT('', (112.36976549, -129.70560517, 180.));
#7633 = CARTESIAN_POINT('', (115.68114084, -125.55532746, 185.90016478));
#7634 = CARTESIAN_POINT('', (111.18946841, -128.64286091, 185.90016478));
#7635 = CARTESIAN_POINT('', (106.51305139, -117.30034265, 200.27094854));
#7636 = CARTESIAN_POINT('', (102.02137896, -120.38787609, 200.27094854));
#7637 = CARTESIAN_POINT('', (85.71317248, -98.57204755, 225.20020178));
#7638 = CARTESIAN_POINT('', (81.22150005, -101.65958099, 225.20020178));
#7639 = CARTESIAN_POINT('', (70.68849826, -85.04377012, 240.));
#7640 = CARTESIAN_POINT('', (66.19682583, -88.13130357, 240.));
#7641 = B_SPLINE_SURFACE_WITH_KNOTS('', 2, 1, ((#7631, #7632), (#7633, #7634), (#7635, #7636), (#7637, #7638), (#7639, #7640)), .UNSPECIFIED., .F., .F., .F., (3, 1, 1, 3), (2, 2), (0., 0.13845353, 0.42664954, 1.), (0., 1.), .UNSPECIFIED.);
#7642 = CARTESIAN_POINT('', (112.36976549, -129.70560517, 180.));
#7643 = CARTESIAN_POINT('', (107.72054635, -132.65128293, 180.));
#7644 = CARTESIAN_POINT('', (111.18946841, -128.64286091, 185.90016478));
#7645 = CARTESIAN_POINT('', (106.54024927, -131.58853866, 185.90016478));
#7646 = CARTESIAN_POINT('', (102.02137896, -120.38787609, 200.27094854));
#7647 = CARTESIAN_POINT('', (97.37215983, -123.33355384, 200.27094854));
#7648 = CARTESIAN_POINT('', (81.22150005, -101.65958099, 225.20020178));
#7649 = CARTESIAN_POINT('', (76.57228091, -104.60525875, 225.20020178));
#7650 = CARTESIAN_POINT('', (66.19682583, -88.13130357, 240.));
#7651 = CARTESIAN_POINT('', (61.5476067, -91.07698132, 240.));
#7652 = B_SPLINE_SURFACE_WITH_KNOTS('', 2, 1, ((#7642, #7643), (#7644, #7645), (#7646, #7647), (#7648, #7649), (#7650, #7651)), .UNSPECIFIED., .F., .F., .F., (3, 1, 1, 3), (2, 2), (0., 0.13845353, 0.42664954, 1.), (0., 1.), .UNSPECIFIED.);
#7653 = CARTESIAN_POINT('', (107.72054635, -132.65128293, 180.));
#7654 = CARTESIAN_POINT('', (110.83336686, -129.74859632, 180.));
#7655 = CARTESIAN_POINT('', (106.54024927, -131.58853866, 185.90016478));
#7656 = CARTESIAN_POINT('', (109.65306978, -128.68585206, 185.90016478));
#7657 = CARTESIAN_POINT('', (97.37215983, -123.33355384, 200.27094854));
#7658 = CARTESIAN_POINT('', (100.48498033, -120.43086724, 200.27094854));
#7659 = CARTESIAN_POINT('', (76.57228091, -104.60525875, 225.20020178));
#7660 = CARTESIAN_POINT('', (79.68510141, -101.70257214, 225.20020178));
#7661 = CARTESIAN_POINT('', (61.5476067, -91.07698132, 240.));
#7662 = CARTESIAN_POINT('', (64.6604272, -88.17429472, 240.));
#7663 = B_SPLINE_SURFACE_WITH_KNOTS('', 2, 1, ((#7653, #7654), (#7655, #7656), (#7657, #7658), (#7659, #7660), (#7661, #7662)), .UNSPECIFIED., .F., .F., .F., (3, 1, 1, 3), (2, 2), (0., 0.13845353, 0.42664954, 1.), (0., 1.), .UNSPECIFIED.);
#7664 = CARTESIAN_POINT('', (110.83336686, -129.74859632, 180.));
#7665 = CARTESIAN_POINT('', (115.87708931, -124.30538956, 180.));
#7666 = CARTESIAN_POINT('', (109.65306978, -128.68585206, 185.90016478));
#7667 = CARTESIAN_POINT('', (114.69679223, -123.2426453, 185.90016478));
#7668 = CARTESIAN_POINT('', (100.48498033, -120.43086724, 200.27094854));
#7669 = CARTESIAN_POINT('', (105.52870278, -114.98766048, 200.27094854));
#7670 = CARTESIAN_POINT('', (79.68510141, -101.70257214, 225.20020178));
#7671 = CARTESIAN_POINT('', (84.72882386, -96.25936538, 225.20020178));
#7672 = CARTESIAN_POINT('', (64.6604272, -88.17429472, 240.));
#7673 = CARTESIAN_POINT('', (69.70414965, -82.73108795, 240.));
#7674 = B_SPLINE_SURFACE_WITH_KNOTS('', 2, 1, ((#7664, #7665), (#7666, #7667), (#7668, #7669), (#7670, #7671), (#7672, #7673)), .UNSPECIFIED., .F., .F., .F., (3, 1, 1, 3), (2, 2), (0., 0.13845353, 0.42664954, 1.), (0., 1.), .UNSPECIFIED.);
#7675 = CARTESIAN_POINT('', (115.87708931, -124.30538956, 180.));
#7676 = CARTESIAN_POINT('', (121.35438347, -117.82620183, 180.));
#7677 = CARTESIAN_POINT('', (114.69679223, -123.2426453, 185.90016478));
#7678 = CARTESIAN_POINT('', (120.17408639, -116.76345757, 185.90016478));
#7679 = CARTESIAN_POINT('', (105.52870278, -114.98766048, 200.27094854));
#7680 = CARTESIAN_POINT('', (111.00599694, -108.50847275, 200.27094854));
#7681 = CARTESIAN_POINT('', (84.72882386, -96.25936538, 225.20020178));
#7682 = CARTESIAN_POINT('', (90.20611803, -89.78017765, 225.20020178));
#7683 = CARTESIAN_POINT('', (69.70414965, -82.73108795, 240.));
#7684 = CARTESIAN_POINT('', (75.18144381, -76.25190022, 240.));
#7685 = B_SPLINE_SURFACE_WITH_KNOTS('', 2, 1, ((#7675, #7676), (#7677, #7678), (#7679, #7680), (#7681, #7682), (#7683, #7684)), .UNSPECIFIED., .F., .F., .F., (3, 1, 1, 3), (2, 2), (0., 0.13845353, 0.42664954, 1.), (0., 1.), .UNSPECIFIED.);
#7686 = CARTESIAN_POINT('', (121.35438347, -117.82620183, 180.));
#7687 = CARTESIAN_POINT('', (124.78325221, -110.92897426, 180.));
#7688 = CARTESIAN_POINT('', (120.17408639, -116.76345757, 185.90016478));
#7689 = CARTESIAN_POINT('', (123.60295513, -109.86623, 185.90016478));
#7690 = CARTESIAN_POINT('', (111.00599694, -108.50847275, 200.27094854));
#7691 = CARTESIAN_POINT('', (114.43486569, -101.61124518, 200.27094854));
#7692 = CARTESIAN_POINT('', (90.20611803, -89.78017765, 225.20020178));
#7693 = CARTESIAN_POINT('', (93.63498677, -82.88295008, 225.20020178));
#7694 = CARTESIAN_POINT('', (75.18144381, -76.25190022, 240.));
#7695 = CARTESIAN_POINT('', (78.61031256, -69.35467266, 240.));
#7696 = B_SPLINE_SURFACE_WITH_KNOTS('', 2, 1, ((#7686, #7687), (#7688, #7689), (#7690, #7691), (#7692, #7693), (#7694, #7695)), .UNSPECIFIED., .F., .F., .F., (3, 1, 1, 3), (2, 2), (0., 0.13845353, 0.42664954, 1.), (0., 1.), .UNSPECIFIED.);
#7697 = CARTESIAN_POINT('', (124.78325221, -110.92897426, 180.));
#7698 = CARTESIAN_POINT('', (125.1002553, -102.65618096, 180.));
#7699 = CARTESIAN_POINT('', (123.60295513, -109.86623, 185.90016478));
#7700 = CARTESIAN_POINT('', (123.91995822, -101.59343669, 185.90016478));
#7701 = CARTESIAN_POINT('', (114.43486569, -101.61124518, 200.27094854));
#7702 = CARTESIAN_POINT('', (114.75186877, -93.33845188, 200.27094854));
#7703 = CARTESIAN_POINT('', (93.63498677, -82.88295008, 225.20020178));
#7704 = CARTESIAN_POINT('', (93.95198985, -74.61015678, 225.20020178));
#7705 = CARTESIAN_POINT('', (78.61031256, -69.35467266, 240.));
#7706 = CARTESIAN_POINT('', (78.92731564, -61.08187935, 240.));
#7707 = B_SPLINE_SURFACE_WITH_KNOTS('', 2, 1, ((#7697, #7698), (#7699, #7700), (#7701, #7702), (#7703, #7704), (#7705, #7706)), .UNSPECIFIED., .F., .F., .F., (3, 1, 1, 3), (2, 2), (0., 0.13845353, 0.42664954, 1.), (0., 1.), .UNSPECIFIED.);
#7708 = CARTESIAN_POINT('', (125.1002553, -102.65618096, 180.));
#7709 = CARTESIAN_POINT('', (127.03274864, -92.98524023, 180.));
#7710 = CARTESIAN_POINT('', (123.91995822, -101.59343669, 185.90016478));
#7711 = CARTESIAN_POINT('', (125.85245156, -91.92249597, 185.90016478));
#7712 = CARTESIAN_POINT('', (114.75186877, -93.33845188, 200.27094854));
#7713 = CARTESIAN_POINT('', (116.68436211, -83.66751115, 200.27094854));
#7714 = CARTESIAN_POINT('', (93.95198985, -74.61015678, 225.20020178));
#7715 = CARTESIAN_POINT('', (95.8844832, -64.93921606, 225.20020178));
#7716 = CARTESIAN_POINT('', (78.92731564, -61.08187935, 240.));
#7717 = CARTESIAN_POINT('', (80.85980898, -51.41093863, 240.));
#7718 = B_SPLINE_SURFACE_WITH_KNOTS('', 2, 1, ((#7708, #7709), (#7710, #7711), (#7712, #7713), (#7714, #7715), (#7716, #7717)), .UNSPECIFIED., .F., .F., .F., (3, 1, 1, 3), (2, 2), (0., 0.13845353, 0.42664954, 1.), (0., 1.), .UNSPECIFIED.);
#7719 = CARTESIAN_POINT('', (127.03274864, -92.98524023, 180.));
#7720 = CARTESIAN_POINT('', (130.30343413, -88.7983252, 180.));
#7721 = CARTESIAN_POINT('', (125.85245156, -91.92249597, 185.90016478));
#7722 = CARTESIAN_POINT('', (129.12313704, -87.73558094, 185.90016478));
#7723 = CARTESIAN_POINT('', (116.68436211, -83.66751115, 200.27094854));
#7724 = CARTESIAN_POINT('', (119.9550476, -79.48059612, 200.27094854));
#7725 = CARTESIAN_POINT('', (95.8844832, -64.93921606, 225.20020178));
#7726 = CARTESIAN_POINT('', (99.15516868, -60.75230103, 225.20020178));
#7727 = CARTESIAN_POINT('', (80.85980898, -51.41093863, 240.));
#7728 = CARTESIAN_POINT('', (84.13049447, -47.2240236, 240.));
#7729 = B_SPLINE_SURFACE_WITH_KNOTS('', 2, 1, ((#7719, #7720), (#7721, #7722), (#7723, #7724), (#7725, #7726), (#7727, #7728)), .UNSPECIFIED., .F., .F., .F., (3, 1, 1, 3), (2, 2), (0., 0.13845353, 0.42664954, 1.), (0., 1.), .UNSPECIFIED.);
#7730 = CARTESIAN_POINT('', (130.30343413, -88.7983252, 180.));
#7731 = CARTESIAN_POINT('', (134.28244321, -88.101929, 180.));
#7732 = CARTESIAN_POINT('', (129.12313704, -87.73558094, 185.90016478));
#7733 = CARTESIAN_POINT('', (133.10214613, -87.03918474, 185.90016478));
#7734 = CARTESIAN_POINT('', (119.9550476, -79.48059612, 200.27094854));
#7735 = CARTESIAN_POINT('', (123.93405669, -78.78419992, 200.27094854));
#7736 = CARTESIAN_POINT('', (99.15516868, -60.75230103, 225.20020178));
#7737 = CARTESIAN_POINT('', (103.13417777, -60.05590482, 225.20020178));
#7738 = CARTESIAN_POINT('', (84.13049447, -47.2240236, 240.));
#7739 = CARTESIAN_POINT('', (88.10950355, -46.52762739, 240.));
#7740 = B_SPLINE_SURFACE_WITH_KNOTS('', 2, 1, ((#7730, #7731), (#7732, #7733), (#7734, #7735), (#7736, #7737), (#7738, #7739)), .UNSPECIFIED., .F., .F., .F., (3, 1, 1, 3), (2, 2), (0., 0.13845353, 0.42664954, 1.), (0., 1.), .UNSPECIFIED.);
#7741 = CARTESIAN_POINT('', (134.28244321, -88.101929, 180.));
#7742 = CARTESIAN_POINT('', (136.84305456, -88.26795777, 180.));
#7743 = CARTESIAN_POINT('', (133.10214613, -87.03918474, 185.90016478));
#7744 = CARTESIAN_POINT('', (135.66275748, -87.2052135, 185.90016478));
#7745 = CARTESIAN_POINT('', (123.93405669, -78.78419992, 200.27094854));
#7746 = CARTESIAN_POINT('', (126.49466803, -78.95022869, 200.27094854));
#7747 = CARTESIAN_POINT('', (103.13417777, -60.05590482, 225.20020178));
#7748 = CARTESIAN_POINT('', (105.69478911, -60.22193359, 225.20020178));
#7749 = CARTESIAN_POINT('', (88.10950355, -46.52762739, 240.));
#7750 = CARTESIAN_POINT('', (90.6701149, -46.69365616, 240.));
#7751 = B_SPLINE_SURFACE_WITH_KNOTS('', 2, 1, ((#7741, #7742), (#7743, #7744), (#7745, #7746), (#7747, #7748), (#7749, #7750)), .UNSPECIFIED., .F., .F., .F., (3, 1, 1, 3), (2, 2), (0., 0.13845353, 0.42664954, 1.), (0., 1.), .UNSPECIFIED.);
#7752 = CARTESIAN_POINT('', (136.84305456, -88.26795777, 180.));
#7753 = CARTESIAN_POINT('', (138.06420064, -88.6542973, 180.));
#7754 = CARTESIAN_POINT('', (135.66275748, -87.2052135, 185.90016478));
#7755 = CARTESIAN_POINT('', (136.88390356, -87.59155303, 185.90016478));
#7756 = CARTESIAN_POINT('', (126.49466803, -78.95022869, 200.27094854));
#7757 = CARTESIAN_POINT('', (127.71581412, -79.33656822, 200.27094854));
#7758 = CARTESIAN_POINT('', (105.69478911, -60.22193359, 225.20020178));
#7759 = CARTESIAN_POINT('', (106.9159352, -60.60827312, 225.20020178));
#7760 = CARTESIAN_POINT('', (90.6701149, -46.69365616, 240.));
#7761 = CARTESIAN_POINT('', (91.89126099, -47.07999569, 240.));
#7762 = B_SPLINE_SURFACE_WITH_KNOTS('', 2, 1, ((#7752, #7753), (#7754, #7755), (#7756, #7757), (#7758, #7759), (#7760, #7761)), .UNSPECIFIED., .F., .F., .F., (3, 1, 1, 3), (2, 2), (0., 0.13845353, 0.42664954, 1.), (0., 1.), .UNSPECIFIED.);
#7763 = CARTESIAN_POINT('', (120.33223958, -108.34763517, 180.));
#7764 = DIRECTION('', (-0., -0., 1.));
#7765 = AXIS2_PLACEMENT_3D('', #7763, #7764, $);
#7766 = PLANE('', #7765);
#7767 = CARTESIAN_POINT('', (120.33223958, -108.34763517, 240.));
#7768 = DIRECTION('', (-0., -0., 1.));
#7769 = AXIS2_PLACEMENT_3D('', #7767, #7768, $);
#7770 = PLANE('', #7769);
#7771 = CARTESIAN_POINT('', (126.97943146, 103.9111732, 180.));
#7772 = CARTESIAN_POINT('', (130.56389551, 103.53269934, 180.));
#7773 = CARTESIAN_POINT('', (125.60396974, 103.11705001, 185.90016478));
#7774 = CARTESIAN_POINT('', (129.18843379, 102.73857615, 185.90016478));
#7775 = CARTESIAN_POINT('', (114.9199172, 96.9486094, 200.27094854));
#7776 = CARTESIAN_POINT('', (118.50438125, 96.57013554, 200.27094854));
#7777 = CARTESIAN_POINT('', (90.68073404, 82.95411047, 225.20020178));
#7778 = CARTESIAN_POINT('', (94.26519809, 82.57563662, 225.20020178));
#7779 = CARTESIAN_POINT('', (73.17169797, 72.84526379, 240.));
#7780 = CARTESIAN_POINT('', (76.75616202, 72.46678993, 240.));
#7781 = B_SPLINE_SURFACE_WITH_KNOTS('', 2, 1, ((#7771, #7772), (#7773, #7774), (#7775, #7776), (#7777, #7778), (#7779, #7780)), .UNSPECIFIED., .F., .F., .F., (3, 1, 1, 3), (2, 2), (0., 0.13845353, 0.42664954, 1.), (0., 1.), .UNSPECIFIED.);
#7782 = CARTESIAN_POINT('', (130.56389551, 103.53269934, 180.));
#7783 = CARTESIAN_POINT('', (134.03576871, 101.86523856, 180.));
#7784 = CARTESIAN_POINT('', (129.18843379, 102.73857615, 185.90016478));
#7785 = CARTESIAN_POINT('', (132.660307, 101.07111537, 185.90016478));
#7786 = CARTESIAN_POINT('', (118.50438125, 96.57013554, 200.27094854));
#7787 = CARTESIAN_POINT('', (121.97625445, 94.90267475, 200.27094854));
#7788 = CARTESIAN_POINT('', (94.26519809, 82.57563662, 225.20020178));
#7789 = CARTESIAN_POINT('', (97.73707129, 80.90817583, 225.20020178));
#7790 = CARTESIAN_POINT('', (76.75616202, 72.46678993, 240.));
#7791 = CARTESIAN_POINT('', (80.22803522, 70.79932915, 240.));
#7792 = B_SPLINE_SURFACE_WITH_KNOTS('', 2, 1, ((#7782, #7783), (#7784, #7785), (#7786, #7787), (#7788, #7789), (#7790, #7791)), .UNSPECIFIED., .F., .F., .F., (3, 1, 1, 3), (2, 2), (0., 0.13845353, 0.42664954, 1.), (0., 1.), .UNSPECIFIED.);
#7793 = CARTESIAN_POINT('', (134.03576871, 101.86523856, 180.));
#7794 = CARTESIAN_POINT('', (141.40732035, 96.9413366, 180.));
#7795 = CARTESIAN_POINT('', (132.660307, 101.07111537, 185.90016478));
#7796 = CARTESIAN_POINT('', (140.03185863, 96.14721341, 185.90016478));
#7797 = CARTESIAN_POINT('', (121.97625445, 94.90267475, 200.27094854));
#7798 = CARTESIAN_POINT('', (129.34780608, 89.97877279, 200.27094854));
#7799 = CARTESIAN_POINT('', (97.73707129, 80.90817583, 225.20020178));
#7800 = CARTESIAN_POINT('', (105.10862293, 75.98427387, 225.20020178));
#7801 = CARTESIAN_POINT('', (80.22803522, 70.79932915, 240.));
#7802 = CARTESIAN_POINT('', (87.59958686, 65.87542719, 240.));
#7803 = B_SPLINE_SURFACE_WITH_KNOTS('', 2, 1, ((#7793, #7794), (#7795, #7796), (#7797, #7798), (#7799, #7800), (#7801, #7802)), .UNSPECIFIED., .F., .F., .F., (3, 1, 1, 3), (2, 2), (0., 0.13845353, 0.42664954, 1.), (0., 1.), .UNSPECIFIED.);
#7804 = CARTESIAN_POINT('', (141.40732035, 96.9413366, 180.));
#7805 = CARTESIAN_POINT('', (149.82239485, 86.5, 180.));
#7806 = CARTESIAN_POINT('', (140.03185863, 96.14721341, 185.90016478));
#7807 = CARTESIAN_POINT('', (148.44693314, 85.70587681, 185.90016478));
#7808 = CARTESIAN_POINT('', (129.34780608, 89.97877279, 200.27094854));
#7809 = CARTESIAN_POINT('', (137.76288059, 79.53743619, 200.27094854));
#7810 = CARTESIAN_POINT('', (105.10862293, 75.98427387, 225.20020178));
#7811 = CARTESIAN_POINT('', (113.52369744, 65.54293727, 225.20020178));
#7812 = CARTESIAN_POINT('', (87.59958686, 65.87542719, 240.));
#7813 = CARTESIAN_POINT('', (96.01466137, 55.43409059, 240.));
#7814 = B_SPLINE_SURFACE_WITH_KNOTS('', 2, 1, ((#7804, #7805), (#7806, #7807), (#7808, #7809), (#7810, #7811), (#7812, #7813)), .UNSPECIFIED., .F., .F., .F., (3, 1, 1, 3), (2, 2), (0., 0.13845353, 0.42664954, 1.), (0., 1.), .UNSPECIFIED.);
#7815 = CARTESIAN_POINT('', (149.82239485, 86.5, 180.));
#7816 = CARTESIAN_POINT('', (153.61379747, 79.50909804, 180.));
#7817 = CARTESIAN_POINT('', (148.44693314, 85.70587681, 185.90016478));
#7818 = CARTESIAN_POINT('', (152.23833575, 78.71497485, 185.90016478));
#7819 = CARTESIAN_POINT('', (137.76288059, 79.53743619, 200.27094854));
#7820 = CARTESIAN_POINT('', (141.55428321, 72.54653423, 200.27094854));
#7821 = CARTESIAN_POINT('', (113.52369744, 65.54293727, 225.20020178));
#7822 = CARTESIAN_POINT('', (117.31510005, 58.55203531, 225.20020178));
#7823 = CARTESIAN_POINT('', (96.01466137, 55.43409059, 240.));
#7824 = CARTESIAN_POINT('', (99.80606398, 48.44318863, 240.));
#7825 = B_SPLINE_SURFACE_WITH_KNOTS('', 2, 1, ((#7815, #7816), (#7817, #7818), (#7819, #7820), (#7821, #7822), (#7823, #7824)), .UNSPECIFIED., .F., .F., .F., (3, 1, 1, 3), (2, 2), (0., 0.13845353, 0.42664954, 1.), (0., 1.), .UNSPECIFIED.);
#7826 = CARTESIAN_POINT('', (153.61379747, 79.50909804, 180.));
#7827 = CARTESIAN_POINT('', (156.5331125, 72.01469608, 180.));
#7828 = CARTESIAN_POINT('', (152.23833575, 78.71497485, 185.90016478));
#7829 = CARTESIAN_POINT('', (155.15765079, 71.22057289, 185.90016478));
#7830 = CARTESIAN_POINT('', (141.55428321, 72.54653423, 200.27094854));
#7831 = CARTESIAN_POINT('', (144.47359824, 65.05213227, 200.27094854));
#7832 = CARTESIAN_POINT('', (117.31510005, 58.55203531, 225.20020178));
#7833 = CARTESIAN_POINT('', (120.23441508, 51.05763335, 225.20020178));
#7834 = CARTESIAN_POINT('', (99.80606398, 48.44318863, 240.));
#7835 = CARTESIAN_POINT('', (102.72537901, 40.94878667, 240.));
#7836 = B_SPLINE_SURFACE_WITH_KNOTS('', 2, 1, ((#7826, #7827), (#7828, #7829), (#7830, #7831), (#7832, #7833), (#7834, #7835)), .UNSPECIFIED., .F., .F., .F., (3, 1, 1, 3), (2, 2), (0., 0.13845353, 0.42664954, 1.), (0., 1.), .UNSPECIFIED.);
#7837 = CARTESIAN_POINT('', (156.5331125, 72.01469608, 180.));
#7838 = CARTESIAN_POINT('', (158.08152819, 66.78876144, 180.));
#7839 = CARTESIAN_POINT('', (155.15765079, 71.22057289, 185.90016478));
#7840 = CARTESIAN_POINT('', (156.70606647, 65.99463825, 185.90016478));
#7841 = CARTESIAN_POINT('', (144.47359824, 65.05213227, 200.27094854));
#7842 = CARTESIAN_POINT('', (146.02201393, 59.82619763, 200.27094854));
#7843 = CARTESIAN_POINT('', (120.23441508, 51.05763335, 225.20020178));
#7844 = CARTESIAN_POINT('', (121.78283077, 45.83169871, 225.20020178));
#7845 = CARTESIAN_POINT('', (102.72537901, 40.94878667, 240.));
#7846 = CARTESIAN_POINT('', (104.2737947, 35.72285203, 240.));
#7847 = B_SPLINE_SURFACE_WITH_KNOTS('', 2, 1, ((#7837, #7838), (#7839, #7840), (#7841, #7842), (#7843, #7844), (#7845, #7846)), .UNSPECIFIED., .F., .F., .F., (3, 1, 1, 3), (2, 2), (0., 0.13845353, 0.42664954, 1.), (0., 1.), .UNSPECIFIED.);
#7848 = CARTESIAN_POINT('', (158.08152819, 66.78876144, 180.));
#7849 = CARTESIAN_POINT('', (159.44634649, 61.4568268, 180.));
#7850 = CARTESIAN_POINT('', (156.70606647, 65.99463825, 185.90016478));
#7851 = CARTESIAN_POINT('', (158.07088477, 60.66270361, 185.90016478));
#7852 = CARTESIAN_POINT('', (146.02201393, 59.82619763, 200.27094854));
#7853 = CARTESIAN_POINT('', (147.38683223, 54.49426299, 200.27094854));
#7854 = CARTESIAN_POINT('', (121.78283077, 45.83169871, 225.20020178));
#7855 = CARTESIAN_POINT('', (123.14764907, 40.49976407, 225.20020178));
#7856 = CARTESIAN_POINT('', (104.2737947, 35.72285203, 240.));
#7857 = CARTESIAN_POINT('', (105.638613, 30.39091739, 240.));
#7858 = B_SPLINE_SURFACE_WITH_KNOTS('', 2, 1, ((#7848, #7849), (#7850, #7851), (#7852, #7853), (#7854, #7855), (#7856, #7857)), .UNSPECIFIED., .F., .F., .F., (3, 1, 1, 3), (2, 2), (0., 0.13845353, 0.42664954, 1.), (0., 1.), .UNSPECIFIED.);
#7859 = CARTESIAN_POINT('', (159.44634649, 61.4568268, 180.));
#7860 = CARTESIAN_POINT('', (157.64764191, 65.31427451, 180.));
#7861 = CARTESIAN_POINT('', (158.07088477, 60.66270361, 185.90016478));
#7862 = CARTESIAN_POINT('', (156.2721802, 64.52015132, 185.90016478));
#7863 = CARTESIAN_POINT('', (147.38683223, 54.49426299, 200.27094854));
#7864 = CARTESIAN_POINT('', (145.58812765, 58.35171071, 200.27094854));
#7865 = CARTESIAN_POINT('', (123.14764907, 40.49976407, 225.20020178));
#7866 = CARTESIAN_POINT('', (121.34894449, 44.35721179, 225.20020178));
#7867 = CARTESIAN_POINT('', (105.638613, 30.39091739, 240.));
#7868 = CARTESIAN_POINT('', (103.83990843, 34.2483651, 240.));
#7869 = B_SPLINE_SURFACE_WITH_KNOTS('', 2, 1, ((#7859, #7860), (#7861, #7862), (#7863, #7864), (#7865, #7866), (#7867, #7868)), .UNSPECIFIED., .F., .F., .F., (3, 1, 1, 3), (2, 2), (0., 0.13845353, 0.42664954, 1.), (0., 1.), .UNSPECIFIED.);
#7870 = CARTESIAN_POINT('', (157.64764191, 65.31427451, 180.));
#7871 = CARTESIAN_POINT('', (154.02944061, 71.79318301, 180.));
#7872 = CARTESIAN_POINT('', (156.2721802, 64.52015132, 185.90016478));
#7873 = CARTESIAN_POINT('', (152.65397889, 70.99905982, 185.90016478));
#7874 = CARTESIAN_POINT('', (145.58812765, 58.35171071, 200.27094854));
#7875 = CARTESIAN_POINT('', (141.96992635, 64.8306192, 200.27094854));
#7876 = CARTESIAN_POINT('', (121.34894449, 44.35721179, 225.20020178));
#7877 = CARTESIAN_POINT('', (117.73074319, 50.83612028, 225.20020178));
#7878 = CARTESIAN_POINT('', (103.83990843, 34.2483651, 240.));
#7879 = CARTESIAN_POINT('', (100.22170712, 40.72727359, 240.));
#7880 = B_SPLINE_SURFACE_WITH_KNOTS('', 2, 1, ((#7870, #7871), (#7872, #7873), (#7874, #7875), (#7876, #7877), (#7878, #7879)), .UNSPECIFIED., .F., .F., .F., (3, 1, 1, 3), (2, 2), (0., 0.13845353, 0.42664954, 1.), (0., 1.), .UNSPECIFIED.);
#7881 = CARTESIAN_POINT('', (154.02944061, 71.79318301, 180.));
#7882 = CARTESIAN_POINT('', (149.55994387, 79.00457843, 180.));
#7883 = CARTESIAN_POINT('', (152.65397889, 70.99905982, 185.90016478));
#7884 = CARTESIAN_POINT('', (148.18448216, 78.21045524, 185.90016478));
#7885 = CARTESIAN_POINT('', (141.96992635, 64.8306192, 200.27094854));
#7886 = CARTESIAN_POINT('', (137.50042961, 72.04201463, 200.27094854));
#7887 = CARTESIAN_POINT('', (117.73074319, 50.83612028, 225.20020178));
#7888 = CARTESIAN_POINT('', (113.26124646, 58.04751571, 225.20020178));
#7889 = CARTESIAN_POINT('', (100.22170712, 40.72727359, 240.));
#7890 = CARTESIAN_POINT('', (95.75221039, 47.93866902, 240.));
#7891 = B_SPLINE_SURFACE_WITH_KNOTS('', 2, 1, ((#7881, #7882), (#7883, #7884), (#7885, #7886), (#7887, #7888), (#7889, #7890)), .UNSPECIFIED., .F., .F., .F., (3, 1, 1, 3), (2, 2), (0., 0.13845353, 0.42664954, 1.), (0., 1.), .UNSPECIFIED.);
#7892 = CARTESIAN_POINT('', (149.55994387, 79.00457843, 180.));
#7893 = CARTESIAN_POINT('', (144.05986937, 84.39698693, 180.));
#7894 = CARTESIAN_POINT('', (148.18448216, 78.21045524, 185.90016478));
#7895 = CARTESIAN_POINT('', (142.68440765, 83.60286374, 185.90016478));
#7896 = CARTESIAN_POINT('', (137.50042961, 72.04201463, 200.27094854));
#7897 = CARTESIAN_POINT('', (132.0003551, 77.43442312, 200.27094854));
#7898 = CARTESIAN_POINT('', (113.26124646, 58.04751571, 225.20020178));
#7899 = CARTESIAN_POINT('', (107.76117195, 63.4399242, 225.20020178));
#7900 = CARTESIAN_POINT('', (95.75221039, 47.93866902, 240.));
#7901 = CARTESIAN_POINT('', (90.25213588, 53.33107751, 240.));
#7902 = B_SPLINE_SURFACE_WITH_KNOTS('', 2, 1, ((#7892, #7893), (#7894, #7895), (#7896, #7897), (#7898, #7899), (#7900, #7901)), .UNSPECIFIED., .F., .F., .F., (3, 1, 1, 3), (2, 2), (0., 0.13845353, 0.42664954, 1.), (0., 1.), .UNSPECIFIED.);
#7903 = CARTESIAN_POINT('', (144.05986937, 84.39698693, 180.));
#7904 = CARTESIAN_POINT('', (136.28993472, 87.2549085, 180.));
#7905 = CARTESIAN_POINT('', (142.68440765, 83.60286374, 185.90016478));
#7906 = CARTESIAN_POINT('', (134.91447301, 86.4607853, 185.90016478));
#7907 = CARTESIAN_POINT('', (132.0003551, 77.43442312, 200.27094854));
#7908 = CARTESIAN_POINT('', (124.23042046, 80.29234469, 200.27094854));
#7909 = CARTESIAN_POINT('', (107.76117195, 63.4399242, 225.20020178));
#7910 = CARTESIAN_POINT('', (99.99123731, 66.29784577, 225.20020178));
#7911 = CARTESIAN_POINT('', (90.25213588, 53.33107751, 240.));
#7912 = CARTESIAN_POINT('', (82.48220124, 56.18899908, 240.));
#7913 = B_SPLINE_SURFACE_WITH_KNOTS('', 2, 1, ((#7903, #7904), (#7905, #7906), (#7907, #7908), (#7909, #7910), (#7911, #7912)), .UNSPECIFIED., .F., .F., .F., (3, 1, 1, 3), (2, 2), (0., 0.13845353, 0.42664954, 1.), (0., 1.), .UNSPECIFIED.);
#7914 = CARTESIAN_POINT('', (136.28993472, 87.2549085, 180.));
#7915 = CARTESIAN_POINT('', (127.68949682, 92.08130392, 180.));
#7916 = CARTESIAN_POINT('', (134.91447301, 86.4607853, 185.90016478));
#7917 = CARTESIAN_POINT('', (126.3140351, 91.28718073, 185.90016478));
#7918 = CARTESIAN_POINT('', (124.23042046, 80.29234469, 200.27094854));
#7919 = CARTESIAN_POINT('', (115.62998256, 85.11874011, 200.27094854));
#7920 = CARTESIAN_POINT('', (99.99123731, 66.29784577, 225.20020178));
#7921 = CARTESIAN_POINT('', (91.3907994, 71.12424119, 225.20020178));
#7922 = CARTESIAN_POINT('', (82.48220124, 56.18899908, 240.));
#7923 = CARTESIAN_POINT('', (73.88176333, 61.01539451, 240.));
#7924 = B_SPLINE_SURFACE_WITH_KNOTS('', 2, 1, ((#7914, #7915), (#7916, #7917), (#7918, #7919), (#7920, #7921), (#7922, #7923)), .UNSPECIFIED., .F., .F., .F., (3, 1, 1, 3), (2, 2), (0., 0.13845353, 0.42664954, 1.), (0., 1.), .UNSPECIFIED.);
#7925 = CARTESIAN_POINT('', (127.68949682, 92.08130392, 180.));
#7926 = CARTESIAN_POINT('', (124.71820139, 96.48573856, 180.));
#7927 = CARTESIAN_POINT('', (126.3140351, 91.28718073, 185.90016478));
#7928 = CARTESIAN_POINT('', (123.34273968, 95.69161537, 185.90016478));
#7929 = CARTESIAN_POINT('', (115.62998256, 85.11874011, 200.27094854));
#7930 = CARTESIAN_POINT('', (112.65868713, 89.52317475, 200.27094854));
#7931 = CARTESIAN_POINT('', (91.3907994, 71.12424119, 225.20020178));
#7932 = CARTESIAN_POINT('', (88.41950397, 75.52867583, 225.20020178));
#7933 = CARTESIAN_POINT('', (73.88176333, 61.01539451, 240.));
#7934 = CARTESIAN_POINT('', (70.9104679, 65.41982915, 240.));
#7935 = B_SPLINE_SURFACE_WITH_KNOTS('', 2, 1, ((#7925, #7926), (#7927, #7928), (#7929, #7930), (#7931, #7932), (#7933, #7934)), .UNSPECIFIED., .F., .F., .F., (3, 1, 1, 3), (2, 2), (0., 0.13845353, 0.42664954, 1.), (0., 1.), .UNSPECIFIED.);
#7936 = CARTESIAN_POINT('', (124.71820139, 96.48573856, 180.));
#7937 = CARTESIAN_POINT('', (125.28547067, 100.48519934, 180.));
#7938 = CARTESIAN_POINT('', (123.34273968, 95.69161537, 185.90016478));
#7939 = CARTESIAN_POINT('', (123.91000896, 99.69107615, 185.90016478));
#7940 = CARTESIAN_POINT('', (112.65868713, 89.52317475, 200.27094854));
#7941 = CARTESIAN_POINT('', (113.22595641, 93.52263554, 200.27094854));
#7942 = CARTESIAN_POINT('', (88.41950397, 75.52867583, 225.20020178));
#7943 = CARTESIAN_POINT('', (88.98677325, 79.52813662, 225.20020178));
#7944 = CARTESIAN_POINT('', (70.9104679, 65.41982915, 240.));
#7945 = CARTESIAN_POINT('', (71.47773719, 69.41928993, 240.));
#7946 = B_SPLINE_SURFACE_WITH_KNOTS('', 2, 1, ((#7936, #7937), (#7938, #7939), (#7940, #7941), (#7942, #7943), (#7944, #7945)), .UNSPECIFIED., .F., .F., .F., (3, 1, 1, 3), (2, 2), (0., 0.13845353, 0.42664954, 1.), (0., 1.), .UNSPECIFIED.);
#7947 = CARTESIAN_POINT('', (125.28547067, 100.48519934, 180.));
#7948 = CARTESIAN_POINT('', (126.23464584, 102.86917974, 180.));
#7949 = CARTESIAN_POINT('', (123.91000896, 99.69107615, 185.90016478));
#7950 = CARTESIAN_POINT('', (124.85918412, 102.07505655, 185.90016478));
#7951 = CARTESIAN_POINT('', (113.22595641, 93.52263554, 200.27094854));
#7952 = CARTESIAN_POINT('', (114.17513157, 95.90661593, 200.27094854));
#7953 = CARTESIAN_POINT('', (88.98677325, 79.52813662, 225.20020178));
#7954 = CARTESIAN_POINT('', (89.93594842, 81.91211701, 225.20020178));
#7955 = CARTESIAN_POINT('', (71.47773719, 69.41928993, 240.));
#7956 = CARTESIAN_POINT('', (72.42691235, 71.80327032, 240.));
#7957 = B_SPLINE_SURFACE_WITH_KNOTS('', 2, 1, ((#7947, #7948), (#7949, #7950), (#7951, #7952), (#7953, #7954), (#7955, #7956)), .UNSPECIFIED., .F., .F., .F., (3, 1, 1, 3), (2, 2), (0., 0.13845353, 0.42664954, 1.), (0., 1.), .UNSPECIFIED.);
#7958 = CARTESIAN_POINT('', (126.23464584, 102.86917974, 180.));
#7959 = CARTESIAN_POINT('', (126.97943146, 103.9111732, 180.));
#7960 = CARTESIAN_POINT('', (124.85918412, 102.07505655, 185.90016478));
#7961 = CARTESIAN_POINT('', (125.60396974, 103.11705001, 185.90016478));
#7962 = CARTESIAN_POINT('', (114.17513157, 95.90661593, 200.27094854));
#7963 = CARTESIAN_POINT('', (114.9199172, 96.9486094, 200.27094854));
#7964 = CARTESIAN_POINT('', (89.93594842, 81.91211701, 225.20020178));
#7965 = CARTESIAN_POINT('', (90.68073404, 82.95411047, 225.20020178));
#7966 = CARTESIAN_POINT('', (72.42691235, 71.80327032, 240.));
#7967 = CARTESIAN_POINT('', (73.17169797, 72.84526379, 240.));
#7968 = B_SPLINE_SURFACE_WITH_KNOTS('', 2, 1, ((#7958, #7959), (#7960, #7961), (#7962, #7963), (#7964, #7965), (#7966, #7967)), .UNSPECIFIED., .F., .F., .F., (3, 1, 1, 3), (2, 2), (0., 0.13845353, 0.42664954, 1.), (0., 1.), .UNSPECIFIED.);
#7969 = CARTESIAN_POINT('', (140.22943146, 80.9615, 180.));
#7970 = DIRECTION('', (0., -0., 1.));
#7971 = AXIS2_PLACEMENT_3D('', #7969, #7970, $);
#7972 = PLANE('', #7971);
#7973 = CARTESIAN_POINT('', (140.22943146, 80.9615, 240.));
#7974 = DIRECTION('', (0., -0., 1.));
#7975 = AXIS2_PLACEMENT_3D('', #7973, #7974, $);
#7976 = PLANE('', #7975);
#7977 = CARTESIAN_POINT('', (0., -0., 0.));
#7978 = DIRECTION('', (0., -0., 1.));
#7979 = DIRECTION('', (1., 0., 0.));
#7980 = AXIS2_PLACEMENT_3D('', #7977, #7978, #7979);
#7981 = CYLINDRICAL_SURFACE('', #7980, 22.);
#7982 = CARTESIAN_POINT('', (0., 0., -8.));
#7983 = DIRECTION('', (0., -0., 1.));
#7984 = AXIS2_PLACEMENT_3D('', #7982, #7983, $);
#7985 = PLANE('', #7984);
#7986 = CARTESIAN_POINT('', (0., 0., 8.));
#7987 = DIRECTION('', (0., -0., 1.));
#7988 = AXIS2_PLACEMENT_3D('', #7986, #7987, $);
#7989 = PLANE('', #7988);
#7990 = CARTESIAN_POINT('', (126.97943146, 103.9111732, -180.));
#7991 = CARTESIAN_POINT('', (130.56389551, 103.53269934, -180.));
#7992 = CARTESIAN_POINT('', (49.605708, 189.01203069, 0.));
#7993 = CARTESIAN_POINT('', (53.32437817, 191.15663774, 0.));
#7994 = CARTESIAN_POINT('', (-59.58659613, 152.87493415, 180.));
#7995 = CARTESIAN_POINT('', (-58.1189858, 156.16700719, 180.));
#7996 = B_SPLINE_SURFACE_WITH_KNOTS('', 2, 1, ((#7990, #7991), (#7992, #7993), (#7994, #7995)), .UNSPECIFIED., .F., .F., .F., (3, 3), (2, 2), (0., 1.), (0., 1.), .UNSPECIFIED.);
#7997 = CARTESIAN_POINT('', (130.56389551, 103.53269934, -180.));
#7998 = CARTESIAN_POINT('', (134.03576871, 101.86523856, -180.));
#7999 = CARTESIAN_POINT('', (53.32437817, 191.15663774, 0.));
#8000 = CARTESIAN_POINT('', (57.8369095, 191.98045469, 0.));
#8001 = CARTESIAN_POINT('', (-58.1189858, 156.16700719, 180.));
#8002 = CARTESIAN_POINT('', (-55.46026853, 158.9536811, 180.));
#8003 = B_SPLINE_SURFACE_WITH_KNOTS('', 2, 1, ((#7997, #7998), (#7999, #8000), (#8001, #8002)), .UNSPECIFIED., .F., .F., .F., (3, 3), (2, 2), (0., 1.), (0., 1.), .UNSPECIFIED.);
#8004 = CARTESIAN_POINT('', (134.03576871, 101.86523856, -180.));
#8005 = CARTESIAN_POINT('', (141.40732035, 96.9413366, -180.));
#8006 = CARTESIAN_POINT('', (57.8369095, 191.98045469, 0.));
#8007 = CARTESIAN_POINT('', (68.3865268, 192.3965472, 0.));
#8008 = CARTESIAN_POINT('', (-55.46026853, 158.9536811, 180.));
#8009 = CARTESIAN_POINT('', (-48.49942476, 164.44287393, 180.));
#8010 = B_SPLINE_SURFACE_WITH_KNOTS('', 2, 1, ((#8004, #8005), (#8006, #8007), (#8008, #8009)), .UNSPECIFIED., .F., .F., .F., (3, 3), (2, 2), (0., 1.), (0., 1.), .UNSPECIFIED.);
#8011 = CARTESIAN_POINT('', (141.40732035, 96.9413366, -180.));
#8012 = CARTESIAN_POINT('', (149.82239485, 86.5, -180.));
#8013 = CARTESIAN_POINT('', (68.3865268, 192.3965472, 0.));
#8014 = CARTESIAN_POINT('', (83.80404233, 188.22696088, 0.));
#8015 = CARTESIAN_POINT('', (-48.49942476, 164.44287393, 180.));
#8016 = CARTESIAN_POINT('', (-35.96872251, 169.21953493, 180.));
#8017 = B_SPLINE_SURFACE_WITH_KNOTS('', 2, 1, ((#8011, #8012), (#8013, #8014), (#8015, #8016)), .UNSPECIFIED., .F., .F., .F., (3, 3), (2, 2), (0., 1.), (0., 1.), .UNSPECIFIED.);
#8018 = CARTESIAN_POINT('', (149.82239485, 86.5, -180.));
#8019 = CARTESIAN_POINT('', (153.61379747, 79.50909804, -180.));
#8020 = CARTESIAN_POINT('', (83.80404233, 188.22696088, 0.));
#8021 = CARTESIAN_POINT('', (92.35108211, 184.14519064, 0.));
#8022 = CARTESIAN_POINT('', (-35.96872251, 169.21953493, 180.));
#8023 = CARTESIAN_POINT('', (-28.14837181, 170.66506558, 180.));
#8024 = B_SPLINE_SURFACE_WITH_KNOTS('', 2, 1, ((#8018, #8019), (#8020, #8021), (#8022, #8023)), .UNSPECIFIED., .F., .F., .F., (3, 3), (2, 2), (0., 1.), (0., 1.), .UNSPECIFIED.);
#8025 = CARTESIAN_POINT('', (153.61379747, 79.50909804, -180.));
#8026 = CARTESIAN_POINT('', (156.5331125, 72.01469608, -180.));
#8027 = CARTESIAN_POINT('', (92.35108211, 184.14519064, 0.));
#8028 = CARTESIAN_POINT('', (100.41031455, 178.96778716, 0.));
#8029 = CARTESIAN_POINT('', (-28.14837181, 170.66506558, 180.));
#8030 = CARTESIAN_POINT('', (-20.11865403, 171.12560159, 180.));
#8031 = B_SPLINE_SURFACE_WITH_KNOTS('', 2, 1, ((#8025, #8026), (#8027, #8028), (#8029, #8030)), .UNSPECIFIED., .F., .F., .F., (3, 3), (2, 2), (0., 1.), (0., 1.), .UNSPECIFIED.);
#8032 = CARTESIAN_POINT('', (156.5331125, 72.01469608, -180.));
#8033 = CARTESIAN_POINT('', (158.08152819, 66.78876144, -180.));
#8034 = CARTESIAN_POINT('', (100.41031455, 178.96778716, 0.));
#8035 = CARTESIAN_POINT('', (105.56062756, 175.01642231, 0.));
#8036 = CARTESIAN_POINT('', (-20.11865403, 171.12560159, 180.));
#8037 = CARTESIAN_POINT('', (-14.67000808, 170.98332981, 180.));
#8038 = B_SPLINE_SURFACE_WITH_KNOTS('', 2, 1, ((#8032, #8033), (#8034, #8035), (#8036, #8037)), .UNSPECIFIED., .F., .F., .F., (3, 3), (2, 2), (0., 1.), (0., 1.), .UNSPECIFIED.);
#8039 = CARTESIAN_POINT('', (158.08152819, 66.78876144, -180.));
#8040 = CARTESIAN_POINT('', (159.44634649, 61.4568268, -180.));
#8041 = CARTESIAN_POINT('', (105.56062756, 175.01642231, 0.));
#8042 = CARTESIAN_POINT('', (110.60824429, 170.83439783, 0.));
#8043 = CARTESIAN_POINT('', (-14.67000808, 170.98332981, 180.));
#8044 = CARTESIAN_POINT('', (-9.17728484, 170.63369073, 180.));
#8045 = B_SPLINE_SURFACE_WITH_KNOTS('', 2, 1, ((#8039, #8040), (#8041, #8042), (#8043, #8044)), .UNSPECIFIED., .F., .F., .F., (3, 3), (2, 2), (0., 1.), (0., 1.), .UNSPECIFIED.);
#8046 = CARTESIAN_POINT('', (159.44634649, 61.4568268, -180.));
#8047 = CARTESIAN_POINT('', (157.64764191, 65.31427451, -180.));
#8048 = CARTESIAN_POINT('', (110.60824429, 170.83439783, 0.));
#8049 = CARTESIAN_POINT('', (106.17477022, 173.29197785, 0.));
#8050 = CARTESIAN_POINT('', (-9.17728484, 170.63369073, 180.));
#8051 = CARTESIAN_POINT('', (-13.40176591, 170.11503792, 180.));
#8052 = B_SPLINE_SURFACE_WITH_KNOTS('', 2, 1, ((#8046, #8047), (#8048, #8049), (#8050, #8051)), .UNSPECIFIED., .F., .F., .F., (3, 3), (2, 2), (0., 1.), (0., 1.), .UNSPECIFIED.);
#8053 = CARTESIAN_POINT('', (157.64764191, 65.31427451, -180.));
#8054 = CARTESIAN_POINT('', (154.02944061, 71.79318301, -180.));
#8055 = CARTESIAN_POINT('', (106.17477022, 173.29197785, 0.));
#8056 = CARTESIAN_POINT('', (98.15303136, 177.00167757, 0.));
#8057 = CARTESIAN_POINT('', (-13.40176591, 170.11503792, 180.));
#8058 = CARTESIAN_POINT('', (-20.68165974, 168.67601682, 180.));
#8059 = B_SPLINE_SURFACE_WITH_KNOTS('', 2, 1, ((#8053, #8054), (#8055, #8056), (#8057, #8058)), .UNSPECIFIED., .F., .F., .F., (3, 3), (2, 2), (0., 1.), (0., 1.), .UNSPECIFIED.);
#8060 = CARTESIAN_POINT('', (154.02944061, 71.79318301, -180.));
#8061 = CARTESIAN_POINT('', (149.55994387, 79.00457843, -180.));
#8062 = CARTESIAN_POINT('', (98.15303136, 177.00167757, 0.));
#8063 = CARTESIAN_POINT('', (88.79827588, 180.82120436, 0.));
#8064 = CARTESIAN_POINT('', (-20.68165974, 168.67601682, 180.));
#8065 = CARTESIAN_POINT('', (-28.9212548, 166.65371657, 180.));
#8066 = B_SPLINE_SURFACE_WITH_KNOTS('', 2, 1, ((#8060, #8061), (#8062, #8063), (#8064, #8065)), .UNSPECIFIED., .F., .F., .F., (3, 3), (2, 2), (0., 1.), (0., 1.), .UNSPECIFIED.);
#8067 = CARTESIAN_POINT('', (149.55994387, 79.00457843, -180.));
#8068 = CARTESIAN_POINT('', (144.05986937, 84.39698693, -180.));
#8069 = CARTESIAN_POINT('', (88.79827588, 180.82120436, 0.));
#8070 = CARTESIAN_POINT('', (79.72390012, 182.16664289, 0.));
#8071 = CARTESIAN_POINT('', (-28.9212548, 166.65371657, 180.));
#8072 = CARTESIAN_POINT('', (-35.74935653, 163.08918073, 180.));
#8073 = B_SPLINE_SURFACE_WITH_KNOTS('', 2, 1, ((#8067, #8068), (#8069, #8070), (#8071, #8072)), .UNSPECIFIED., .F., .F., .F., (3, 3), (2, 2), (0., 1.), (0., 1.), .UNSPECIFIED.);
#8074 = CARTESIAN_POINT('', (144.05986937, 84.39698693, -180.));
#8075 = CARTESIAN_POINT('', (136.28993472, 87.2549085, -180.));
#8076 = CARTESIAN_POINT('', (79.72390012, 182.16664289, 0.));
#8077 = CARTESIAN_POINT('', (70.23670419, 179.48104067, 0.));
#8078 = CARTESIAN_POINT('', (-35.74935653, 163.08918073, 180.));
#8079 = CARTESIAN_POINT('', (-40.86844331, 156.58268009, 180.));
#8080 = B_SPLINE_SURFACE_WITH_KNOTS('', 2, 1, ((#8074, #8075), (#8076, #8077), (#8078, #8079)), .UNSPECIFIED., .F., .F., .F., (3, 3), (2, 2), (0., 1.), (0., 1.), .UNSPECIFIED.);
#8081 = CARTESIAN_POINT('', (136.28993472, 87.2549085, -180.));
#8082 = CARTESIAN_POINT('', (127.68949682, 92.08130392, -180.));
#8083 = CARTESIAN_POINT('', (70.23670419, 179.48104067, 0.));
#8084 = CARTESIAN_POINT('', (58.57128234, 178.11072582, 0.));
#8085 = CARTESIAN_POINT('', (-40.86844331, 156.58268009, 180.));
#8086 = CARTESIAN_POINT('', (-48.1162996, 149.89461579, 180.));
#8087 = B_SPLINE_SURFACE_WITH_KNOTS('', 2, 1, ((#8081, #8082), (#8083, #8084), (#8085, #8086)), .UNSPECIFIED., .F., .F., .F., (3, 3), (2, 2), (0., 1.), (0., 1.), .UNSPECIFIED.);
#8088 = CARTESIAN_POINT('', (127.68949682, 92.08130392, -180.));
#8089 = CARTESIAN_POINT('', (124.71820139, 96.48573856, -180.));
#8090 = CARTESIAN_POINT('', (58.57128234, 178.11072582, 0.));
#8091 = CARTESIAN_POINT('', (52.62507313, 180.27447855, 0.));
#8092 = CARTESIAN_POINT('', (-48.1162996, 149.89461579, 180.));
#8093 = CARTESIAN_POINT('', (-53.22334665, 148.42979106, 180.));
#8094 = B_SPLINE_SURFACE_WITH_KNOTS('', 2, 1, ((#8088, #8089), (#8090, #8091), (#8092, #8093)), .UNSPECIFIED., .F., .F., .F., (3, 3), (2, 2), (0., 1.), (0., 1.), .UNSPECIFIED.);
#8095 = CARTESIAN_POINT('', (124.71820139, 96.48573856, -180.));
#8096 = CARTESIAN_POINT('', (125.28547067, 100.48519934, -180.));
#8097 = CARTESIAN_POINT('', (52.62507313, 180.27447855, 0.));
#8098 = CARTESIAN_POINT('', (50.37186003, 184.52517343, 0.));
#8099 = CARTESIAN_POINT('', (-53.22334665, 148.42979106, 180.));
#8100 = CARTESIAN_POINT('', (-56.85176404, 150.20519756, 180.));
#8101 = B_SPLINE_SURFACE_WITH_KNOTS('', 2, 1, ((#8095, #8096), (#8097, #8098), (#8099, #8100)), .UNSPECIFIED., .F., .F., .F., (3, 3), (2, 2), (0., 1.), (0., 1.), .UNSPECIFIED.);
#8102 = CARTESIAN_POINT('', (125.28547067, 100.48519934, -180.));
#8103 = CARTESIAN_POINT('', (126.23464584, 102.86917974, -180.));
#8104 = CARTESIAN_POINT('', (50.37186003, 184.52517343, 0.));
#8105 = CARTESIAN_POINT('', (49.61752751, 187.48666202, 0.));
#8106 = CARTESIAN_POINT('', (-56.85176404, 150.20519756, 180.));
#8107 = CARTESIAN_POINT('', (-58.82575287, 151.84460724, 180.));
#8108 = B_SPLINE_SURFACE_WITH_KNOTS('', 2, 1, ((#8102, #8103), (#8104, #8105), (#8106, #8107)), .UNSPECIFIED., .F., .F., .F., (3, 3), (2, 2), (0., 1.), (0., 1.), .UNSPECIFIED.);
#8109 = CARTESIAN_POINT('', (126.23464584, 102.86917974, -180.));
#8110 = CARTESIAN_POINT('', (126.97943146, 103.9111732, -180.));
#8111 = CARTESIAN_POINT('', (49.61752751, 187.48666202, 0.));
#8112 = CARTESIAN_POINT('', (49.605708, 189.01203069, 0.));
#8113 = CARTESIAN_POINT('', (-58.82575287, 151.84460724, 180.));
#8114 = CARTESIAN_POINT('', (-59.58659613, 152.87493415, 180.));
#8115 = B_SPLINE_SURFACE_WITH_KNOTS('', 2, 1, ((#8109, #8110), (#8111, #8112), (#8113, #8114)), .UNSPECIFIED., .F., .F., .F., (3, 3), (2, 2), (0., 1.), (0., 1.), .UNSPECIFIED.);
#8116 = CARTESIAN_POINT('', (0., 0., -180.));
#8117 = DIRECTION('', (0., -0., 1.));
#8118 = AXIS2_PLACEMENT_3D('', #8116, #8117, $);
#8119 = PLANE('', #8118);
#8120 = CARTESIAN_POINT('', (0., 0., 180.));
#8121 = DIRECTION('', (0., -0., 1.));
#8122 = AXIS2_PLACEMENT_3D('', #8120, #8121, $);
#8123 = PLANE('', #8122);
#8124 = CARTESIAN_POINT('', (-59.58659613, 152.87493415, -180.));
#8125 = CARTESIAN_POINT('', (-58.1189858, 156.16700719, -180.));
#8126 = CARTESIAN_POINT('', (-164.43211665, 105.58576146, 0.));
#8127 = CARTESIAN_POINT('', (-165.32262689, 109.78514699, 0.));
#8128 = CARTESIAN_POINT('', (-163.80597314, -9.42926787, 180.));
#8129 = CARTESIAN_POINT('', (-166.48340412, -7.01618098, 180.));
#8130 = B_SPLINE_SURFACE_WITH_KNOTS('', 2, 1, ((#8124, #8125), (#8126, #8127), (#8128, #8129)), .UNSPECIFIED., .F., .F., .F., (3, 3), (2, 2), (0., 1.), (0., 1.), .UNSPECIFIED.);
#8131 = CARTESIAN_POINT('', (-58.1189858, 156.16700719, -180.));
#8132 = CARTESIAN_POINT('', (-55.46026853, 158.9536811, -180.));
#8133 = CARTESIAN_POINT('', (-165.32262689, 109.78514699, 0.));
#8134 = CARTESIAN_POINT('', (-164.7116745, 114.33139275, 0.));
#8135 = CARTESIAN_POINT('', (-166.48340412, -7.01618098, 180.));
#8136 = CARTESIAN_POINT('', (-168.31209969, -3.626461, 180.));
#8137 = B_SPLINE_SURFACE_WITH_KNOTS('', 2, 1, ((#8131, #8132), (#8133, #8134), (#8135, #8136)), .UNSPECIFIED., .F., .F., .F., (3, 3), (2, 2), (0., 1.), (0., 1.), .UNSPECIFIED.);
#8138 = CARTESIAN_POINT('', (-55.46026853, 158.9536811, -180.));
#8139 = CARTESIAN_POINT('', (-48.49942476, 164.44287393, -180.));
#8140 = CARTESIAN_POINT('', (-164.7116745, 114.33139275, 0.));
#8141 = CARTESIAN_POINT('', (-161.84739096, 124.49325468, 0.));
#8142 = CARTESIAN_POINT('', (-168.31209969, -3.626461, 180.));
#8143 = CARTESIAN_POINT('', (-171.38161328, 4.6899487, 180.));
#8144 = B_SPLINE_SURFACE_WITH_KNOTS('', 2, 1, ((#8138, #8139), (#8140, #8141), (#8142, #8143)), .UNSPECIFIED., .F., .F., .F., (3, 3), (2, 2), (0., 1.), (0., 1.), .UNSPECIFIED.);
#8145 = CARTESIAN_POINT('', (-48.49942476, 164.44287393, -180.));
#8146 = CARTESIAN_POINT('', (-35.96872251, 169.21953493, -180.));
#8147 = CARTESIAN_POINT('', (-161.84739096, 124.49325468, 0.));
#8148 = CARTESIAN_POINT('', (-153.11760441, 137.86771026, 0.));
#8149 = CARTESIAN_POINT('', (-171.38161328, 4.6899487, 180.));
#8150 = CARTESIAN_POINT('', (-172.0522879, 18.08342415, 180.));
#8151 = B_SPLINE_SURFACE_WITH_KNOTS('', 2, 1, ((#8145, #8146), (#8147, #8148), (#8149, #8150)), .UNSPECIFIED., .F., .F., .F., (3, 3), (2, 2), (0., 1.), (0., 1.), .UNSPECIFIED.);
#8152 = CARTESIAN_POINT('', (-35.96872251, 169.21953493, -180.));
#8153 = CARTESIAN_POINT('', (-28.14837181, 170.66506558, -180.));
#8154 = CARTESIAN_POINT('', (-153.11760441, 137.86771026, 0.));
#8155 = CARTESIAN_POINT('', (-146.59442968, 144.73509177, 0.));
#8156 = CARTESIAN_POINT('', (-172.0522879, 18.08342415, 180.));
#8157 = CARTESIAN_POINT('', (-171.01044797, 25.96771318, 180.));
#8158 = B_SPLINE_SURFACE_WITH_KNOTS('', 2, 1, ((#8152, #8153), (#8154, #8155), (#8156, #8157)), .UNSPECIFIED., .F., .F., .F., (3, 3), (2, 2), (0., 1.), (0., 1.), .UNSPECIFIED.);
#8159 = CARTESIAN_POINT('', (-28.14837181, 170.66506558, -180.));
#8160 = CARTESIAN_POINT('', (-20.11865403, 171.12560159, -180.));
#8161 = CARTESIAN_POINT('', (-146.59442968, 144.73509177, 0.));
#8162 = CARTESIAN_POINT('', (-139.17998658, 150.79997163, 0.));
#8163 = CARTESIAN_POINT('', (-171.01044797, 25.96771318, 180.));
#8164 = CARTESIAN_POINT('', (-168.9671245, 33.74674205, 180.));
#8165 = B_SPLINE_SURFACE_WITH_KNOTS('', 2, 1, ((#8159, #8160), (#8161, #8162), (#8163, #8164)), .UNSPECIFIED., .F., .F., .F., (3, 3), (2, 2), (0., 1.), (0., 1.), .UNSPECIFIED.);
#8166 = CARTESIAN_POINT('', (-20.11865403, 171.12560159, -180.));
#8167 = CARTESIAN_POINT('', (-14.67000808, 170.98332981, -180.));
#8168 = CARTESIAN_POINT('', (-139.17998658, 150.79997163, 0.));
#8169 = CARTESIAN_POINT('', (-133.83048104, 154.47717149, 0.));
#8170 = CARTESIAN_POINT('', (-168.9671245, 33.74674205, 180.));
#8171 = CARTESIAN_POINT('', (-167.14809179, 38.88474789, 180.));
#8172 = B_SPLINE_SURFACE_WITH_KNOTS('', 2, 1, ((#8166, #8167), (#8168, #8169), (#8170, #8171)), .UNSPECIFIED., .F., .F., .F., (3, 3), (2, 2), (0., 1.), (0., 1.), .UNSPECIFIED.);
#8173 = CARTESIAN_POINT('', (-14.67000808, 170.98332981, -180.));
#8174 = CARTESIAN_POINT('', (-9.17728484, 170.63369073, -180.));
#8175 = CARTESIAN_POINT('', (-133.83048104, 154.47717149, 0.));
#8176 = CARTESIAN_POINT('', (-128.29334007, 157.98542364, 0.));
#8177 = CARTESIAN_POINT('', (-167.14809179, 38.88474789, 180.));
#8178 = CARTESIAN_POINT('', (-165.11822045, 44.0005937, 180.));
#8179 = B_SPLINE_SURFACE_WITH_KNOTS('', 2, 1, ((#8173, #8174), (#8175, #8176), (#8177, #8178)), .UNSPECIFIED., .F., .F., .F., (3, 3), (2, 2), (0., 1.), (0., 1.), .UNSPECIFIED.);
#8180 = CARTESIAN_POINT('', (-9.17728484, 170.63369073, -180.));
#8181 = CARTESIAN_POINT('', (-13.40176591, 170.11503792, -180.));
#8182 = CARTESIAN_POINT('', (-128.29334007, 157.98542364, 0.));
#8183 = CARTESIAN_POINT('', (-132.00065638, 154.52837322, 0.));
#8184 = CARTESIAN_POINT('', (-165.11822045, 44.0005937, 180.));
#8185 = CARTESIAN_POINT('', (-165.93038875, 39.82260092, 180.));
#8186 = B_SPLINE_SURFACE_WITH_KNOTS('', 2, 1, ((#8180, #8181), (#8182, #8183), (#8184, #8185)), .UNSPECIFIED., .F., .F., .F., (3, 3), (2, 2), (0., 1.), (0., 1.), .UNSPECIFIED.);
#8187 = CARTESIAN_POINT('', (-13.40176591, 170.11503792, -180.));
#8188 = CARTESIAN_POINT('', (-20.68165974, 168.67601682, -180.));
#8189 = CARTESIAN_POINT('', (-132.00065638, 154.52837322, 0.));
#8190 = CARTESIAN_POINT('', (-138.00764411, 148.04560647, 0.));
#8191 = CARTESIAN_POINT('', (-165.93038875, 39.82260092, 180.));
#8192 = CARTESIAN_POINT('', (-166.81140927, 32.45432847, 180.));
#8193 = B_SPLINE_SURFACE_WITH_KNOTS('', 2, 1, ((#8187, #8188), (#8189, #8190), (#8191, #8192)), .UNSPECIFIED., .F., .F., .F., (3, 3), (2, 2), (0., 1.), (0., 1.), .UNSPECIFIED.);
#8194 = CARTESIAN_POINT('', (-20.68165974, 168.67601682, -180.));
#8195 = CARTESIAN_POINT('', (-28.9212548, 166.65371657, -180.));
#8196 = CARTESIAN_POINT('', (-138.00764411, 148.04560647, 0.));
#8197 = CARTESIAN_POINT('', (-144.53100837, 140.329004, 0.));
#8198 = CARTESIAN_POINT('', (-166.81140927, 32.45432847, 180.));
#8199 = CARTESIAN_POINT('', (-167.43426234, 23.99308276, 180.));
#8200 = B_SPLINE_SURFACE_WITH_KNOTS('', 2, 1, ((#8194, #8195), (#8196, #8197), (#8198, #8199)), .UNSPECIFIED., .F., .F., .F., (3, 3), (2, 2), (0., 1.), (0., 1.), .UNSPECIFIED.);
#8201 = CARTESIAN_POINT('', (-28.9212548, 166.65371657, -180.));
#8202 = CARTESIAN_POINT('', (-35.74935653, 163.08918073, -180.));
#8203 = CARTESIAN_POINT('', (-144.53100837, 140.329004, 0.));
#8204 = CARTESIAN_POINT('', (-148.61473277, 132.11452318, 0.));
#8205 = CARTESIAN_POINT('', (-167.43426234, 23.99308276, 180.));
#8206 = CARTESIAN_POINT('', (-166.15418678, 16.39766996, 180.));
#8207 = B_SPLINE_SURFACE_WITH_KNOTS('', 2, 1, ((#8201, #8202), (#8203, #8204), (#8205, #8206)), .UNSPECIFIED., .F., .F., .F., (3, 3), (2, 2), (0., 1.), (0., 1.), .UNSPECIFIED.);
#8208 = CARTESIAN_POINT('', (-35.74935653, 163.08918073, -180.));
#8209 = CARTESIAN_POINT('', (-40.86844331, 156.58268009, -180.));
#8210 = CARTESIAN_POINT('', (-148.61473277, 132.11452318, 0.));
#8211 = CARTESIAN_POINT('', (-148.99227806, 122.26176694, 0.));
#8212 = CARTESIAN_POINT('', (-166.15418678, 16.39766996, 180.));
#8213 = CARTESIAN_POINT('', (-161.54802176, 9.51850985, 180.));
#8214 = B_SPLINE_SURFACE_WITH_KNOTS('', 2, 1, ((#8208, #8209), (#8210, #8211), (#8212, #8213)), .UNSPECIFIED., .F., .F., .F., (3, 3), (2, 2), (0., 1.), (0., 1.), .UNSPECIFIED.);
#8215 = CARTESIAN_POINT('', (-40.86844331, 156.58268009, -180.));
#8216 = CARTESIAN_POINT('', (-48.1162996, 149.89461579, -180.));
#8217 = CARTESIAN_POINT('', (-148.99227806, 122.26176694, 0.));
#8218 = CARTESIAN_POINT('', (-151.29384479, 110.74384089, 0.));
#8219 = CARTESIAN_POINT('', (-161.54802176, 9.51850985, 180.));
#8220 = CARTESIAN_POINT('', (-157.42700538, 0.55866337, 180.));
#8221 = B_SPLINE_SURFACE_WITH_KNOTS('', 2, 1, ((#8215, #8216), (#8217, #8218), (#8219, #8220)), .UNSPECIFIED., .F., .F., .F., (3, 3), (2, 2), (0., 1.), (0., 1.), .UNSPECIFIED.);
#8222 = CARTESIAN_POINT('', (-48.1162996, 149.89461579, -180.));
#8223 = CARTESIAN_POINT('', (-53.22334665, 148.42979106, -180.));
#8224 = CARTESIAN_POINT('', (-151.29384479, 110.74384089, 0.));
#8225 = CARTESIAN_POINT('', (-155.18917562, 105.75729625, 0.));
#8226 = CARTESIAN_POINT('', (-157.42700538, 0.55866337, 180.));
#8227 = CARTESIAN_POINT('', (-157.61203862, -4.75108274, 180.));
#8228 = B_SPLINE_SURFACE_WITH_KNOTS('', 2, 1, ((#8222, #8223), (#8224, #8225), (#8226, #8227)), .UNSPECIFIED., .F., .F., .F., (3, 3), (2, 2), (0., 1.), (0., 1.), .UNSPECIFIED.);
#8229 = CARTESIAN_POINT('', (-53.22334665, 148.42979106, -180.));
#8230 = CARTESIAN_POINT('', (-56.85176404, 150.20519756, -180.));
#8231 = CARTESIAN_POINT('', (-155.18917562, 105.75729625, 0.));
#8232 = CARTESIAN_POINT('', (-159.92810782, 104.9279002, 0.));
#8233 = CARTESIAN_POINT('', (-157.61203862, -4.75108274, 180.));
#8234 = CARTESIAN_POINT('', (-160.42179317, -7.65328196, 180.));
#8235 = B_SPLINE_SURFACE_WITH_KNOTS('', 2, 1, ((#8229, #8230), (#8231, #8232), (#8233, #8234)), .UNSPECIFIED., .F., .F., .F., (3, 3), (2, 2), (0., 1.), (0., 1.), .UNSPECIFIED.);
#8236 = CARTESIAN_POINT('', (-56.85176404, 150.20519756, -180.));
#8237 = CARTESIAN_POINT('', (-58.82575287, 151.84460724, -180.));
#8238 = CARTESIAN_POINT('', (-159.92810782, 104.9279002, 0.));
#8239 = CARTESIAN_POINT('', (-162.97775241, 105.12563764, 0.));
#8240 = CARTESIAN_POINT('', (-160.42179317, -7.65328196, 180.));
#8241 = CARTESIAN_POINT('', (-162.59096052, -9.02405145, 180.));
#8242 = B_SPLINE_SURFACE_WITH_KNOTS('', 2, 1, ((#8236, #8237), (#8238, #8239), (#8240, #8241)), .UNSPECIFIED., .F., .F., .F., (3, 3), (2, 2), (0., 1.), (0., 1.), .UNSPECIFIED.);
#8243 = CARTESIAN_POINT('', (-58.82575287, 151.84460724, -180.));
#8244 = CARTESIAN_POINT('', (-59.58659613, 152.87493415, -180.));
#8245 = CARTESIAN_POINT('', (-162.97775241, 105.12563764, 0.));
#8246 = CARTESIAN_POINT('', (-164.43211665, 105.58576146, 0.));
#8247 = CARTESIAN_POINT('', (-162.59096052, -9.02405145, 180.));
#8248 = CARTESIAN_POINT('', (-163.80597314, -9.42926787, 180.));
#8249 = B_SPLINE_SURFACE_WITH_KNOTS('', 2, 1, ((#8243, #8244), (#8245, #8246), (#8247, #8248)), .UNSPECIFIED., .F., .F., .F., (3, 3), (2, 2), (0., 1.), (0., 1.), .UNSPECIFIED.);
#8250 = CARTESIAN_POINT('', (0., 0., -180.));
#8251 = DIRECTION('', (0., -0., 1.));
#8252 = AXIS2_PLACEMENT_3D('', #8250, #8251, $);
#8253 = PLANE('', #8252);
#8254 = CARTESIAN_POINT('', (0., 0., 180.));
#8255 = DIRECTION('', (0., -0., 1.));
#8256 = AXIS2_PLACEMENT_3D('', #8254, #8255, $);
#8257 = PLANE('', #8256);
#8258 = CARTESIAN_POINT('', (-163.80597314, -9.42926787, -180.));
#8259 = CARTESIAN_POINT('', (-166.48340412, -7.01618098, -180.));
#8260 = CARTESIAN_POINT('', (-151.23034493, -123.75644138, 0.));
#8261 = CARTESIAN_POINT('', (-155.4993807, -123.30568545, 0.));
#8262 = CARTESIAN_POINT('', (-41.65106283, -158.70254218, 180.));
#8263 = CARTESIAN_POINT('', (-44.77341651, -160.50324551, 180.));
#8264 = B_SPLINE_SURFACE_WITH_KNOTS('', 2, 1, ((#8258, #8259), (#8260, #8261), (#8262, #8263)), .UNSPECIFIED., .F., .F., .F., (3, 3), (2, 2), (0., 1.), (0., 1.), .UNSPECIFIED.);
#8265 = CARTESIAN_POINT('', (-166.48340412, -7.01618098, -180.));
#8266 = CARTESIAN_POINT('', (-168.31209969, -3.626461, -180.));
#8267 = CARTESIAN_POINT('', (-155.4993807, -123.30568545, 0.));
#8268 = CARTESIAN_POINT('', (-159.63432268, -121.31976799, 0.));
#8269 = CARTESIAN_POINT('', (-44.77341651, -160.50324551, 180.));
#8270 = CARTESIAN_POINT('', (-48.56232979, -161.19495726, 180.));
#8271 = B_SPLINE_SURFACE_WITH_KNOTS('', 2, 1, ((#8265, #8266), (#8267, #8268), (#8269, #8270)), .UNSPECIFIED., .F., .F., .F., (3, 3), (2, 2), (0., 1.), (0., 1.), .UNSPECIFIED.);
#8272 = CARTESIAN_POINT('', (-168.31209969, -3.626461, -180.));
#8273 = CARTESIAN_POINT('', (-171.38161328, 4.6899487, -180.));
#8274 = CARTESIAN_POINT('', (-159.63432268, -121.31976799, 0.));
#8275 = CARTESIAN_POINT('', (-168.4137154, -115.45548443, 0.));
#8276 = CARTESIAN_POINT('', (-48.56232979, -161.19495726, 180.));
#8277 = CARTESIAN_POINT('', (-57.4202373, -161.54432623, 180.));
#8278 = B_SPLINE_SURFACE_WITH_KNOTS('', 2, 1, ((#8272, #8273), (#8274, #8275), (#8276, #8277)), .UNSPECIFIED., .F., .F., .F., (3, 3), (2, 2), (0., 1.), (0., 1.), .UNSPECIFIED.);
#8279 = CARTESIAN_POINT('', (-171.38161328, 4.6899487, -180.));
#8280 = CARTESIAN_POINT('', (-172.0522879, 18.08342415, -180.));
#8281 = CARTESIAN_POINT('', (-168.4137154, -115.45548443, 0.));
#8282 = CARTESIAN_POINT('', (-178.43592613, -103.02002999, 0.));
#8283 = CARTESIAN_POINT('', (-57.4202373, -161.54432623, 180.));
#8284 = CARTESIAN_POINT('', (-70.36543925, -158.04336417, 180.));
#8285 = B_SPLINE_SURFACE_WITH_KNOTS('', 2, 1, ((#8279, #8280), (#8281, #8282), (#8283, #8284)), .UNSPECIFIED., .F., .F., .F., (3, 3), (2, 2), (0., 1.), (0., 1.), .UNSPECIFIED.);
#8286 = CARTESIAN_POINT('', (-172.0522879, 18.08342415, -180.));
#8287 = CARTESIAN_POINT('', (-171.01044797, 25.96771318, -180.));
#8288 = CARTESIAN_POINT('', (-178.43592613, -103.02002999, 0.));
#8289 = CARTESIAN_POINT('', (-182.95142222, -94.69398456, 0.));
#8290 = CARTESIAN_POINT('', (-70.36543925, -158.04336417, 180.));
#8291 = CARTESIAN_POINT('', (-77.54189747, -154.61613622, 180.));
#8292 = B_SPLINE_SURFACE_WITH_KNOTS('', 2, 1, ((#8286, #8287), (#8288, #8289), (#8290, #8291)), .UNSPECIFIED., .F., .F., .F., (3, 3), (2, 2), (0., 1.), (0., 1.), .UNSPECIFIED.);
#8293 = CARTESIAN_POINT('', (-171.01044797, 25.96771318, -180.));
#8294 = CARTESIAN_POINT('', (-168.9671245, 33.74674205, -180.));
#8295 = CARTESIAN_POINT('', (-182.95142222, -94.69398456, 0.));
#8296 = CARTESIAN_POINT('', (-186.42827681, -85.76827919, 0.));
#8297 = CARTESIAN_POINT('', (-77.54189747, -154.61613622, 180.));
#8298 = CARTESIAN_POINT('', (-84.30877189, -150.268968, 180.));
#8299 = B_SPLINE_SURFACE_WITH_KNOTS('', 2, 1, ((#8293, #8294), (#8295, #8296), (#8297, #8298)), .UNSPECIFIED., .F., .F., .F., (3, 3), (2, 2), (0., 1.), (0., 1.), .UNSPECIFIED.);
#8300 = CARTESIAN_POINT('', (-168.9671245, 33.74674205, -180.));
#8301 = CARTESIAN_POINT('', (-167.14809179, 38.88474789, -180.));
#8302 = CARTESIAN_POINT('', (-186.42827681, -85.76827919, 0.));
#8303 = CARTESIAN_POINT('', (-188.27241358, -79.54427984, 0.));
#8304 = CARTESIAN_POINT('', (-84.30877189, -150.268968, 180.));
#8305 = CARTESIAN_POINT('', (-88.63319381, -146.95123397, 180.));
#8306 = B_SPLINE_SURFACE_WITH_KNOTS('', 2, 1, ((#8300, #8301), (#8302, #8303), (#8304, #8305)), .UNSPECIFIED., .F., .F., .F., (3, 3), (2, 2), (0., 1.), (0., 1.), .UNSPECIFIED.);
#8307 = CARTESIAN_POINT('', (-167.14809179, 38.88474789, -180.));
#8308 = CARTESIAN_POINT('', (-165.11822045, 44.0005937, -180.));
#8309 = CARTESIAN_POINT('', (-188.27241358, -79.54427984, 0.));
#8310 = CARTESIAN_POINT('', (-189.89788898, -73.1940363, 0.));
#8311 = CARTESIAN_POINT('', (-88.63319381, -146.95123397, 180.));
#8312 = CARTESIAN_POINT('', (-92.87138756, -143.4398283, 180.));
#8313 = B_SPLINE_SURFACE_WITH_KNOTS('', 2, 1, ((#8307, #8308), (#8309, #8310), (#8311, #8312)), .UNSPECIFIED., .F., .F., .F., (3, 3), (2, 2), (0., 1.), (0., 1.), .UNSPECIFIED.);
#8314 = CARTESIAN_POINT('', (-165.11822045, 44.0005937, -180.));
#8315 = CARTESIAN_POINT('', (-165.93038875, 39.82260092, -180.));
#8316 = CARTESIAN_POINT('', (-189.89788898, -73.1940363, 0.));
#8317 = CARTESIAN_POINT('', (-187.7556624, -77.78819097, 0.));
#8318 = CARTESIAN_POINT('', (-92.87138756, -143.4398283, 180.));
#8319 = CARTESIAN_POINT('', (-89.14885411, -145.50331703, 180.));
#8320 = B_SPLINE_SURFACE_WITH_KNOTS('', 2, 1, ((#8314, #8315), (#8316, #8317), (#8318, #8319)), .UNSPECIFIED., .F., .F., .F., (3, 3), (2, 2), (0., 1.), (0., 1.), .UNSPECIFIED.);
#8321 = CARTESIAN_POINT('', (-165.93038875, 39.82260092, -180.));
#8322 = CARTESIAN_POINT('', (-166.81140927, 32.45432847, -180.));
#8323 = CARTESIAN_POINT('', (-187.7556624, -77.78819097, 0.));
#8324 = CARTESIAN_POINT('', (-183.44644613, -85.50446088, 0.));
#8325 = CARTESIAN_POINT('', (-89.14885411, -145.50331703, 180.));
#8326 = CARTESIAN_POINT('', (-82.4134609, -148.61813874, 180.));
#8327 = B_SPLINE_SURFACE_WITH_KNOTS('', 2, 1, ((#8321, #8322), (#8323, #8324), (#8325, #8326)), .UNSPECIFIED., .F., .F., .F., (3, 3), (2, 2), (0., 1.), (0., 1.), .UNSPECIFIED.);
#8328 = CARTESIAN_POINT('', (-166.81140927, 32.45432847, -180.));
#8329 = CARTESIAN_POINT('', (-167.43426234, 23.99308276, -180.));
#8330 = CARTESIAN_POINT('', (-183.44644613, -85.50446088, 0.));
#8331 = CARTESIAN_POINT('', (-178.12335148, -94.09311028, 0.));
#8332 = CARTESIAN_POINT('', (-82.4134609, -148.61813874, 180.));
#8333 = CARTESIAN_POINT('', (-74.55881021, -151.82517593, 180.));
#8334 = B_SPLINE_SURFACE_WITH_KNOTS('', 2, 1, ((#8328, #8329), (#8330, #8331), (#8332, #8333)), .UNSPECIFIED., .F., .F., .F., (3, 3), (2, 2), (0., 1.), (0., 1.), .UNSPECIFIED.);
#8335 = CARTESIAN_POINT('', (-167.43426234, 23.99308276, -180.));
#8336 = CARTESIAN_POINT('', (-166.15418678, 16.39766996, -180.));
#8337 = CARTESIAN_POINT('', (-178.12335148, -94.09311028, 0.));
#8338 = CARTESIAN_POINT('', (-171.57285621, -100.51537716, 0.));
#8339 = CARTESIAN_POINT('', (-74.55881021, -151.82517593, 180.));
#8340 = CARTESIAN_POINT('', (-66.93957827, -152.95486336, 180.));
#8341 = B_SPLINE_SURFACE_WITH_KNOTS('', 2, 1, ((#8335, #8336), (#8337, #8338), (#8339, #8340)), .UNSPECIFIED., .F., .F., .F., (3, 3), (2, 2), (0., 1.), (0., 1.), .UNSPECIFIED.);
#8342 = CARTESIAN_POINT('', (-166.15418678, 16.39766996, -180.));
#8343 = CARTESIAN_POINT('', (-161.54802176, 9.51850985, -180.));
#8344 = CARTESIAN_POINT('', (-171.57285621, -100.51537716, 0.));
#8345 = CARTESIAN_POINT('', (-162.3189961, -103.91911318, 0.));
#8346 = CARTESIAN_POINT('', (-66.93957827, -152.95486336, 180.));
#8347 = CARTESIAN_POINT('', (-58.97372495, -150.69991748, 180.));
#8348 = B_SPLINE_SURFACE_WITH_KNOTS('', 2, 1, ((#8342, #8343), (#8344, #8345), (#8346, #8347)), .UNSPECIFIED., .F., .F., .F., (3, 3), (2, 2), (0., 1.), (0., 1.), .UNSPECIFIED.);
#8349 = CARTESIAN_POINT('', (-161.54802176, 9.51850985, -180.));
#8350 = CARTESIAN_POINT('', (-157.42700538, 0.55866337, -180.));
#8351 = CARTESIAN_POINT('', (-162.3189961, -103.91911318, 0.));
#8352 = CARTESIAN_POINT('', (-152.07602071, -109.6672681, 0.));
#8353 = CARTESIAN_POINT('', (-58.97372495, -150.69991748, 180.));
#8354 = CARTESIAN_POINT('', (-49.17894047, -149.54934284, 180.));
#8355 = B_SPLINE_SURFACE_WITH_KNOTS('', 2, 1, ((#8349, #8350), (#8351, #8352), (#8353, #8354)), .UNSPECIFIED., .F., .F., .F., (3, 3), (2, 2), (0., 1.), (0., 1.), .UNSPECIFIED.);
#8356 = CARTESIAN_POINT('', (-157.42700538, 0.55866337, -180.));
#8357 = CARTESIAN_POINT('', (-157.61203862, -4.75108274, -180.));
#8358 = CARTESIAN_POINT('', (-152.07602071, -109.6672681, 0.));
#8359 = CARTESIAN_POINT('', (-148.53725835, -114.91287491, 0.));
#8360 = CARTESIAN_POINT('', (-49.17894047, -149.54934284, 180.));
#8361 = CARTESIAN_POINT('', (-44.18625025, -151.36612168, 180.));
#8362 = B_SPLINE_SURFACE_WITH_KNOTS('', 2, 1, ((#8356, #8357), (#8358, #8359), (#8360, #8361)), .UNSPECIFIED., .F., .F., .F., (3, 3), (2, 2), (0., 1.), (0., 1.), .UNSPECIFIED.);
#8363 = CARTESIAN_POINT('', (-157.61203862, -4.75108274, -180.));
#8364 = CARTESIAN_POINT('', (-160.42179317, -7.65328196, -180.));
#8365 = CARTESIAN_POINT('', (-148.53725835, -114.91287491, 0.));
#8366 = CARTESIAN_POINT('', (-149.21286642, -119.67616474, 0.));
#8367 = CARTESIAN_POINT('', (-44.18625025, -151.36612168, 180.));
#8368 = CARTESIAN_POINT('', (-42.29435667, -154.93518594, 180.));
#8369 = B_SPLINE_SURFACE_WITH_KNOTS('', 2, 1, ((#8363, #8364), (#8365, #8366), (#8367, #8368)), .UNSPECIFIED., .F., .F., .F., (3, 3), (2, 2), (0., 1.), (0., 1.), .UNSPECIFIED.);
#8370 = CARTESIAN_POINT('', (-160.42179317, -7.65328196, -180.));
#8371 = CARTESIAN_POINT('', (-162.59096052, -9.02405145, -180.));
#8372 = CARTESIAN_POINT('', (-149.21286642, -119.67616474, 0.));
#8373 = CARTESIAN_POINT('', (-150.34331791, -122.51544487, 0.));
#8374 = CARTESIAN_POINT('', (-42.29435667, -154.93518594, 180.));
#8375 = CARTESIAN_POINT('', (-41.660987, -157.42177775, 180.));
#8376 = B_SPLINE_SURFACE_WITH_KNOTS('', 2, 1, ((#8370, #8371), (#8372, #8373), (#8374, #8375)), .UNSPECIFIED., .F., .F., .F., (3, 3), (2, 2), (0., 1.), (0., 1.), .UNSPECIFIED.);
#8377 = CARTESIAN_POINT('', (-162.59096052, -9.02405145, -180.));
#8378 = CARTESIAN_POINT('', (-163.80597314, -9.42926787, -180.));
#8379 = CARTESIAN_POINT('', (-150.34331791, -122.51544487, 0.));
#8380 = CARTESIAN_POINT('', (-151.23034493, -123.75644138, 0.));
#8381 = CARTESIAN_POINT('', (-41.660987, -157.42177775, 180.));
#8382 = CARTESIAN_POINT('', (-41.65106283, -158.70254218, 180.));
#8383 = B_SPLINE_SURFACE_WITH_KNOTS('', 2, 1, ((#8377, #8378), (#8379, #8380), (#8381, #8382)), .UNSPECIFIED., .F., .F., .F., (3, 3), (2, 2), (0., 1.), (0., 1.), .UNSPECIFIED.);
#8384 = CARTESIAN_POINT('', (0., 0., -180.));
#8385 = DIRECTION('', (0., -0., 1.));
#8386 = AXIS2_PLACEMENT_3D('', #8384, #8385, $);
#8387 = PLANE('', #8386);
#8388 = CARTESIAN_POINT('', (0., 0., 180.));
#8389 = DIRECTION('', (0., -0., 1.));
#8390 = AXIS2_PLACEMENT_3D('', #8388, #8389, $);
#8391 = PLANE('', #8390);
#8392 = CARTESIAN_POINT('', (-41.65106283, -158.70254218, -180.));
#8393 = CARTESIAN_POINT('', (-44.77341651, -160.50324551, -180.));
#8394 = CARTESIAN_POINT('', (70.96662336, -182.07144856, 0.));
#8395 = CARTESIAN_POINT('', (69.21872439, -185.9922516, 0.));
#8396 = CARTESIAN_POINT('', (138.06420064, -88.6542973, 180.));
#8397 = CARTESIAN_POINT('', (138.81191093, -92.18028005, 180.));
#8398 = B_SPLINE_SURFACE_WITH_KNOTS('', 2, 1, ((#8392, #8393), (#8394, #8395), (#8396, #8397)), .UNSPECIFIED., .F., .F., .F., (3, 3), (2, 2), (0., 1.), (0., 1.), .UNSPECIFIED.);
#8399 = CARTESIAN_POINT('', (-44.77341651, -160.50324551, -180.));
#8400 = CARTESIAN_POINT('', (-48.56232979, -161.19495726, -180.));
#8401 = CARTESIAN_POINT('', (69.21872439, -185.9922516, 0.));
#8402 = CARTESIAN_POINT('', (66.05223731, -189.31113287, 0.));
#8403 = CARTESIAN_POINT('', (138.81191093, -92.18028005, 180.));
#8404 = CARTESIAN_POINT('', (138.2989293, -95.9975014, 180.));
#8405 = B_SPLINE_SURFACE_WITH_KNOTS('', 2, 1, ((#8399, #8400), (#8401, #8402), (#8403, #8404)), .UNSPECIFIED., .F., .F., .F., (3, 3), (2, 2), (0., 1.), (0., 1.), .UNSPECIFIED.);
#8406 = CARTESIAN_POINT('', (-48.56232979, -161.19495726, -180.));
#8407 = CARTESIAN_POINT('', (-57.4202373, -161.54432623, -180.));
#8408 = CARTESIAN_POINT('', (66.05223731, -189.31113287, 0.));
#8409 = CARTESIAN_POINT('', (57.76199067, -195.84866825, 0.));
#8410 = CARTESIAN_POINT('', (138.2989293, -95.9975014, 180.));
#8411 = CARTESIAN_POINT('', (135.89395499, -104.529833, 180.));
#8412 = B_SPLINE_SURFACE_WITH_KNOTS('', 2, 1, ((#8406, #8407), (#8408, #8409), (#8410, #8411)), .UNSPECIFIED., .F., .F., .F., (3, 3), (2, 2), (0., 1.), (0., 1.), .UNSPECIFIED.);
#8413 = CARTESIAN_POINT('', (-57.4202373, -161.54432623, -180.));
#8414 = CARTESIAN_POINT('', (-70.36543925, -158.04336417, -180.));
#8415 = CARTESIAN_POINT('', (57.76199067, -195.84866825, 0.));
#8416 = CARTESIAN_POINT('', (42.83813725, -201.53759032, 0.));
#8417 = CARTESIAN_POINT('', (135.89395499, -104.529833, 180.));
#8418 = CARTESIAN_POINT('', (128.56405481, -115.7595949, 180.));
#8419 = B_SPLINE_SURFACE_WITH_KNOTS('', 2, 1, ((#8413, #8414), (#8415, #8416), (#8417, #8418)), .UNSPECIFIED., .F., .F., .F., (3, 3), (2, 2), (0., 1.), (0., 1.), .UNSPECIFIED.);
#8420 = CARTESIAN_POINT('', (-70.36543925, -158.04336417, -180.));
#8421 = CARTESIAN_POINT('', (-77.54189747, -154.61613622, -180.));
#8422 = CARTESIAN_POINT('', (42.83813725, -201.53759032, 0.));
#8423 = CARTESIAN_POINT('', (33.52423246, -203.25919276, 0.));
#8424 = CARTESIAN_POINT('', (128.56405481, -115.7595949, 180.));
#8425 = CARTESIAN_POINT('', (123.08691978, -121.52574057, 180.));
#8426 = B_SPLINE_SURFACE_WITH_KNOTS('', 2, 1, ((#8420, #8421), (#8422, #8423), (#8424, #8425)), .UNSPECIFIED., .F., .F., .F., (3, 3), (2, 2), (0., 1.), (0., 1.), .UNSPECIFIED.);
#8427 = CARTESIAN_POINT('', (-77.54189747, -154.61613622, -180.));
#8428 = CARTESIAN_POINT('', (-84.30877189, -150.268968, -180.));
#8429 = CARTESIAN_POINT('', (33.52423246, -203.25919276, 0.));
#8430 = CARTESIAN_POINT('', (23.96097505, -203.80768333, 0.));
#8431 = CARTESIAN_POINT('', (123.08691978, -121.52574057, 180.));
#8432 = CARTESIAN_POINT('', (116.86143792, -126.61807173, 180.));
#8433 = B_SPLINE_SURFACE_WITH_KNOTS('', 2, 1, ((#8427, #8428), (#8429, #8430), (#8431, #8432)), .UNSPECIFIED., .F., .F., .F., (3, 3), (2, 2), (0., 1.), (0., 1.), .UNSPECIFIED.);
#8434 = CARTESIAN_POINT('', (-84.30877189, -150.268968, -180.));
#8435 = CARTESIAN_POINT('', (-88.63319381, -146.95123397, -180.));
#8436 = CARTESIAN_POINT('', (23.96097505, -203.80768333, 0.));
#8437 = CARTESIAN_POINT('', (17.47173031, -203.63824005, 0.));
#8438 = CARTESIAN_POINT('', (116.86143792, -126.61807173, 180.));
#8439 = CARTESIAN_POINT('', (112.36976549, -129.70560517, 180.));
#8440 = B_SPLINE_SURFACE_WITH_KNOTS('', 2, 1, ((#8434, #8435), (#8436, #8437), (#8438, #8439)), .UNSPECIFIED., .F., .F., .F., (3, 3), (2, 2), (0., 1.), (0., 1.), .UNSPECIFIED.);
#8441 = CARTESIAN_POINT('', (-88.63319381, -146.95123397, -180.));
#8442 = CARTESIAN_POINT('', (-92.87138756, -143.4398283, -180.));
#8443 = CARTESIAN_POINT('', (17.47173031, -203.63824005, 0.));
#8444 = CARTESIAN_POINT('', (10.92999029, -203.22182585, 0.));
#8445 = CARTESIAN_POINT('', (112.36976549, -129.70560517, 180.));
#8446 = CARTESIAN_POINT('', (107.72054635, -132.65128293, 180.));
#8447 = B_SPLINE_SURFACE_WITH_KNOTS('', 2, 1, ((#8441, #8442), (#8443, #8444), (#8445, #8446)), .UNSPECIFIED., .F., .F., .F., (3, 3), (2, 2), (0., 1.), (0., 1.), .UNSPECIFIED.);
#8448 = CARTESIAN_POINT('', (-92.87138756, -143.4398283, -180.));
#8449 = CARTESIAN_POINT('', (-89.14885411, -145.50331703, -180.));
#8450 = CARTESIAN_POINT('', (10.92999029, -203.22182585, 0.));
#8451 = CARTESIAN_POINT('', (15.96127544, -202.60411916, 0.));
#8452 = CARTESIAN_POINT('', (107.72054635, -132.65128293, 180.));
#8453 = CARTESIAN_POINT('', (110.83336686, -129.74859632, 180.));
#8454 = B_SPLINE_SURFACE_WITH_KNOTS('', 2, 1, ((#8448, #8449), (#8450, #8451), (#8452, #8453)), .UNSPECIFIED., .F., .F., .F., (3, 3), (2, 2), (0., 1.), (0., 1.), .UNSPECIFIED.);
#8455 = CARTESIAN_POINT('', (-89.14885411, -145.50331703, -180.));
#8456 = CARTESIAN_POINT('', (-82.4134609, -148.61813874, -180.));
#8457 = CARTESIAN_POINT('', (15.96127544, -202.60411916, 0.));
#8458 = CARTESIAN_POINT('', (24.63150528, -200.89026949, 0.));
#8459 = CARTESIAN_POINT('', (110.83336686, -129.74859632, 180.));
#8460 = CARTESIAN_POINT('', (115.87708931, -124.30538956, 180.));
#8461 = B_SPLINE_SURFACE_WITH_KNOTS('', 2, 1, ((#8455, #8456), (#8457, #8458), (#8459, #8460)), .UNSPECIFIED., .F., .F., .F., (3, 3), (2, 2), (0., 1.), (0., 1.), .UNSPECIFIED.);
#8462 = CARTESIAN_POINT('', (-82.4134609, -148.61813874, -180.));
#8463 = CARTESIAN_POINT('', (-74.55881021, -151.82517593, -180.));
#8464 = CARTESIAN_POINT('', (24.63150528, -200.89026949, 0.));
#8465 = CARTESIAN_POINT('', (34.44472297, -198.48174426, 0.));
#8466 = CARTESIAN_POINT('', (115.87708931, -124.30538956, 180.));
#8467 = CARTESIAN_POINT('', (121.35438347, -117.82620183, 180.));
#8468 = B_SPLINE_SURFACE_WITH_KNOTS('', 2, 1, ((#8462, #8463), (#8464, #8465), (#8466, #8467)), .UNSPECIFIED., .F., .F., .F., (3, 3), (2, 2), (0., 1.), (0., 1.), .UNSPECIFIED.);
#8469 = CARTESIAN_POINT('', (-74.55881021, -151.82517593, -180.));
#8470 = CARTESIAN_POINT('', (-66.93957827, -152.95486336, -180.));
#8471 = CARTESIAN_POINT('', (34.44472297, -198.48174426, 0.));
#8472 = CARTESIAN_POINT('', (42.57687609, -194.23644265, 0.));
#8473 = CARTESIAN_POINT('', (121.35438347, -117.82620183, 180.));
#8474 = CARTESIAN_POINT('', (124.78325221, -110.92897426, 180.));
#8475 = B_SPLINE_SURFACE_WITH_KNOTS('', 2, 1, ((#8469, #8470), (#8471, #8472), (#8473, #8474)), .UNSPECIFIED., .F., .F., .F., (3, 3), (2, 2), (0., 1.), (0., 1.), .UNSPECIFIED.);
#8476 = CARTESIAN_POINT('', (-66.93957827, -152.95486336, -180.));
#8477 = CARTESIAN_POINT('', (-58.97372495, -150.69991748, -180.));
#8478 = CARTESIAN_POINT('', (42.57687609, -194.23644265, 0.));
#8479 = CARTESIAN_POINT('', (48.67362145, -186.48731097, 0.));
#8480 = CARTESIAN_POINT('', (124.78325221, -110.92897426, 180.));
#8481 = CARTESIAN_POINT('', (125.1002553, -102.65618096, 180.));
#8482 = B_SPLINE_SURFACE_WITH_KNOTS('', 2, 1, ((#8476, #8477), (#8478, #8479), (#8480, #8481)), .UNSPECIFIED., .F., .F., .F., (3, 3), (2, 2), (0., 1.), (0., 1.), .UNSPECIFIED.);
#8483 = CARTESIAN_POINT('', (-58.97372495, -150.69991748, -180.));
#8484 = CARTESIAN_POINT('', (-49.17894047, -149.54934284, -180.));
#8485 = CARTESIAN_POINT('', (48.67362145, -186.48731097, 0.));
#8486 = CARTESIAN_POINT('', (57.30569512, -178.52194004, 0.));
#8487 = CARTESIAN_POINT('', (125.1002553, -102.65618096, 180.));
#8488 = CARTESIAN_POINT('', (127.03274864, -92.98524023, 180.));
#8489 = B_SPLINE_SURFACE_WITH_KNOTS('', 2, 1, ((#8483, #8484), (#8485, #8486), (#8487, #8488)), .UNSPECIFIED., .F., .F., .F., (3, 3), (2, 2), (0., 1.), (0., 1.), .UNSPECIFIED.);
#8490 = CARTESIAN_POINT('', (-49.17894047, -149.54934284, -180.));
#8491 = CARTESIAN_POINT('', (-44.18625025, -151.36612168, -180.));
#8492 = CARTESIAN_POINT('', (57.30569512, -178.52194004, 0.));
#8493 = CARTESIAN_POINT('', (63.38810136, -176.77735869, 0.));
#8494 = CARTESIAN_POINT('', (127.03274864, -92.98524023, 180.));
#8495 = CARTESIAN_POINT('', (130.30343413, -88.7983252, 180.));
#8496 = B_SPLINE_SURFACE_WITH_KNOTS('', 2, 1, ((#8490, #8491), (#8492, #8493), (#8494, #8495)), .UNSPECIFIED., .F., .F., .F., (3, 3), (2, 2), (0., 1.), (0., 1.), .UNSPECIFIED.);
#8497 = CARTESIAN_POINT('', (-44.18625025, -151.36612168, -180.));
#8498 = CARTESIAN_POINT('', (-42.29435667, -154.93518594, -180.));
#8499 = CARTESIAN_POINT('', (63.38810136, -176.77735869, 0.));
#8500 = CARTESIAN_POINT('', (67.70948481, -178.89183765, 0.));
#8501 = CARTESIAN_POINT('', (130.30343413, -88.7983252, 180.));
#8502 = CARTESIAN_POINT('', (134.28244321, -88.101929, 180.));
#8503 = B_SPLINE_SURFACE_WITH_KNOTS('', 2, 1, ((#8497, #8498), (#8499, #8500), (#8501, #8502)), .UNSPECIFIED., .F., .F., .F., (3, 3), (2, 2), (0., 1.), (0., 1.), .UNSPECIFIED.);
#8504 = CARTESIAN_POINT('', (-42.29435667, -154.93518594, -180.));
#8505 = CARTESIAN_POINT('', (-41.660987, -157.42177775, -180.));
#8506 = CARTESIAN_POINT('', (67.70948481, -178.89183765, 0.));
#8507 = CARTESIAN_POINT('', (70.06047196, -180.84434672, 0.));
#8508 = CARTESIAN_POINT('', (134.28244321, -88.101929, 180.));
#8509 = CARTESIAN_POINT('', (136.84305456, -88.26795777, 180.));
#8510 = B_SPLINE_SURFACE_WITH_KNOTS('', 2, 1, ((#8504, #8505), (#8506, #8507), (#8508, #8509)), .UNSPECIFIED., .F., .F., .F., (3, 3), (2, 2), (0., 1.), (0., 1.), .UNSPECIFIED.);
#8511 = CARTESIAN_POINT('', (-41.660987, -157.42177775, -180.));
#8512 = CARTESIAN_POINT('', (-41.65106283, -158.70254218, -180.));
#8513 = CARTESIAN_POINT('', (70.06047196, -180.84434672, 0.));
#8514 = CARTESIAN_POINT('', (70.96662336, -182.07144856, 0.));
#8515 = CARTESIAN_POINT('', (136.84305456, -88.26795777, 180.));
#8516 = CARTESIAN_POINT('', (138.06420064, -88.6542973, 180.));
#8517 = B_SPLINE_SURFACE_WITH_KNOTS('', 2, 1, ((#8511, #8512), (#8513, #8514), (#8515, #8516)), .UNSPECIFIED., .F., .F., .F., (3, 3), (2, 2), (0., 1.), (0., 1.), .UNSPECIFIED.);
#8518 = CARTESIAN_POINT('', (0., 0., -180.));
#8519 = DIRECTION('', (0., 0., 1.));
#8520 = AXIS2_PLACEMENT_3D('', #8518, #8519, $);
#8521 = PLANE('', #8520);
#8522 = CARTESIAN_POINT('', (0., 0., 180.));
#8523 = DIRECTION('', (0., 0., 1.));
#8524 = AXIS2_PLACEMENT_3D('', #8522, #8523, $);
#8525 = PLANE('', #8524);
#8526 = CARTESIAN_POINT('', (138.06420064, -88.6542973, -180.));
#8527 = CARTESIAN_POINT('', (138.81191093, -92.18028005, -180.));
#8528 = CARTESIAN_POINT('', (195.09013023, 11.23009779, 0.));
#8529 = CARTESIAN_POINT('', (198.27890503, 8.35615231, 0.));
#8530 = CARTESIAN_POINT('', (126.97943146, 103.9111732, 180.));
#8531 = CARTESIAN_POINT('', (130.56389551, 103.53269934, 180.));
#8532 = B_SPLINE_SURFACE_WITH_KNOTS('', 2, 1, ((#8526, #8527), (#8528, #8529), (#8530, #8531)), .UNSPECIFIED., .F., .F., .F., (3, 3), (2, 2), (0., 1.), (0., 1.), .UNSPECIFIED.);
#8533 = CARTESIAN_POINT('', (138.81191093, -92.18028005, -180.));
#8534 = CARTESIAN_POINT('', (138.2989293, -95.9975014, -180.));
#8535 = CARTESIAN_POINT('', (198.27890503, 8.35615231, 0.));
#8536 = CARTESIAN_POINT('', (200.45685037, 4.31905343, 0.));
#8537 = CARTESIAN_POINT('', (130.56389551, 103.53269934, 180.));
#8538 = CARTESIAN_POINT('', (134.03576871, 101.86523856, 180.));
#8539 = B_SPLINE_SURFACE_WITH_KNOTS('', 2, 1, ((#8533, #8534), (#8535, #8536), (#8537, #8538)), .UNSPECIFIED., .F., .F., .F., (3, 3), (2, 2), (0., 1.), (0., 1.), .UNSPECIFIED.);
#8540 = CARTESIAN_POINT('', (138.2989293, -95.9975014, -180.));
#8541 = CARTESIAN_POINT('', (135.89395499, -104.529833, -180.));
#8542 = CARTESIAN_POINT('', (200.45685037, 4.31905343, 0.));
#8543 = CARTESIAN_POINT('', (204.11258889, -5.5856492, 0.));
#8544 = CARTESIAN_POINT('', (134.03576871, 101.86523856, 180.));
#8545 = CARTESIAN_POINT('', (141.40732035, 96.9413366, 180.));
#8546 = B_SPLINE_SURFACE_WITH_KNOTS('', 2, 1, ((#8540, #8541), (#8542, #8543), (#8544, #8545)), .UNSPECIFIED., .F., .F., .F., (3, 3), (2, 2), (0., 1.), (0., 1.), .UNSPECIFIED.);
#8547 = CARTESIAN_POINT('', (135.89395499, -104.529833, -180.));
#8548 = CARTESIAN_POINT('', (128.56405481, -115.7595949, -180.));
#8549 = CARTESIAN_POINT('', (204.11258889, -5.5856492, 0.));
#8550 = CARTESIAN_POINT('', (204.91135097, -21.53705084, 0.));
#8551 = CARTESIAN_POINT('', (141.40732035, 96.9413366, 180.));
#8552 = CARTESIAN_POINT('', (149.82239485, 86.5, 180.));
#8553 = B_SPLINE_SURFACE_WITH_KNOTS('', 2, 1, ((#8547, #8548), (#8549, #8550), (#8551, #8552)), .UNSPECIFIED., .F., .F., .F., (3, 3), (2, 2), (0., 1.), (0., 1.), .UNSPECIFIED.);
#8554 = CARTESIAN_POINT('', (128.56405481, -115.7595949, -180.));
#8555 = CARTESIAN_POINT('', (123.08691978, -121.52574057, -180.));
#8556 = CARTESIAN_POINT('', (204.91135097, -21.53705084, 0.));
#8557 = CARTESIAN_POINT('', (203.67053732, -30.92710509, 0.));
#8558 = CARTESIAN_POINT('', (149.82239485, 86.5, 180.));
#8559 = CARTESIAN_POINT('', (153.61379747, 79.50909804, 180.));
#8560 = B_SPLINE_SURFACE_WITH_KNOTS('', 2, 1, ((#8554, #8555), (#8556, #8557), (#8558, #8559)), .UNSPECIFIED., .F., .F., .F., (3, 3), (2, 2), (0., 1.), (0., 1.), .UNSPECIFIED.);
#8561 = CARTESIAN_POINT('', (123.08691978, -121.52574057, -180.));
#8562 = CARTESIAN_POINT('', (116.86143792, -126.61807173, -180.));
#8563 = CARTESIAN_POINT('', (203.67053732, -30.92710509, 0.));
#8564 = CARTESIAN_POINT('', (201.23697379, -40.19179628, 0.));
#8565 = CARTESIAN_POINT('', (153.61379747, 79.50909804, 180.));
#8566 = CARTESIAN_POINT('', (156.5331125, 72.01469608, 180.));
#8567 = B_SPLINE_SURFACE_WITH_KNOTS('', 2, 1, ((#8561, #8562), (#8563, #8564), (#8565, #8566)), .UNSPECIFIED., .F., .F., .F., (3, 3), (2, 2), (0., 1.), (0., 1.), .UNSPECIFIED.);
#8568 = CARTESIAN_POINT('', (116.86143792, -126.61807173, -180.));
#8569 = CARTESIAN_POINT('', (112.36976549, -129.70560517, -180.));
#8570 = CARTESIAN_POINT('', (201.23697379, -40.19179628, 0.));
#8571 = CARTESIAN_POINT('', (199.07053675, -46.31107392, 0.));
#8572 = CARTESIAN_POINT('', (156.5331125, 72.01469608, 180.));
#8573 = CARTESIAN_POINT('', (158.08152819, 66.78876144, 180.));
#8574 = B_SPLINE_SURFACE_WITH_KNOTS('', 2, 1, ((#8568, #8569), (#8570, #8571), (#8572, #8573)), .UNSPECIFIED., .F., .F., .F., (3, 3), (2, 2), (0., 1.), (0., 1.), .UNSPECIFIED.);
#8575 = CARTESIAN_POINT('', (112.36976549, -129.70560517, -180.));
#8576 = CARTESIAN_POINT('', (107.72054635, -132.65128293, -180.));
#8577 = CARTESIAN_POINT('', (199.07053675, -46.31107392, 0.));
#8578 = CARTESIAN_POINT('', (196.65299447, -52.40395933, 0.));
#8579 = CARTESIAN_POINT('', (158.08152819, 66.78876144, 180.));
#8580 = CARTESIAN_POINT('', (159.44634649, 61.4568268, 180.));
#8581 = B_SPLINE_SURFACE_WITH_KNOTS('', 2, 1, ((#8575, #8576), (#8577, #8578), (#8579, #8580)), .UNSPECIFIED., .F., .F., .F., (3, 3), (2, 2), (0., 1.), (0., 1.), .UNSPECIFIED.);
#8582 = CARTESIAN_POINT('', (107.72054635, -132.65128293, -180.));
#8583 = CARTESIAN_POINT('', (110.83336686, -129.74859632, -180.));
#8584 = CARTESIAN_POINT('', (196.65299447, -52.40395933, 0.));
#8585 = CARTESIAN_POINT('', (197.62027312, -47.42804094, 0.));
#8586 = CARTESIAN_POINT('', (159.44634649, 61.4568268, 180.));
#8587 = CARTESIAN_POINT('', (157.64764191, 65.31427451, 180.));
#8588 = B_SPLINE_SURFACE_WITH_KNOTS('', 2, 1, ((#8582, #8583), (#8584, #8585), (#8586, #8587)), .UNSPECIFIED., .F., .F., .F., (3, 3), (2, 2), (0., 1.), (0., 1.), .UNSPECIFIED.);
#8589 = CARTESIAN_POINT('', (110.83336686, -129.74859632, -180.));
#8590 = CARTESIAN_POINT('', (115.87708931, -124.30538956, -180.));
#8591 = CARTESIAN_POINT('', (197.62027312, -47.42804094, 0.));
#8592 = CARTESIAN_POINT('', (198.66955359, -38.65255367, 0.));
#8593 = CARTESIAN_POINT('', (157.64764191, 65.31427451, 180.));
#8594 = CARTESIAN_POINT('', (154.02944061, 71.79318301, 180.));
#8595 = B_SPLINE_SURFACE_WITH_KNOTS('', 2, 1, ((#8589, #8590), (#8591, #8592), (#8593, #8594)), .UNSPECIFIED., .F., .F., .F., (3, 3), (2, 2), (0., 1.), (0., 1.), .UNSPECIFIED.);
#8596 = CARTESIAN_POINT('', (115.87708931, -124.30538956, -180.));
#8597 = CARTESIAN_POINT('', (121.35438347, -117.82620183, -180.));
#8598 = CARTESIAN_POINT('', (198.66955359, -38.65255367, 0.));
#8599 = CARTESIAN_POINT('', (199.411361, -28.57535382, 0.));
#8600 = CARTESIAN_POINT('', (154.02944061, 71.79318301, 180.));
#8601 = CARTESIAN_POINT('', (149.55994387, 79.00457843, 180.));
#8602 = B_SPLINE_SURFACE_WITH_KNOTS('', 2, 1, ((#8596, #8597), (#8598, #8599), (#8600, #8601)), .UNSPECIFIED., .F., .F., .F., (3, 3), (2, 2), (0., 1.), (0., 1.), .UNSPECIFIED.);
#8603 = CARTESIAN_POINT('', (121.35438347, -117.82620183, -180.));
#8604 = CARTESIAN_POINT('', (124.78325221, -110.92897426, -180.));
#8605 = CARTESIAN_POINT('', (199.411361, -28.57535382, 0.));
#8606 = CARTESIAN_POINT('', (197.88681277, -19.52934626, 0.));
#8607 = CARTESIAN_POINT('', (149.55994387, 79.00457843, 180.));
#8608 = CARTESIAN_POINT('', (144.05986937, 84.39698693, 180.));
#8609 = B_SPLINE_SURFACE_WITH_KNOTS('', 2, 1, ((#8603, #8604), (#8605, #8606), (#8607, #8608)), .UNSPECIFIED., .F., .F., .F., (3, 3), (2, 2), (0., 1.), (0., 1.), .UNSPECIFIED.);
#8610 = CARTESIAN_POINT('', (124.78325221, -110.92897426, -180.));
#8611 = CARTESIAN_POINT('', (125.1002553, -102.65618096, -180.));
#8612 = CARTESIAN_POINT('', (197.88681277, -19.52934626, 0.));
#8613 = CARTESIAN_POINT('', (192.40094851, -11.33638347, 0.));
#8614 = CARTESIAN_POINT('', (144.05986937, 84.39698693, 180.));
#8615 = CARTESIAN_POINT('', (136.28993472, 87.2549085, 180.));
#8616 = B_SPLINE_SURFACE_WITH_KNOTS('', 2, 1, ((#8610, #8611), (#8612, #8613), (#8614, #8615)), .UNSPECIFIED., .F., .F., .F., (3, 3), (2, 2), (0., 1.), (0., 1.), .UNSPECIFIED.);
#8617 = CARTESIAN_POINT('', (125.1002553, -102.65618096, -180.));
#8618 = CARTESIAN_POINT('', (127.03274864, -92.98524023, -180.));
#8619 = CARTESIAN_POINT('', (192.40094851, -11.33638347, 0.));
#8620 = CARTESIAN_POINT('', (187.49288804, -0.66535857, 0.));
#8621 = CARTESIAN_POINT('', (136.28993472, 87.2549085, 180.));
#8622 = CARTESIAN_POINT('', (127.68949682, 92.08130392, 180.));
#8623 = B_SPLINE_SURFACE_WITH_KNOTS('', 2, 1, ((#8617, #8618), (#8619, #8620), (#8621, #8622)), .UNSPECIFIED., .F., .F., .F., (3, 3), (2, 2), (0., 1.), (0., 1.), .UNSPECIFIED.);
#8624 = CARTESIAN_POINT('', (127.03274864, -92.98524023, -180.));
#8625 = CARTESIAN_POINT('', (130.30343413, -88.7983252, -180.));
#8626 = CARTESIAN_POINT('', (187.49288804, -0.66535857, 0.));
#8627 = CARTESIAN_POINT('', (187.71325947, 5.6584588, 0.));
#8628 = CARTESIAN_POINT('', (127.68949682, 92.08130392, 180.));
#8629 = CARTESIAN_POINT('', (124.71820139, 96.48573856, 180.));
#8630 = B_SPLINE_SURFACE_WITH_KNOTS('', 2, 1, ((#8624, #8625), (#8626, #8627), (#8628, #8629)), .UNSPECIFIED., .F., .F., .F., (3, 3), (2, 2), (0., 1.), (0., 1.), .UNSPECIFIED.);
#8631 = CARTESIAN_POINT('', (130.30343413, -88.7983252, -180.));
#8632 = CARTESIAN_POINT('', (134.28244321, -88.101929, -180.));
#8633 = CARTESIAN_POINT('', (187.71325947, 5.6584588, 0.));
#8634 = CARTESIAN_POINT('', (191.0596294, 9.11492876, 0.));
#8635 = CARTESIAN_POINT('', (124.71820139, 96.48573856, 180.));
#8636 = CARTESIAN_POINT('', (125.28547067, 100.48519934, 180.));
#8637 = B_SPLINE_SURFACE_WITH_KNOTS('', 2, 1, ((#8631, #8632), (#8633, #8634), (#8635, #8636)), .UNSPECIFIED., .F., .F., .F., (3, 3), (2, 2), (0., 1.), (0., 1.), .UNSPECIFIED.);
#8638 = CARTESIAN_POINT('', (134.28244321, -88.101929, -180.));
#8639 = CARTESIAN_POINT('', (136.84305456, -88.26795777, -180.));
#8640 = CARTESIAN_POINT('', (191.0596294, 9.11492876, 0.));
#8641 = CARTESIAN_POINT('', (193.64307085, 10.74749192, 0.));
#8642 = CARTESIAN_POINT('', (125.28547067, 100.48519934, 180.));
#8643 = CARTESIAN_POINT('', (126.23464584, 102.86917974, 180.));
#8644 = B_SPLINE_SURFACE_WITH_KNOTS('', 2, 1, ((#8638, #8639), (#8640, #8641), (#8642, #8643)), .UNSPECIFIED., .F., .F., .F., (3, 3), (2, 2), (0., 1.), (0., 1.), .UNSPECIFIED.);
#8645 = CARTESIAN_POINT('', (136.84305456, -88.26795777, -180.));
#8646 = CARTESIAN_POINT('', (138.06420064, -88.6542973, -180.));
#8647 = CARTESIAN_POINT('', (193.64307085, 10.74749192, 0.));
#8648 = CARTESIAN_POINT('', (195.09013023, 11.23009779, 0.));
#8649 = CARTESIAN_POINT('', (126.23464584, 102.86917974, 180.));
#8650 = CARTESIAN_POINT('', (126.97943146, 103.9111732, 180.));
#8651 = B_SPLINE_SURFACE_WITH_KNOTS('', 2, 1, ((#8645, #8646), (#8647, #8648), (#8649, #8650)), .UNSPECIFIED., .F., .F., .F., (3, 3), (2, 2), (0., 1.), (0., 1.), .UNSPECIFIED.);
#8652 = CARTESIAN_POINT('', (0., 0., -180.));
#8653 = DIRECTION('', (-0., -0., 1.));
#8654 = AXIS2_PLACEMENT_3D('', #8652, #8653, $);
#8655 = PLANE('', #8654);
#8656 = CARTESIAN_POINT('', (0., 0., 180.));
#8657 = DIRECTION('', (-0., -0., 1.));
#8658 = AXIS2_PLACEMENT_3D('', #8656, #8657, $);
#8659 = PLANE('', #8658);
#8660 = CARTESIAN_POINT('', (-0., -0., -22.5));
#8661 = DIRECTION('', (0., -0., 1.));
#8662 = DIRECTION('', (1., 0., 0.));
#8663 = AXIS2_PLACEMENT_3D('', #8660, #8661, #8662);
#8664 = CYLINDRICAL_SURFACE('', #8663, 9.);
#8665 = CARTESIAN_POINT('', (0., 0., -315.));
#8666 = DIRECTION('', (0., -0., 1.));
#8667 = AXIS2_PLACEMENT_3D('', #8665, #8666, $);
#8668 = PLANE('', #8667);
#8669 = CARTESIAN_POINT('', (0., 0., 270.));
#8670 = DIRECTION('', (0., -0., 1.));
#8671 = AXIS2_PLACEMENT_3D('', #8669, #8670, $);
#8672 = PLANE('', #8671);
#8673 = CARTESIAN_POINT('', (65.86001746, 147.92402114, 0.));
#8674 = DIRECTION('', (0.40673664, 0.91354546, -0.));
#8675 = AXIS2_PLACEMENT_3D('', #8673, #8674, $);
#8676 = PLANE('', #8675);
#8677 = CARTESIAN_POINT('', (31.92283906, 86.45143046, 0.));
#8678 = DIRECTION('', (-0.91354546, 0.40673664, 0.));
#8679 = AXIS2_PLACEMENT_3D('', #8677, #8678, $);
#8680 = PLANE('', #8679);
#8681 = CARTESIAN_POINT('', (8.94820615, 20.09800007, 0.));
#8682 = DIRECTION('', (-0.40673664, -0.91354546, 0.));
#8683 = AXIS2_PLACEMENT_3D('', #8681, #8682, $);
#8684 = PLANE('', #8683);
#8685 = CARTESIAN_POINT('', (42.88538455, 81.57059074, 0.));
#8686 = DIRECTION('', (0.91354546, -0.40673664, 0.));
#8687 = AXIS2_PLACEMENT_3D('', #8685, #8686, $);
#8688 = PLANE('', #8687);
#8689 = CARTESIAN_POINT('', (8.94820615, 20.09800007, -3.));
#8690 = DIRECTION('', (0., -0., 1.));
#8691 = AXIS2_PLACEMENT_3D('', #8689, #8690, $);
#8692 = PLANE('', #8691);
#8693 = CARTESIAN_POINT('', (8.94820615, 20.09800007, 3.));
#8694 = DIRECTION('', (0., -0., 1.));
#8695 = AXIS2_PLACEMENT_3D('', #8693, #8694, $);
#8696 = PLANE('', #8695);
#8697 = CARTESIAN_POINT('', (-120.33223958, 108.34763517, 0.));
#8698 = DIRECTION('', (-0.74314483, 0.66913061, 0.));
#8699 = AXIS2_PLACEMENT_3D('', #8697, #8698, $);
#8700 = PLANE('', #8699);
#8701 = CARTESIAN_POINT('', (-72.35549651, 57.0753853, 0.));
#8702 = DIRECTION('', (-0.66913061, -0.74314483, 0.));
#8703 = AXIS2_PLACEMENT_3D('', #8701, #8702, $);
#8704 = PLANE('', #8703);
#8705 = CARTESIAN_POINT('', (-16.34918616, 14.72087334, 0.));
#8706 = DIRECTION('', (0.74314483, -0.66913061, 0.));
#8707 = AXIS2_PLACEMENT_3D('', #8705, #8706, $);
#8708 = PLANE('', #8707);
#8709 = CARTESIAN_POINT('', (-64.32592923, 65.99312321, 0.));
#8710 = DIRECTION('', (0.66913061, 0.74314483, -0.));
#8711 = AXIS2_PLACEMENT_3D('', #8709, #8710, $);
#8712 = PLANE('', #8711);
#8713 = CARTESIAN_POINT('', (-16.34918616, 14.72087334, -3.));
#8714 = DIRECTION('', (0., -0., 1.));
#8715 = AXIS2_PLACEMENT_3D('', #8713, #8714, $);
#8716 = PLANE('', #8715);
#8717 = CARTESIAN_POINT('', (-16.34918616, 14.72087334, 3.));
#8718 = DIRECTION('', (0., -0., 1.));
#8719 = AXIS2_PLACEMENT_3D('', #8717, #8718, $);
#8720 = PLANE('', #8719);
#8721 = CARTESIAN_POINT('', (-140.22943146, -80.9615, 0.));
#8722 = DIRECTION('', (-0.8660254, -0.5, 0.));
#8723 = AXIS2_PLACEMENT_3D('', #8721, #8722, $);
#8724 = PLANE('', #8723);
#8725 = CARTESIAN_POINT('', (-76.64099517, -51.17690242, 0.));
#8726 = DIRECTION('', (0.5, -0.8660254, 0.));
#8727 = AXIS2_PLACEMENT_3D('', #8725, #8726, $);
#8728 = PLANE('', #8727);
#8729 = CARTESIAN_POINT('', (-19.05255888, -11., 0.));
#8730 = DIRECTION('', (0.8660254, 0.5, -0.));
#8731 = AXIS2_PLACEMENT_3D('', #8729, #8730, $);
#8732 = PLANE('', #8731);
#8733 = CARTESIAN_POINT('', (-82.64099517, -40.78459758, 0.));
#8734 = DIRECTION('', (-0.5, 0.8660254, 0.));
#8735 = AXIS2_PLACEMENT_3D('', #8733, #8734, $);
#8736 = PLANE('', #8735);
#8737 = CARTESIAN_POINT('', (-19.05255888, -11., -3.));
#8738 = DIRECTION('', (0., 0., 1.));
#8739 = AXIS2_PLACEMENT_3D('', #8737, #8738, $);
#8740 = PLANE('', #8739);
#8741 = CARTESIAN_POINT('', (-19.05255888, -11., 3.));
#8742 = DIRECTION('', (0., 0., 1.));
#8743 = AXIS2_PLACEMENT_3D('', #8741, #8742, $);
#8744 = PLANE('', #8743);
#8745 = CARTESIAN_POINT('', (33.66568471, -158.38459395, 0.));
#8746 = DIRECTION('', (0.20791169, -0.9781476, 0.));
#8747 = AXIS2_PLACEMENT_3D('', #8745, #8746, $);
#8748 = PLANE('', #8747);
#8749 = CARTESIAN_POINT('', (24.98875656, -88.70445044, 0.));
#8750 = DIRECTION('', (0.9781476, 0.20791169, -0.));
#8751 = AXIS2_PLACEMENT_3D('', #8749, #8750, $);
#8752 = PLANE('', #8751);
#8753 = CARTESIAN_POINT('', (4.5740572, -21.51924722, 0.));
#8754 = DIRECTION('', (-0.20791169, 0.9781476, 0.));
#8755 = AXIS2_PLACEMENT_3D('', #8753, #8754, $);
#8756 = PLANE('', #8755);
#8757 = CARTESIAN_POINT('', (13.25098535, -91.19939073, 0.));
#8758 = DIRECTION('', (-0.9781476, -0.20791169, 0.));
#8759 = AXIS2_PLACEMENT_3D('', #8757, #8758, $);
#8760 = PLANE('', #8759);
#8761 = CARTESIAN_POINT('', (4.5740572, -21.51924722, -3.));
#8762 = DIRECTION('', (-0., -0., 1.));
#8763 = AXIS2_PLACEMENT_3D('', #8761, #8762, $);
#8764 = PLANE('', #8763);
#8765 = CARTESIAN_POINT('', (4.5740572, -21.51924722, 3.));
#8766 = DIRECTION('', (-0., -0., 1.));
#8767 = AXIS2_PLACEMENT_3D('', #8765, #8766, $);
#8768 = PLANE('', #8767);
#8769 = CARTESIAN_POINT('', (161.03596886, -16.92556236, 0.));
#8770 = DIRECTION('', (0.9945219, -0.10452846, 0.));
#8771 = AXIS2_PLACEMENT_3D('', #8769, #8770, $);
#8772 = PLANE('', #8771);
#8773 = CARTESIAN_POINT('', (92.08489606, -3.6454629, 0.));
#8774 = DIRECTION('', (0.10452846, 0.9945219, -0.));
#8775 = AXIS2_PLACEMENT_3D('', #8773, #8774, $);
#8776 = PLANE('', #8775);
#8777 = CARTESIAN_POINT('', (21.8794817, -2.29962619, 0.));
#8778 = DIRECTION('', (-0.9945219, 0.10452846, 0.));
#8779 = AXIS2_PLACEMENT_3D('', #8777, #8778, $);
#8780 = PLANE('', #8779);
#8781 = CARTESIAN_POINT('', (90.8305545, -15.57972565, 0.));
#8782 = DIRECTION('', (-0.10452846, -0.9945219, 0.));
#8783 = AXIS2_PLACEMENT_3D('', #8781, #8782, $);
#8784 = PLANE('', #8783);
#8785 = CARTESIAN_POINT('', (21.8794817, -2.29962619, -3.));
#8786 = DIRECTION('', (-0., -0., 1.));
#8787 = AXIS2_PLACEMENT_3D('', #8785, #8786, $);
#8788 = PLANE('', #8787);
#8789 = CARTESIAN_POINT('', (21.8794817, -2.29962619, 3.));
#8790 = DIRECTION('', (-0., -0., 1.));
#8791 = AXIS2_PLACEMENT_3D('', #8789, #8790, $);
#8792 = PLANE('', #8791);
#8793 = ORIENTED_EDGE('', *, *, #5043, .F.);
#8794 = ORIENTED_EDGE('', *, *, #5042, .F.);
#8795 = ORIENTED_EDGE('', *, *, #5041, .F.);
#8796 = ORIENTED_EDGE('', *, *, #5093, .T.);
#8797 = EDGE_LOOP('', (#8793, #8794, #8795, #8796));
#8798 = FACE_BOUND('', #8797, .T.);
#8799 = ADVANCED_FACE('', (#8798), #5927, .F.);
#8800 = ORIENTED_EDGE('', *, *, #5046, .F.);
#8801 = ORIENTED_EDGE('', *, *, #5045, .F.);
#8802 = ORIENTED_EDGE('', *, *, #5044, .F.);
#8803 = ORIENTED_EDGE('', *, *, #5042, .T.);
#8804 = EDGE_LOOP('', (#8800, #8801, #8802, #8803));
#8805 = FACE_BOUND('', #8804, .T.);
#8806 = ADVANCED_FACE('', (#8805), #5938, .F.);
#8807 = ORIENTED_EDGE('', *, *, #5049, .F.);
#8808 = ORIENTED_EDGE('', *, *, #5048, .F.);
#8809 = ORIENTED_EDGE('', *, *, #5047, .F.);
#8810 = ORIENTED_EDGE('', *, *, #5045, .T.);
#8811 = EDGE_LOOP('', (#8807, #8808, #8809, #8810));
#8812 = FACE_BOUND('', #8811, .T.);
#8813 = ADVANCED_FACE('', (#8812), #5949, .F.);
#8814 = ORIENTED_EDGE('', *, *, #5052, .F.);
#8815 = ORIENTED_EDGE('', *, *, #5051, .F.);
#8816 = ORIENTED_EDGE('', *, *, #5050, .F.);
#8817 = ORIENTED_EDGE('', *, *, #5048, .T.);
#8818 = EDGE_LOOP('', (#8814, #8815, #8816, #8817));
#8819 = FACE_BOUND('', #8818, .T.);
#8820 = ADVANCED_FACE('', (#8819), #5960, .F.);
#8821 = ORIENTED_EDGE('', *, *, #5055, .F.);
#8822 = ORIENTED_EDGE('', *, *, #5054, .F.);
#8823 = ORIENTED_EDGE('', *, *, #5053, .F.);
#8824 = ORIENTED_EDGE('', *, *, #5051, .T.);
#8825 = EDGE_LOOP('', (#8821, #8822, #8823, #8824));
#8826 = FACE_BOUND('', #8825, .T.);
#8827 = ADVANCED_FACE('', (#8826), #5971, .F.);
#8828 = ORIENTED_EDGE('', *, *, #5058, .F.);
#8829 = ORIENTED_EDGE('', *, *, #5057, .F.);
#8830 = ORIENTED_EDGE('', *, *, #5056, .F.);
#8831 = ORIENTED_EDGE('', *, *, #5054, .T.);
#8832 = EDGE_LOOP('', (#8828, #8829, #8830, #8831));
#8833 = FACE_BOUND('', #8832, .T.);
#8834 = ADVANCED_FACE('', (#8833), #5982, .F.);
#8835 = ORIENTED_EDGE('', *, *, #5061, .F.);
#8836 = ORIENTED_EDGE('', *, *, #5060, .F.);
#8837 = ORIENTED_EDGE('', *, *, #5059, .F.);
#8838 = ORIENTED_EDGE('', *, *, #5057, .T.);
#8839 = EDGE_LOOP('', (#8835, #8836, #8837, #8838));
#8840 = FACE_BOUND('', #8839, .T.);
#8841 = ADVANCED_FACE('', (#8840), #5993, .F.);
#8842 = ORIENTED_EDGE('', *, *, #5064, .F.);
#8843 = ORIENTED_EDGE('', *, *, #5063, .F.);
#8844 = ORIENTED_EDGE('', *, *, #5062, .F.);
#8845 = ORIENTED_EDGE('', *, *, #5060, .T.);
#8846 = EDGE_LOOP('', (#8842, #8843, #8844, #8845));
#8847 = FACE_BOUND('', #8846, .T.);
#8848 = ADVANCED_FACE('', (#8847), #6004, .F.);
#8849 = ORIENTED_EDGE('', *, *, #5067, .F.);
#8850 = ORIENTED_EDGE('', *, *, #5066, .F.);
#8851 = ORIENTED_EDGE('', *, *, #5065, .F.);
#8852 = ORIENTED_EDGE('', *, *, #5063, .T.);
#8853 = EDGE_LOOP('', (#8849, #8850, #8851, #8852));
#8854 = FACE_BOUND('', #8853, .T.);
#8855 = ADVANCED_FACE('', (#8854), #6015, .F.);
#8856 = ORIENTED_EDGE('', *, *, #5070, .F.);
#8857 = ORIENTED_EDGE('', *, *, #5069, .F.);
#8858 = ORIENTED_EDGE('', *, *, #5068, .F.);
#8859 = ORIENTED_EDGE('', *, *, #5066, .T.);
#8860 = EDGE_LOOP('', (#8856, #8857, #8858, #8859));
#8861 = FACE_BOUND('', #8860, .T.);
#8862 = ADVANCED_FACE('', (#8861), #6026, .F.);
#8863 = ORIENTED_EDGE('', *, *, #5073, .F.);
#8864 = ORIENTED_EDGE('', *, *, #5072, .F.);
#8865 = ORIENTED_EDGE('', *, *, #5071, .F.);
#8866 = ORIENTED_EDGE('', *, *, #5069, .T.);
#8867 = EDGE_LOOP('', (#8863, #8864, #8865, #8866));
#8868 = FACE_BOUND('', #8867, .T.);
#8869 = ADVANCED_FACE('', (#8868), #6037, .F.);
#8870 = ORIENTED_EDGE('', *, *, #5076, .F.);
#8871 = ORIENTED_EDGE('', *, *, #5075, .F.);
#8872 = ORIENTED_EDGE('', *, *, #5074, .F.);
#8873 = ORIENTED_EDGE('', *, *, #5072, .T.);
#8874 = EDGE_LOOP('', (#8870, #8871, #8872, #8873));
#8875 = FACE_BOUND('', #8874, .T.);
#8876 = ADVANCED_FACE('', (#8875), #6048, .F.);
#8877 = ORIENTED_EDGE('', *, *, #5079, .F.);
#8878 = ORIENTED_EDGE('', *, *, #5078, .F.);
#8879 = ORIENTED_EDGE('', *, *, #5077, .F.);
#8880 = ORIENTED_EDGE('', *, *, #5075, .T.);
#8881 = EDGE_LOOP('', (#8877, #8878, #8879, #8880));
#8882 = FACE_BOUND('', #8881, .T.);
#8883 = ADVANCED_FACE('', (#8882), #6059, .F.);
#8884 = ORIENTED_EDGE('', *, *, #5082, .F.);
#8885 = ORIENTED_EDGE('', *, *, #5081, .F.);
#8886 = ORIENTED_EDGE('', *, *, #5080, .F.);
#8887 = ORIENTED_EDGE('', *, *, #5078, .T.);
#8888 = EDGE_LOOP('', (#8884, #8885, #8886, #8887));
#8889 = FACE_BOUND('', #8888, .T.);
#8890 = ADVANCED_FACE('', (#8889), #6070, .F.);
#8891 = ORIENTED_EDGE('', *, *, #5085, .F.);
#8892 = ORIENTED_EDGE('', *, *, #5084, .F.);
#8893 = ORIENTED_EDGE('', *, *, #5083, .F.);
#8894 = ORIENTED_EDGE('', *, *, #5081, .T.);
#8895 = EDGE_LOOP('', (#8891, #8892, #8893, #8894));
#8896 = FACE_BOUND('', #8895, .T.);
#8897 = ADVANCED_FACE('', (#8896), #6081, .F.);
#8898 = ORIENTED_EDGE('', *, *, #5088, .F.);
#8899 = ORIENTED_EDGE('', *, *, #5087, .F.);
#8900 = ORIENTED_EDGE('', *, *, #5086, .F.);
#8901 = ORIENTED_EDGE('', *, *, #5084, .T.);
#8902 = EDGE_LOOP('', (#8898, #8899, #8900, #8901));
#8903 = FACE_BOUND('', #8902, .T.);
#8904 = ADVANCED_FACE('', (#8903), #6092, .F.);
#8905 = ORIENTED_EDGE('', *, *, #5091, .F.);
#8906 = ORIENTED_EDGE('', *, *, #5090, .F.);
#8907 = ORIENTED_EDGE('', *, *, #5089, .F.);
#8908 = ORIENTED_EDGE('', *, *, #5087, .T.);
#8909 = EDGE_LOOP('', (#8905, #8906, #8907, #8908));
#8910 = FACE_BOUND('', #8909, .T.);
#8911 = ADVANCED_FACE('', (#8910), #6103, .F.);
#8912 = ORIENTED_EDGE('', *, *, #5094, .F.);
#8913 = ORIENTED_EDGE('', *, *, #5093, .F.);
#8914 = ORIENTED_EDGE('', *, *, #5092, .F.);
#8915 = ORIENTED_EDGE('', *, *, #5090, .T.);
#8916 = EDGE_LOOP('', (#8912, #8913, #8914, #8915));
#8917 = FACE_BOUND('', #8916, .T.);
#8918 = ADVANCED_FACE('', (#8917), #6114, .F.);
#8919 = ORIENTED_EDGE('', *, *, #5094, .T.);
#8920 = ORIENTED_EDGE('', *, *, #5091, .T.);
#8921 = ORIENTED_EDGE('', *, *, #5088, .T.);
#8922 = ORIENTED_EDGE('', *, *, #5085, .T.);
#8923 = ORIENTED_EDGE('', *, *, #5082, .T.);
#8924 = ORIENTED_EDGE('', *, *, #5079, .T.);
#8925 = ORIENTED_EDGE('', *, *, #5076, .T.);
#8926 = ORIENTED_EDGE('', *, *, #5073, .T.);
#8927 = ORIENTED_EDGE('', *, *, #5070, .T.);
#8928 = ORIENTED_EDGE('', *, *, #5067, .T.);
#8929 = ORIENTED_EDGE('', *, *, #5064, .T.);
#8930 = ORIENTED_EDGE('', *, *, #5061, .T.);
#8931 = ORIENTED_EDGE('', *, *, #5058, .T.);
#8932 = ORIENTED_EDGE('', *, *, #5055, .T.);
#8933 = ORIENTED_EDGE('', *, *, #5052, .T.);
#8934 = ORIENTED_EDGE('', *, *, #5049, .T.);
#8935 = ORIENTED_EDGE('', *, *, #5046, .T.);
#8936 = ORIENTED_EDGE('', *, *, #5043, .T.);
#8937 = EDGE_LOOP('', (#8919, #8920, #8921, #8922, #8923, #8924, #8925, #8926, #8927, #8928, #8929, #8930, #8931, #8932, #8933, #8934, #8935, #8936));
#8938 = FACE_BOUND('', #8937, .T.);
#8939 = ADVANCED_FACE('', (#8938), #6118, .T.);
#8940 = ORIENTED_EDGE('', *, *, #5041, .T.);
#8941 = ORIENTED_EDGE('', *, *, #5044, .T.);
#8942 = ORIENTED_EDGE('', *, *, #5047, .T.);
#8943 = ORIENTED_EDGE('', *, *, #5050, .T.);
#8944 = ORIENTED_EDGE('', *, *, #5053, .T.);
#8945 = ORIENTED_EDGE('', *, *, #5056, .T.);
#8946 = ORIENTED_EDGE('', *, *, #5059, .T.);
#8947 = ORIENTED_EDGE('', *, *, #5062, .T.);
#8948 = ORIENTED_EDGE('', *, *, #5065, .T.);
#8949 = ORIENTED_EDGE('', *, *, #5068, .T.);
#8950 = ORIENTED_EDGE('', *, *, #5071, .T.);
#8951 = ORIENTED_EDGE('', *, *, #5074, .T.);
#8952 = ORIENTED_EDGE('', *, *, #5077, .T.);
#8953 = ORIENTED_EDGE('', *, *, #5080, .T.);
#8954 = ORIENTED_EDGE('', *, *, #5083, .T.);
#8955 = ORIENTED_EDGE('', *, *, #5086, .T.);
#8956 = ORIENTED_EDGE('', *, *, #5089, .T.);
#8957 = ORIENTED_EDGE('', *, *, #5092, .T.);
#8958 = EDGE_LOOP('', (#8940, #8941, #8942, #8943, #8944, #8945, #8946, #8947, #8948, #8949, #8950, #8951, #8952, #8953, #8954, #8955, #8956, #8957));
#8959 = FACE_BOUND('', #8958, .T.);
#8960 = ADVANCED_FACE('', (#8959), #6122, .F.);
#8961 = ORIENTED_EDGE('', *, *, #5097, .F.);
#8962 = ORIENTED_EDGE('', *, *, #5096, .F.);
#8963 = ORIENTED_EDGE('', *, *, #5095, .F.);
#8964 = ORIENTED_EDGE('', *, *, #5147, .T.);
#8965 = EDGE_LOOP('', (#8961, #8962, #8963, #8964));
#8966 = FACE_BOUND('', #8965, .T.);
#8967 = ADVANCED_FACE('', (#8966), #6133, .F.);
#8968 = ORIENTED_EDGE('', *, *, #5100, .F.);
#8969 = ORIENTED_EDGE('', *, *, #5099, .F.);
#8970 = ORIENTED_EDGE('', *, *, #5098, .F.);
#8971 = ORIENTED_EDGE('', *, *, #5096, .T.);
#8972 = EDGE_LOOP('', (#8968, #8969, #8970, #8971));
#8973 = FACE_BOUND('', #8972, .T.);
#8974 = ADVANCED_FACE('', (#8973), #6144, .F.);
#8975 = ORIENTED_EDGE('', *, *, #5103, .F.);
#8976 = ORIENTED_EDGE('', *, *, #5102, .F.);
#8977 = ORIENTED_EDGE('', *, *, #5101, .F.);
#8978 = ORIENTED_EDGE('', *, *, #5099, .T.);
#8979 = EDGE_LOOP('', (#8975, #8976, #8977, #8978));
#8980 = FACE_BOUND('', #8979, .T.);
#8981 = ADVANCED_FACE('', (#8980), #6155, .F.);
#8982 = ORIENTED_EDGE('', *, *, #5106, .F.);
#8983 = ORIENTED_EDGE('', *, *, #5105, .F.);
#8984 = ORIENTED_EDGE('', *, *, #5104, .F.);
#8985 = ORIENTED_EDGE('', *, *, #5102, .T.);
#8986 = EDGE_LOOP('', (#8982, #8983, #8984, #8985));
#8987 = FACE_BOUND('', #8986, .T.);
#8988 = ADVANCED_FACE('', (#8987), #6166, .F.);
#8989 = ORIENTED_EDGE('', *, *, #5109, .F.);
#8990 = ORIENTED_EDGE('', *, *, #5108, .F.);
#8991 = ORIENTED_EDGE('', *, *, #5107, .F.);
#8992 = ORIENTED_EDGE('', *, *, #5105, .T.);
#8993 = EDGE_LOOP('', (#8989, #8990, #8991, #8992));
#8994 = FACE_BOUND('', #8993, .T.);
#8995 = ADVANCED_FACE('', (#8994), #6177, .F.);
#8996 = ORIENTED_EDGE('', *, *, #5112, .F.);
#8997 = ORIENTED_EDGE('', *, *, #5111, .F.);
#8998 = ORIENTED_EDGE('', *, *, #5110, .F.);
#8999 = ORIENTED_EDGE('', *, *, #5108, .T.);
#9000 = EDGE_LOOP('', (#8996, #8997, #8998, #8999));
#9001 = FACE_BOUND('', #9000, .T.);
#9002 = ADVANCED_FACE('', (#9001), #6188, .F.);
#9003 = ORIENTED_EDGE('', *, *, #5115, .F.);
#9004 = ORIENTED_EDGE('', *, *, #5114, .F.);
#9005 = ORIENTED_EDGE('', *, *, #5113, .F.);
#9006 = ORIENTED_EDGE('', *, *, #5111, .T.);
#9007 = EDGE_LOOP('', (#9003, #9004, #9005, #9006));
#9008 = FACE_BOUND('', #9007, .T.);
#9009 = ADVANCED_FACE('', (#9008), #6199, .F.);
#9010 = ORIENTED_EDGE('', *, *, #5118, .F.);
#9011 = ORIENTED_EDGE('', *, *, #5117, .F.);
#9012 = ORIENTED_EDGE('', *, *, #5116, .F.);
#9013 = ORIENTED_EDGE('', *, *, #5114, .T.);
#9014 = EDGE_LOOP('', (#9010, #9011, #9012, #9013));
#9015 = FACE_BOUND('', #9014, .T.);
#9016 = ADVANCED_FACE('', (#9015), #6210, .F.);
#9017 = ORIENTED_EDGE('', *, *, #5121, .F.);
#9018 = ORIENTED_EDGE('', *, *, #5120, .F.);
#9019 = ORIENTED_EDGE('', *, *, #5119, .F.);
#9020 = ORIENTED_EDGE('', *, *, #5117, .T.);
#9021 = EDGE_LOOP('', (#9017, #9018, #9019, #9020));
#9022 = FACE_BOUND('', #9021, .T.);
#9023 = ADVANCED_FACE('', (#9022), #6221, .F.);
#9024 = ORIENTED_EDGE('', *, *, #5124, .F.);
#9025 = ORIENTED_EDGE('', *, *, #5123, .F.);
#9026 = ORIENTED_EDGE('', *, *, #5122, .F.);
#9027 = ORIENTED_EDGE('', *, *, #5120, .T.);
#9028 = EDGE_LOOP('', (#9024, #9025, #9026, #9027));
#9029 = FACE_BOUND('', #9028, .T.);
#9030 = ADVANCED_FACE('', (#9029), #6232, .F.);
#9031 = ORIENTED_EDGE('', *, *, #5127, .F.);
#9032 = ORIENTED_EDGE('', *, *, #5126, .F.);
#9033 = ORIENTED_EDGE('', *, *, #5125, .F.);
#9034 = ORIENTED_EDGE('', *, *, #5123, .T.);
#9035 = EDGE_LOOP('', (#9031, #9032, #9033, #9034));
#9036 = FACE_BOUND('', #9035, .T.);
#9037 = ADVANCED_FACE('', (#9036), #6243, .F.);
#9038 = ORIENTED_EDGE('', *, *, #5130, .F.);
#9039 = ORIENTED_EDGE('', *, *, #5129, .F.);
#9040 = ORIENTED_EDGE('', *, *, #5128, .F.);
#9041 = ORIENTED_EDGE('', *, *, #5126, .T.);
#9042 = EDGE_LOOP('', (#9038, #9039, #9040, #9041));
#9043 = FACE_BOUND('', #9042, .T.);
#9044 = ADVANCED_FACE('', (#9043), #6254, .F.);
#9045 = ORIENTED_EDGE('', *, *, #5133, .F.);
#9046 = ORIENTED_EDGE('', *, *, #5132, .F.);
#9047 = ORIENTED_EDGE('', *, *, #5131, .F.);
#9048 = ORIENTED_EDGE('', *, *, #5129, .T.);
#9049 = EDGE_LOOP('', (#9045, #9046, #9047, #9048));
#9050 = FACE_BOUND('', #9049, .T.);
#9051 = ADVANCED_FACE('', (#9050), #6265, .F.);
#9052 = ORIENTED_EDGE('', *, *, #5136, .F.);
#9053 = ORIENTED_EDGE('', *, *, #5135, .F.);
#9054 = ORIENTED_EDGE('', *, *, #5134, .F.);
#9055 = ORIENTED_EDGE('', *, *, #5132, .T.);
#9056 = EDGE_LOOP('', (#9052, #9053, #9054, #9055));
#9057 = FACE_BOUND('', #9056, .T.);
#9058 = ADVANCED_FACE('', (#9057), #6276, .F.);
#9059 = ORIENTED_EDGE('', *, *, #5139, .F.);
#9060 = ORIENTED_EDGE('', *, *, #5138, .F.);
#9061 = ORIENTED_EDGE('', *, *, #5137, .F.);
#9062 = ORIENTED_EDGE('', *, *, #5135, .T.);
#9063 = EDGE_LOOP('', (#9059, #9060, #9061, #9062));
#9064 = FACE_BOUND('', #9063, .T.);
#9065 = ADVANCED_FACE('', (#9064), #6287, .F.);
#9066 = ORIENTED_EDGE('', *, *, #5142, .F.);
#9067 = ORIENTED_EDGE('', *, *, #5141, .F.);
#9068 = ORIENTED_EDGE('', *, *, #5140, .F.);
#9069 = ORIENTED_EDGE('', *, *, #5138, .T.);
#9070 = EDGE_LOOP('', (#9066, #9067, #9068, #9069));
#9071 = FACE_BOUND('', #9070, .T.);
#9072 = ADVANCED_FACE('', (#9071), #6298, .F.);
#9073 = ORIENTED_EDGE('', *, *, #5145, .F.);
#9074 = ORIENTED_EDGE('', *, *, #5144, .F.);
#9075 = ORIENTED_EDGE('', *, *, #5143, .F.);
#9076 = ORIENTED_EDGE('', *, *, #5141, .T.);
#9077 = EDGE_LOOP('', (#9073, #9074, #9075, #9076));
#9078 = FACE_BOUND('', #9077, .T.);
#9079 = ADVANCED_FACE('', (#9078), #6309, .F.);
#9080 = ORIENTED_EDGE('', *, *, #5148, .F.);
#9081 = ORIENTED_EDGE('', *, *, #5147, .F.);
#9082 = ORIENTED_EDGE('', *, *, #5146, .F.);
#9083 = ORIENTED_EDGE('', *, *, #5144, .T.);
#9084 = EDGE_LOOP('', (#9080, #9081, #9082, #9083));
#9085 = FACE_BOUND('', #9084, .T.);
#9086 = ADVANCED_FACE('', (#9085), #6320, .F.);
#9087 = ORIENTED_EDGE('', *, *, #5148, .T.);
#9088 = ORIENTED_EDGE('', *, *, #5145, .T.);
#9089 = ORIENTED_EDGE('', *, *, #5142, .T.);
#9090 = ORIENTED_EDGE('', *, *, #5139, .T.);
#9091 = ORIENTED_EDGE('', *, *, #5136, .T.);
#9092 = ORIENTED_EDGE('', *, *, #5133, .T.);
#9093 = ORIENTED_EDGE('', *, *, #5130, .T.);
#9094 = ORIENTED_EDGE('', *, *, #5127, .T.);
#9095 = ORIENTED_EDGE('', *, *, #5124, .T.);
#9096 = ORIENTED_EDGE('', *, *, #5121, .T.);
#9097 = ORIENTED_EDGE('', *, *, #5118, .T.);
#9098 = ORIENTED_EDGE('', *, *, #5115, .T.);
#9099 = ORIENTED_EDGE('', *, *, #5112, .T.);
#9100 = ORIENTED_EDGE('', *, *, #5109, .T.);
#9101 = ORIENTED_EDGE('', *, *, #5106, .T.);
#9102 = ORIENTED_EDGE('', *, *, #5103, .T.);
#9103 = ORIENTED_EDGE('', *, *, #5100, .T.);
#9104 = ORIENTED_EDGE('', *, *, #5097, .T.);
#9105 = EDGE_LOOP('', (#9087, #9088, #9089, #9090, #9091, #9092, #9093, #9094, #9095, #9096, #9097, #9098, #9099, #9100, #9101, #9102, #9103, #9104));
#9106 = FACE_BOUND('', #9105, .T.);
#9107 = ADVANCED_FACE('', (#9106), #6324, .T.);
#9108 = ORIENTED_EDGE('', *, *, #5095, .T.);
#9109 = ORIENTED_EDGE('', *, *, #5098, .T.);
#9110 = ORIENTED_EDGE('', *, *, #5101, .T.);
#9111 = ORIENTED_EDGE('', *, *, #5104, .T.);
#9112 = ORIENTED_EDGE('', *, *, #5107, .T.);
#9113 = ORIENTED_EDGE('', *, *, #5110, .T.);
#9114 = ORIENTED_EDGE('', *, *, #5113, .T.);
#9115 = ORIENTED_EDGE('', *, *, #5116, .T.);
#9116 = ORIENTED_EDGE('', *, *, #5119, .T.);
#9117 = ORIENTED_EDGE('', *, *, #5122, .T.);
#9118 = ORIENTED_EDGE('', *, *, #5125, .T.);
#9119 = ORIENTED_EDGE('', *, *, #5128, .T.);
#9120 = ORIENTED_EDGE('', *, *, #5131, .T.);
#9121 = ORIENTED_EDGE('', *, *, #5134, .T.);
#9122 = ORIENTED_EDGE('', *, *, #5137, .T.);
#9123 = ORIENTED_EDGE('', *, *, #5140, .T.);
#9124 = ORIENTED_EDGE('', *, *, #5143, .T.);
#9125 = ORIENTED_EDGE('', *, *, #5146, .T.);
#9126 = EDGE_LOOP('', (#9108, #9109, #9110, #9111, #9112, #9113, #9114, #9115, #9116, #9117, #9118, #9119, #9120, #9121, #9122, #9123, #9124, #9125));
#9127 = FACE_BOUND('', #9126, .T.);
#9128 = ADVANCED_FACE('', (#9127), #6328, .F.);
#9129 = ORIENTED_EDGE('', *, *, #5151, .F.);
#9130 = ORIENTED_EDGE('', *, *, #5150, .F.);
#9131 = ORIENTED_EDGE('', *, *, #5149, .F.);
#9132 = ORIENTED_EDGE('', *, *, #5201, .T.);
#9133 = EDGE_LOOP('', (#9129, #9130, #9131, #9132));
#9134 = FACE_BOUND('', #9133, .T.);
#9135 = ADVANCED_FACE('', (#9134), #6339, .F.);
#9136 = ORIENTED_EDGE('', *, *, #5154, .F.);
#9137 = ORIENTED_EDGE('', *, *, #5153, .F.);
#9138 = ORIENTED_EDGE('', *, *, #5152, .F.);
#9139 = ORIENTED_EDGE('', *, *, #5150, .T.);
#9140 = EDGE_LOOP('', (#9136, #9137, #9138, #9139));
#9141 = FACE_BOUND('', #9140, .T.);
#9142 = ADVANCED_FACE('', (#9141), #6350, .F.);
#9143 = ORIENTED_EDGE('', *, *, #5157, .F.);
#9144 = ORIENTED_EDGE('', *, *, #5156, .F.);
#9145 = ORIENTED_EDGE('', *, *, #5155, .F.);
#9146 = ORIENTED_EDGE('', *, *, #5153, .T.);
#9147 = EDGE_LOOP('', (#9143, #9144, #9145, #9146));
#9148 = FACE_BOUND('', #9147, .T.);
#9149 = ADVANCED_FACE('', (#9148), #6361, .F.);
#9150 = ORIENTED_EDGE('', *, *, #5160, .F.);
#9151 = ORIENTED_EDGE('', *, *, #5159, .F.);
#9152 = ORIENTED_EDGE('', *, *, #5158, .F.);
#9153 = ORIENTED_EDGE('', *, *, #5156, .T.);
#9154 = EDGE_LOOP('', (#9150, #9151, #9152, #9153));
#9155 = FACE_BOUND('', #9154, .T.);
#9156 = ADVANCED_FACE('', (#9155), #6372, .F.);
#9157 = ORIENTED_EDGE('', *, *, #5163, .F.);
#9158 = ORIENTED_EDGE('', *, *, #5162, .F.);
#9159 = ORIENTED_EDGE('', *, *, #5161, .F.);
#9160 = ORIENTED_EDGE('', *, *, #5159, .T.);
#9161 = EDGE_LOOP('', (#9157, #9158, #9159, #9160));
#9162 = FACE_BOUND('', #9161, .T.);
#9163 = ADVANCED_FACE('', (#9162), #6383, .F.);
#9164 = ORIENTED_EDGE('', *, *, #5166, .F.);
#9165 = ORIENTED_EDGE('', *, *, #5165, .F.);
#9166 = ORIENTED_EDGE('', *, *, #5164, .F.);
#9167 = ORIENTED_EDGE('', *, *, #5162, .T.);
#9168 = EDGE_LOOP('', (#9164, #9165, #9166, #9167));
#9169 = FACE_BOUND('', #9168, .T.);
#9170 = ADVANCED_FACE('', (#9169), #6394, .F.);
#9171 = ORIENTED_EDGE('', *, *, #5169, .F.);
#9172 = ORIENTED_EDGE('', *, *, #5168, .F.);
#9173 = ORIENTED_EDGE('', *, *, #5167, .F.);
#9174 = ORIENTED_EDGE('', *, *, #5165, .T.);
#9175 = EDGE_LOOP('', (#9171, #9172, #9173, #9174));
#9176 = FACE_BOUND('', #9175, .T.);
#9177 = ADVANCED_FACE('', (#9176), #6405, .F.);
#9178 = ORIENTED_EDGE('', *, *, #5172, .F.);
#9179 = ORIENTED_EDGE('', *, *, #5171, .F.);
#9180 = ORIENTED_EDGE('', *, *, #5170, .F.);
#9181 = ORIENTED_EDGE('', *, *, #5168, .T.);
#9182 = EDGE_LOOP('', (#9178, #9179, #9180, #9181));
#9183 = FACE_BOUND('', #9182, .T.);
#9184 = ADVANCED_FACE('', (#9183), #6416, .F.);
#9185 = ORIENTED_EDGE('', *, *, #5175, .F.);
#9186 = ORIENTED_EDGE('', *, *, #5174, .F.);
#9187 = ORIENTED_EDGE('', *, *, #5173, .F.);
#9188 = ORIENTED_EDGE('', *, *, #5171, .T.);
#9189 = EDGE_LOOP('', (#9185, #9186, #9187, #9188));
#9190 = FACE_BOUND('', #9189, .T.);
#9191 = ADVANCED_FACE('', (#9190), #6427, .F.);
#9192 = ORIENTED_EDGE('', *, *, #5178, .F.);
#9193 = ORIENTED_EDGE('', *, *, #5177, .F.);
#9194 = ORIENTED_EDGE('', *, *, #5176, .F.);
#9195 = ORIENTED_EDGE('', *, *, #5174, .T.);
#9196 = EDGE_LOOP('', (#9192, #9193, #9194, #9195));
#9197 = FACE_BOUND('', #9196, .T.);
#9198 = ADVANCED_FACE('', (#9197), #6438, .F.);
#9199 = ORIENTED_EDGE('', *, *, #5181, .F.);
#9200 = ORIENTED_EDGE('', *, *, #5180, .F.);
#9201 = ORIENTED_EDGE('', *, *, #5179, .F.);
#9202 = ORIENTED_EDGE('', *, *, #5177, .T.);
#9203 = EDGE_LOOP('', (#9199, #9200, #9201, #9202));
#9204 = FACE_BOUND('', #9203, .T.);
#9205 = ADVANCED_FACE('', (#9204), #6449, .F.);
#9206 = ORIENTED_EDGE('', *, *, #5184, .F.);
#9207 = ORIENTED_EDGE('', *, *, #5183, .F.);
#9208 = ORIENTED_EDGE('', *, *, #5182, .F.);
#9209 = ORIENTED_EDGE('', *, *, #5180, .T.);
#9210 = EDGE_LOOP('', (#9206, #9207, #9208, #9209));
#9211 = FACE_BOUND('', #9210, .T.);
#9212 = ADVANCED_FACE('', (#9211), #6460, .F.);
#9213 = ORIENTED_EDGE('', *, *, #5187, .F.);
#9214 = ORIENTED_EDGE('', *, *, #5186, .F.);
#9215 = ORIENTED_EDGE('', *, *, #5185, .F.);
#9216 = ORIENTED_EDGE('', *, *, #5183, .T.);
#9217 = EDGE_LOOP('', (#9213, #9214, #9215, #9216));
#9218 = FACE_BOUND('', #9217, .T.);
#9219 = ADVANCED_FACE('', (#9218), #6471, .F.);
#9220 = ORIENTED_EDGE('', *, *, #5190, .F.);
#9221 = ORIENTED_EDGE('', *, *, #5189, .F.);
#9222 = ORIENTED_EDGE('', *, *, #5188, .F.);
#9223 = ORIENTED_EDGE('', *, *, #5186, .T.);
#9224 = EDGE_LOOP('', (#9220, #9221, #9222, #9223));
#9225 = FACE_BOUND('', #9224, .T.);
#9226 = ADVANCED_FACE('', (#9225), #6482, .F.);
#9227 = ORIENTED_EDGE('', *, *, #5193, .F.);
#9228 = ORIENTED_EDGE('', *, *, #5192, .F.);
#9229 = ORIENTED_EDGE('', *, *, #5191, .F.);
#9230 = ORIENTED_EDGE('', *, *, #5189, .T.);
#9231 = EDGE_LOOP('', (#9227, #9228, #9229, #9230));
#9232 = FACE_BOUND('', #9231, .T.);
#9233 = ADVANCED_FACE('', (#9232), #6493, .F.);
#9234 = ORIENTED_EDGE('', *, *, #5196, .F.);
#9235 = ORIENTED_EDGE('', *, *, #5195, .F.);
#9236 = ORIENTED_EDGE('', *, *, #5194, .F.);
#9237 = ORIENTED_EDGE('', *, *, #5192, .T.);
#9238 = EDGE_LOOP('', (#9234, #9235, #9236, #9237));
#9239 = FACE_BOUND('', #9238, .T.);
#9240 = ADVANCED_FACE('', (#9239), #6504, .F.);
#9241 = ORIENTED_EDGE('', *, *, #5199, .F.);
#9242 = ORIENTED_EDGE('', *, *, #5198, .F.);
#9243 = ORIENTED_EDGE('', *, *, #5197, .F.);
#9244 = ORIENTED_EDGE('', *, *, #5195, .T.);
#9245 = EDGE_LOOP('', (#9241, #9242, #9243, #9244));
#9246 = FACE_BOUND('', #9245, .T.);
#9247 = ADVANCED_FACE('', (#9246), #6515, .F.);
#9248 = ORIENTED_EDGE('', *, *, #5202, .F.);
#9249 = ORIENTED_EDGE('', *, *, #5201, .F.);
#9250 = ORIENTED_EDGE('', *, *, #5200, .F.);
#9251 = ORIENTED_EDGE('', *, *, #5198, .T.);
#9252 = EDGE_LOOP('', (#9248, #9249, #9250, #9251));
#9253 = FACE_BOUND('', #9252, .T.);
#9254 = ADVANCED_FACE('', (#9253), #6526, .F.);
#9255 = ORIENTED_EDGE('', *, *, #5202, .T.);
#9256 = ORIENTED_EDGE('', *, *, #5199, .T.);
#9257 = ORIENTED_EDGE('', *, *, #5196, .T.);
#9258 = ORIENTED_EDGE('', *, *, #5193, .T.);
#9259 = ORIENTED_EDGE('', *, *, #5190, .T.);
#9260 = ORIENTED_EDGE('', *, *, #5187, .T.);
#9261 = ORIENTED_EDGE('', *, *, #5184, .T.);
#9262 = ORIENTED_EDGE('', *, *, #5181, .T.);
#9263 = ORIENTED_EDGE('', *, *, #5178, .T.);
#9264 = ORIENTED_EDGE('', *, *, #5175, .T.);
#9265 = ORIENTED_EDGE('', *, *, #5172, .T.);
#9266 = ORIENTED_EDGE('', *, *, #5169, .T.);
#9267 = ORIENTED_EDGE('', *, *, #5166, .T.);
#9268 = ORIENTED_EDGE('', *, *, #5163, .T.);
#9269 = ORIENTED_EDGE('', *, *, #5160, .T.);
#9270 = ORIENTED_EDGE('', *, *, #5157, .T.);
#9271 = ORIENTED_EDGE('', *, *, #5154, .T.);
#9272 = ORIENTED_EDGE('', *, *, #5151, .T.);
#9273 = EDGE_LOOP('', (#9255, #9256, #9257, #9258, #9259, #9260, #9261, #9262, #9263, #9264, #9265, #9266, #9267, #9268, #9269, #9270, #9271, #9272));
#9274 = FACE_BOUND('', #9273, .T.);
#9275 = ADVANCED_FACE('', (#9274), #6530, .T.);
#9276 = ORIENTED_EDGE('', *, *, #5149, .T.);
#9277 = ORIENTED_EDGE('', *, *, #5152, .T.);
#9278 = ORIENTED_EDGE('', *, *, #5155, .T.);
#9279 = ORIENTED_EDGE('', *, *, #5158, .T.);
#9280 = ORIENTED_EDGE('', *, *, #5161, .T.);
#9281 = ORIENTED_EDGE('', *, *, #5164, .T.);
#9282 = ORIENTED_EDGE('', *, *, #5167, .T.);
#9283 = ORIENTED_EDGE('', *, *, #5170, .T.);
#9284 = ORIENTED_EDGE('', *, *, #5173, .T.);
#9285 = ORIENTED_EDGE('', *, *, #5176, .T.);
#9286 = ORIENTED_EDGE('', *, *, #5179, .T.);
#9287 = ORIENTED_EDGE('', *, *, #5182, .T.);
#9288 = ORIENTED_EDGE('', *, *, #5185, .T.);
#9289 = ORIENTED_EDGE('', *, *, #5188, .T.);
#9290 = ORIENTED_EDGE('', *, *, #5191, .T.);
#9291 = ORIENTED_EDGE('', *, *, #5194, .T.);
#9292 = ORIENTED_EDGE('', *, *, #5197, .T.);
#9293 = ORIENTED_EDGE('', *, *, #5200, .T.);
#9294 = EDGE_LOOP('', (#9276, #9277, #9278, #9279, #9280, #9281, #9282, #9283, #9284, #9285, #9286, #9287, #9288, #9289, #9290, #9291, #9292, #9293));
#9295 = FACE_BOUND('', #9294, .T.);
#9296 = ADVANCED_FACE('', (#9295), #6534, .F.);
#9297 = ORIENTED_EDGE('', *, *, #5205, .F.);
#9298 = ORIENTED_EDGE('', *, *, #5204, .F.);
#9299 = ORIENTED_EDGE('', *, *, #5203, .F.);
#9300 = ORIENTED_EDGE('', *, *, #5255, .T.);
#9301 = EDGE_LOOP('', (#9297, #9298, #9299, #9300));
#9302 = FACE_BOUND('', #9301, .T.);
#9303 = ADVANCED_FACE('', (#9302), #6545, .F.);
#9304 = ORIENTED_EDGE('', *, *, #5208, .F.);
#9305 = ORIENTED_EDGE('', *, *, #5207, .F.);
#9306 = ORIENTED_EDGE('', *, *, #5206, .F.);
#9307 = ORIENTED_EDGE('', *, *, #5204, .T.);
#9308 = EDGE_LOOP('', (#9304, #9305, #9306, #9307));
#9309 = FACE_BOUND('', #9308, .T.);
#9310 = ADVANCED_FACE('', (#9309), #6556, .F.);
#9311 = ORIENTED_EDGE('', *, *, #5211, .F.);
#9312 = ORIENTED_EDGE('', *, *, #5210, .F.);
#9313 = ORIENTED_EDGE('', *, *, #5209, .F.);
#9314 = ORIENTED_EDGE('', *, *, #5207, .T.);
#9315 = EDGE_LOOP('', (#9311, #9312, #9313, #9314));
#9316 = FACE_BOUND('', #9315, .T.);
#9317 = ADVANCED_FACE('', (#9316), #6567, .F.);
#9318 = ORIENTED_EDGE('', *, *, #5214, .F.);
#9319 = ORIENTED_EDGE('', *, *, #5213, .F.);
#9320 = ORIENTED_EDGE('', *, *, #5212, .F.);
#9321 = ORIENTED_EDGE('', *, *, #5210, .T.);
#9322 = EDGE_LOOP('', (#9318, #9319, #9320, #9321));
#9323 = FACE_BOUND('', #9322, .T.);
#9324 = ADVANCED_FACE('', (#9323), #6578, .F.);
#9325 = ORIENTED_EDGE('', *, *, #5217, .F.);
#9326 = ORIENTED_EDGE('', *, *, #5216, .F.);
#9327 = ORIENTED_EDGE('', *, *, #5215, .F.);
#9328 = ORIENTED_EDGE('', *, *, #5213, .T.);
#9329 = EDGE_LOOP('', (#9325, #9326, #9327, #9328));
#9330 = FACE_BOUND('', #9329, .T.);
#9331 = ADVANCED_FACE('', (#9330), #6589, .F.);
#9332 = ORIENTED_EDGE('', *, *, #5220, .F.);
#9333 = ORIENTED_EDGE('', *, *, #5219, .F.);
#9334 = ORIENTED_EDGE('', *, *, #5218, .F.);
#9335 = ORIENTED_EDGE('', *, *, #5216, .T.);
#9336 = EDGE_LOOP('', (#9332, #9333, #9334, #9335));
#9337 = FACE_BOUND('', #9336, .T.);
#9338 = ADVANCED_FACE('', (#9337), #6600, .F.);
#9339 = ORIENTED_EDGE('', *, *, #5223, .F.);
#9340 = ORIENTED_EDGE('', *, *, #5222, .F.);
#9341 = ORIENTED_EDGE('', *, *, #5221, .F.);
#9342 = ORIENTED_EDGE('', *, *, #5219, .T.);
#9343 = EDGE_LOOP('', (#9339, #9340, #9341, #9342));
#9344 = FACE_BOUND('', #9343, .T.);
#9345 = ADVANCED_FACE('', (#9344), #6611, .F.);
#9346 = ORIENTED_EDGE('', *, *, #5226, .F.);
#9347 = ORIENTED_EDGE('', *, *, #5225, .F.);
#9348 = ORIENTED_EDGE('', *, *, #5224, .F.);
#9349 = ORIENTED_EDGE('', *, *, #5222, .T.);
#9350 = EDGE_LOOP('', (#9346, #9347, #9348, #9349));
#9351 = FACE_BOUND('', #9350, .T.);
#9352 = ADVANCED_FACE('', (#9351), #6622, .F.);
#9353 = ORIENTED_EDGE('', *, *, #5229, .F.);
#9354 = ORIENTED_EDGE('', *, *, #5228, .F.);
#9355 = ORIENTED_EDGE('', *, *, #5227, .F.);
#9356 = ORIENTED_EDGE('', *, *, #5225, .T.);
#9357 = EDGE_LOOP('', (#9353, #9354, #9355, #9356));
#9358 = FACE_BOUND('', #9357, .T.);
#9359 = ADVANCED_FACE('', (#9358), #6633, .F.);
#9360 = ORIENTED_EDGE('', *, *, #5232, .F.);
#9361 = ORIENTED_EDGE('', *, *, #5231, .F.);
#9362 = ORIENTED_EDGE('', *, *, #5230, .F.);
#9363 = ORIENTED_EDGE('', *, *, #5228, .T.);
#9364 = EDGE_LOOP('', (#9360, #9361, #9362, #9363));
#9365 = FACE_BOUND('', #9364, .T.);
#9366 = ADVANCED_FACE('', (#9365), #6644, .F.);
#9367 = ORIENTED_EDGE('', *, *, #5235, .F.);
#9368 = ORIENTED_EDGE('', *, *, #5234, .F.);
#9369 = ORIENTED_EDGE('', *, *, #5233, .F.);
#9370 = ORIENTED_EDGE('', *, *, #5231, .T.);
#9371 = EDGE_LOOP('', (#9367, #9368, #9369, #9370));
#9372 = FACE_BOUND('', #9371, .T.);
#9373 = ADVANCED_FACE('', (#9372), #6655, .F.);
#9374 = ORIENTED_EDGE('', *, *, #5238, .F.);
#9375 = ORIENTED_EDGE('', *, *, #5237, .F.);
#9376 = ORIENTED_EDGE('', *, *, #5236, .F.);
#9377 = ORIENTED_EDGE('', *, *, #5234, .T.);
#9378 = EDGE_LOOP('', (#9374, #9375, #9376, #9377));
#9379 = FACE_BOUND('', #9378, .T.);
#9380 = ADVANCED_FACE('', (#9379), #6666, .F.);
#9381 = ORIENTED_EDGE('', *, *, #5241, .F.);
#9382 = ORIENTED_EDGE('', *, *, #5240, .F.);
#9383 = ORIENTED_EDGE('', *, *, #5239, .F.);
#9384 = ORIENTED_EDGE('', *, *, #5237, .T.);
#9385 = EDGE_LOOP('', (#9381, #9382, #9383, #9384));
#9386 = FACE_BOUND('', #9385, .T.);
#9387 = ADVANCED_FACE('', (#9386), #6677, .F.);
#9388 = ORIENTED_EDGE('', *, *, #5244, .F.);
#9389 = ORIENTED_EDGE('', *, *, #5243, .F.);
#9390 = ORIENTED_EDGE('', *, *, #5242, .F.);
#9391 = ORIENTED_EDGE('', *, *, #5240, .T.);
#9392 = EDGE_LOOP('', (#9388, #9389, #9390, #9391));
#9393 = FACE_BOUND('', #9392, .T.);
#9394 = ADVANCED_FACE('', (#9393), #6688, .F.);
#9395 = ORIENTED_EDGE('', *, *, #5247, .F.);
#9396 = ORIENTED_EDGE('', *, *, #5246, .F.);
#9397 = ORIENTED_EDGE('', *, *, #5245, .F.);
#9398 = ORIENTED_EDGE('', *, *, #5243, .T.);
#9399 = EDGE_LOOP('', (#9395, #9396, #9397, #9398));
#9400 = FACE_BOUND('', #9399, .T.);
#9401 = ADVANCED_FACE('', (#9400), #6699, .F.);
#9402 = ORIENTED_EDGE('', *, *, #5250, .F.);
#9403 = ORIENTED_EDGE('', *, *, #5249, .F.);
#9404 = ORIENTED_EDGE('', *, *, #5248, .F.);
#9405 = ORIENTED_EDGE('', *, *, #5246, .T.);
#9406 = EDGE_LOOP('', (#9402, #9403, #9404, #9405));
#9407 = FACE_BOUND('', #9406, .T.);
#9408 = ADVANCED_FACE('', (#9407), #6710, .F.);
#9409 = ORIENTED_EDGE('', *, *, #5253, .F.);
#9410 = ORIENTED_EDGE('', *, *, #5252, .F.);
#9411 = ORIENTED_EDGE('', *, *, #5251, .F.);
#9412 = ORIENTED_EDGE('', *, *, #5249, .T.);
#9413 = EDGE_LOOP('', (#9409, #9410, #9411, #9412));
#9414 = FACE_BOUND('', #9413, .T.);
#9415 = ADVANCED_FACE('', (#9414), #6721, .F.);
#9416 = ORIENTED_EDGE('', *, *, #5256, .F.);
#9417 = ORIENTED_EDGE('', *, *, #5255, .F.);
#9418 = ORIENTED_EDGE('', *, *, #5254, .F.);
#9419 = ORIENTED_EDGE('', *, *, #5252, .T.);
#9420 = EDGE_LOOP('', (#9416, #9417, #9418, #9419));
#9421 = FACE_BOUND('', #9420, .T.);
#9422 = ADVANCED_FACE('', (#9421), #6732, .F.);
#9423 = ORIENTED_EDGE('', *, *, #5256, .T.);
#9424 = ORIENTED_EDGE('', *, *, #5253, .T.);
#9425 = ORIENTED_EDGE('', *, *, #5250, .T.);
#9426 = ORIENTED_EDGE('', *, *, #5247, .T.);
#9427 = ORIENTED_EDGE('', *, *, #5244, .T.);
#9428 = ORIENTED_EDGE('', *, *, #5241, .T.);
#9429 = ORIENTED_EDGE('', *, *, #5238, .T.);
#9430 = ORIENTED_EDGE('', *, *, #5235, .T.);
#9431 = ORIENTED_EDGE('', *, *, #5232, .T.);
#9432 = ORIENTED_EDGE('', *, *, #5229, .T.);
#9433 = ORIENTED_EDGE('', *, *, #5226, .T.);
#9434 = ORIENTED_EDGE('', *, *, #5223, .T.);
#9435 = ORIENTED_EDGE('', *, *, #5220, .T.);
#9436 = ORIENTED_EDGE('', *, *, #5217, .T.);
#9437 = ORIENTED_EDGE('', *, *, #5214, .T.);
#9438 = ORIENTED_EDGE('', *, *, #5211, .T.);
#9439 = ORIENTED_EDGE('', *, *, #5208, .T.);
#9440 = ORIENTED_EDGE('', *, *, #5205, .T.);
#9441 = EDGE_LOOP('', (#9423, #9424, #9425, #9426, #9427, #9428, #9429, #9430, #9431, #9432, #9433, #9434, #9435, #9436, #9437, #9438, #9439, #9440));
#9442 = FACE_BOUND('', #9441, .T.);
#9443 = ADVANCED_FACE('', (#9442), #6736, .T.);
#9444 = ORIENTED_EDGE('', *, *, #5203, .T.);
#9445 = ORIENTED_EDGE('', *, *, #5206, .T.);
#9446 = ORIENTED_EDGE('', *, *, #5209, .T.);
#9447 = ORIENTED_EDGE('', *, *, #5212, .T.);
#9448 = ORIENTED_EDGE('', *, *, #5215, .T.);
#9449 = ORIENTED_EDGE('', *, *, #5218, .T.);
#9450 = ORIENTED_EDGE('', *, *, #5221, .T.);
#9451 = ORIENTED_EDGE('', *, *, #5224, .T.);
#9452 = ORIENTED_EDGE('', *, *, #5227, .T.);
#9453 = ORIENTED_EDGE('', *, *, #5230, .T.);
#9454 = ORIENTED_EDGE('', *, *, #5233, .T.);
#9455 = ORIENTED_EDGE('', *, *, #5236, .T.);
#9456 = ORIENTED_EDGE('', *, *, #5239, .T.);
#9457 = ORIENTED_EDGE('', *, *, #5242, .T.);
#9458 = ORIENTED_EDGE('', *, *, #5245, .T.);
#9459 = ORIENTED_EDGE('', *, *, #5248, .T.);
#9460 = ORIENTED_EDGE('', *, *, #5251, .T.);
#9461 = ORIENTED_EDGE('', *, *, #5254, .T.);
#9462 = EDGE_LOOP('', (#9444, #9445, #9446, #9447, #9448, #9449, #9450, #9451, #9452, #9453, #9454, #9455, #9456, #9457, #9458, #9459, #9460, #9461));
#9463 = FACE_BOUND('', #9462, .T.);
#9464 = ADVANCED_FACE('', (#9463), #6740, .F.);
#9465 = ORIENTED_EDGE('', *, *, #5259, .F.);
#9466 = ORIENTED_EDGE('', *, *, #5258, .F.);
#9467 = ORIENTED_EDGE('', *, *, #5257, .F.);
#9468 = ORIENTED_EDGE('', *, *, #5309, .T.);
#9469 = EDGE_LOOP('', (#9465, #9466, #9467, #9468));
#9470 = FACE_BOUND('', #9469, .T.);
#9471 = ADVANCED_FACE('', (#9470), #6751, .F.);
#9472 = ORIENTED_EDGE('', *, *, #5262, .F.);
#9473 = ORIENTED_EDGE('', *, *, #5261, .F.);
#9474 = ORIENTED_EDGE('', *, *, #5260, .F.);
#9475 = ORIENTED_EDGE('', *, *, #5258, .T.);
#9476 = EDGE_LOOP('', (#9472, #9473, #9474, #9475));
#9477 = FACE_BOUND('', #9476, .T.);
#9478 = ADVANCED_FACE('', (#9477), #6762, .F.);
#9479 = ORIENTED_EDGE('', *, *, #5265, .F.);
#9480 = ORIENTED_EDGE('', *, *, #5264, .F.);
#9481 = ORIENTED_EDGE('', *, *, #5263, .F.);
#9482 = ORIENTED_EDGE('', *, *, #5261, .T.);
#9483 = EDGE_LOOP('', (#9479, #9480, #9481, #9482));
#9484 = FACE_BOUND('', #9483, .T.);
#9485 = ADVANCED_FACE('', (#9484), #6773, .F.);
#9486 = ORIENTED_EDGE('', *, *, #5268, .F.);
#9487 = ORIENTED_EDGE('', *, *, #5267, .F.);
#9488 = ORIENTED_EDGE('', *, *, #5266, .F.);
#9489 = ORIENTED_EDGE('', *, *, #5264, .T.);
#9490 = EDGE_LOOP('', (#9486, #9487, #9488, #9489));
#9491 = FACE_BOUND('', #9490, .T.);
#9492 = ADVANCED_FACE('', (#9491), #6784, .F.);
#9493 = ORIENTED_EDGE('', *, *, #5271, .F.);
#9494 = ORIENTED_EDGE('', *, *, #5270, .F.);
#9495 = ORIENTED_EDGE('', *, *, #5269, .F.);
#9496 = ORIENTED_EDGE('', *, *, #5267, .T.);
#9497 = EDGE_LOOP('', (#9493, #9494, #9495, #9496));
#9498 = FACE_BOUND('', #9497, .T.);
#9499 = ADVANCED_FACE('', (#9498), #6795, .F.);
#9500 = ORIENTED_EDGE('', *, *, #5274, .F.);
#9501 = ORIENTED_EDGE('', *, *, #5273, .F.);
#9502 = ORIENTED_EDGE('', *, *, #5272, .F.);
#9503 = ORIENTED_EDGE('', *, *, #5270, .T.);
#9504 = EDGE_LOOP('', (#9500, #9501, #9502, #9503));
#9505 = FACE_BOUND('', #9504, .T.);
#9506 = ADVANCED_FACE('', (#9505), #6806, .F.);
#9507 = ORIENTED_EDGE('', *, *, #5277, .F.);
#9508 = ORIENTED_EDGE('', *, *, #5276, .F.);
#9509 = ORIENTED_EDGE('', *, *, #5275, .F.);
#9510 = ORIENTED_EDGE('', *, *, #5273, .T.);
#9511 = EDGE_LOOP('', (#9507, #9508, #9509, #9510));
#9512 = FACE_BOUND('', #9511, .T.);
#9513 = ADVANCED_FACE('', (#9512), #6817, .F.);
#9514 = ORIENTED_EDGE('', *, *, #5280, .F.);
#9515 = ORIENTED_EDGE('', *, *, #5279, .F.);
#9516 = ORIENTED_EDGE('', *, *, #5278, .F.);
#9517 = ORIENTED_EDGE('', *, *, #5276, .T.);
#9518 = EDGE_LOOP('', (#9514, #9515, #9516, #9517));
#9519 = FACE_BOUND('', #9518, .T.);
#9520 = ADVANCED_FACE('', (#9519), #6828, .F.);
#9521 = ORIENTED_EDGE('', *, *, #5283, .F.);
#9522 = ORIENTED_EDGE('', *, *, #5282, .F.);
#9523 = ORIENTED_EDGE('', *, *, #5281, .F.);
#9524 = ORIENTED_EDGE('', *, *, #5279, .T.);
#9525 = EDGE_LOOP('', (#9521, #9522, #9523, #9524));
#9526 = FACE_BOUND('', #9525, .T.);
#9527 = ADVANCED_FACE('', (#9526), #6839, .F.);
#9528 = ORIENTED_EDGE('', *, *, #5286, .F.);
#9529 = ORIENTED_EDGE('', *, *, #5285, .F.);
#9530 = ORIENTED_EDGE('', *, *, #5284, .F.);
#9531 = ORIENTED_EDGE('', *, *, #5282, .T.);
#9532 = EDGE_LOOP('', (#9528, #9529, #9530, #9531));
#9533 = FACE_BOUND('', #9532, .T.);
#9534 = ADVANCED_FACE('', (#9533), #6850, .F.);
#9535 = ORIENTED_EDGE('', *, *, #5289, .F.);
#9536 = ORIENTED_EDGE('', *, *, #5288, .F.);
#9537 = ORIENTED_EDGE('', *, *, #5287, .F.);
#9538 = ORIENTED_EDGE('', *, *, #5285, .T.);
#9539 = EDGE_LOOP('', (#9535, #9536, #9537, #9538));
#9540 = FACE_BOUND('', #9539, .T.);
#9541 = ADVANCED_FACE('', (#9540), #6861, .F.);
#9542 = ORIENTED_EDGE('', *, *, #5292, .F.);
#9543 = ORIENTED_EDGE('', *, *, #5291, .F.);
#9544 = ORIENTED_EDGE('', *, *, #5290, .F.);
#9545 = ORIENTED_EDGE('', *, *, #5288, .T.);
#9546 = EDGE_LOOP('', (#9542, #9543, #9544, #9545));
#9547 = FACE_BOUND('', #9546, .T.);
#9548 = ADVANCED_FACE('', (#9547), #6872, .F.);
#9549 = ORIENTED_EDGE('', *, *, #5295, .F.);
#9550 = ORIENTED_EDGE('', *, *, #5294, .F.);
#9551 = ORIENTED_EDGE('', *, *, #5293, .F.);
#9552 = ORIENTED_EDGE('', *, *, #5291, .T.);
#9553 = EDGE_LOOP('', (#9549, #9550, #9551, #9552));
#9554 = FACE_BOUND('', #9553, .T.);
#9555 = ADVANCED_FACE('', (#9554), #6883, .F.);
#9556 = ORIENTED_EDGE('', *, *, #5298, .F.);
#9557 = ORIENTED_EDGE('', *, *, #5297, .F.);
#9558 = ORIENTED_EDGE('', *, *, #5296, .F.);
#9559 = ORIENTED_EDGE('', *, *, #5294, .T.);
#9560 = EDGE_LOOP('', (#9556, #9557, #9558, #9559));
#9561 = FACE_BOUND('', #9560, .T.);
#9562 = ADVANCED_FACE('', (#9561), #6894, .F.);
#9563 = ORIENTED_EDGE('', *, *, #5301, .F.);
#9564 = ORIENTED_EDGE('', *, *, #5300, .F.);
#9565 = ORIENTED_EDGE('', *, *, #5299, .F.);
#9566 = ORIENTED_EDGE('', *, *, #5297, .T.);
#9567 = EDGE_LOOP('', (#9563, #9564, #9565, #9566));
#9568 = FACE_BOUND('', #9567, .T.);
#9569 = ADVANCED_FACE('', (#9568), #6905, .F.);
#9570 = ORIENTED_EDGE('', *, *, #5304, .F.);
#9571 = ORIENTED_EDGE('', *, *, #5303, .F.);
#9572 = ORIENTED_EDGE('', *, *, #5302, .F.);
#9573 = ORIENTED_EDGE('', *, *, #5300, .T.);
#9574 = EDGE_LOOP('', (#9570, #9571, #9572, #9573));
#9575 = FACE_BOUND('', #9574, .T.);
#9576 = ADVANCED_FACE('', (#9575), #6916, .F.);
#9577 = ORIENTED_EDGE('', *, *, #5307, .F.);
#9578 = ORIENTED_EDGE('', *, *, #5306, .F.);
#9579 = ORIENTED_EDGE('', *, *, #5305, .F.);
#9580 = ORIENTED_EDGE('', *, *, #5303, .T.);
#9581 = EDGE_LOOP('', (#9577, #9578, #9579, #9580));
#9582 = FACE_BOUND('', #9581, .T.);
#9583 = ADVANCED_FACE('', (#9582), #6927, .F.);
#9584 = ORIENTED_EDGE('', *, *, #5310, .F.);
#9585 = ORIENTED_EDGE('', *, *, #5309, .F.);
#9586 = ORIENTED_EDGE('', *, *, #5308, .F.);
#9587 = ORIENTED_EDGE('', *, *, #5306, .T.);
#9588 = EDGE_LOOP('', (#9584, #9585, #9586, #9587));
#9589 = FACE_BOUND('', #9588, .T.);
#9590 = ADVANCED_FACE('', (#9589), #6938, .F.);
#9591 = ORIENTED_EDGE('', *, *, #5310, .T.);
#9592 = ORIENTED_EDGE('', *, *, #5307, .T.);
#9593 = ORIENTED_EDGE('', *, *, #5304, .T.);
#9594 = ORIENTED_EDGE('', *, *, #5301, .T.);
#9595 = ORIENTED_EDGE('', *, *, #5298, .T.);
#9596 = ORIENTED_EDGE('', *, *, #5295, .T.);
#9597 = ORIENTED_EDGE('', *, *, #5292, .T.);
#9598 = ORIENTED_EDGE('', *, *, #5289, .T.);
#9599 = ORIENTED_EDGE('', *, *, #5286, .T.);
#9600 = ORIENTED_EDGE('', *, *, #5283, .T.);
#9601 = ORIENTED_EDGE('', *, *, #5280, .T.);
#9602 = ORIENTED_EDGE('', *, *, #5277, .T.);
#9603 = ORIENTED_EDGE('', *, *, #5274, .T.);
#9604 = ORIENTED_EDGE('', *, *, #5271, .T.);
#9605 = ORIENTED_EDGE('', *, *, #5268, .T.);
#9606 = ORIENTED_EDGE('', *, *, #5265, .T.);
#9607 = ORIENTED_EDGE('', *, *, #5262, .T.);
#9608 = ORIENTED_EDGE('', *, *, #5259, .T.);
#9609 = EDGE_LOOP('', (#9591, #9592, #9593, #9594, #9595, #9596, #9597, #9598, #9599, #9600, #9601, #9602, #9603, #9604, #9605, #9606, #9607, #9608));
#9610 = FACE_BOUND('', #9609, .T.);
#9611 = ADVANCED_FACE('', (#9610), #6942, .T.);
#9612 = ORIENTED_EDGE('', *, *, #5257, .T.);
#9613 = ORIENTED_EDGE('', *, *, #5260, .T.);
#9614 = ORIENTED_EDGE('', *, *, #5263, .T.);
#9615 = ORIENTED_EDGE('', *, *, #5266, .T.);
#9616 = ORIENTED_EDGE('', *, *, #5269, .T.);
#9617 = ORIENTED_EDGE('', *, *, #5272, .T.);
#9618 = ORIENTED_EDGE('', *, *, #5275, .T.);
#9619 = ORIENTED_EDGE('', *, *, #5278, .T.);
#9620 = ORIENTED_EDGE('', *, *, #5281, .T.);
#9621 = ORIENTED_EDGE('', *, *, #5284, .T.);
#9622 = ORIENTED_EDGE('', *, *, #5287, .T.);
#9623 = ORIENTED_EDGE('', *, *, #5290, .T.);
#9624 = ORIENTED_EDGE('', *, *, #5293, .T.);
#9625 = ORIENTED_EDGE('', *, *, #5296, .T.);
#9626 = ORIENTED_EDGE('', *, *, #5299, .T.);
#9627 = ORIENTED_EDGE('', *, *, #5302, .T.);
#9628 = ORIENTED_EDGE('', *, *, #5305, .T.);
#9629 = ORIENTED_EDGE('', *, *, #5308, .T.);
#9630 = EDGE_LOOP('', (#9612, #9613, #9614, #9615, #9616, #9617, #9618, #9619, #9620, #9621, #9622, #9623, #9624, #9625, #9626, #9627, #9628, #9629));
#9631 = FACE_BOUND('', #9630, .T.);
#9632 = ADVANCED_FACE('', (#9631), #6946, .F.);
#9633 = ORIENTED_EDGE('', *, *, #5363, .F.);
#9634 = ORIENTED_EDGE('', *, *, #5311, .T.);
#9635 = ORIENTED_EDGE('', *, *, #5312, .T.);
#9636 = ORIENTED_EDGE('', *, *, #5313, .T.);
#9637 = EDGE_LOOP('', (#9633, #9634, #9635, #9636));
#9638 = FACE_BOUND('', #9637, .T.);
#9639 = ADVANCED_FACE('', (#9638), #6957, .T.);
#9640 = ORIENTED_EDGE('', *, *, #5312, .F.);
#9641 = ORIENTED_EDGE('', *, *, #5314, .T.);
#9642 = ORIENTED_EDGE('', *, *, #5315, .T.);
#9643 = ORIENTED_EDGE('', *, *, #5316, .T.);
#9644 = EDGE_LOOP('', (#9640, #9641, #9642, #9643));
#9645 = FACE_BOUND('', #9644, .T.);
#9646 = ADVANCED_FACE('', (#9645), #6968, .T.);
#9647 = ORIENTED_EDGE('', *, *, #5315, .F.);
#9648 = ORIENTED_EDGE('', *, *, #5317, .T.);
#9649 = ORIENTED_EDGE('', *, *, #5318, .T.);
#9650 = ORIENTED_EDGE('', *, *, #5319, .T.);
#9651 = EDGE_LOOP('', (#9647, #9648, #9649, #9650));
#9652 = FACE_BOUND('', #9651, .T.);
#9653 = ADVANCED_FACE('', (#9652), #6979, .T.);
#9654 = ORIENTED_EDGE('', *, *, #5318, .F.);
#9655 = ORIENTED_EDGE('', *, *, #5320, .T.);
#9656 = ORIENTED_EDGE('', *, *, #5321, .T.);
#9657 = ORIENTED_EDGE('', *, *, #5322, .T.);
#9658 = EDGE_LOOP('', (#9654, #9655, #9656, #9657));
#9659 = FACE_BOUND('', #9658, .T.);
#9660 = ADVANCED_FACE('', (#9659), #6990, .T.);
#9661 = ORIENTED_EDGE('', *, *, #5321, .F.);
#9662 = ORIENTED_EDGE('', *, *, #5323, .T.);
#9663 = ORIENTED_EDGE('', *, *, #5324, .T.);
#9664 = ORIENTED_EDGE('', *, *, #5325, .T.);
#9665 = EDGE_LOOP('', (#9661, #9662, #9663, #9664));
#9666 = FACE_BOUND('', #9665, .T.);
#9667 = ADVANCED_FACE('', (#9666), #7001, .T.);
#9668 = ORIENTED_EDGE('', *, *, #5324, .F.);
#9669 = ORIENTED_EDGE('', *, *, #5326, .T.);
#9670 = ORIENTED_EDGE('', *, *, #5327, .T.);
#9671 = ORIENTED_EDGE('', *, *, #5328, .T.);
#9672 = EDGE_LOOP('', (#9668, #9669, #9670, #9671));
#9673 = FACE_BOUND('', #9672, .T.);
#9674 = ADVANCED_FACE('', (#9673), #7012, .T.);
#9675 = ORIENTED_EDGE('', *, *, #5327, .F.);
#9676 = ORIENTED_EDGE('', *, *, #5329, .T.);
#9677 = ORIENTED_EDGE('', *, *, #5330, .T.);
#9678 = ORIENTED_EDGE('', *, *, #5331, .T.);
#9679 = EDGE_LOOP('', (#9675, #9676, #9677, #9678));
#9680 = FACE_BOUND('', #9679, .T.);
#9681 = ADVANCED_FACE('', (#9680), #7023, .T.);
#9682 = ORIENTED_EDGE('', *, *, #5330, .F.);
#9683 = ORIENTED_EDGE('', *, *, #5332, .T.);
#9684 = ORIENTED_EDGE('', *, *, #5333, .T.);
#9685 = ORIENTED_EDGE('', *, *, #5334, .T.);
#9686 = EDGE_LOOP('', (#9682, #9683, #9684, #9685));
#9687 = FACE_BOUND('', #9686, .T.);
#9688 = ADVANCED_FACE('', (#9687), #7034, .T.);
#9689 = ORIENTED_EDGE('', *, *, #5333, .F.);
#9690 = ORIENTED_EDGE('', *, *, #5335, .T.);
#9691 = ORIENTED_EDGE('', *, *, #5336, .T.);
#9692 = ORIENTED_EDGE('', *, *, #5337, .T.);
#9693 = EDGE_LOOP('', (#9689, #9690, #9691, #9692));
#9694 = FACE_BOUND('', #9693, .T.);
#9695 = ADVANCED_FACE('', (#9694), #7045, .T.);
#9696 = ORIENTED_EDGE('', *, *, #5336, .F.);
#9697 = ORIENTED_EDGE('', *, *, #5338, .T.);
#9698 = ORIENTED_EDGE('', *, *, #5339, .T.);
#9699 = ORIENTED_EDGE('', *, *, #5340, .T.);
#9700 = EDGE_LOOP('', (#9696, #9697, #9698, #9699));
#9701 = FACE_BOUND('', #9700, .T.);
#9702 = ADVANCED_FACE('', (#9701), #7056, .T.);
#9703 = ORIENTED_EDGE('', *, *, #5339, .F.);
#9704 = ORIENTED_EDGE('', *, *, #5341, .T.);
#9705 = ORIENTED_EDGE('', *, *, #5342, .T.);
#9706 = ORIENTED_EDGE('', *, *, #5343, .T.);
#9707 = EDGE_LOOP('', (#9703, #9704, #9705, #9706));
#9708 = FACE_BOUND('', #9707, .T.);
#9709 = ADVANCED_FACE('', (#9708), #7067, .T.);
#9710 = ORIENTED_EDGE('', *, *, #5342, .F.);
#9711 = ORIENTED_EDGE('', *, *, #5344, .T.);
#9712 = ORIENTED_EDGE('', *, *, #5345, .T.);
#9713 = ORIENTED_EDGE('', *, *, #5346, .T.);
#9714 = EDGE_LOOP('', (#9710, #9711, #9712, #9713));
#9715 = FACE_BOUND('', #9714, .T.);
#9716 = ADVANCED_FACE('', (#9715), #7078, .T.);
#9717 = ORIENTED_EDGE('', *, *, #5345, .F.);
#9718 = ORIENTED_EDGE('', *, *, #5347, .T.);
#9719 = ORIENTED_EDGE('', *, *, #5348, .T.);
#9720 = ORIENTED_EDGE('', *, *, #5349, .T.);
#9721 = EDGE_LOOP('', (#9717, #9718, #9719, #9720));
#9722 = FACE_BOUND('', #9721, .T.);
#9723 = ADVANCED_FACE('', (#9722), #7089, .T.);
#9724 = ORIENTED_EDGE('', *, *, #5348, .F.);
#9725 = ORIENTED_EDGE('', *, *, #5350, .T.);
#9726 = ORIENTED_EDGE('', *, *, #5351, .T.);
#9727 = ORIENTED_EDGE('', *, *, #5352, .T.);
#9728 = EDGE_LOOP('', (#9724, #9725, #9726, #9727));
#9729 = FACE_BOUND('', #9728, .T.);
#9730 = ADVANCED_FACE('', (#9729), #7100, .T.);
#9731 = ORIENTED_EDGE('', *, *, #5351, .F.);
#9732 = ORIENTED_EDGE('', *, *, #5353, .T.);
#9733 = ORIENTED_EDGE('', *, *, #5354, .T.);
#9734 = ORIENTED_EDGE('', *, *, #5355, .T.);
#9735 = EDGE_LOOP('', (#9731, #9732, #9733, #9734));
#9736 = FACE_BOUND('', #9735, .T.);
#9737 = ADVANCED_FACE('', (#9736), #7111, .T.);
#9738 = ORIENTED_EDGE('', *, *, #5354, .F.);
#9739 = ORIENTED_EDGE('', *, *, #5356, .T.);
#9740 = ORIENTED_EDGE('', *, *, #5357, .T.);
#9741 = ORIENTED_EDGE('', *, *, #5358, .T.);
#9742 = EDGE_LOOP('', (#9738, #9739, #9740, #9741));
#9743 = FACE_BOUND('', #9742, .T.);
#9744 = ADVANCED_FACE('', (#9743), #7122, .T.);
#9745 = ORIENTED_EDGE('', *, *, #5357, .F.);
#9746 = ORIENTED_EDGE('', *, *, #5359, .T.);
#9747 = ORIENTED_EDGE('', *, *, #5360, .T.);
#9748 = ORIENTED_EDGE('', *, *, #5361, .T.);
#9749 = EDGE_LOOP('', (#9745, #9746, #9747, #9748));
#9750 = FACE_BOUND('', #9749, .T.);
#9751 = ADVANCED_FACE('', (#9750), #7133, .T.);
#9752 = ORIENTED_EDGE('', *, *, #5360, .F.);
#9753 = ORIENTED_EDGE('', *, *, #5362, .T.);
#9754 = ORIENTED_EDGE('', *, *, #5363, .T.);
#9755 = ORIENTED_EDGE('', *, *, #5364, .T.);
#9756 = EDGE_LOOP('', (#9752, #9753, #9754, #9755));
#9757 = FACE_BOUND('', #9756, .T.);
#9758 = ADVANCED_FACE('', (#9757), #7144, .T.);
#9759 = ORIENTED_EDGE('', *, *, #5313, .F.);
#9760 = ORIENTED_EDGE('', *, *, #5316, .F.);
#9761 = ORIENTED_EDGE('', *, *, #5319, .F.);
#9762 = ORIENTED_EDGE('', *, *, #5322, .F.);
#9763 = ORIENTED_EDGE('', *, *, #5325, .F.);
#9764 = ORIENTED_EDGE('', *, *, #5328, .F.);
#9765 = ORIENTED_EDGE('', *, *, #5331, .F.);
#9766 = ORIENTED_EDGE('', *, *, #5334, .F.);
#9767 = ORIENTED_EDGE('', *, *, #5337, .F.);
#9768 = ORIENTED_EDGE('', *, *, #5340, .F.);
#9769 = ORIENTED_EDGE('', *, *, #5343, .F.);
#9770 = ORIENTED_EDGE('', *, *, #5346, .F.);
#9771 = ORIENTED_EDGE('', *, *, #5349, .F.);
#9772 = ORIENTED_EDGE('', *, *, #5352, .F.);
#9773 = ORIENTED_EDGE('', *, *, #5355, .F.);
#9774 = ORIENTED_EDGE('', *, *, #5358, .F.);
#9775 = ORIENTED_EDGE('', *, *, #5361, .F.);
#9776 = ORIENTED_EDGE('', *, *, #5364, .F.);
#9777 = EDGE_LOOP('', (#9759, #9760, #9761, #9762, #9763, #9764, #9765, #9766, #9767, #9768, #9769, #9770, #9771, #9772, #9773, #9774, #9775, #9776));
#9778 = FACE_BOUND('', #9777, .T.);
#9779 = ADVANCED_FACE('', (#9778), #7148, .F.);
#9780 = ORIENTED_EDGE('', *, *, #5362, .F.);
#9781 = ORIENTED_EDGE('', *, *, #5359, .F.);
#9782 = ORIENTED_EDGE('', *, *, #5356, .F.);
#9783 = ORIENTED_EDGE('', *, *, #5353, .F.);
#9784 = ORIENTED_EDGE('', *, *, #5350, .F.);
#9785 = ORIENTED_EDGE('', *, *, #5347, .F.);
#9786 = ORIENTED_EDGE('', *, *, #5344, .F.);
#9787 = ORIENTED_EDGE('', *, *, #5341, .F.);
#9788 = ORIENTED_EDGE('', *, *, #5338, .F.);
#9789 = ORIENTED_EDGE('', *, *, #5335, .F.);
#9790 = ORIENTED_EDGE('', *, *, #5332, .F.);
#9791 = ORIENTED_EDGE('', *, *, #5329, .F.);
#9792 = ORIENTED_EDGE('', *, *, #5326, .F.);
#9793 = ORIENTED_EDGE('', *, *, #5323, .F.);
#9794 = ORIENTED_EDGE('', *, *, #5320, .F.);
#9795 = ORIENTED_EDGE('', *, *, #5317, .F.);
#9796 = ORIENTED_EDGE('', *, *, #5314, .F.);
#9797 = ORIENTED_EDGE('', *, *, #5311, .F.);
#9798 = EDGE_LOOP('', (#9780, #9781, #9782, #9783, #9784, #9785, #9786, #9787, #9788, #9789, #9790, #9791, #9792, #9793, #9794, #9795, #9796, #9797));
#9799 = FACE_BOUND('', #9798, .T.);
#9800 = ADVANCED_FACE('', (#9799), #7152, .T.);
#9801 = ORIENTED_EDGE('', *, *, #5417, .F.);
#9802 = ORIENTED_EDGE('', *, *, #5365, .T.);
#9803 = ORIENTED_EDGE('', *, *, #5366, .T.);
#9804 = ORIENTED_EDGE('', *, *, #5367, .T.);
#9805 = EDGE_LOOP('', (#9801, #9802, #9803, #9804));
#9806 = FACE_BOUND('', #9805, .T.);
#9807 = ADVANCED_FACE('', (#9806), #7163, .T.);
#9808 = ORIENTED_EDGE('', *, *, #5366, .F.);
#9809 = ORIENTED_EDGE('', *, *, #5368, .T.);
#9810 = ORIENTED_EDGE('', *, *, #5369, .T.);
#9811 = ORIENTED_EDGE('', *, *, #5370, .T.);
#9812 = EDGE_LOOP('', (#9808, #9809, #9810, #9811));
#9813 = FACE_BOUND('', #9812, .T.);
#9814 = ADVANCED_FACE('', (#9813), #7174, .T.);
#9815 = ORIENTED_EDGE('', *, *, #5369, .F.);
#9816 = ORIENTED_EDGE('', *, *, #5371, .T.);
#9817 = ORIENTED_EDGE('', *, *, #5372, .T.);
#9818 = ORIENTED_EDGE('', *, *, #5373, .T.);
#9819 = EDGE_LOOP('', (#9815, #9816, #9817, #9818));
#9820 = FACE_BOUND('', #9819, .T.);
#9821 = ADVANCED_FACE('', (#9820), #7185, .T.);
#9822 = ORIENTED_EDGE('', *, *, #5372, .F.);
#9823 = ORIENTED_EDGE('', *, *, #5374, .T.);
#9824 = ORIENTED_EDGE('', *, *, #5375, .T.);
#9825 = ORIENTED_EDGE('', *, *, #5376, .T.);
#9826 = EDGE_LOOP('', (#9822, #9823, #9824, #9825));
#9827 = FACE_BOUND('', #9826, .T.);
#9828 = ADVANCED_FACE('', (#9827), #7196, .T.);
#9829 = ORIENTED_EDGE('', *, *, #5375, .F.);
#9830 = ORIENTED_EDGE('', *, *, #5377, .T.);
#9831 = ORIENTED_EDGE('', *, *, #5378, .T.);
#9832 = ORIENTED_EDGE('', *, *, #5379, .T.);
#9833 = EDGE_LOOP('', (#9829, #9830, #9831, #9832));
#9834 = FACE_BOUND('', #9833, .T.);
#9835 = ADVANCED_FACE('', (#9834), #7207, .T.);
#9836 = ORIENTED_EDGE('', *, *, #5378, .F.);
#9837 = ORIENTED_EDGE('', *, *, #5380, .T.);
#9838 = ORIENTED_EDGE('', *, *, #5381, .T.);
#9839 = ORIENTED_EDGE('', *, *, #5382, .T.);
#9840 = EDGE_LOOP('', (#9836, #9837, #9838, #9839));
#9841 = FACE_BOUND('', #9840, .T.);
#9842 = ADVANCED_FACE('', (#9841), #7218, .T.);
#9843 = ORIENTED_EDGE('', *, *, #5381, .F.);
#9844 = ORIENTED_EDGE('', *, *, #5383, .T.);
#9845 = ORIENTED_EDGE('', *, *, #5384, .T.);
#9846 = ORIENTED_EDGE('', *, *, #5385, .T.);
#9847 = EDGE_LOOP('', (#9843, #9844, #9845, #9846));
#9848 = FACE_BOUND('', #9847, .T.);
#9849 = ADVANCED_FACE('', (#9848), #7229, .T.);
#9850 = ORIENTED_EDGE('', *, *, #5384, .F.);
#9851 = ORIENTED_EDGE('', *, *, #5386, .T.);
#9852 = ORIENTED_EDGE('', *, *, #5387, .T.);
#9853 = ORIENTED_EDGE('', *, *, #5388, .T.);
#9854 = EDGE_LOOP('', (#9850, #9851, #9852, #9853));
#9855 = FACE_BOUND('', #9854, .T.);
#9856 = ADVANCED_FACE('', (#9855), #7240, .T.);
#9857 = ORIENTED_EDGE('', *, *, #5387, .F.);
#9858 = ORIENTED_EDGE('', *, *, #5389, .T.);
#9859 = ORIENTED_EDGE('', *, *, #5390, .T.);
#9860 = ORIENTED_EDGE('', *, *, #5391, .T.);
#9861 = EDGE_LOOP('', (#9857, #9858, #9859, #9860));
#9862 = FACE_BOUND('', #9861, .T.);
#9863 = ADVANCED_FACE('', (#9862), #7251, .T.);
#9864 = ORIENTED_EDGE('', *, *, #5390, .F.);
#9865 = ORIENTED_EDGE('', *, *, #5392, .T.);
#9866 = ORIENTED_EDGE('', *, *, #5393, .T.);
#9867 = ORIENTED_EDGE('', *, *, #5394, .T.);
#9868 = EDGE_LOOP('', (#9864, #9865, #9866, #9867));
#9869 = FACE_BOUND('', #9868, .T.);
#9870 = ADVANCED_FACE('', (#9869), #7262, .T.);
#9871 = ORIENTED_EDGE('', *, *, #5393, .F.);
#9872 = ORIENTED_EDGE('', *, *, #5395, .T.);
#9873 = ORIENTED_EDGE('', *, *, #5396, .T.);
#9874 = ORIENTED_EDGE('', *, *, #5397, .T.);
#9875 = EDGE_LOOP('', (#9871, #9872, #9873, #9874));
#9876 = FACE_BOUND('', #9875, .T.);
#9877 = ADVANCED_FACE('', (#9876), #7273, .T.);
#9878 = ORIENTED_EDGE('', *, *, #5396, .F.);
#9879 = ORIENTED_EDGE('', *, *, #5398, .T.);
#9880 = ORIENTED_EDGE('', *, *, #5399, .T.);
#9881 = ORIENTED_EDGE('', *, *, #5400, .T.);
#9882 = EDGE_LOOP('', (#9878, #9879, #9880, #9881));
#9883 = FACE_BOUND('', #9882, .T.);
#9884 = ADVANCED_FACE('', (#9883), #7284, .T.);
#9885 = ORIENTED_EDGE('', *, *, #5399, .F.);
#9886 = ORIENTED_EDGE('', *, *, #5401, .T.);
#9887 = ORIENTED_EDGE('', *, *, #5402, .T.);
#9888 = ORIENTED_EDGE('', *, *, #5403, .T.);
#9889 = EDGE_LOOP('', (#9885, #9886, #9887, #9888));
#9890 = FACE_BOUND('', #9889, .T.);
#9891 = ADVANCED_FACE('', (#9890), #7295, .T.);
#9892 = ORIENTED_EDGE('', *, *, #5402, .F.);
#9893 = ORIENTED_EDGE('', *, *, #5404, .T.);
#9894 = ORIENTED_EDGE('', *, *, #5405, .T.);
#9895 = ORIENTED_EDGE('', *, *, #5406, .T.);
#9896 = EDGE_LOOP('', (#9892, #9893, #9894, #9895));
#9897 = FACE_BOUND('', #9896, .T.);
#9898 = ADVANCED_FACE('', (#9897), #7306, .T.);
#9899 = ORIENTED_EDGE('', *, *, #5405, .F.);
#9900 = ORIENTED_EDGE('', *, *, #5407, .T.);
#9901 = ORIENTED_EDGE('', *, *, #5408, .T.);
#9902 = ORIENTED_EDGE('', *, *, #5409, .T.);
#9903 = EDGE_LOOP('', (#9899, #9900, #9901, #9902));
#9904 = FACE_BOUND('', #9903, .T.);
#9905 = ADVANCED_FACE('', (#9904), #7317, .T.);
#9906 = ORIENTED_EDGE('', *, *, #5408, .F.);
#9907 = ORIENTED_EDGE('', *, *, #5410, .T.);
#9908 = ORIENTED_EDGE('', *, *, #5411, .T.);
#9909 = ORIENTED_EDGE('', *, *, #5412, .T.);
#9910 = EDGE_LOOP('', (#9906, #9907, #9908, #9909));
#9911 = FACE_BOUND('', #9910, .T.);
#9912 = ADVANCED_FACE('', (#9911), #7328, .T.);
#9913 = ORIENTED_EDGE('', *, *, #5411, .F.);
#9914 = ORIENTED_EDGE('', *, *, #5413, .T.);
#9915 = ORIENTED_EDGE('', *, *, #5414, .T.);
#9916 = ORIENTED_EDGE('', *, *, #5415, .T.);
#9917 = EDGE_LOOP('', (#9913, #9914, #9915, #9916));
#9918 = FACE_BOUND('', #9917, .T.);
#9919 = ADVANCED_FACE('', (#9918), #7339, .T.);
#9920 = ORIENTED_EDGE('', *, *, #5414, .F.);
#9921 = ORIENTED_EDGE('', *, *, #5416, .T.);
#9922 = ORIENTED_EDGE('', *, *, #5417, .T.);
#9923 = ORIENTED_EDGE('', *, *, #5418, .T.);
#9924 = EDGE_LOOP('', (#9920, #9921, #9922, #9923));
#9925 = FACE_BOUND('', #9924, .T.);
#9926 = ADVANCED_FACE('', (#9925), #7350, .T.);
#9927 = ORIENTED_EDGE('', *, *, #5367, .F.);
#9928 = ORIENTED_EDGE('', *, *, #5370, .F.);
#9929 = ORIENTED_EDGE('', *, *, #5373, .F.);
#9930 = ORIENTED_EDGE('', *, *, #5376, .F.);
#9931 = ORIENTED_EDGE('', *, *, #5379, .F.);
#9932 = ORIENTED_EDGE('', *, *, #5382, .F.);
#9933 = ORIENTED_EDGE('', *, *, #5385, .F.);
#9934 = ORIENTED_EDGE('', *, *, #5388, .F.);
#9935 = ORIENTED_EDGE('', *, *, #5391, .F.);
#9936 = ORIENTED_EDGE('', *, *, #5394, .F.);
#9937 = ORIENTED_EDGE('', *, *, #5397, .F.);
#9938 = ORIENTED_EDGE('', *, *, #5400, .F.);
#9939 = ORIENTED_EDGE('', *, *, #5403, .F.);
#9940 = ORIENTED_EDGE('', *, *, #5406, .F.);
#9941 = ORIENTED_EDGE('', *, *, #5409, .F.);
#9942 = ORIENTED_EDGE('', *, *, #5412, .F.);
#9943 = ORIENTED_EDGE('', *, *, #5415, .F.);
#9944 = ORIENTED_EDGE('', *, *, #5418, .F.);
#9945 = EDGE_LOOP('', (#9927, #9928, #9929, #9930, #9931, #9932, #9933, #9934, #9935, #9936, #9937, #9938, #9939, #9940, #9941, #9942, #9943, #9944));
#9946 = FACE_BOUND('', #9945, .T.);
#9947 = ADVANCED_FACE('', (#9946), #7354, .F.);
#9948 = ORIENTED_EDGE('', *, *, #5416, .F.);
#9949 = ORIENTED_EDGE('', *, *, #5413, .F.);
#9950 = ORIENTED_EDGE('', *, *, #5410, .F.);
#9951 = ORIENTED_EDGE('', *, *, #5407, .F.);
#9952 = ORIENTED_EDGE('', *, *, #5404, .F.);
#9953 = ORIENTED_EDGE('', *, *, #5401, .F.);
#9954 = ORIENTED_EDGE('', *, *, #5398, .F.);
#9955 = ORIENTED_EDGE('', *, *, #5395, .F.);
#9956 = ORIENTED_EDGE('', *, *, #5392, .F.);
#9957 = ORIENTED_EDGE('', *, *, #5389, .F.);
#9958 = ORIENTED_EDGE('', *, *, #5386, .F.);
#9959 = ORIENTED_EDGE('', *, *, #5383, .F.);
#9960 = ORIENTED_EDGE('', *, *, #5380, .F.);
#9961 = ORIENTED_EDGE('', *, *, #5377, .F.);
#9962 = ORIENTED_EDGE('', *, *, #5374, .F.);
#9963 = ORIENTED_EDGE('', *, *, #5371, .F.);
#9964 = ORIENTED_EDGE('', *, *, #5368, .F.);
#9965 = ORIENTED_EDGE('', *, *, #5365, .F.);
#9966 = EDGE_LOOP('', (#9948, #9949, #9950, #9951, #9952, #9953, #9954, #9955, #9956, #9957, #9958, #9959, #9960, #9961, #9962, #9963, #9964, #9965));
#9967 = FACE_BOUND('', #9966, .T.);
#9968 = ADVANCED_FACE('', (#9967), #7358, .T.);
#9969 = ORIENTED_EDGE('', *, *, #5471, .F.);
#9970 = ORIENTED_EDGE('', *, *, #5419, .T.);
#9971 = ORIENTED_EDGE('', *, *, #5420, .T.);
#9972 = ORIENTED_EDGE('', *, *, #5421, .T.);
#9973 = EDGE_LOOP('', (#9969, #9970, #9971, #9972));
#9974 = FACE_BOUND('', #9973, .T.);
#9975 = ADVANCED_FACE('', (#9974), #7369, .T.);
#9976 = ORIENTED_EDGE('', *, *, #5420, .F.);
#9977 = ORIENTED_EDGE('', *, *, #5422, .T.);
#9978 = ORIENTED_EDGE('', *, *, #5423, .T.);
#9979 = ORIENTED_EDGE('', *, *, #5424, .T.);
#9980 = EDGE_LOOP('', (#9976, #9977, #9978, #9979));
#9981 = FACE_BOUND('', #9980, .T.);
#9982 = ADVANCED_FACE('', (#9981), #7380, .T.);
#9983 = ORIENTED_EDGE('', *, *, #5423, .F.);
#9984 = ORIENTED_EDGE('', *, *, #5425, .T.);
#9985 = ORIENTED_EDGE('', *, *, #5426, .T.);
#9986 = ORIENTED_EDGE('', *, *, #5427, .T.);
#9987 = EDGE_LOOP('', (#9983, #9984, #9985, #9986));
#9988 = FACE_BOUND('', #9987, .T.);
#9989 = ADVANCED_FACE('', (#9988), #7391, .T.);
#9990 = ORIENTED_EDGE('', *, *, #5426, .F.);
#9991 = ORIENTED_EDGE('', *, *, #5428, .T.);
#9992 = ORIENTED_EDGE('', *, *, #5429, .T.);
#9993 = ORIENTED_EDGE('', *, *, #5430, .T.);
#9994 = EDGE_LOOP('', (#9990, #9991, #9992, #9993));
#9995 = FACE_BOUND('', #9994, .T.);
#9996 = ADVANCED_FACE('', (#9995), #7402, .T.);
#9997 = ORIENTED_EDGE('', *, *, #5429, .F.);
#9998 = ORIENTED_EDGE('', *, *, #5431, .T.);
#9999 = ORIENTED_EDGE('', *, *, #5432, .T.);
#10000 = ORIENTED_EDGE('', *, *, #5433, .T.);
#10001 = EDGE_LOOP('', (#9997, #9998, #9999, #10000));
#10002 = FACE_BOUND('', #10001, .T.);
#10003 = ADVANCED_FACE('', (#10002), #7413, .T.);
#10004 = ORIENTED_EDGE('', *, *, #5432, .F.);
#10005 = ORIENTED_EDGE('', *, *, #5434, .T.);
#10006 = ORIENTED_EDGE('', *, *, #5435, .T.);
#10007 = ORIENTED_EDGE('', *, *, #5436, .T.);
#10008 = EDGE_LOOP('', (#10004, #10005, #10006, #10007));
#10009 = FACE_BOUND('', #10008, .T.);
#10010 = ADVANCED_FACE('', (#10009), #7424, .T.);
#10011 = ORIENTED_EDGE('', *, *, #5435, .F.);
#10012 = ORIENTED_EDGE('', *, *, #5437, .T.);
#10013 = ORIENTED_EDGE('', *, *, #5438, .T.);
#10014 = ORIENTED_EDGE('', *, *, #5439, .T.);
#10015 = EDGE_LOOP('', (#10011, #10012, #10013, #10014));
#10016 = FACE_BOUND('', #10015, .T.);
#10017 = ADVANCED_FACE('', (#10016), #7435, .T.);
#10018 = ORIENTED_EDGE('', *, *, #5438, .F.);
#10019 = ORIENTED_EDGE('', *, *, #5440, .T.);
#10020 = ORIENTED_EDGE('', *, *, #5441, .T.);
#10021 = ORIENTED_EDGE('', *, *, #5442, .T.);
#10022 = EDGE_LOOP('', (#10018, #10019, #10020, #10021));
#10023 = FACE_BOUND('', #10022, .T.);
#10024 = ADVANCED_FACE('', (#10023), #7446, .T.);
#10025 = ORIENTED_EDGE('', *, *, #5441, .F.);
#10026 = ORIENTED_EDGE('', *, *, #5443, .T.);
#10027 = ORIENTED_EDGE('', *, *, #5444, .T.);
#10028 = ORIENTED_EDGE('', *, *, #5445, .T.);
#10029 = EDGE_LOOP('', (#10025, #10026, #10027, #10028));
#10030 = FACE_BOUND('', #10029, .T.);
#10031 = ADVANCED_FACE('', (#10030), #7457, .T.);
#10032 = ORIENTED_EDGE('', *, *, #5444, .F.);
#10033 = ORIENTED_EDGE('', *, *, #5446, .T.);
#10034 = ORIENTED_EDGE('', *, *, #5447, .T.);
#10035 = ORIENTED_EDGE('', *, *, #5448, .T.);
#10036 = EDGE_LOOP('', (#10032, #10033, #10034, #10035));
#10037 = FACE_BOUND('', #10036, .T.);
#10038 = ADVANCED_FACE('', (#10037), #7468, .T.);
#10039 = ORIENTED_EDGE('', *, *, #5447, .F.);
#10040 = ORIENTED_EDGE('', *, *, #5449, .T.);
#10041 = ORIENTED_EDGE('', *, *, #5450, .T.);
#10042 = ORIENTED_EDGE('', *, *, #5451, .T.);
#10043 = EDGE_LOOP('', (#10039, #10040, #10041, #10042));
#10044 = FACE_BOUND('', #10043, .T.);
#10045 = ADVANCED_FACE('', (#10044), #7479, .T.);
#10046 = ORIENTED_EDGE('', *, *, #5450, .F.);
#10047 = ORIENTED_EDGE('', *, *, #5452, .T.);
#10048 = ORIENTED_EDGE('', *, *, #5453, .T.);
#10049 = ORIENTED_EDGE('', *, *, #5454, .T.);
#10050 = EDGE_LOOP('', (#10046, #10047, #10048, #10049));
#10051 = FACE_BOUND('', #10050, .T.);
#10052 = ADVANCED_FACE('', (#10051), #7490, .T.);
#10053 = ORIENTED_EDGE('', *, *, #5453, .F.);
#10054 = ORIENTED_EDGE('', *, *, #5455, .T.);
#10055 = ORIENTED_EDGE('', *, *, #5456, .T.);
#10056 = ORIENTED_EDGE('', *, *, #5457, .T.);
#10057 = EDGE_LOOP('', (#10053, #10054, #10055, #10056));
#10058 = FACE_BOUND('', #10057, .T.);
#10059 = ADVANCED_FACE('', (#10058), #7501, .T.);
#10060 = ORIENTED_EDGE('', *, *, #5456, .F.);
#10061 = ORIENTED_EDGE('', *, *, #5458, .T.);
#10062 = ORIENTED_EDGE('', *, *, #5459, .T.);
#10063 = ORIENTED_EDGE('', *, *, #5460, .T.);
#10064 = EDGE_LOOP('', (#10060, #10061, #10062, #10063));
#10065 = FACE_BOUND('', #10064, .T.);
#10066 = ADVANCED_FACE('', (#10065), #7512, .T.);
#10067 = ORIENTED_EDGE('', *, *, #5459, .F.);
#10068 = ORIENTED_EDGE('', *, *, #5461, .T.);
#10069 = ORIENTED_EDGE('', *, *, #5462, .T.);
#10070 = ORIENTED_EDGE('', *, *, #5463, .T.);
#10071 = EDGE_LOOP('', (#10067, #10068, #10069, #10070));
#10072 = FACE_BOUND('', #10071, .T.);
#10073 = ADVANCED_FACE('', (#10072), #7523, .T.);
#10074 = ORIENTED_EDGE('', *, *, #5462, .F.);
#10075 = ORIENTED_EDGE('', *, *, #5464, .T.);
#10076 = ORIENTED_EDGE('', *, *, #5465, .T.);
#10077 = ORIENTED_EDGE('', *, *, #5466, .T.);
#10078 = EDGE_LOOP('', (#10074, #10075, #10076, #10077));
#10079 = FACE_BOUND('', #10078, .T.);
#10080 = ADVANCED_FACE('', (#10079), #7534, .T.);
#10081 = ORIENTED_EDGE('', *, *, #5465, .F.);
#10082 = ORIENTED_EDGE('', *, *, #5467, .T.);
#10083 = ORIENTED_EDGE('', *, *, #5468, .T.);
#10084 = ORIENTED_EDGE('', *, *, #5469, .T.);
#10085 = EDGE_LOOP('', (#10081, #10082, #10083, #10084));
#10086 = FACE_BOUND('', #10085, .T.);
#10087 = ADVANCED_FACE('', (#10086), #7545, .T.);
#10088 = ORIENTED_EDGE('', *, *, #5468, .F.);
#10089 = ORIENTED_EDGE('', *, *, #5470, .T.);
#10090 = ORIENTED_EDGE('', *, *, #5471, .T.);
#10091 = ORIENTED_EDGE('', *, *, #5472, .T.);
#10092 = EDGE_LOOP('', (#10088, #10089, #10090, #10091));
#10093 = FACE_BOUND('', #10092, .T.);
#10094 = ADVANCED_FACE('', (#10093), #7556, .T.);
#10095 = ORIENTED_EDGE('', *, *, #5421, .F.);
#10096 = ORIENTED_EDGE('', *, *, #5424, .F.);
#10097 = ORIENTED_EDGE('', *, *, #5427, .F.);
#10098 = ORIENTED_EDGE('', *, *, #5430, .F.);
#10099 = ORIENTED_EDGE('', *, *, #5433, .F.);
#10100 = ORIENTED_EDGE('', *, *, #5436, .F.);
#10101 = ORIENTED_EDGE('', *, *, #5439, .F.);
#10102 = ORIENTED_EDGE('', *, *, #5442, .F.);
#10103 = ORIENTED_EDGE('', *, *, #5445, .F.);
#10104 = ORIENTED_EDGE('', *, *, #5448, .F.);
#10105 = ORIENTED_EDGE('', *, *, #5451, .F.);
#10106 = ORIENTED_EDGE('', *, *, #5454, .F.);
#10107 = ORIENTED_EDGE('', *, *, #5457, .F.);
#10108 = ORIENTED_EDGE('', *, *, #5460, .F.);
#10109 = ORIENTED_EDGE('', *, *, #5463, .F.);
#10110 = ORIENTED_EDGE('', *, *, #5466, .F.);
#10111 = ORIENTED_EDGE('', *, *, #5469, .F.);
#10112 = ORIENTED_EDGE('', *, *, #5472, .F.);
#10113 = EDGE_LOOP('', (#10095, #10096, #10097, #10098, #10099, #10100, #10101, #10102, #10103, #10104, #10105, #10106, #10107, #10108, #10109, #10110, #10111, #10112));
#10114 = FACE_BOUND('', #10113, .T.);
#10115 = ADVANCED_FACE('', (#10114), #7560, .F.);
#10116 = ORIENTED_EDGE('', *, *, #5470, .F.);
#10117 = ORIENTED_EDGE('', *, *, #5467, .F.);
#10118 = ORIENTED_EDGE('', *, *, #5464, .F.);
#10119 = ORIENTED_EDGE('', *, *, #5461, .F.);
#10120 = ORIENTED_EDGE('', *, *, #5458, .F.);
#10121 = ORIENTED_EDGE('', *, *, #5455, .F.);
#10122 = ORIENTED_EDGE('', *, *, #5452, .F.);
#10123 = ORIENTED_EDGE('', *, *, #5449, .F.);
#10124 = ORIENTED_EDGE('', *, *, #5446, .F.);
#10125 = ORIENTED_EDGE('', *, *, #5443, .F.);
#10126 = ORIENTED_EDGE('', *, *, #5440, .F.);
#10127 = ORIENTED_EDGE('', *, *, #5437, .F.);
#10128 = ORIENTED_EDGE('', *, *, #5434, .F.);
#10129 = ORIENTED_EDGE('', *, *, #5431, .F.);
#10130 = ORIENTED_EDGE('', *, *, #5428, .F.);
#10131 = ORIENTED_EDGE('', *, *, #5425, .F.);
#10132 = ORIENTED_EDGE('', *, *, #5422, .F.);
#10133 = ORIENTED_EDGE('', *, *, #5419, .F.);
#10134 = EDGE_LOOP('', (#10116, #10117, #10118, #10119, #10120, #10121, #10122, #10123, #10124, #10125, #10126, #10127, #10128, #10129, #10130, #10131, #10132, #10133));
#10135 = FACE_BOUND('', #10134, .T.);
#10136 = ADVANCED_FACE('', (#10135), #7564, .T.);
#10137 = ORIENTED_EDGE('', *, *, #5525, .F.);
#10138 = ORIENTED_EDGE('', *, *, #5473, .T.);
#10139 = ORIENTED_EDGE('', *, *, #5474, .T.);
#10140 = ORIENTED_EDGE('', *, *, #5475, .T.);
#10141 = EDGE_LOOP('', (#10137, #10138, #10139, #10140));
#10142 = FACE_BOUND('', #10141, .T.);
#10143 = ADVANCED_FACE('', (#10142), #7575, .T.);
#10144 = ORIENTED_EDGE('', *, *, #5474, .F.);
#10145 = ORIENTED_EDGE('', *, *, #5476, .T.);
#10146 = ORIENTED_EDGE('', *, *, #5477, .T.);
#10147 = ORIENTED_EDGE('', *, *, #5478, .T.);
#10148 = EDGE_LOOP('', (#10144, #10145, #10146, #10147));
#10149 = FACE_BOUND('', #10148, .T.);
#10150 = ADVANCED_FACE('', (#10149), #7586, .T.);
#10151 = ORIENTED_EDGE('', *, *, #5477, .F.);
#10152 = ORIENTED_EDGE('', *, *, #5479, .T.);
#10153 = ORIENTED_EDGE('', *, *, #5480, .T.);
#10154 = ORIENTED_EDGE('', *, *, #5481, .T.);
#10155 = EDGE_LOOP('', (#10151, #10152, #10153, #10154));
#10156 = FACE_BOUND('', #10155, .T.);
#10157 = ADVANCED_FACE('', (#10156), #7597, .T.);
#10158 = ORIENTED_EDGE('', *, *, #5480, .F.);
#10159 = ORIENTED_EDGE('', *, *, #5482, .T.);
#10160 = ORIENTED_EDGE('', *, *, #5483, .T.);
#10161 = ORIENTED_EDGE('', *, *, #5484, .T.);
#10162 = EDGE_LOOP('', (#10158, #10159, #10160, #10161));
#10163 = FACE_BOUND('', #10162, .T.);
#10164 = ADVANCED_FACE('', (#10163), #7608, .T.);
#10165 = ORIENTED_EDGE('', *, *, #5483, .F.);
#10166 = ORIENTED_EDGE('', *, *, #5485, .T.);
#10167 = ORIENTED_EDGE('', *, *, #5486, .T.);
#10168 = ORIENTED_EDGE('', *, *, #5487, .T.);
#10169 = EDGE_LOOP('', (#10165, #10166, #10167, #10168));
#10170 = FACE_BOUND('', #10169, .T.);
#10171 = ADVANCED_FACE('', (#10170), #7619, .T.);
#10172 = ORIENTED_EDGE('', *, *, #5486, .F.);
#10173 = ORIENTED_EDGE('', *, *, #5488, .T.);
#10174 = ORIENTED_EDGE('', *, *, #5489, .T.);
#10175 = ORIENTED_EDGE('', *, *, #5490, .T.);
#10176 = EDGE_LOOP('', (#10172, #10173, #10174, #10175));
#10177 = FACE_BOUND('', #10176, .T.);
#10178 = ADVANCED_FACE('', (#10177), #7630, .T.);
#10179 = ORIENTED_EDGE('', *, *, #5489, .F.);
#10180 = ORIENTED_EDGE('', *, *, #5491, .T.);
#10181 = ORIENTED_EDGE('', *, *, #5492, .T.);
#10182 = ORIENTED_EDGE('', *, *, #5493, .T.);
#10183 = EDGE_LOOP('', (#10179, #10180, #10181, #10182));
#10184 = FACE_BOUND('', #10183, .T.);
#10185 = ADVANCED_FACE('', (#10184), #7641, .T.);
#10186 = ORIENTED_EDGE('', *, *, #5492, .F.);
#10187 = ORIENTED_EDGE('', *, *, #5494, .T.);
#10188 = ORIENTED_EDGE('', *, *, #5495, .T.);
#10189 = ORIENTED_EDGE('', *, *, #5496, .T.);
#10190 = EDGE_LOOP('', (#10186, #10187, #10188, #10189));
#10191 = FACE_BOUND('', #10190, .T.);
#10192 = ADVANCED_FACE('', (#10191), #7652, .T.);
#10193 = ORIENTED_EDGE('', *, *, #5495, .F.);
#10194 = ORIENTED_EDGE('', *, *, #5497, .T.);
#10195 = ORIENTED_EDGE('', *, *, #5498, .T.);
#10196 = ORIENTED_EDGE('', *, *, #5499, .T.);
#10197 = EDGE_LOOP('', (#10193, #10194, #10195, #10196));
#10198 = FACE_BOUND('', #10197, .T.);
#10199 = ADVANCED_FACE('', (#10198), #7663, .T.);
#10200 = ORIENTED_EDGE('', *, *, #5498, .F.);
#10201 = ORIENTED_EDGE('', *, *, #5500, .T.);
#10202 = ORIENTED_EDGE('', *, *, #5501, .T.);
#10203 = ORIENTED_EDGE('', *, *, #5502, .T.);
#10204 = EDGE_LOOP('', (#10200, #10201, #10202, #10203));
#10205 = FACE_BOUND('', #10204, .T.);
#10206 = ADVANCED_FACE('', (#10205), #7674, .T.);
#10207 = ORIENTED_EDGE('', *, *, #5501, .F.);
#10208 = ORIENTED_EDGE('', *, *, #5503, .T.);
#10209 = ORIENTED_EDGE('', *, *, #5504, .T.);
#10210 = ORIENTED_EDGE('', *, *, #5505, .T.);
#10211 = EDGE_LOOP('', (#10207, #10208, #10209, #10210));
#10212 = FACE_BOUND('', #10211, .T.);
#10213 = ADVANCED_FACE('', (#10212), #7685, .T.);
#10214 = ORIENTED_EDGE('', *, *, #5504, .F.);
#10215 = ORIENTED_EDGE('', *, *, #5506, .T.);
#10216 = ORIENTED_EDGE('', *, *, #5507, .T.);
#10217 = ORIENTED_EDGE('', *, *, #5508, .T.);
#10218 = EDGE_LOOP('', (#10214, #10215, #10216, #10217));
#10219 = FACE_BOUND('', #10218, .T.);
#10220 = ADVANCED_FACE('', (#10219), #7696, .T.);
#10221 = ORIENTED_EDGE('', *, *, #5507, .F.);
#10222 = ORIENTED_EDGE('', *, *, #5509, .T.);
#10223 = ORIENTED_EDGE('', *, *, #5510, .T.);
#10224 = ORIENTED_EDGE('', *, *, #5511, .T.);
#10225 = EDGE_LOOP('', (#10221, #10222, #10223, #10224));
#10226 = FACE_BOUND('', #10225, .T.);
#10227 = ADVANCED_FACE('', (#10226), #7707, .T.);
#10228 = ORIENTED_EDGE('', *, *, #5510, .F.);
#10229 = ORIENTED_EDGE('', *, *, #5512, .T.);
#10230 = ORIENTED_EDGE('', *, *, #5513, .T.);
#10231 = ORIENTED_EDGE('', *, *, #5514, .T.);
#10232 = EDGE_LOOP('', (#10228, #10229, #10230, #10231));
#10233 = FACE_BOUND('', #10232, .T.);
#10234 = ADVANCED_FACE('', (#10233), #7718, .T.);
#10235 = ORIENTED_EDGE('', *, *, #5513, .F.);
#10236 = ORIENTED_EDGE('', *, *, #5515, .T.);
#10237 = ORIENTED_EDGE('', *, *, #5516, .T.);
#10238 = ORIENTED_EDGE('', *, *, #5517, .T.);
#10239 = EDGE_LOOP('', (#10235, #10236, #10237, #10238));
#10240 = FACE_BOUND('', #10239, .T.);
#10241 = ADVANCED_FACE('', (#10240), #7729, .T.);
#10242 = ORIENTED_EDGE('', *, *, #5516, .F.);
#10243 = ORIENTED_EDGE('', *, *, #5518, .T.);
#10244 = ORIENTED_EDGE('', *, *, #5519, .T.);
#10245 = ORIENTED_EDGE('', *, *, #5520, .T.);
#10246 = EDGE_LOOP('', (#10242, #10243, #10244, #10245));
#10247 = FACE_BOUND('', #10246, .T.);
#10248 = ADVANCED_FACE('', (#10247), #7740, .T.);
#10249 = ORIENTED_EDGE('', *, *, #5519, .F.);
#10250 = ORIENTED_EDGE('', *, *, #5521, .T.);
#10251 = ORIENTED_EDGE('', *, *, #5522, .T.);
#10252 = ORIENTED_EDGE('', *, *, #5523, .T.);
#10253 = EDGE_LOOP('', (#10249, #10250, #10251, #10252));
#10254 = FACE_BOUND('', #10253, .T.);
#10255 = ADVANCED_FACE('', (#10254), #7751, .T.);
#10256 = ORIENTED_EDGE('', *, *, #5522, .F.);
#10257 = ORIENTED_EDGE('', *, *, #5524, .T.);
#10258 = ORIENTED_EDGE('', *, *, #5525, .T.);
#10259 = ORIENTED_EDGE('', *, *, #5526, .T.);
#10260 = EDGE_LOOP('', (#10256, #10257, #10258, #10259));
#10261 = FACE_BOUND('', #10260, .T.);
#10262 = ADVANCED_FACE('', (#10261), #7762, .T.);
#10263 = ORIENTED_EDGE('', *, *, #5475, .F.);
#10264 = ORIENTED_EDGE('', *, *, #5478, .F.);
#10265 = ORIENTED_EDGE('', *, *, #5481, .F.);
#10266 = ORIENTED_EDGE('', *, *, #5484, .F.);
#10267 = ORIENTED_EDGE('', *, *, #5487, .F.);
#10268 = ORIENTED_EDGE('', *, *, #5490, .F.);
#10269 = ORIENTED_EDGE('', *, *, #5493, .F.);
#10270 = ORIENTED_EDGE('', *, *, #5496, .F.);
#10271 = ORIENTED_EDGE('', *, *, #5499, .F.);
#10272 = ORIENTED_EDGE('', *, *, #5502, .F.);
#10273 = ORIENTED_EDGE('', *, *, #5505, .F.);
#10274 = ORIENTED_EDGE('', *, *, #5508, .F.);
#10275 = ORIENTED_EDGE('', *, *, #5511, .F.);
#10276 = ORIENTED_EDGE('', *, *, #5514, .F.);
#10277 = ORIENTED_EDGE('', *, *, #5517, .F.);
#10278 = ORIENTED_EDGE('', *, *, #5520, .F.);
#10279 = ORIENTED_EDGE('', *, *, #5523, .F.);
#10280 = ORIENTED_EDGE('', *, *, #5526, .F.);
#10281 = EDGE_LOOP('', (#10263, #10264, #10265, #10266, #10267, #10268, #10269, #10270, #10271, #10272, #10273, #10274, #10275, #10276, #10277, #10278, #10279, #10280));
#10282 = FACE_BOUND('', #10281, .T.);
#10283 = ADVANCED_FACE('', (#10282), #7766, .F.);
#10284 = ORIENTED_EDGE('', *, *, #5524, .F.);
#10285 = ORIENTED_EDGE('', *, *, #5521, .F.);
#10286 = ORIENTED_EDGE('', *, *, #5518, .F.);
#10287 = ORIENTED_EDGE('', *, *, #5515, .F.);
#10288 = ORIENTED_EDGE('', *, *, #5512, .F.);
#10289 = ORIENTED_EDGE('', *, *, #5509, .F.);
#10290 = ORIENTED_EDGE('', *, *, #5506, .F.);
#10291 = ORIENTED_EDGE('', *, *, #5503, .F.);
#10292 = ORIENTED_EDGE('', *, *, #5500, .F.);
#10293 = ORIENTED_EDGE('', *, *, #5497, .F.);
#10294 = ORIENTED_EDGE('', *, *, #5494, .F.);
#10295 = ORIENTED_EDGE('', *, *, #5491, .F.);
#10296 = ORIENTED_EDGE('', *, *, #5488, .F.);
#10297 = ORIENTED_EDGE('', *, *, #5485, .F.);
#10298 = ORIENTED_EDGE('', *, *, #5482, .F.);
#10299 = ORIENTED_EDGE('', *, *, #5479, .F.);
#10300 = ORIENTED_EDGE('', *, *, #5476, .F.);
#10301 = ORIENTED_EDGE('', *, *, #5473, .F.);
#10302 = EDGE_LOOP('', (#10284, #10285, #10286, #10287, #10288, #10289, #10290, #10291, #10292, #10293, #10294, #10295, #10296, #10297, #10298, #10299, #10300, #10301));
#10303 = FACE_BOUND('', #10302, .T.);
#10304 = ADVANCED_FACE('', (#10303), #7770, .T.);
#10305 = ORIENTED_EDGE('', *, *, #5579, .F.);
#10306 = ORIENTED_EDGE('', *, *, #5527, .T.);
#10307 = ORIENTED_EDGE('', *, *, #5528, .T.);
#10308 = ORIENTED_EDGE('', *, *, #5529, .T.);
#10309 = EDGE_LOOP('', (#10305, #10306, #10307, #10308));
#10310 = FACE_BOUND('', #10309, .T.);
#10311 = ADVANCED_FACE('', (#10310), #7781, .T.);
#10312 = ORIENTED_EDGE('', *, *, #5528, .F.);
#10313 = ORIENTED_EDGE('', *, *, #5530, .T.);
#10314 = ORIENTED_EDGE('', *, *, #5531, .T.);
#10315 = ORIENTED_EDGE('', *, *, #5532, .T.);
#10316 = EDGE_LOOP('', (#10312, #10313, #10314, #10315));
#10317 = FACE_BOUND('', #10316, .T.);
#10318 = ADVANCED_FACE('', (#10317), #7792, .T.);
#10319 = ORIENTED_EDGE('', *, *, #5531, .F.);
#10320 = ORIENTED_EDGE('', *, *, #5533, .T.);
#10321 = ORIENTED_EDGE('', *, *, #5534, .T.);
#10322 = ORIENTED_EDGE('', *, *, #5535, .T.);
#10323 = EDGE_LOOP('', (#10319, #10320, #10321, #10322));
#10324 = FACE_BOUND('', #10323, .T.);
#10325 = ADVANCED_FACE('', (#10324), #7803, .T.);
#10326 = ORIENTED_EDGE('', *, *, #5534, .F.);
#10327 = ORIENTED_EDGE('', *, *, #5536, .T.);
#10328 = ORIENTED_EDGE('', *, *, #5537, .T.);
#10329 = ORIENTED_EDGE('', *, *, #5538, .T.);
#10330 = EDGE_LOOP('', (#10326, #10327, #10328, #10329));
#10331 = FACE_BOUND('', #10330, .T.);
#10332 = ADVANCED_FACE('', (#10331), #7814, .T.);
#10333 = ORIENTED_EDGE('', *, *, #5537, .F.);
#10334 = ORIENTED_EDGE('', *, *, #5539, .T.);
#10335 = ORIENTED_EDGE('', *, *, #5540, .T.);
#10336 = ORIENTED_EDGE('', *, *, #5541, .T.);
#10337 = EDGE_LOOP('', (#10333, #10334, #10335, #10336));
#10338 = FACE_BOUND('', #10337, .T.);
#10339 = ADVANCED_FACE('', (#10338), #7825, .T.);
#10340 = ORIENTED_EDGE('', *, *, #5540, .F.);
#10341 = ORIENTED_EDGE('', *, *, #5542, .T.);
#10342 = ORIENTED_EDGE('', *, *, #5543, .T.);
#10343 = ORIENTED_EDGE('', *, *, #5544, .T.);
#10344 = EDGE_LOOP('', (#10340, #10341, #10342, #10343));
#10345 = FACE_BOUND('', #10344, .T.);
#10346 = ADVANCED_FACE('', (#10345), #7836, .T.);
#10347 = ORIENTED_EDGE('', *, *, #5543, .F.);
#10348 = ORIENTED_EDGE('', *, *, #5545, .T.);
#10349 = ORIENTED_EDGE('', *, *, #5546, .T.);
#10350 = ORIENTED_EDGE('', *, *, #5547, .T.);
#10351 = EDGE_LOOP('', (#10347, #10348, #10349, #10350));
#10352 = FACE_BOUND('', #10351, .T.);
#10353 = ADVANCED_FACE('', (#10352), #7847, .T.);
#10354 = ORIENTED_EDGE('', *, *, #5546, .F.);
#10355 = ORIENTED_EDGE('', *, *, #5548, .T.);
#10356 = ORIENTED_EDGE('', *, *, #5549, .T.);
#10357 = ORIENTED_EDGE('', *, *, #5550, .T.);
#10358 = EDGE_LOOP('', (#10354, #10355, #10356, #10357));
#10359 = FACE_BOUND('', #10358, .T.);
#10360 = ADVANCED_FACE('', (#10359), #7858, .T.);
#10361 = ORIENTED_EDGE('', *, *, #5549, .F.);
#10362 = ORIENTED_EDGE('', *, *, #5551, .T.);
#10363 = ORIENTED_EDGE('', *, *, #5552, .T.);
#10364 = ORIENTED_EDGE('', *, *, #5553, .T.);
#10365 = EDGE_LOOP('', (#10361, #10362, #10363, #10364));
#10366 = FACE_BOUND('', #10365, .T.);
#10367 = ADVANCED_FACE('', (#10366), #7869, .T.);
#10368 = ORIENTED_EDGE('', *, *, #5552, .F.);
#10369 = ORIENTED_EDGE('', *, *, #5554, .T.);
#10370 = ORIENTED_EDGE('', *, *, #5555, .T.);
#10371 = ORIENTED_EDGE('', *, *, #5556, .T.);
#10372 = EDGE_LOOP('', (#10368, #10369, #10370, #10371));
#10373 = FACE_BOUND('', #10372, .T.);
#10374 = ADVANCED_FACE('', (#10373), #7880, .T.);
#10375 = ORIENTED_EDGE('', *, *, #5555, .F.);
#10376 = ORIENTED_EDGE('', *, *, #5557, .T.);
#10377 = ORIENTED_EDGE('', *, *, #5558, .T.);
#10378 = ORIENTED_EDGE('', *, *, #5559, .T.);
#10379 = EDGE_LOOP('', (#10375, #10376, #10377, #10378));
#10380 = FACE_BOUND('', #10379, .T.);
#10381 = ADVANCED_FACE('', (#10380), #7891, .T.);
#10382 = ORIENTED_EDGE('', *, *, #5558, .F.);
#10383 = ORIENTED_EDGE('', *, *, #5560, .T.);
#10384 = ORIENTED_EDGE('', *, *, #5561, .T.);
#10385 = ORIENTED_EDGE('', *, *, #5562, .T.);
#10386 = EDGE_LOOP('', (#10382, #10383, #10384, #10385));
#10387 = FACE_BOUND('', #10386, .T.);
#10388 = ADVANCED_FACE('', (#10387), #7902, .T.);
#10389 = ORIENTED_EDGE('', *, *, #5561, .F.);
#10390 = ORIENTED_EDGE('', *, *, #5563, .T.);
#10391 = ORIENTED_EDGE('', *, *, #5564, .T.);
#10392 = ORIENTED_EDGE('', *, *, #5565, .T.);
#10393 = EDGE_LOOP('', (#10389, #10390, #10391, #10392));
#10394 = FACE_BOUND('', #10393, .T.);
#10395 = ADVANCED_FACE('', (#10394), #7913, .T.);
#10396 = ORIENTED_EDGE('', *, *, #5564, .F.);
#10397 = ORIENTED_EDGE('', *, *, #5566, .T.);
#10398 = ORIENTED_EDGE('', *, *, #5567, .T.);
#10399 = ORIENTED_EDGE('', *, *, #5568, .T.);
#10400 = EDGE_LOOP('', (#10396, #10397, #10398, #10399));
#10401 = FACE_BOUND('', #10400, .T.);
#10402 = ADVANCED_FACE('', (#10401), #7924, .T.);
#10403 = ORIENTED_EDGE('', *, *, #5567, .F.);
#10404 = ORIENTED_EDGE('', *, *, #5569, .T.);
#10405 = ORIENTED_EDGE('', *, *, #5570, .T.);
#10406 = ORIENTED_EDGE('', *, *, #5571, .T.);
#10407 = EDGE_LOOP('', (#10403, #10404, #10405, #10406));
#10408 = FACE_BOUND('', #10407, .T.);
#10409 = ADVANCED_FACE('', (#10408), #7935, .T.);
#10410 = ORIENTED_EDGE('', *, *, #5570, .F.);
#10411 = ORIENTED_EDGE('', *, *, #5572, .T.);
#10412 = ORIENTED_EDGE('', *, *, #5573, .T.);
#10413 = ORIENTED_EDGE('', *, *, #5574, .T.);
#10414 = EDGE_LOOP('', (#10410, #10411, #10412, #10413));
#10415 = FACE_BOUND('', #10414, .T.);
#10416 = ADVANCED_FACE('', (#10415), #7946, .T.);
#10417 = ORIENTED_EDGE('', *, *, #5573, .F.);
#10418 = ORIENTED_EDGE('', *, *, #5575, .T.);
#10419 = ORIENTED_EDGE('', *, *, #5576, .T.);
#10420 = ORIENTED_EDGE('', *, *, #5577, .T.);
#10421 = EDGE_LOOP('', (#10417, #10418, #10419, #10420));
#10422 = FACE_BOUND('', #10421, .T.);
#10423 = ADVANCED_FACE('', (#10422), #7957, .T.);
#10424 = ORIENTED_EDGE('', *, *, #5576, .F.);
#10425 = ORIENTED_EDGE('', *, *, #5578, .T.);
#10426 = ORIENTED_EDGE('', *, *, #5579, .T.);
#10427 = ORIENTED_EDGE('', *, *, #5580, .T.);
#10428 = EDGE_LOOP('', (#10424, #10425, #10426, #10427));
#10429 = FACE_BOUND('', #10428, .T.);
#10430 = ADVANCED_FACE('', (#10429), #7968, .T.);
#10431 = ORIENTED_EDGE('', *, *, #5529, .F.);
#10432 = ORIENTED_EDGE('', *, *, #5532, .F.);
#10433 = ORIENTED_EDGE('', *, *, #5535, .F.);
#10434 = ORIENTED_EDGE('', *, *, #5538, .F.);
#10435 = ORIENTED_EDGE('', *, *, #5541, .F.);
#10436 = ORIENTED_EDGE('', *, *, #5544, .F.);
#10437 = ORIENTED_EDGE('', *, *, #5547, .F.);
#10438 = ORIENTED_EDGE('', *, *, #5550, .F.);
#10439 = ORIENTED_EDGE('', *, *, #5553, .F.);
#10440 = ORIENTED_EDGE('', *, *, #5556, .F.);
#10441 = ORIENTED_EDGE('', *, *, #5559, .F.);
#10442 = ORIENTED_EDGE('', *, *, #5562, .F.);
#10443 = ORIENTED_EDGE('', *, *, #5565, .F.);
#10444 = ORIENTED_EDGE('', *, *, #5568, .F.);
#10445 = ORIENTED_EDGE('', *, *, #5571, .F.);
#10446 = ORIENTED_EDGE('', *, *, #5574, .F.);
#10447 = ORIENTED_EDGE('', *, *, #5577, .F.);
#10448 = ORIENTED_EDGE('', *, *, #5580, .F.);
#10449 = EDGE_LOOP('', (#10431, #10432, #10433, #10434, #10435, #10436, #10437, #10438, #10439, #10440, #10441, #10442, #10443, #10444, #10445, #10446, #10447, #10448));
#10450 = FACE_BOUND('', #10449, .T.);
#10451 = ADVANCED_FACE('', (#10450), #7972, .F.);
#10452 = ORIENTED_EDGE('', *, *, #5578, .F.);
#10453 = ORIENTED_EDGE('', *, *, #5575, .F.);
#10454 = ORIENTED_EDGE('', *, *, #5572, .F.);
#10455 = ORIENTED_EDGE('', *, *, #5569, .F.);
#10456 = ORIENTED_EDGE('', *, *, #5566, .F.);
#10457 = ORIENTED_EDGE('', *, *, #5563, .F.);
#10458 = ORIENTED_EDGE('', *, *, #5560, .F.);
#10459 = ORIENTED_EDGE('', *, *, #5557, .F.);
#10460 = ORIENTED_EDGE('', *, *, #5554, .F.);
#10461 = ORIENTED_EDGE('', *, *, #5551, .F.);
#10462 = ORIENTED_EDGE('', *, *, #5548, .F.);
#10463 = ORIENTED_EDGE('', *, *, #5545, .F.);
#10464 = ORIENTED_EDGE('', *, *, #5542, .F.);
#10465 = ORIENTED_EDGE('', *, *, #5539, .F.);
#10466 = ORIENTED_EDGE('', *, *, #5536, .F.);
#10467 = ORIENTED_EDGE('', *, *, #5533, .F.);
#10468 = ORIENTED_EDGE('', *, *, #5530, .F.);
#10469 = ORIENTED_EDGE('', *, *, #5527, .F.);
#10470 = EDGE_LOOP('', (#10452, #10453, #10454, #10455, #10456, #10457, #10458, #10459, #10460, #10461, #10462, #10463, #10464, #10465, #10466, #10467, #10468, #10469));
#10471 = FACE_BOUND('', #10470, .T.);
#10472 = ADVANCED_FACE('', (#10471), #7976, .T.);
#10473 = ORIENTED_EDGE('', *, *, #5581, .T.);
#10474 = ORIENTED_EDGE('', *, *, #5583, .F.);
#10475 = EDGE_LOOP('', (#10473));
#10476 = FACE_BOUND('', #10475, .T.);
#10477 = EDGE_LOOP('', (#10474));
#10478 = FACE_BOUND('', #10477, .T.);
#10479 = ADVANCED_FACE('', (#10476, #10478), #7981, .T.);
#10480 = ORIENTED_EDGE('', *, *, #5581, .F.);
#10481 = EDGE_LOOP('', (#10480));
#10482 = FACE_BOUND('', #10481, .T.);
#10483 = ADVANCED_FACE('', (#10482), #7985, .F.);
#10484 = ORIENTED_EDGE('', *, *, #5583, .T.);
#10485 = EDGE_LOOP('', (#10484));
#10486 = FACE_BOUND('', #10485, .T.);
#10487 = ADVANCED_FACE('', (#10486), #7989, .T.);
#10488 = ORIENTED_EDGE('', *, *, #5636, .F.);
#10489 = ORIENTED_EDGE('', *, *, #5584, .T.);
#10490 = ORIENTED_EDGE('', *, *, #5585, .T.);
#10491 = ORIENTED_EDGE('', *, *, #5586, .T.);
#10492 = EDGE_LOOP('', (#10488, #10489, #10490, #10491));
#10493 = FACE_BOUND('', #10492, .T.);
#10494 = ADVANCED_FACE('', (#10493), #7996, .T.);
#10495 = ORIENTED_EDGE('', *, *, #5585, .F.);
#10496 = ORIENTED_EDGE('', *, *, #5587, .T.);
#10497 = ORIENTED_EDGE('', *, *, #5588, .T.);
#10498 = ORIENTED_EDGE('', *, *, #5589, .T.);
#10499 = EDGE_LOOP('', (#10495, #10496, #10497, #10498));
#10500 = FACE_BOUND('', #10499, .T.);
#10501 = ADVANCED_FACE('', (#10500), #8003, .T.);
#10502 = ORIENTED_EDGE('', *, *, #5588, .F.);
#10503 = ORIENTED_EDGE('', *, *, #5590, .T.);
#10504 = ORIENTED_EDGE('', *, *, #5591, .T.);
#10505 = ORIENTED_EDGE('', *, *, #5592, .T.);
#10506 = EDGE_LOOP('', (#10502, #10503, #10504, #10505));
#10507 = FACE_BOUND('', #10506, .T.);
#10508 = ADVANCED_FACE('', (#10507), #8010, .T.);
#10509 = ORIENTED_EDGE('', *, *, #5591, .F.);
#10510 = ORIENTED_EDGE('', *, *, #5593, .T.);
#10511 = ORIENTED_EDGE('', *, *, #5594, .T.);
#10512 = ORIENTED_EDGE('', *, *, #5595, .T.);
#10513 = EDGE_LOOP('', (#10509, #10510, #10511, #10512));
#10514 = FACE_BOUND('', #10513, .T.);
#10515 = ADVANCED_FACE('', (#10514), #8017, .T.);
#10516 = ORIENTED_EDGE('', *, *, #5594, .F.);
#10517 = ORIENTED_EDGE('', *, *, #5596, .T.);
#10518 = ORIENTED_EDGE('', *, *, #5597, .T.);
#10519 = ORIENTED_EDGE('', *, *, #5598, .T.);
#10520 = EDGE_LOOP('', (#10516, #10517, #10518, #10519));
#10521 = FACE_BOUND('', #10520, .T.);
#10522 = ADVANCED_FACE('', (#10521), #8024, .T.);
#10523 = ORIENTED_EDGE('', *, *, #5597, .F.);
#10524 = ORIENTED_EDGE('', *, *, #5599, .T.);
#10525 = ORIENTED_EDGE('', *, *, #5600, .T.);
#10526 = ORIENTED_EDGE('', *, *, #5601, .T.);
#10527 = EDGE_LOOP('', (#10523, #10524, #10525, #10526));
#10528 = FACE_BOUND('', #10527, .T.);
#10529 = ADVANCED_FACE('', (#10528), #8031, .T.);
#10530 = ORIENTED_EDGE('', *, *, #5600, .F.);
#10531 = ORIENTED_EDGE('', *, *, #5602, .T.);
#10532 = ORIENTED_EDGE('', *, *, #5603, .T.);
#10533 = ORIENTED_EDGE('', *, *, #5604, .T.);
#10534 = EDGE_LOOP('', (#10530, #10531, #10532, #10533));
#10535 = FACE_BOUND('', #10534, .T.);
#10536 = ADVANCED_FACE('', (#10535), #8038, .T.);
#10537 = ORIENTED_EDGE('', *, *, #5603, .F.);
#10538 = ORIENTED_EDGE('', *, *, #5605, .T.);
#10539 = ORIENTED_EDGE('', *, *, #5606, .T.);
#10540 = ORIENTED_EDGE('', *, *, #5607, .T.);
#10541 = EDGE_LOOP('', (#10537, #10538, #10539, #10540));
#10542 = FACE_BOUND('', #10541, .T.);
#10543 = ADVANCED_FACE('', (#10542), #8045, .T.);
#10544 = ORIENTED_EDGE('', *, *, #5606, .F.);
#10545 = ORIENTED_EDGE('', *, *, #5608, .T.);
#10546 = ORIENTED_EDGE('', *, *, #5609, .T.);
#10547 = ORIENTED_EDGE('', *, *, #5610, .T.);
#10548 = EDGE_LOOP('', (#10544, #10545, #10546, #10547));
#10549 = FACE_BOUND('', #10548, .T.);
#10550 = ADVANCED_FACE('', (#10549), #8052, .T.);
#10551 = ORIENTED_EDGE('', *, *, #5609, .F.);
#10552 = ORIENTED_EDGE('', *, *, #5611, .T.);
#10553 = ORIENTED_EDGE('', *, *, #5612, .T.);
#10554 = ORIENTED_EDGE('', *, *, #5613, .T.);
#10555 = EDGE_LOOP('', (#10551, #10552, #10553, #10554));
#10556 = FACE_BOUND('', #10555, .T.);
#10557 = ADVANCED_FACE('', (#10556), #8059, .T.);
#10558 = ORIENTED_EDGE('', *, *, #5612, .F.);
#10559 = ORIENTED_EDGE('', *, *, #5614, .T.);
#10560 = ORIENTED_EDGE('', *, *, #5615, .T.);
#10561 = ORIENTED_EDGE('', *, *, #5616, .T.);
#10562 = EDGE_LOOP('', (#10558, #10559, #10560, #10561));
#10563 = FACE_BOUND('', #10562, .T.);
#10564 = ADVANCED_FACE('', (#10563), #8066, .T.);
#10565 = ORIENTED_EDGE('', *, *, #5615, .F.);
#10566 = ORIENTED_EDGE('', *, *, #5617, .T.);
#10567 = ORIENTED_EDGE('', *, *, #5618, .T.);
#10568 = ORIENTED_EDGE('', *, *, #5619, .T.);
#10569 = EDGE_LOOP('', (#10565, #10566, #10567, #10568));
#10570 = FACE_BOUND('', #10569, .T.);
#10571 = ADVANCED_FACE('', (#10570), #8073, .T.);
#10572 = ORIENTED_EDGE('', *, *, #5618, .F.);
#10573 = ORIENTED_EDGE('', *, *, #5620, .T.);
#10574 = ORIENTED_EDGE('', *, *, #5621, .T.);
#10575 = ORIENTED_EDGE('', *, *, #5622, .T.);
#10576 = EDGE_LOOP('', (#10572, #10573, #10574, #10575));
#10577 = FACE_BOUND('', #10576, .T.);
#10578 = ADVANCED_FACE('', (#10577), #8080, .T.);
#10579 = ORIENTED_EDGE('', *, *, #5621, .F.);
#10580 = ORIENTED_EDGE('', *, *, #5623, .T.);
#10581 = ORIENTED_EDGE('', *, *, #5624, .T.);
#10582 = ORIENTED_EDGE('', *, *, #5625, .T.);
#10583 = EDGE_LOOP('', (#10579, #10580, #10581, #10582));
#10584 = FACE_BOUND('', #10583, .T.);
#10585 = ADVANCED_FACE('', (#10584), #8087, .T.);
#10586 = ORIENTED_EDGE('', *, *, #5624, .F.);
#10587 = ORIENTED_EDGE('', *, *, #5626, .T.);
#10588 = ORIENTED_EDGE('', *, *, #5627, .T.);
#10589 = ORIENTED_EDGE('', *, *, #5628, .T.);
#10590 = EDGE_LOOP('', (#10586, #10587, #10588, #10589));
#10591 = FACE_BOUND('', #10590, .T.);
#10592 = ADVANCED_FACE('', (#10591), #8094, .T.);
#10593 = ORIENTED_EDGE('', *, *, #5627, .F.);
#10594 = ORIENTED_EDGE('', *, *, #5629, .T.);
#10595 = ORIENTED_EDGE('', *, *, #5630, .T.);
#10596 = ORIENTED_EDGE('', *, *, #5631, .T.);
#10597 = EDGE_LOOP('', (#10593, #10594, #10595, #10596));
#10598 = FACE_BOUND('', #10597, .T.);
#10599 = ADVANCED_FACE('', (#10598), #8101, .T.);
#10600 = ORIENTED_EDGE('', *, *, #5630, .F.);
#10601 = ORIENTED_EDGE('', *, *, #5632, .T.);
#10602 = ORIENTED_EDGE('', *, *, #5633, .T.);
#10603 = ORIENTED_EDGE('', *, *, #5634, .T.);
#10604 = EDGE_LOOP('', (#10600, #10601, #10602, #10603));
#10605 = FACE_BOUND('', #10604, .T.);
#10606 = ADVANCED_FACE('', (#10605), #8108, .T.);
#10607 = ORIENTED_EDGE('', *, *, #5633, .F.);
#10608 = ORIENTED_EDGE('', *, *, #5635, .T.);
#10609 = ORIENTED_EDGE('', *, *, #5636, .T.);
#10610 = ORIENTED_EDGE('', *, *, #5637, .T.);
#10611 = EDGE_LOOP('', (#10607, #10608, #10609, #10610));
#10612 = FACE_BOUND('', #10611, .T.);
#10613 = ADVANCED_FACE('', (#10612), #8115, .T.);
#10614 = ORIENTED_EDGE('', *, *, #5586, .F.);
#10615 = ORIENTED_EDGE('', *, *, #5589, .F.);
#10616 = ORIENTED_EDGE('', *, *, #5592, .F.);
#10617 = ORIENTED_EDGE('', *, *, #5595, .F.);
#10618 = ORIENTED_EDGE('', *, *, #5598, .F.);
#10619 = ORIENTED_EDGE('', *, *, #5601, .F.);
#10620 = ORIENTED_EDGE('', *, *, #5604, .F.);
#10621 = ORIENTED_EDGE('', *, *, #5607, .F.);
#10622 = ORIENTED_EDGE('', *, *, #5610, .F.);
#10623 = ORIENTED_EDGE('', *, *, #5613, .F.);
#10624 = ORIENTED_EDGE('', *, *, #5616, .F.);
#10625 = ORIENTED_EDGE('', *, *, #5619, .F.);
#10626 = ORIENTED_EDGE('', *, *, #5622, .F.);
#10627 = ORIENTED_EDGE('', *, *, #5625, .F.);
#10628 = ORIENTED_EDGE('', *, *, #5628, .F.);
#10629 = ORIENTED_EDGE('', *, *, #5631, .F.);
#10630 = ORIENTED_EDGE('', *, *, #5634, .F.);
#10631 = ORIENTED_EDGE('', *, *, #5637, .F.);
#10632 = EDGE_LOOP('', (#10614, #10615, #10616, #10617, #10618, #10619, #10620, #10621, #10622, #10623, #10624, #10625, #10626, #10627, #10628, #10629, #10630, #10631));
#10633 = FACE_BOUND('', #10632, .T.);
#10634 = ADVANCED_FACE('', (#10633), #8119, .F.);
#10635 = ORIENTED_EDGE('', *, *, #5635, .F.);
#10636 = ORIENTED_EDGE('', *, *, #5632, .F.);
#10637 = ORIENTED_EDGE('', *, *, #5629, .F.);
#10638 = ORIENTED_EDGE('', *, *, #5626, .F.);
#10639 = ORIENTED_EDGE('', *, *, #5623, .F.);
#10640 = ORIENTED_EDGE('', *, *, #5620, .F.);
#10641 = ORIENTED_EDGE('', *, *, #5617, .F.);
#10642 = ORIENTED_EDGE('', *, *, #5614, .F.);
#10643 = ORIENTED_EDGE('', *, *, #5611, .F.);
#10644 = ORIENTED_EDGE('', *, *, #5608, .F.);
#10645 = ORIENTED_EDGE('', *, *, #5605, .F.);
#10646 = ORIENTED_EDGE('', *, *, #5602, .F.);
#10647 = ORIENTED_EDGE('', *, *, #5599, .F.);
#10648 = ORIENTED_EDGE('', *, *, #5596, .F.);
#10649 = ORIENTED_EDGE('', *, *, #5593, .F.);
#10650 = ORIENTED_EDGE('', *, *, #5590, .F.);
#10651 = ORIENTED_EDGE('', *, *, #5587, .F.);
#10652 = ORIENTED_EDGE('', *, *, #5584, .F.);
#10653 = EDGE_LOOP('', (#10635, #10636, #10637, #10638, #10639, #10640, #10641, #10642, #10643, #10644, #10645, #10646, #10647, #10648, #10649, #10650, #10651, #10652));
#10654 = FACE_BOUND('', #10653, .T.);
#10655 = ADVANCED_FACE('', (#10654), #8123, .T.);
#10656 = ORIENTED_EDGE('', *, *, #5690, .F.);
#10657 = ORIENTED_EDGE('', *, *, #5638, .T.);
#10658 = ORIENTED_EDGE('', *, *, #5639, .T.);
#10659 = ORIENTED_EDGE('', *, *, #5640, .T.);
#10660 = EDGE_LOOP('', (#10656, #10657, #10658, #10659));
#10661 = FACE_BOUND('', #10660, .T.);
#10662 = ADVANCED_FACE('', (#10661), #8130, .T.);
#10663 = ORIENTED_EDGE('', *, *, #5639, .F.);
#10664 = ORIENTED_EDGE('', *, *, #5641, .T.);
#10665 = ORIENTED_EDGE('', *, *, #5642, .T.);
#10666 = ORIENTED_EDGE('', *, *, #5643, .T.);
#10667 = EDGE_LOOP('', (#10663, #10664, #10665, #10666));
#10668 = FACE_BOUND('', #10667, .T.);
#10669 = ADVANCED_FACE('', (#10668), #8137, .T.);
#10670 = ORIENTED_EDGE('', *, *, #5642, .F.);
#10671 = ORIENTED_EDGE('', *, *, #5644, .T.);
#10672 = ORIENTED_EDGE('', *, *, #5645, .T.);
#10673 = ORIENTED_EDGE('', *, *, #5646, .T.);
#10674 = EDGE_LOOP('', (#10670, #10671, #10672, #10673));
#10675 = FACE_BOUND('', #10674, .T.);
#10676 = ADVANCED_FACE('', (#10675), #8144, .T.);
#10677 = ORIENTED_EDGE('', *, *, #5645, .F.);
#10678 = ORIENTED_EDGE('', *, *, #5647, .T.);
#10679 = ORIENTED_EDGE('', *, *, #5648, .T.);
#10680 = ORIENTED_EDGE('', *, *, #5649, .T.);
#10681 = EDGE_LOOP('', (#10677, #10678, #10679, #10680));
#10682 = FACE_BOUND('', #10681, .T.);
#10683 = ADVANCED_FACE('', (#10682), #8151, .T.);
#10684 = ORIENTED_EDGE('', *, *, #5648, .F.);
#10685 = ORIENTED_EDGE('', *, *, #5650, .T.);
#10686 = ORIENTED_EDGE('', *, *, #5651, .T.);
#10687 = ORIENTED_EDGE('', *, *, #5652, .T.);
#10688 = EDGE_LOOP('', (#10684, #10685, #10686, #10687));
#10689 = FACE_BOUND('', #10688, .T.);
#10690 = ADVANCED_FACE('', (#10689), #8158, .T.);
#10691 = ORIENTED_EDGE('', *, *, #5651, .F.);
#10692 = ORIENTED_EDGE('', *, *, #5653, .T.);
#10693 = ORIENTED_EDGE('', *, *, #5654, .T.);
#10694 = ORIENTED_EDGE('', *, *, #5655, .T.);
#10695 = EDGE_LOOP('', (#10691, #10692, #10693, #10694));
#10696 = FACE_BOUND('', #10695, .T.);
#10697 = ADVANCED_FACE('', (#10696), #8165, .T.);
#10698 = ORIENTED_EDGE('', *, *, #5654, .F.);
#10699 = ORIENTED_EDGE('', *, *, #5656, .T.);
#10700 = ORIENTED_EDGE('', *, *, #5657, .T.);
#10701 = ORIENTED_EDGE('', *, *, #5658, .T.);
#10702 = EDGE_LOOP('', (#10698, #10699, #10700, #10701));
#10703 = FACE_BOUND('', #10702, .T.);
#10704 = ADVANCED_FACE('', (#10703), #8172, .T.);
#10705 = ORIENTED_EDGE('', *, *, #5657, .F.);
#10706 = ORIENTED_EDGE('', *, *, #5659, .T.);
#10707 = ORIENTED_EDGE('', *, *, #5660, .T.);
#10708 = ORIENTED_EDGE('', *, *, #5661, .T.);
#10709 = EDGE_LOOP('', (#10705, #10706, #10707, #10708));
#10710 = FACE_BOUND('', #10709, .T.);
#10711 = ADVANCED_FACE('', (#10710), #8179, .T.);
#10712 = ORIENTED_EDGE('', *, *, #5660, .F.);
#10713 = ORIENTED_EDGE('', *, *, #5662, .T.);
#10714 = ORIENTED_EDGE('', *, *, #5663, .T.);
#10715 = ORIENTED_EDGE('', *, *, #5664, .T.);
#10716 = EDGE_LOOP('', (#10712, #10713, #10714, #10715));
#10717 = FACE_BOUND('', #10716, .T.);
#10718 = ADVANCED_FACE('', (#10717), #8186, .T.);
#10719 = ORIENTED_EDGE('', *, *, #5663, .F.);
#10720 = ORIENTED_EDGE('', *, *, #5665, .T.);
#10721 = ORIENTED_EDGE('', *, *, #5666, .T.);
#10722 = ORIENTED_EDGE('', *, *, #5667, .T.);
#10723 = EDGE_LOOP('', (#10719, #10720, #10721, #10722));
#10724 = FACE_BOUND('', #10723, .T.);
#10725 = ADVANCED_FACE('', (#10724), #8193, .T.);
#10726 = ORIENTED_EDGE('', *, *, #5666, .F.);
#10727 = ORIENTED_EDGE('', *, *, #5668, .T.);
#10728 = ORIENTED_EDGE('', *, *, #5669, .T.);
#10729 = ORIENTED_EDGE('', *, *, #5670, .T.);
#10730 = EDGE_LOOP('', (#10726, #10727, #10728, #10729));
#10731 = FACE_BOUND('', #10730, .T.);
#10732 = ADVANCED_FACE('', (#10731), #8200, .T.);
#10733 = ORIENTED_EDGE('', *, *, #5669, .F.);
#10734 = ORIENTED_EDGE('', *, *, #5671, .T.);
#10735 = ORIENTED_EDGE('', *, *, #5672, .T.);
#10736 = ORIENTED_EDGE('', *, *, #5673, .T.);
#10737 = EDGE_LOOP('', (#10733, #10734, #10735, #10736));
#10738 = FACE_BOUND('', #10737, .T.);
#10739 = ADVANCED_FACE('', (#10738), #8207, .T.);
#10740 = ORIENTED_EDGE('', *, *, #5672, .F.);
#10741 = ORIENTED_EDGE('', *, *, #5674, .T.);
#10742 = ORIENTED_EDGE('', *, *, #5675, .T.);
#10743 = ORIENTED_EDGE('', *, *, #5676, .T.);
#10744 = EDGE_LOOP('', (#10740, #10741, #10742, #10743));
#10745 = FACE_BOUND('', #10744, .T.);
#10746 = ADVANCED_FACE('', (#10745), #8214, .T.);
#10747 = ORIENTED_EDGE('', *, *, #5675, .F.);
#10748 = ORIENTED_EDGE('', *, *, #5677, .T.);
#10749 = ORIENTED_EDGE('', *, *, #5678, .T.);
#10750 = ORIENTED_EDGE('', *, *, #5679, .T.);
#10751 = EDGE_LOOP('', (#10747, #10748, #10749, #10750));
#10752 = FACE_BOUND('', #10751, .T.);
#10753 = ADVANCED_FACE('', (#10752), #8221, .T.);
#10754 = ORIENTED_EDGE('', *, *, #5678, .F.);
#10755 = ORIENTED_EDGE('', *, *, #5680, .T.);
#10756 = ORIENTED_EDGE('', *, *, #5681, .T.);
#10757 = ORIENTED_EDGE('', *, *, #5682, .T.);
#10758 = EDGE_LOOP('', (#10754, #10755, #10756, #10757));
#10759 = FACE_BOUND('', #10758, .T.);
#10760 = ADVANCED_FACE('', (#10759), #8228, .T.);
#10761 = ORIENTED_EDGE('', *, *, #5681, .F.);
#10762 = ORIENTED_EDGE('', *, *, #5683, .T.);
#10763 = ORIENTED_EDGE('', *, *, #5684, .T.);
#10764 = ORIENTED_EDGE('', *, *, #5685, .T.);
#10765 = EDGE_LOOP('', (#10761, #10762, #10763, #10764));
#10766 = FACE_BOUND('', #10765, .T.);
#10767 = ADVANCED_FACE('', (#10766), #8235, .T.);
#10768 = ORIENTED_EDGE('', *, *, #5684, .F.);
#10769 = ORIENTED_EDGE('', *, *, #5686, .T.);
#10770 = ORIENTED_EDGE('', *, *, #5687, .T.);
#10771 = ORIENTED_EDGE('', *, *, #5688, .T.);
#10772 = EDGE_LOOP('', (#10768, #10769, #10770, #10771));
#10773 = FACE_BOUND('', #10772, .T.);
#10774 = ADVANCED_FACE('', (#10773), #8242, .T.);
#10775 = ORIENTED_EDGE('', *, *, #5687, .F.);
#10776 = ORIENTED_EDGE('', *, *, #5689, .T.);
#10777 = ORIENTED_EDGE('', *, *, #5690, .T.);
#10778 = ORIENTED_EDGE('', *, *, #5691, .T.);
#10779 = EDGE_LOOP('', (#10775, #10776, #10777, #10778));
#10780 = FACE_BOUND('', #10779, .T.);
#10781 = ADVANCED_FACE('', (#10780), #8249, .T.);
#10782 = ORIENTED_EDGE('', *, *, #5640, .F.);
#10783 = ORIENTED_EDGE('', *, *, #5643, .F.);
#10784 = ORIENTED_EDGE('', *, *, #5646, .F.);
#10785 = ORIENTED_EDGE('', *, *, #5649, .F.);
#10786 = ORIENTED_EDGE('', *, *, #5652, .F.);
#10787 = ORIENTED_EDGE('', *, *, #5655, .F.);
#10788 = ORIENTED_EDGE('', *, *, #5658, .F.);
#10789 = ORIENTED_EDGE('', *, *, #5661, .F.);
#10790 = ORIENTED_EDGE('', *, *, #5664, .F.);
#10791 = ORIENTED_EDGE('', *, *, #5667, .F.);
#10792 = ORIENTED_EDGE('', *, *, #5670, .F.);
#10793 = ORIENTED_EDGE('', *, *, #5673, .F.);
#10794 = ORIENTED_EDGE('', *, *, #5676, .F.);
#10795 = ORIENTED_EDGE('', *, *, #5679, .F.);
#10796 = ORIENTED_EDGE('', *, *, #5682, .F.);
#10797 = ORIENTED_EDGE('', *, *, #5685, .F.);
#10798 = ORIENTED_EDGE('', *, *, #5688, .F.);
#10799 = ORIENTED_EDGE('', *, *, #5691, .F.);
#10800 = EDGE_LOOP('', (#10782, #10783, #10784, #10785, #10786, #10787, #10788, #10789, #10790, #10791, #10792, #10793, #10794, #10795, #10796, #10797, #10798, #10799));
#10801 = FACE_BOUND('', #10800, .T.);
#10802 = ADVANCED_FACE('', (#10801), #8253, .F.);
#10803 = ORIENTED_EDGE('', *, *, #5689, .F.);
#10804 = ORIENTED_EDGE('', *, *, #5686, .F.);
#10805 = ORIENTED_EDGE('', *, *, #5683, .F.);
#10806 = ORIENTED_EDGE('', *, *, #5680, .F.);
#10807 = ORIENTED_EDGE('', *, *, #5677, .F.);
#10808 = ORIENTED_EDGE('', *, *, #5674, .F.);
#10809 = ORIENTED_EDGE('', *, *, #5671, .F.);
#10810 = ORIENTED_EDGE('', *, *, #5668, .F.);
#10811 = ORIENTED_EDGE('', *, *, #5665, .F.);
#10812 = ORIENTED_EDGE('', *, *, #5662, .F.);
#10813 = ORIENTED_EDGE('', *, *, #5659, .F.);
#10814 = ORIENTED_EDGE('', *, *, #5656, .F.);
#10815 = ORIENTED_EDGE('', *, *, #5653, .F.);
#10816 = ORIENTED_EDGE('', *, *, #5650, .F.);
#10817 = ORIENTED_EDGE('', *, *, #5647, .F.);
#10818 = ORIENTED_EDGE('', *, *, #5644, .F.);
#10819 = ORIENTED_EDGE('', *, *, #5641, .F.);
#10820 = ORIENTED_EDGE('', *, *, #5638, .F.);
#10821 = EDGE_LOOP('', (#10803, #10804, #10805, #10806, #10807, #10808, #10809, #10810, #10811, #10812, #10813, #10814, #10815, #10816, #10817, #10818, #10819, #10820));
#10822 = FACE_BOUND('', #10821, .T.);
#10823 = ADVANCED_FACE('', (#10822), #8257, .T.);
#10824 = ORIENTED_EDGE('', *, *, #5744, .F.);
#10825 = ORIENTED_EDGE('', *, *, #5692, .T.);
#10826 = ORIENTED_EDGE('', *, *, #5693, .T.);
#10827 = ORIENTED_EDGE('', *, *, #5694, .T.);
#10828 = EDGE_LOOP('', (#10824, #10825, #10826, #10827));
#10829 = FACE_BOUND('', #10828, .T.);
#10830 = ADVANCED_FACE('', (#10829), #8264, .T.);
#10831 = ORIENTED_EDGE('', *, *, #5693, .F.);
#10832 = ORIENTED_EDGE('', *, *, #5695, .T.);
#10833 = ORIENTED_EDGE('', *, *, #5696, .T.);
#10834 = ORIENTED_EDGE('', *, *, #5697, .T.);
#10835 = EDGE_LOOP('', (#10831, #10832, #10833, #10834));
#10836 = FACE_BOUND('', #10835, .T.);
#10837 = ADVANCED_FACE('', (#10836), #8271, .T.);
#10838 = ORIENTED_EDGE('', *, *, #5696, .F.);
#10839 = ORIENTED_EDGE('', *, *, #5698, .T.);
#10840 = ORIENTED_EDGE('', *, *, #5699, .T.);
#10841 = ORIENTED_EDGE('', *, *, #5700, .T.);
#10842 = EDGE_LOOP('', (#10838, #10839, #10840, #10841));
#10843 = FACE_BOUND('', #10842, .T.);
#10844 = ADVANCED_FACE('', (#10843), #8278, .T.);
#10845 = ORIENTED_EDGE('', *, *, #5699, .F.);
#10846 = ORIENTED_EDGE('', *, *, #5701, .T.);
#10847 = ORIENTED_EDGE('', *, *, #5702, .T.);
#10848 = ORIENTED_EDGE('', *, *, #5703, .T.);
#10849 = EDGE_LOOP('', (#10845, #10846, #10847, #10848));
#10850 = FACE_BOUND('', #10849, .T.);
#10851 = ADVANCED_FACE('', (#10850), #8285, .T.);
#10852 = ORIENTED_EDGE('', *, *, #5702, .F.);
#10853 = ORIENTED_EDGE('', *, *, #5704, .T.);
#10854 = ORIENTED_EDGE('', *, *, #5705, .T.);
#10855 = ORIENTED_EDGE('', *, *, #5706, .T.);
#10856 = EDGE_LOOP('', (#10852, #10853, #10854, #10855));
#10857 = FACE_BOUND('', #10856, .T.);
#10858 = ADVANCED_FACE('', (#10857), #8292, .T.);
#10859 = ORIENTED_EDGE('', *, *, #5705, .F.);
#10860 = ORIENTED_EDGE('', *, *, #5707, .T.);
#10861 = ORIENTED_EDGE('', *, *, #5708, .T.);
#10862 = ORIENTED_EDGE('', *, *, #5709, .T.);
#10863 = EDGE_LOOP('', (#10859, #10860, #10861, #10862));
#10864 = FACE_BOUND('', #10863, .T.);
#10865 = ADVANCED_FACE('', (#10864), #8299, .T.);
#10866 = ORIENTED_EDGE('', *, *, #5708, .F.);
#10867 = ORIENTED_EDGE('', *, *, #5710, .T.);
#10868 = ORIENTED_EDGE('', *, *, #5711, .T.);
#10869 = ORIENTED_EDGE('', *, *, #5712, .T.);
#10870 = EDGE_LOOP('', (#10866, #10867, #10868, #10869));
#10871 = FACE_BOUND('', #10870, .T.);
#10872 = ADVANCED_FACE('', (#10871), #8306, .T.);
#10873 = ORIENTED_EDGE('', *, *, #5711, .F.);
#10874 = ORIENTED_EDGE('', *, *, #5713, .T.);
#10875 = ORIENTED_EDGE('', *, *, #5714, .T.);
#10876 = ORIENTED_EDGE('', *, *, #5715, .T.);
#10877 = EDGE_LOOP('', (#10873, #10874, #10875, #10876));
#10878 = FACE_BOUND('', #10877, .T.);
#10879 = ADVANCED_FACE('', (#10878), #8313, .T.);
#10880 = ORIENTED_EDGE('', *, *, #5714, .F.);
#10881 = ORIENTED_EDGE('', *, *, #5716, .T.);
#10882 = ORIENTED_EDGE('', *, *, #5717, .T.);
#10883 = ORIENTED_EDGE('', *, *, #5718, .T.);
#10884 = EDGE_LOOP('', (#10880, #10881, #10882, #10883));
#10885 = FACE_BOUND('', #10884, .T.);
#10886 = ADVANCED_FACE('', (#10885), #8320, .T.);
#10887 = ORIENTED_EDGE('', *, *, #5717, .F.);
#10888 = ORIENTED_EDGE('', *, *, #5719, .T.);
#10889 = ORIENTED_EDGE('', *, *, #5720, .T.);
#10890 = ORIENTED_EDGE('', *, *, #5721, .T.);
#10891 = EDGE_LOOP('', (#10887, #10888, #10889, #10890));
#10892 = FACE_BOUND('', #10891, .T.);
#10893 = ADVANCED_FACE('', (#10892), #8327, .T.);
#10894 = ORIENTED_EDGE('', *, *, #5720, .F.);
#10895 = ORIENTED_EDGE('', *, *, #5722, .T.);
#10896 = ORIENTED_EDGE('', *, *, #5723, .T.);
#10897 = ORIENTED_EDGE('', *, *, #5724, .T.);
#10898 = EDGE_LOOP('', (#10894, #10895, #10896, #10897));
#10899 = FACE_BOUND('', #10898, .T.);
#10900 = ADVANCED_FACE('', (#10899), #8334, .T.);
#10901 = ORIENTED_EDGE('', *, *, #5723, .F.);
#10902 = ORIENTED_EDGE('', *, *, #5725, .T.);
#10903 = ORIENTED_EDGE('', *, *, #5726, .T.);
#10904 = ORIENTED_EDGE('', *, *, #5727, .T.);
#10905 = EDGE_LOOP('', (#10901, #10902, #10903, #10904));
#10906 = FACE_BOUND('', #10905, .T.);
#10907 = ADVANCED_FACE('', (#10906), #8341, .T.);
#10908 = ORIENTED_EDGE('', *, *, #5726, .F.);
#10909 = ORIENTED_EDGE('', *, *, #5728, .T.);
#10910 = ORIENTED_EDGE('', *, *, #5729, .T.);
#10911 = ORIENTED_EDGE('', *, *, #5730, .T.);
#10912 = EDGE_LOOP('', (#10908, #10909, #10910, #10911));
#10913 = FACE_BOUND('', #10912, .T.);
#10914 = ADVANCED_FACE('', (#10913), #8348, .T.);
#10915 = ORIENTED_EDGE('', *, *, #5729, .F.);
#10916 = ORIENTED_EDGE('', *, *, #5731, .T.);
#10917 = ORIENTED_EDGE('', *, *, #5732, .T.);
#10918 = ORIENTED_EDGE('', *, *, #5733, .T.);
#10919 = EDGE_LOOP('', (#10915, #10916, #10917, #10918));
#10920 = FACE_BOUND('', #10919, .T.);
#10921 = ADVANCED_FACE('', (#10920), #8355, .T.);
#10922 = ORIENTED_EDGE('', *, *, #5732, .F.);
#10923 = ORIENTED_EDGE('', *, *, #5734, .T.);
#10924 = ORIENTED_EDGE('', *, *, #5735, .T.);
#10925 = ORIENTED_EDGE('', *, *, #5736, .T.);
#10926 = EDGE_LOOP('', (#10922, #10923, #10924, #10925));
#10927 = FACE_BOUND('', #10926, .T.);
#10928 = ADVANCED_FACE('', (#10927), #8362, .T.);
#10929 = ORIENTED_EDGE('', *, *, #5735, .F.);
#10930 = ORIENTED_EDGE('', *, *, #5737, .T.);
#10931 = ORIENTED_EDGE('', *, *, #5738, .T.);
#10932 = ORIENTED_EDGE('', *, *, #5739, .T.);
#10933 = EDGE_LOOP('', (#10929, #10930, #10931, #10932));
#10934 = FACE_BOUND('', #10933, .T.);
#10935 = ADVANCED_FACE('', (#10934), #8369, .T.);
#10936 = ORIENTED_EDGE('', *, *, #5738, .F.);
#10937 = ORIENTED_EDGE('', *, *, #5740, .T.);
#10938 = ORIENTED_EDGE('', *, *, #5741, .T.);
#10939 = ORIENTED_EDGE('', *, *, #5742, .T.);
#10940 = EDGE_LOOP('', (#10936, #10937, #10938, #10939));
#10941 = FACE_BOUND('', #10940, .T.);
#10942 = ADVANCED_FACE('', (#10941), #8376, .T.);
#10943 = ORIENTED_EDGE('', *, *, #5741, .F.);
#10944 = ORIENTED_EDGE('', *, *, #5743, .T.);
#10945 = ORIENTED_EDGE('', *, *, #5744, .T.);
#10946 = ORIENTED_EDGE('', *, *, #5745, .T.);
#10947 = EDGE_LOOP('', (#10943, #10944, #10945, #10946));
#10948 = FACE_BOUND('', #10947, .T.);
#10949 = ADVANCED_FACE('', (#10948), #8383, .T.);
#10950 = ORIENTED_EDGE('', *, *, #5694, .F.);
#10951 = ORIENTED_EDGE('', *, *, #5697, .F.);
#10952 = ORIENTED_EDGE('', *, *, #5700, .F.);
#10953 = ORIENTED_EDGE('', *, *, #5703, .F.);
#10954 = ORIENTED_EDGE('', *, *, #5706, .F.);
#10955 = ORIENTED_EDGE('', *, *, #5709, .F.);
#10956 = ORIENTED_EDGE('', *, *, #5712, .F.);
#10957 = ORIENTED_EDGE('', *, *, #5715, .F.);
#10958 = ORIENTED_EDGE('', *, *, #5718, .F.);
#10959 = ORIENTED_EDGE('', *, *, #5721, .F.);
#10960 = ORIENTED_EDGE('', *, *, #5724, .F.);
#10961 = ORIENTED_EDGE('', *, *, #5727, .F.);
#10962 = ORIENTED_EDGE('', *, *, #5730, .F.);
#10963 = ORIENTED_EDGE('', *, *, #5733, .F.);
#10964 = ORIENTED_EDGE('', *, *, #5736, .F.);
#10965 = ORIENTED_EDGE('', *, *, #5739, .F.);
#10966 = ORIENTED_EDGE('', *, *, #5742, .F.);
#10967 = ORIENTED_EDGE('', *, *, #5745, .F.);
#10968 = EDGE_LOOP('', (#10950, #10951, #10952, #10953, #10954, #10955, #10956, #10957, #10958, #10959, #10960, #10961, #10962, #10963, #10964, #10965, #10966, #10967));
#10969 = FACE_BOUND('', #10968, .T.);
#10970 = ADVANCED_FACE('', (#10969), #8387, .F.);
#10971 = ORIENTED_EDGE('', *, *, #5743, .F.);
#10972 = ORIENTED_EDGE('', *, *, #5740, .F.);
#10973 = ORIENTED_EDGE('', *, *, #5737, .F.);
#10974 = ORIENTED_EDGE('', *, *, #5734, .F.);
#10975 = ORIENTED_EDGE('', *, *, #5731, .F.);
#10976 = ORIENTED_EDGE('', *, *, #5728, .F.);
#10977 = ORIENTED_EDGE('', *, *, #5725, .F.);
#10978 = ORIENTED_EDGE('', *, *, #5722, .F.);
#10979 = ORIENTED_EDGE('', *, *, #5719, .F.);
#10980 = ORIENTED_EDGE('', *, *, #5716, .F.);
#10981 = ORIENTED_EDGE('', *, *, #5713, .F.);
#10982 = ORIENTED_EDGE('', *, *, #5710, .F.);
#10983 = ORIENTED_EDGE('', *, *, #5707, .F.);
#10984 = ORIENTED_EDGE('', *, *, #5704, .F.);
#10985 = ORIENTED_EDGE('', *, *, #5701, .F.);
#10986 = ORIENTED_EDGE('', *, *, #5698, .F.);
#10987 = ORIENTED_EDGE('', *, *, #5695, .F.);
#10988 = ORIENTED_EDGE('', *, *, #5692, .F.);
#10989 = EDGE_LOOP('', (#10971, #10972, #10973, #10974, #10975, #10976, #10977, #10978, #10979, #10980, #10981, #10982, #10983, #10984, #10985, #10986, #10987, #10988));
#10990 = FACE_BOUND('', #10989, .T.);
#10991 = ADVANCED_FACE('', (#10990), #8391, .T.);
#10992 = ORIENTED_EDGE('', *, *, #5798, .F.);
#10993 = ORIENTED_EDGE('', *, *, #5746, .T.);
#10994 = ORIENTED_EDGE('', *, *, #5747, .T.);
#10995 = ORIENTED_EDGE('', *, *, #5748, .T.);
#10996 = EDGE_LOOP('', (#10992, #10993, #10994, #10995));
#10997 = FACE_BOUND('', #10996, .T.);
#10998 = ADVANCED_FACE('', (#10997), #8398, .T.);
#10999 = ORIENTED_EDGE('', *, *, #5747, .F.);
#11000 = ORIENTED_EDGE('', *, *, #5749, .T.);
#11001 = ORIENTED_EDGE('', *, *, #5750, .T.);
#11002 = ORIENTED_EDGE('', *, *, #5751, .T.);
#11003 = EDGE_LOOP('', (#10999, #11000, #11001, #11002));
#11004 = FACE_BOUND('', #11003, .T.);
#11005 = ADVANCED_FACE('', (#11004), #8405, .T.);
#11006 = ORIENTED_EDGE('', *, *, #5750, .F.);
#11007 = ORIENTED_EDGE('', *, *, #5752, .T.);
#11008 = ORIENTED_EDGE('', *, *, #5753, .T.);
#11009 = ORIENTED_EDGE('', *, *, #5754, .T.);
#11010 = EDGE_LOOP('', (#11006, #11007, #11008, #11009));
#11011 = FACE_BOUND('', #11010, .T.);
#11012 = ADVANCED_FACE('', (#11011), #8412, .T.);
#11013 = ORIENTED_EDGE('', *, *, #5753, .F.);
#11014 = ORIENTED_EDGE('', *, *, #5755, .T.);
#11015 = ORIENTED_EDGE('', *, *, #5756, .T.);
#11016 = ORIENTED_EDGE('', *, *, #5757, .T.);
#11017 = EDGE_LOOP('', (#11013, #11014, #11015, #11016));
#11018 = FACE_BOUND('', #11017, .T.);
#11019 = ADVANCED_FACE('', (#11018), #8419, .T.);
#11020 = ORIENTED_EDGE('', *, *, #5756, .F.);
#11021 = ORIENTED_EDGE('', *, *, #5758, .T.);
#11022 = ORIENTED_EDGE('', *, *, #5759, .T.);
#11023 = ORIENTED_EDGE('', *, *, #5760, .T.);
#11024 = EDGE_LOOP('', (#11020, #11021, #11022, #11023));
#11025 = FACE_BOUND('', #11024, .T.);
#11026 = ADVANCED_FACE('', (#11025), #8426, .T.);
#11027 = ORIENTED_EDGE('', *, *, #5759, .F.);
#11028 = ORIENTED_EDGE('', *, *, #5761, .T.);
#11029 = ORIENTED_EDGE('', *, *, #5762, .T.);
#11030 = ORIENTED_EDGE('', *, *, #5763, .T.);
#11031 = EDGE_LOOP('', (#11027, #11028, #11029, #11030));
#11032 = FACE_BOUND('', #11031, .T.);
#11033 = ADVANCED_FACE('', (#11032), #8433, .T.);
#11034 = ORIENTED_EDGE('', *, *, #5762, .F.);
#11035 = ORIENTED_EDGE('', *, *, #5764, .T.);
#11036 = ORIENTED_EDGE('', *, *, #5765, .T.);
#11037 = ORIENTED_EDGE('', *, *, #5766, .T.);
#11038 = EDGE_LOOP('', (#11034, #11035, #11036, #11037));
#11039 = FACE_BOUND('', #11038, .T.);
#11040 = ADVANCED_FACE('', (#11039), #8440, .T.);
#11041 = ORIENTED_EDGE('', *, *, #5765, .F.);
#11042 = ORIENTED_EDGE('', *, *, #5767, .T.);
#11043 = ORIENTED_EDGE('', *, *, #5768, .T.);
#11044 = ORIENTED_EDGE('', *, *, #5769, .T.);
#11045 = EDGE_LOOP('', (#11041, #11042, #11043, #11044));
#11046 = FACE_BOUND('', #11045, .T.);
#11047 = ADVANCED_FACE('', (#11046), #8447, .T.);
#11048 = ORIENTED_EDGE('', *, *, #5768, .F.);
#11049 = ORIENTED_EDGE('', *, *, #5770, .T.);
#11050 = ORIENTED_EDGE('', *, *, #5771, .T.);
#11051 = ORIENTED_EDGE('', *, *, #5772, .T.);
#11052 = EDGE_LOOP('', (#11048, #11049, #11050, #11051));
#11053 = FACE_BOUND('', #11052, .T.);
#11054 = ADVANCED_FACE('', (#11053), #8454, .T.);
#11055 = ORIENTED_EDGE('', *, *, #5771, .F.);
#11056 = ORIENTED_EDGE('', *, *, #5773, .T.);
#11057 = ORIENTED_EDGE('', *, *, #5774, .T.);
#11058 = ORIENTED_EDGE('', *, *, #5775, .T.);
#11059 = EDGE_LOOP('', (#11055, #11056, #11057, #11058));
#11060 = FACE_BOUND('', #11059, .T.);
#11061 = ADVANCED_FACE('', (#11060), #8461, .T.);
#11062 = ORIENTED_EDGE('', *, *, #5774, .F.);
#11063 = ORIENTED_EDGE('', *, *, #5776, .T.);
#11064 = ORIENTED_EDGE('', *, *, #5777, .T.);
#11065 = ORIENTED_EDGE('', *, *, #5778, .T.);
#11066 = EDGE_LOOP('', (#11062, #11063, #11064, #11065));
#11067 = FACE_BOUND('', #11066, .T.);
#11068 = ADVANCED_FACE('', (#11067), #8468, .T.);
#11069 = ORIENTED_EDGE('', *, *, #5777, .F.);
#11070 = ORIENTED_EDGE('', *, *, #5779, .T.);
#11071 = ORIENTED_EDGE('', *, *, #5780, .T.);
#11072 = ORIENTED_EDGE('', *, *, #5781, .T.);
#11073 = EDGE_LOOP('', (#11069, #11070, #11071, #11072));
#11074 = FACE_BOUND('', #11073, .T.);
#11075 = ADVANCED_FACE('', (#11074), #8475, .T.);
#11076 = ORIENTED_EDGE('', *, *, #5780, .F.);
#11077 = ORIENTED_EDGE('', *, *, #5782, .T.);
#11078 = ORIENTED_EDGE('', *, *, #5783, .T.);
#11079 = ORIENTED_EDGE('', *, *, #5784, .T.);
#11080 = EDGE_LOOP('', (#11076, #11077, #11078, #11079));
#11081 = FACE_BOUND('', #11080, .T.);
#11082 = ADVANCED_FACE('', (#11081), #8482, .T.);
#11083 = ORIENTED_EDGE('', *, *, #5783, .F.);
#11084 = ORIENTED_EDGE('', *, *, #5785, .T.);
#11085 = ORIENTED_EDGE('', *, *, #5786, .T.);
#11086 = ORIENTED_EDGE('', *, *, #5787, .T.);
#11087 = EDGE_LOOP('', (#11083, #11084, #11085, #11086));
#11088 = FACE_BOUND('', #11087, .T.);
#11089 = ADVANCED_FACE('', (#11088), #8489, .T.);
#11090 = ORIENTED_EDGE('', *, *, #5786, .F.);
#11091 = ORIENTED_EDGE('', *, *, #5788, .T.);
#11092 = ORIENTED_EDGE('', *, *, #5789, .T.);
#11093 = ORIENTED_EDGE('', *, *, #5790, .T.);
#11094 = EDGE_LOOP('', (#11090, #11091, #11092, #11093));
#11095 = FACE_BOUND('', #11094, .T.);
#11096 = ADVANCED_FACE('', (#11095), #8496, .T.);
#11097 = ORIENTED_EDGE('', *, *, #5789, .F.);
#11098 = ORIENTED_EDGE('', *, *, #5791, .T.);
#11099 = ORIENTED_EDGE('', *, *, #5792, .T.);
#11100 = ORIENTED_EDGE('', *, *, #5793, .T.);
#11101 = EDGE_LOOP('', (#11097, #11098, #11099, #11100));
#11102 = FACE_BOUND('', #11101, .T.);
#11103 = ADVANCED_FACE('', (#11102), #8503, .T.);
#11104 = ORIENTED_EDGE('', *, *, #5792, .F.);
#11105 = ORIENTED_EDGE('', *, *, #5794, .T.);
#11106 = ORIENTED_EDGE('', *, *, #5795, .T.);
#11107 = ORIENTED_EDGE('', *, *, #5796, .T.);
#11108 = EDGE_LOOP('', (#11104, #11105, #11106, #11107));
#11109 = FACE_BOUND('', #11108, .T.);
#11110 = ADVANCED_FACE('', (#11109), #8510, .T.);
#11111 = ORIENTED_EDGE('', *, *, #5795, .F.);
#11112 = ORIENTED_EDGE('', *, *, #5797, .T.);
#11113 = ORIENTED_EDGE('', *, *, #5798, .T.);
#11114 = ORIENTED_EDGE('', *, *, #5799, .T.);
#11115 = EDGE_LOOP('', (#11111, #11112, #11113, #11114));
#11116 = FACE_BOUND('', #11115, .T.);
#11117 = ADVANCED_FACE('', (#11116), #8517, .T.);
#11118 = ORIENTED_EDGE('', *, *, #5748, .F.);
#11119 = ORIENTED_EDGE('', *, *, #5751, .F.);
#11120 = ORIENTED_EDGE('', *, *, #5754, .F.);
#11121 = ORIENTED_EDGE('', *, *, #5757, .F.);
#11122 = ORIENTED_EDGE('', *, *, #5760, .F.);
#11123 = ORIENTED_EDGE('', *, *, #5763, .F.);
#11124 = ORIENTED_EDGE('', *, *, #5766, .F.);
#11125 = ORIENTED_EDGE('', *, *, #5769, .F.);
#11126 = ORIENTED_EDGE('', *, *, #5772, .F.);
#11127 = ORIENTED_EDGE('', *, *, #5775, .F.);
#11128 = ORIENTED_EDGE('', *, *, #5778, .F.);
#11129 = ORIENTED_EDGE('', *, *, #5781, .F.);
#11130 = ORIENTED_EDGE('', *, *, #5784, .F.);
#11131 = ORIENTED_EDGE('', *, *, #5787, .F.);
#11132 = ORIENTED_EDGE('', *, *, #5790, .F.);
#11133 = ORIENTED_EDGE('', *, *, #5793, .F.);
#11134 = ORIENTED_EDGE('', *, *, #5796, .F.);
#11135 = ORIENTED_EDGE('', *, *, #5799, .F.);
#11136 = EDGE_LOOP('', (#11118, #11119, #11120, #11121, #11122, #11123, #11124, #11125, #11126, #11127, #11128, #11129, #11130, #11131, #11132, #11133, #11134, #11135));
#11137 = FACE_BOUND('', #11136, .T.);
#11138 = ADVANCED_FACE('', (#11137), #8521, .F.);
#11139 = ORIENTED_EDGE('', *, *, #5797, .F.);
#11140 = ORIENTED_EDGE('', *, *, #5794, .F.);
#11141 = ORIENTED_EDGE('', *, *, #5791, .F.);
#11142 = ORIENTED_EDGE('', *, *, #5788, .F.);
#11143 = ORIENTED_EDGE('', *, *, #5785, .F.);
#11144 = ORIENTED_EDGE('', *, *, #5782, .F.);
#11145 = ORIENTED_EDGE('', *, *, #5779, .F.);
#11146 = ORIENTED_EDGE('', *, *, #5776, .F.);
#11147 = ORIENTED_EDGE('', *, *, #5773, .F.);
#11148 = ORIENTED_EDGE('', *, *, #5770, .F.);
#11149 = ORIENTED_EDGE('', *, *, #5767, .F.);
#11150 = ORIENTED_EDGE('', *, *, #5764, .F.);
#11151 = ORIENTED_EDGE('', *, *, #5761, .F.);
#11152 = ORIENTED_EDGE('', *, *, #5758, .F.);
#11153 = ORIENTED_EDGE('', *, *, #5755, .F.);
#11154 = ORIENTED_EDGE('', *, *, #5752, .F.);
#11155 = ORIENTED_EDGE('', *, *, #5749, .F.);
#11156 = ORIENTED_EDGE('', *, *, #5746, .F.);
#11157 = EDGE_LOOP('', (#11139, #11140, #11141, #11142, #11143, #11144, #11145, #11146, #11147, #11148, #11149, #11150, #11151, #11152, #11153, #11154, #11155, #11156));
#11158 = FACE_BOUND('', #11157, .T.);
#11159 = ADVANCED_FACE('', (#11158), #8525, .T.);
#11160 = ORIENTED_EDGE('', *, *, #5852, .F.);
#11161 = ORIENTED_EDGE('', *, *, #5800, .T.);
#11162 = ORIENTED_EDGE('', *, *, #5801, .T.);
#11163 = ORIENTED_EDGE('', *, *, #5802, .T.);
#11164 = EDGE_LOOP('', (#11160, #11161, #11162, #11163));
#11165 = FACE_BOUND('', #11164, .T.);
#11166 = ADVANCED_FACE('', (#11165), #8532, .T.);
#11167 = ORIENTED_EDGE('', *, *, #5801, .F.);
#11168 = ORIENTED_EDGE('', *, *, #5803, .T.);
#11169 = ORIENTED_EDGE('', *, *, #5804, .T.);
#11170 = ORIENTED_EDGE('', *, *, #5805, .T.);
#11171 = EDGE_LOOP('', (#11167, #11168, #11169, #11170));
#11172 = FACE_BOUND('', #11171, .T.);
#11173 = ADVANCED_FACE('', (#11172), #8539, .T.);
#11174 = ORIENTED_EDGE('', *, *, #5804, .F.);
#11175 = ORIENTED_EDGE('', *, *, #5806, .T.);
#11176 = ORIENTED_EDGE('', *, *, #5807, .T.);
#11177 = ORIENTED_EDGE('', *, *, #5808, .T.);
#11178 = EDGE_LOOP('', (#11174, #11175, #11176, #11177));
#11179 = FACE_BOUND('', #11178, .T.);
#11180 = ADVANCED_FACE('', (#11179), #8546, .T.);
#11181 = ORIENTED_EDGE('', *, *, #5807, .F.);
#11182 = ORIENTED_EDGE('', *, *, #5809, .T.);
#11183 = ORIENTED_EDGE('', *, *, #5810, .T.);
#11184 = ORIENTED_EDGE('', *, *, #5811, .T.);
#11185 = EDGE_LOOP('', (#11181, #11182, #11183, #11184));
#11186 = FACE_BOUND('', #11185, .T.);
#11187 = ADVANCED_FACE('', (#11186), #8553, .T.);
#11188 = ORIENTED_EDGE('', *, *, #5810, .F.);
#11189 = ORIENTED_EDGE('', *, *, #5812, .T.);
#11190 = ORIENTED_EDGE('', *, *, #5813, .T.);
#11191 = ORIENTED_EDGE('', *, *, #5814, .T.);
#11192 = EDGE_LOOP('', (#11188, #11189, #11190, #11191));
#11193 = FACE_BOUND('', #11192, .T.);
#11194 = ADVANCED_FACE('', (#11193), #8560, .T.);
#11195 = ORIENTED_EDGE('', *, *, #5813, .F.);
#11196 = ORIENTED_EDGE('', *, *, #5815, .T.);
#11197 = ORIENTED_EDGE('', *, *, #5816, .T.);
#11198 = ORIENTED_EDGE('', *, *, #5817, .T.);
#11199 = EDGE_LOOP('', (#11195, #11196, #11197, #11198));
#11200 = FACE_BOUND('', #11199, .T.);
#11201 = ADVANCED_FACE('', (#11200), #8567, .T.);
#11202 = ORIENTED_EDGE('', *, *, #5816, .F.);
#11203 = ORIENTED_EDGE('', *, *, #5818, .T.);
#11204 = ORIENTED_EDGE('', *, *, #5819, .T.);
#11205 = ORIENTED_EDGE('', *, *, #5820, .T.);
#11206 = EDGE_LOOP('', (#11202, #11203, #11204, #11205));
#11207 = FACE_BOUND('', #11206, .T.);
#11208 = ADVANCED_FACE('', (#11207), #8574, .T.);
#11209 = ORIENTED_EDGE('', *, *, #5819, .F.);
#11210 = ORIENTED_EDGE('', *, *, #5821, .T.);
#11211 = ORIENTED_EDGE('', *, *, #5822, .T.);
#11212 = ORIENTED_EDGE('', *, *, #5823, .T.);
#11213 = EDGE_LOOP('', (#11209, #11210, #11211, #11212));
#11214 = FACE_BOUND('', #11213, .T.);
#11215 = ADVANCED_FACE('', (#11214), #8581, .T.);
#11216 = ORIENTED_EDGE('', *, *, #5822, .F.);
#11217 = ORIENTED_EDGE('', *, *, #5824, .T.);
#11218 = ORIENTED_EDGE('', *, *, #5825, .T.);
#11219 = ORIENTED_EDGE('', *, *, #5826, .T.);
#11220 = EDGE_LOOP('', (#11216, #11217, #11218, #11219));
#11221 = FACE_BOUND('', #11220, .T.);
#11222 = ADVANCED_FACE('', (#11221), #8588, .T.);
#11223 = ORIENTED_EDGE('', *, *, #5825, .F.);
#11224 = ORIENTED_EDGE('', *, *, #5827, .T.);
#11225 = ORIENTED_EDGE('', *, *, #5828, .T.);
#11226 = ORIENTED_EDGE('', *, *, #5829, .T.);
#11227 = EDGE_LOOP('', (#11223, #11224, #11225, #11226));
#11228 = FACE_BOUND('', #11227, .T.);
#11229 = ADVANCED_FACE('', (#11228), #8595, .T.);
#11230 = ORIENTED_EDGE('', *, *, #5828, .F.);
#11231 = ORIENTED_EDGE('', *, *, #5830, .T.);
#11232 = ORIENTED_EDGE('', *, *, #5831, .T.);
#11233 = ORIENTED_EDGE('', *, *, #5832, .T.);
#11234 = EDGE_LOOP('', (#11230, #11231, #11232, #11233));
#11235 = FACE_BOUND('', #11234, .T.);
#11236 = ADVANCED_FACE('', (#11235), #8602, .T.);
#11237 = ORIENTED_EDGE('', *, *, #5831, .F.);
#11238 = ORIENTED_EDGE('', *, *, #5833, .T.);
#11239 = ORIENTED_EDGE('', *, *, #5834, .T.);
#11240 = ORIENTED_EDGE('', *, *, #5835, .T.);
#11241 = EDGE_LOOP('', (#11237, #11238, #11239, #11240));
#11242 = FACE_BOUND('', #11241, .T.);
#11243 = ADVANCED_FACE('', (#11242), #8609, .T.);
#11244 = ORIENTED_EDGE('', *, *, #5834, .F.);
#11245 = ORIENTED_EDGE('', *, *, #5836, .T.);
#11246 = ORIENTED_EDGE('', *, *, #5837, .T.);
#11247 = ORIENTED_EDGE('', *, *, #5838, .T.);
#11248 = EDGE_LOOP('', (#11244, #11245, #11246, #11247));
#11249 = FACE_BOUND('', #11248, .T.);
#11250 = ADVANCED_FACE('', (#11249), #8616, .T.);
#11251 = ORIENTED_EDGE('', *, *, #5837, .F.);
#11252 = ORIENTED_EDGE('', *, *, #5839, .T.);
#11253 = ORIENTED_EDGE('', *, *, #5840, .T.);
#11254 = ORIENTED_EDGE('', *, *, #5841, .T.);
#11255 = EDGE_LOOP('', (#11251, #11252, #11253, #11254));
#11256 = FACE_BOUND('', #11255, .T.);
#11257 = ADVANCED_FACE('', (#11256), #8623, .T.);
#11258 = ORIENTED_EDGE('', *, *, #5840, .F.);
#11259 = ORIENTED_EDGE('', *, *, #5842, .T.);
#11260 = ORIENTED_EDGE('', *, *, #5843, .T.);
#11261 = ORIENTED_EDGE('', *, *, #5844, .T.);
#11262 = EDGE_LOOP('', (#11258, #11259, #11260, #11261));
#11263 = FACE_BOUND('', #11262, .T.);
#11264 = ADVANCED_FACE('', (#11263), #8630, .T.);
#11265 = ORIENTED_EDGE('', *, *, #5843, .F.);
#11266 = ORIENTED_EDGE('', *, *, #5845, .T.);
#11267 = ORIENTED_EDGE('', *, *, #5846, .T.);
#11268 = ORIENTED_EDGE('', *, *, #5847, .T.);
#11269 = EDGE_LOOP('', (#11265, #11266, #11267, #11268));
#11270 = FACE_BOUND('', #11269, .T.);
#11271 = ADVANCED_FACE('', (#11270), #8637, .T.);
#11272 = ORIENTED_EDGE('', *, *, #5846, .F.);
#11273 = ORIENTED_EDGE('', *, *, #5848, .T.);
#11274 = ORIENTED_EDGE('', *, *, #5849, .T.);
#11275 = ORIENTED_EDGE('', *, *, #5850, .T.);
#11276 = EDGE_LOOP('', (#11272, #11273, #11274, #11275));
#11277 = FACE_BOUND('', #11276, .T.);
#11278 = ADVANCED_FACE('', (#11277), #8644, .T.);
#11279 = ORIENTED_EDGE('', *, *, #5849, .F.);
#11280 = ORIENTED_EDGE('', *, *, #5851, .T.);
#11281 = ORIENTED_EDGE('', *, *, #5852, .T.);
#11282 = ORIENTED_EDGE('', *, *, #5853, .T.);
#11283 = EDGE_LOOP('', (#11279, #11280, #11281, #11282));
#11284 = FACE_BOUND('', #11283, .T.);
#11285 = ADVANCED_FACE('', (#11284), #8651, .T.);
#11286 = ORIENTED_EDGE('', *, *, #5802, .F.);
#11287 = ORIENTED_EDGE('', *, *, #5805, .F.);
#11288 = ORIENTED_EDGE('', *, *, #5808, .F.);
#11289 = ORIENTED_EDGE('', *, *, #5811, .F.);
#11290 = ORIENTED_EDGE('', *, *, #5814, .F.);
#11291 = ORIENTED_EDGE('', *, *, #5817, .F.);
#11292 = ORIENTED_EDGE('', *, *, #5820, .F.);
#11293 = ORIENTED_EDGE('', *, *, #5823, .F.);
#11294 = ORIENTED_EDGE('', *, *, #5826, .F.);
#11295 = ORIENTED_EDGE('', *, *, #5829, .F.);
#11296 = ORIENTED_EDGE('', *, *, #5832, .F.);
#11297 = ORIENTED_EDGE('', *, *, #5835, .F.);
#11298 = ORIENTED_EDGE('', *, *, #5838, .F.);
#11299 = ORIENTED_EDGE('', *, *, #5841, .F.);
#11300 = ORIENTED_EDGE('', *, *, #5844, .F.);
#11301 = ORIENTED_EDGE('', *, *, #5847, .F.);
#11302 = ORIENTED_EDGE('', *, *, #5850, .F.);
#11303 = ORIENTED_EDGE('', *, *, #5853, .F.);
#11304 = EDGE_LOOP('', (#11286, #11287, #11288, #11289, #11290, #11291, #11292, #11293, #11294, #11295, #11296, #11297, #11298, #11299, #11300, #11301, #11302, #11303));
#11305 = FACE_BOUND('', #11304, .T.);
#11306 = ADVANCED_FACE('', (#11305), #8655, .F.);
#11307 = ORIENTED_EDGE('', *, *, #5851, .F.);
#11308 = ORIENTED_EDGE('', *, *, #5848, .F.);
#11309 = ORIENTED_EDGE('', *, *, #5845, .F.);
#11310 = ORIENTED_EDGE('', *, *, #5842, .F.);
#11311 = ORIENTED_EDGE('', *, *, #5839, .F.);
#11312 = ORIENTED_EDGE('', *, *, #5836, .F.);
#11313 = ORIENTED_EDGE('', *, *, #5833, .F.);
#11314 = ORIENTED_EDGE('', *, *, #5830, .F.);
#11315 = ORIENTED_EDGE('', *, *, #5827, .F.);
#11316 = ORIENTED_EDGE('', *, *, #5824, .F.);
#11317 = ORIENTED_EDGE('', *, *, #5821, .F.);
#11318 = ORIENTED_EDGE('', *, *, #5818, .F.);
#11319 = ORIENTED_EDGE('', *, *, #5815, .F.);
#11320 = ORIENTED_EDGE('', *, *, #5812, .F.);
#11321 = ORIENTED_EDGE('', *, *, #5809, .F.);
#11322 = ORIENTED_EDGE('', *, *, #5806, .F.);
#11323 = ORIENTED_EDGE('', *, *, #5803, .F.);
#11324 = ORIENTED_EDGE('', *, *, #5800, .F.);
#11325 = EDGE_LOOP('', (#11307, #11308, #11309, #11310, #11311, #11312, #11313, #11314, #11315, #11316, #11317, #11318, #11319, #11320, #11321, #11322, #11323, #11324));
#11326 = FACE_BOUND('', #11325, .T.);
#11327 = ADVANCED_FACE('', (#11326), #8659, .T.);
#11328 = ORIENTED_EDGE('', *, *, #5854, .T.);
#11329 = ORIENTED_EDGE('', *, *, #5856, .F.);
#11330 = EDGE_LOOP('', (#11328));
#11331 = FACE_BOUND('', #11330, .T.);
#11332 = EDGE_LOOP('', (#11329));
#11333 = FACE_BOUND('', #11332, .T.);
#11334 = ADVANCED_FACE('', (#11331, #11333), #8664, .T.);
#11335 = ORIENTED_EDGE('', *, *, #5854, .F.);
#11336 = EDGE_LOOP('', (#11335));
#11337 = FACE_BOUND('', #11336, .T.);
#11338 = ADVANCED_FACE('', (#11337), #8668, .F.);
#11339 = ORIENTED_EDGE('', *, *, #5856, .T.);
#11340 = EDGE_LOOP('', (#11339));
#11341 = FACE_BOUND('', #11340, .T.);
#11342 = ADVANCED_FACE('', (#11341), #8672, .T.);
#11343 = ORIENTED_EDGE('', *, *, #5857, .T.);
#11344 = ORIENTED_EDGE('', *, *, #5858, .T.);
#11345 = ORIENTED_EDGE('', *, *, #5859, .F.);
#11346 = ORIENTED_EDGE('', *, *, #5860, .F.);
#11347 = EDGE_LOOP('', (#11343, #11344, #11345, #11346));
#11348 = FACE_BOUND('', #11347, .T.);
#11349 = ADVANCED_FACE('', (#11348), #8676, .T.);
#11350 = ORIENTED_EDGE('', *, *, #5861, .T.);
#11351 = ORIENTED_EDGE('', *, *, #5862, .T.);
#11352 = ORIENTED_EDGE('', *, *, #5863, .F.);
#11353 = ORIENTED_EDGE('', *, *, #5858, .F.);
#11354 = EDGE_LOOP('', (#11350, #11351, #11352, #11353));
#11355 = FACE_BOUND('', #11354, .T.);
#11356 = ADVANCED_FACE('', (#11355), #8680, .T.);
#11357 = ORIENTED_EDGE('', *, *, #5864, .T.);
#11358 = ORIENTED_EDGE('', *, *, #5865, .T.);
#11359 = ORIENTED_EDGE('', *, *, #5866, .F.);
#11360 = ORIENTED_EDGE('', *, *, #5862, .F.);
#11361 = EDGE_LOOP('', (#11357, #11358, #11359, #11360));
#11362 = FACE_BOUND('', #11361, .T.);
#11363 = ADVANCED_FACE('', (#11362), #8684, .T.);
#11364 = ORIENTED_EDGE('', *, *, #5867, .T.);
#11365 = ORIENTED_EDGE('', *, *, #5860, .T.);
#11366 = ORIENTED_EDGE('', *, *, #5868, .F.);
#11367 = ORIENTED_EDGE('', *, *, #5865, .F.);
#11368 = EDGE_LOOP('', (#11364, #11365, #11366, #11367));
#11369 = FACE_BOUND('', #11368, .T.);
#11370 = ADVANCED_FACE('', (#11369), #8688, .T.);
#11371 = ORIENTED_EDGE('', *, *, #5867, .F.);
#11372 = ORIENTED_EDGE('', *, *, #5864, .F.);
#11373 = ORIENTED_EDGE('', *, *, #5861, .F.);
#11374 = ORIENTED_EDGE('', *, *, #5857, .F.);
#11375 = EDGE_LOOP('', (#11371, #11372, #11373, #11374));
#11376 = FACE_BOUND('', #11375, .T.);
#11377 = ADVANCED_FACE('', (#11376), #8692, .F.);
#11378 = ORIENTED_EDGE('', *, *, #5859, .T.);
#11379 = ORIENTED_EDGE('', *, *, #5863, .T.);
#11380 = ORIENTED_EDGE('', *, *, #5866, .T.);
#11381 = ORIENTED_EDGE('', *, *, #5868, .T.);
#11382 = EDGE_LOOP('', (#11378, #11379, #11380, #11381));
#11383 = FACE_BOUND('', #11382, .T.);
#11384 = ADVANCED_FACE('', (#11383), #8696, .T.);
#11385 = ORIENTED_EDGE('', *, *, #5869, .T.);
#11386 = ORIENTED_EDGE('', *, *, #5870, .T.);
#11387 = ORIENTED_EDGE('', *, *, #5871, .F.);
#11388 = ORIENTED_EDGE('', *, *, #5872, .F.);
#11389 = EDGE_LOOP('', (#11385, #11386, #11387, #11388));
#11390 = FACE_BOUND('', #11389, .T.);
#11391 = ADVANCED_FACE('', (#11390), #8700, .T.);
#11392 = ORIENTED_EDGE('', *, *, #5873, .T.);
#11393 = ORIENTED_EDGE('', *, *, #5874, .T.);
#11394 = ORIENTED_EDGE('', *, *, #5875, .F.);
#11395 = ORIENTED_EDGE('', *, *, #5870, .F.);
#11396 = EDGE_LOOP('', (#11392, #11393, #11394, #11395));
#11397 = FACE_BOUND('', #11396, .T.);
#11398 = ADVANCED_FACE('', (#11397), #8704, .T.);
#11399 = ORIENTED_EDGE('', *, *, #5876, .T.);
#11400 = ORIENTED_EDGE('', *, *, #5877, .T.);
#11401 = ORIENTED_EDGE('', *, *, #5878, .F.);
#11402 = ORIENTED_EDGE('', *, *, #5874, .F.);
#11403 = EDGE_LOOP('', (#11399, #11400, #11401, #11402));
#11404 = FACE_BOUND('', #11403, .T.);
#11405 = ADVANCED_FACE('', (#11404), #8708, .T.);
#11406 = ORIENTED_EDGE('', *, *, #5879, .T.);
#11407 = ORIENTED_EDGE('', *, *, #5872, .T.);
#11408 = ORIENTED_EDGE('', *, *, #5880, .F.);
#11409 = ORIENTED_EDGE('', *, *, #5877, .F.);
#11410 = EDGE_LOOP('', (#11406, #11407, #11408, #11409));
#11411 = FACE_BOUND('', #11410, .T.);
#11412 = ADVANCED_FACE('', (#11411), #8712, .T.);
#11413 = ORIENTED_EDGE('', *, *, #5879, .F.);
#11414 = ORIENTED_EDGE('', *, *, #5876, .F.);
#11415 = ORIENTED_EDGE('', *, *, #5873, .F.);
#11416 = ORIENTED_EDGE('', *, *, #5869, .F.);
#11417 = EDGE_LOOP('', (#11413, #11414, #11415, #11416));
#11418 = FACE_BOUND('', #11417, .T.);
#11419 = ADVANCED_FACE('', (#11418), #8716, .F.);
#11420 = ORIENTED_EDGE('', *, *, #5871, .T.);
#11421 = ORIENTED_EDGE('', *, *, #5875, .T.);
#11422 = ORIENTED_EDGE('', *, *, #5878, .T.);
#11423 = ORIENTED_EDGE('', *, *, #5880, .T.);
#11424 = EDGE_LOOP('', (#11420, #11421, #11422, #11423));
#11425 = FACE_BOUND('', #11424, .T.);
#11426 = ADVANCED_FACE('', (#11425), #8720, .T.);
#11427 = ORIENTED_EDGE('', *, *, #5881, .T.);
#11428 = ORIENTED_EDGE('', *, *, #5882, .T.);
#11429 = ORIENTED_EDGE('', *, *, #5883, .F.);
#11430 = ORIENTED_EDGE('', *, *, #5884, .F.);
#11431 = EDGE_LOOP('', (#11427, #11428, #11429, #11430));
#11432 = FACE_BOUND('', #11431, .T.);
#11433 = ADVANCED_FACE('', (#11432), #8724, .T.);
#11434 = ORIENTED_EDGE('', *, *, #5885, .T.);
#11435 = ORIENTED_EDGE('', *, *, #5886, .T.);
#11436 = ORIENTED_EDGE('', *, *, #5887, .F.);
#11437 = ORIENTED_EDGE('', *, *, #5882, .F.);
#11438 = EDGE_LOOP('', (#11434, #11435, #11436, #11437));
#11439 = FACE_BOUND('', #11438, .T.);
#11440 = ADVANCED_FACE('', (#11439), #8728, .T.);
#11441 = ORIENTED_EDGE('', *, *, #5888, .T.);
#11442 = ORIENTED_EDGE('', *, *, #5889, .T.);
#11443 = ORIENTED_EDGE('', *, *, #5890, .F.);
#11444 = ORIENTED_EDGE('', *, *, #5886, .F.);
#11445 = EDGE_LOOP('', (#11441, #11442, #11443, #11444));
#11446 = FACE_BOUND('', #11445, .T.);
#11447 = ADVANCED_FACE('', (#11446), #8732, .T.);
#11448 = ORIENTED_EDGE('', *, *, #5891, .T.);
#11449 = ORIENTED_EDGE('', *, *, #5884, .T.);
#11450 = ORIENTED_EDGE('', *, *, #5892, .F.);
#11451 = ORIENTED_EDGE('', *, *, #5889, .F.);
#11452 = EDGE_LOOP('', (#11448, #11449, #11450, #11451));
#11453 = FACE_BOUND('', #11452, .T.);
#11454 = ADVANCED_FACE('', (#11453), #8736, .T.);
#11455 = ORIENTED_EDGE('', *, *, #5891, .F.);
#11456 = ORIENTED_EDGE('', *, *, #5888, .F.);
#11457 = ORIENTED_EDGE('', *, *, #5885, .F.);
#11458 = ORIENTED_EDGE('', *, *, #5881, .F.);
#11459 = EDGE_LOOP('', (#11455, #11456, #11457, #11458));
#11460 = FACE_BOUND('', #11459, .T.);
#11461 = ADVANCED_FACE('', (#11460), #8740, .F.);
#11462 = ORIENTED_EDGE('', *, *, #5883, .T.);
#11463 = ORIENTED_EDGE('', *, *, #5887, .T.);
#11464 = ORIENTED_EDGE('', *, *, #5890, .T.);
#11465 = ORIENTED_EDGE('', *, *, #5892, .T.);
#11466 = EDGE_LOOP('', (#11462, #11463, #11464, #11465));
#11467 = FACE_BOUND('', #11466, .T.);
#11468 = ADVANCED_FACE('', (#11467), #8744, .T.);
#11469 = ORIENTED_EDGE('', *, *, #5893, .T.);
#11470 = ORIENTED_EDGE('', *, *, #5894, .T.);
#11471 = ORIENTED_EDGE('', *, *, #5895, .F.);
#11472 = ORIENTED_EDGE('', *, *, #5896, .F.);
#11473 = EDGE_LOOP('', (#11469, #11470, #11471, #11472));
#11474 = FACE_BOUND('', #11473, .T.);
#11475 = ADVANCED_FACE('', (#11474), #8748, .T.);
#11476 = ORIENTED_EDGE('', *, *, #5897, .T.);
#11477 = ORIENTED_EDGE('', *, *, #5898, .T.);
#11478 = ORIENTED_EDGE('', *, *, #5899, .F.);
#11479 = ORIENTED_EDGE('', *, *, #5894, .F.);
#11480 = EDGE_LOOP('', (#11476, #11477, #11478, #11479));
#11481 = FACE_BOUND('', #11480, .T.);
#11482 = ADVANCED_FACE('', (#11481), #8752, .T.);
#11483 = ORIENTED_EDGE('', *, *, #5900, .T.);
#11484 = ORIENTED_EDGE('', *, *, #5901, .T.);
#11485 = ORIENTED_EDGE('', *, *, #5902, .F.);
#11486 = ORIENTED_EDGE('', *, *, #5898, .F.);
#11487 = EDGE_LOOP('', (#11483, #11484, #11485, #11486));
#11488 = FACE_BOUND('', #11487, .T.);
#11489 = ADVANCED_FACE('', (#11488), #8756, .T.);
#11490 = ORIENTED_EDGE('', *, *, #5903, .T.);
#11491 = ORIENTED_EDGE('', *, *, #5896, .T.);
#11492 = ORIENTED_EDGE('', *, *, #5904, .F.);
#11493 = ORIENTED_EDGE('', *, *, #5901, .F.);
#11494 = EDGE_LOOP('', (#11490, #11491, #11492, #11493));
#11495 = FACE_BOUND('', #11494, .T.);
#11496 = ADVANCED_FACE('', (#11495), #8760, .T.);
#11497 = ORIENTED_EDGE('', *, *, #5903, .F.);
#11498 = ORIENTED_EDGE('', *, *, #5900, .F.);
#11499 = ORIENTED_EDGE('', *, *, #5897, .F.);
#11500 = ORIENTED_EDGE('', *, *, #5893, .F.);
#11501 = EDGE_LOOP('', (#11497, #11498, #11499, #11500));
#11502 = FACE_BOUND('', #11501, .T.);
#11503 = ADVANCED_FACE('', (#11502), #8764, .F.);
#11504 = ORIENTED_EDGE('', *, *, #5895, .T.);
#11505 = ORIENTED_EDGE('', *, *, #5899, .T.);
#11506 = ORIENTED_EDGE('', *, *, #5902, .T.);
#11507 = ORIENTED_EDGE('', *, *, #5904, .T.);
#11508 = EDGE_LOOP('', (#11504, #11505, #11506, #11507));
#11509 = FACE_BOUND('', #11508, .T.);
#11510 = ADVANCED_FACE('', (#11509), #8768, .T.);
#11511 = ORIENTED_EDGE('', *, *, #5905, .T.);
#11512 = ORIENTED_EDGE('', *, *, #5906, .T.);
#11513 = ORIENTED_EDGE('', *, *, #5907, .F.);
#11514 = ORIENTED_EDGE('', *, *, #5908, .F.);
#11515 = EDGE_LOOP('', (#11511, #11512, #11513, #11514));
#11516 = FACE_BOUND('', #11515, .T.);
#11517 = ADVANCED_FACE('', (#11516), #8772, .T.);
#11518 = ORIENTED_EDGE('', *, *, #5909, .T.);
#11519 = ORIENTED_EDGE('', *, *, #5910, .T.);
#11520 = ORIENTED_EDGE('', *, *, #5911, .F.);
#11521 = ORIENTED_EDGE('', *, *, #5906, .F.);
#11522 = EDGE_LOOP('', (#11518, #11519, #11520, #11521));
#11523 = FACE_BOUND('', #11522, .T.);
#11524 = ADVANCED_FACE('', (#11523), #8776, .T.);
#11525 = ORIENTED_EDGE('', *, *, #5912, .T.);
#11526 = ORIENTED_EDGE('', *, *, #5913, .T.);
#11527 = ORIENTED_EDGE('', *, *, #5914, .F.);
#11528 = ORIENTED_EDGE('', *, *, #5910, .F.);
#11529 = EDGE_LOOP('', (#11525, #11526, #11527, #11528));
#11530 = FACE_BOUND('', #11529, .T.);
#11531 = ADVANCED_FACE('', (#11530), #8780, .T.);
#11532 = ORIENTED_EDGE('', *, *, #5915, .T.);
#11533 = ORIENTED_EDGE('', *, *, #5908, .T.);
#11534 = ORIENTED_EDGE('', *, *, #5916, .F.);
#11535 = ORIENTED_EDGE('', *, *, #5913, .F.);
#11536 = EDGE_LOOP('', (#11532, #11533, #11534, #11535));
#11537 = FACE_BOUND('', #11536, .T.);
#11538 = ADVANCED_FACE('', (#11537), #8784, .T.);
#11539 = ORIENTED_EDGE('', *, *, #5915, .F.);
#11540 = ORIENTED_EDGE('', *, *, #5912, .F.);
#11541 = ORIENTED_EDGE('', *, *, #5909, .F.);
#11542 = ORIENTED_EDGE('', *, *, #5905, .F.);
#11543 = EDGE_LOOP('', (#11539, #11540, #11541, #11542));
#11544 = FACE_BOUND('', #11543, .T.);
#11545 = ADVANCED_FACE('', (#11544), #8788, .F.);
#11546 = ORIENTED_EDGE('', *, *, #5907, .T.);
#11547 = ORIENTED_EDGE('', *, *, #5911, .T.);
#11548 = ORIENTED_EDGE('', *, *, #5914, .T.);
#11549 = ORIENTED_EDGE('', *, *, #5916, .T.);
#11550 = EDGE_LOOP('', (#11546, #11547, #11548, #11549));
#11551 = FACE_BOUND('', #11550, .T.);
#11552 = ADVANCED_FACE('', (#11551), #8792, .T.);
#11553 = CLOSED_SHELL('', (#8799, #8806, #8813, #8820, #8827, #8834, #8841, #8848, #8855, #8862, #8869, #8876, #8883, #8890, #8897, #8904, #8911, #8918, #8939, #8960));
#11554 = CLOSED_SHELL('', (#8967, #8974, #8981, #8988, #8995, #9002, #9009, #9016, #9023, #9030, #9037, #9044, #9051, #9058, #9065, #9072, #9079, #9086, #9107, #9128));
#11555 = CLOSED_SHELL('', (#9135, #9142, #9149, #9156, #9163, #9170, #9177, #9184, #9191, #9198, #9205, #9212, #9219, #9226, #9233, #9240, #9247, #9254, #9275, #9296));
#11556 = CLOSED_SHELL('', (#9303, #9310, #9317, #9324, #9331, #9338, #9345, #9352, #9359, #9366, #9373, #9380, #9387, #9394, #9401, #9408, #9415, #9422, #9443, #9464));
#11557 = CLOSED_SHELL('', (#9471, #9478, #9485, #9492, #9499, #9506, #9513, #9520, #9527, #9534, #9541, #9548, #9555, #9562, #9569, #9576, #9583, #9590, #9611, #9632));
#11558 = CLOSED_SHELL('', (#9639, #9646, #9653, #9660, #9667, #9674, #9681, #9688, #9695, #9702, #9709, #9716, #9723, #9730, #9737, #9744, #9751, #9758, #9779, #9800));
#11559 = CLOSED_SHELL('', (#9807, #9814, #9821, #9828, #9835, #9842, #9849, #9856, #9863, #9870, #9877, #9884, #9891, #9898, #9905, #9912, #9919, #9926, #9947, #9968));
#11560 = CLOSED_SHELL('', (#9975, #9982, #9989, #9996, #10003, #10010, #10017, #10024, #10031, #10038, #10045, #10052, #10059, #10066, #10073, #10080, #10087, #10094, #10115, #10136));
#11561 = CLOSED_SHELL('', (#10143, #10150, #10157, #10164, #10171, #10178, #10185, #10192, #10199, #10206, #10213, #10220, #10227, #10234, #10241, #10248, #10255, #10262, #10283, #10304));
#11562 = CLOSED_SHELL('', (#10311, #10318, #10325, #10332, #10339, #10346, #10353, #10360, #10367, #10374, #10381, #10388, #10395, #10402, #10409, #10416, #10423, #10430, #10451, #10472));
#11563 = CLOSED_SHELL('', (#10479, #10483, #10487));
#11564 = CLOSED_SHELL('', (#10494, #10501, #10508, #10515, #10522, #10529, #10536, #10543, #10550, #10557, #10564, #10571, #10578, #10585, #10592, #10599, #10606, #10613, #10634, #10655));
#11565 = CLOSED_SHELL('', (#10662, #10669, #10676, #10683, #10690, #10697, #10704, #10711, #10718, #10725, #10732, #10739, #10746, #10753, #10760, #10767, #10774, #10781, #10802, #10823));
#11566 = CLOSED_SHELL('', (#10830, #10837, #10844, #10851, #10858, #10865, #10872, #10879, #10886, #10893, #10900, #10907, #10914, #10921, #10928, #10935, #10942, #10949, #10970, #10991));
#11567 = CLOSED_SHELL('', (#10998, #11005, #11012, #11019, #11026, #11033, #11040, #11047, #11054, #11061, #11068, #11075, #11082, #11089, #11096, #11103, #11110, #11117, #11138, #11159));
#11568 = CLOSED_SHELL('', (#11166, #11173, #11180, #11187, #11194, #11201, #11208, #11215, #11222, #11229, #11236, #11243, #11250, #11257, #11264, #11271, #11278, #11285, #11306, #11327));
#11569 = CLOSED_SHELL('', (#11334, #11338, #11342));
#11570 = CLOSED_SHELL('', (#11349, #11356, #11363, #11370, #11377, #11384));
#11571 = CLOSED_SHELL('', (#11391, #11398, #11405, #11412, #11419, #11426));
#11572 = CLOSED_SHELL('', (#11433, #11440, #11447, #11454, #11461, #11468));
#11573 = CLOSED_SHELL('', (#11475, #11482, #11489, #11496, #11503, #11510));
#11574 = CLOSED_SHELL('', (#11517, #11524, #11531, #11538, #11545, #11552));
#11575 = MANIFOLD_SOLID_BREP('', #11553);
#11576 = MANIFOLD_SOLID_BREP('', #11554);
#11577 = MANIFOLD_SOLID_BREP('', #11555);
#11578 = MANIFOLD_SOLID_BREP('', #11556);
#11579 = MANIFOLD_SOLID_BREP('', #11557);
#11580 = MANIFOLD_SOLID_BREP('', #11558);
#11581 = MANIFOLD_SOLID_BREP('', #11559);
#11582 = MANIFOLD_SOLID_BREP('', #11560);
#11583 = MANIFOLD_SOLID_BREP('', #11561);
#11584 = MANIFOLD_SOLID_BREP('', #11562);
#11585 = MANIFOLD_SOLID_BREP('', #11563);
#11586 = MANIFOLD_SOLID_BREP('', #11564);
#11587 = MANIFOLD_SOLID_BREP('', #11565);
#11588 = MANIFOLD_SOLID_BREP('', #11566);
#11589 = MANIFOLD_SOLID_BREP('', #11567);
#11590 = MANIFOLD_SOLID_BREP('', #11568);
#11591 = MANIFOLD_SOLID_BREP('', #11569);
#11592 = MANIFOLD_SOLID_BREP('', #11570);
#11593 = MANIFOLD_SOLID_BREP('', #11571);
#11594 = MANIFOLD_SOLID_BREP('', #11572);
#11595 = MANIFOLD_SOLID_BREP('', #11573);
#11596 = MANIFOLD_SOLID_BREP('', #11574);
#11597 = APPLICATION_CONTEXT('configuration controlled 3D design of mechanical parts and assemblies');
#11598 = PRODUCT_DEFINITION_CONTEXT('part definition', #11597, 'design');
#11599 = PRODUCT_CONTEXT('', #11597, 'mechanical');
#11600 = PRODUCT('UNIDENTIFIED_PRODUCT', '', $, (#11599));
#11601 = PRODUCT_DEFINITION_FORMATION('', $, #11600);
#11602 = PRODUCT_DEFINITION('design', $, #11601, #11598);
#11603 = PRODUCT_DEFINITION_SHAPE('', '', #11602);
#11604 = ADVANCED_BREP_SHAPE_REPRESENTATION('', (#11596), #4);
#11605 = SHAPE_DEFINITION_REPRESENTATION(#11603, #11604);
#11606 = COLOUR_RGB('', 0.76862746, 0.78039217, 0.78823531);
#11607 = FILL_AREA_STYLE_COLOUR('', #11606);
#11608 = FILL_AREA_STYLE('', (#11607));
#11609 = SURFACE_STYLE_FILL_AREA(#11608);
#11610 = SURFACE_SIDE_STYLE('', (#11609));
#11611 = SURFACE_STYLE_USAGE(.BOTH., #11610);
#11612 = PRESENTATION_STYLE_ASSIGNMENT((#11611));
#11613 = STYLED_ITEM('', (#11612), #11596);
#11614 = MECHANICAL_DESIGN_GEOMETRIC_PRESENTATION_REPRESENTATION('', (#11613), #4);
#11615 = PRODUCT_CONTEXT('', #11597, 'mechanical');
#11616 = PRODUCT('UNIDENTIFIED_PRODUCT', '', $, (#11615));
#11617 = PRODUCT_DEFINITION_FORMATION('', $, #11616);
#11618 = PRODUCT_DEFINITION('design', $, #11617, #11598);
#11619 = PRODUCT_DEFINITION_SHAPE('', '', #11618);
#11620 = ADVANCED_BREP_SHAPE_REPRESENTATION('', (#11595), #4);
#11621 = SHAPE_DEFINITION_REPRESENTATION(#11619, #11620);
#11622 = COLOUR_RGB('', 0.76862746, 0.78039217, 0.78823531);
#11623 = FILL_AREA_STYLE_COLOUR('', #11622);
#11624 = FILL_AREA_STYLE('', (#11623));
#11625 = SURFACE_STYLE_FILL_AREA(#11624);
#11626 = SURFACE_SIDE_STYLE('', (#11625));
#11627 = SURFACE_STYLE_USAGE(.BOTH., #11626);
#11628 = PRESENTATION_STYLE_ASSIGNMENT((#11627));
#11629 = STYLED_ITEM('', (#11628), #11595);
#11630 = MECHANICAL_DESIGN_GEOMETRIC_PRESENTATION_REPRESENTATION('', (#11629), #4);
#11631 = PRODUCT_CONTEXT('', #11597, 'mechanical');
#11632 = PRODUCT('UNIDENTIFIED_PRODUCT', '', $, (#11631));
#11633 = PRODUCT_DEFINITION_FORMATION('', $, #11632);
#11634 = PRODUCT_DEFINITION('design', $, #11633, #11598);
#11635 = PRODUCT_DEFINITION_SHAPE('', '', #11634);
#11636 = ADVANCED_BREP_SHAPE_REPRESENTATION('', (#11594), #4);
#11637 = SHAPE_DEFINITION_REPRESENTATION(#11635, #11636);
#11638 = COLOUR_RGB('', 0.76862746, 0.78039217, 0.78823531);
#11639 = FILL_AREA_STYLE_COLOUR('', #11638);
#11640 = FILL_AREA_STYLE('', (#11639));
#11641 = SURFACE_STYLE_FILL_AREA(#11640);
#11642 = SURFACE_SIDE_STYLE('', (#11641));
#11643 = SURFACE_STYLE_USAGE(.BOTH., #11642);
#11644 = PRESENTATION_STYLE_ASSIGNMENT((#11643));
#11645 = STYLED_ITEM('', (#11644), #11594);
#11646 = MECHANICAL_DESIGN_GEOMETRIC_PRESENTATION_REPRESENTATION('', (#11645), #4);
#11647 = PRODUCT_CONTEXT('', #11597, 'mechanical');
#11648 = PRODUCT('UNIDENTIFIED_PRODUCT', '', $, (#11647));
#11649 = PRODUCT_DEFINITION_FORMATION('', $, #11648);
#11650 = PRODUCT_DEFINITION('design', $, #11649, #11598);
#11651 = PRODUCT_DEFINITION_SHAPE('', '', #11650);
#11652 = ADVANCED_BREP_SHAPE_REPRESENTATION('', (#11593), #4);
#11653 = SHAPE_DEFINITION_REPRESENTATION(#11651, #11652);
#11654 = COLOUR_RGB('', 0.76862746, 0.78039217, 0.78823531);
#11655 = FILL_AREA_STYLE_COLOUR('', #11654);
#11656 = FILL_AREA_STYLE('', (#11655));
#11657 = SURFACE_STYLE_FILL_AREA(#11656);
#11658 = SURFACE_SIDE_STYLE('', (#11657));
#11659 = SURFACE_STYLE_USAGE(.BOTH., #11658);
#11660 = PRESENTATION_STYLE_ASSIGNMENT((#11659));
#11661 = STYLED_ITEM('', (#11660), #11593);
#11662 = MECHANICAL_DESIGN_GEOMETRIC_PRESENTATION_REPRESENTATION('', (#11661), #4);
#11663 = PRODUCT_CONTEXT('', #11597, 'mechanical');
#11664 = PRODUCT('UNIDENTIFIED_PRODUCT', '', $, (#11663));
#11665 = PRODUCT_DEFINITION_FORMATION('', $, #11664);
#11666 = PRODUCT_DEFINITION('design', $, #11665, #11598);
#11667 = PRODUCT_DEFINITION_SHAPE('', '', #11666);
#11668 = ADVANCED_BREP_SHAPE_REPRESENTATION('', (#11592), #4);
#11669 = SHAPE_DEFINITION_REPRESENTATION(#11667, #11668);
#11670 = COLOUR_RGB('', 0.76862746, 0.78039217, 0.78823531);
#11671 = FILL_AREA_STYLE_COLOUR('', #11670);
#11672 = FILL_AREA_STYLE('', (#11671));
#11673 = SURFACE_STYLE_FILL_AREA(#11672);
#11674 = SURFACE_SIDE_STYLE('', (#11673));
#11675 = SURFACE_STYLE_USAGE(.BOTH., #11674);
#11676 = PRESENTATION_STYLE_ASSIGNMENT((#11675));
#11677 = STYLED_ITEM('', (#11676), #11592);
#11678 = MECHANICAL_DESIGN_GEOMETRIC_PRESENTATION_REPRESENTATION('', (#11677), #4);
#11679 = PRODUCT_CONTEXT('', #11597, 'mechanical');
#11680 = PRODUCT('UNIDENTIFIED_PRODUCT', '', $, (#11679));
#11681 = PRODUCT_DEFINITION_FORMATION('', $, #11680);
#11682 = PRODUCT_DEFINITION('design', $, #11681, #11598);
#11683 = PRODUCT_DEFINITION_SHAPE('', '', #11682);
#11684 = ADVANCED_BREP_SHAPE_REPRESENTATION('', (#11591), #4);
#11685 = SHAPE_DEFINITION_REPRESENTATION(#11683, #11684);
#11686 = COLOUR_RGB('', 0.66274512, 0.67843139, 0.69411767);
#11687 = FILL_AREA_STYLE_COLOUR('', #11686);
#11688 = FILL_AREA_STYLE('', (#11687));
#11689 = SURFACE_STYLE_FILL_AREA(#11688);
#11690 = SURFACE_SIDE_STYLE('', (#11689));
#11691 = SURFACE_STYLE_USAGE(.BOTH., #11690);
#11692 = PRESENTATION_STYLE_ASSIGNMENT((#11691));
#11693 = STYLED_ITEM('', (#11692), #11591);
#11694 = MECHANICAL_DESIGN_GEOMETRIC_PRESENTATION_REPRESENTATION('', (#11693), #4);
#11695 = PRODUCT_CONTEXT('', #11597, 'mechanical');
#11696 = PRODUCT('UNIDENTIFIED_PRODUCT', '', $, (#11695));
#11697 = PRODUCT_DEFINITION_FORMATION('', $, #11696);
#11698 = PRODUCT_DEFINITION('design', $, #11697, #11598);
#11699 = PRODUCT_DEFINITION_SHAPE('', '', #11698);
#11700 = ADVANCED_BREP_SHAPE_REPRESENTATION('', (#11590), #4);
#11701 = SHAPE_DEFINITION_REPRESENTATION(#11699, #11700);
#11702 = COLOUR_RGB('', 0.04313726, 0.45882353, 0.74117649);
#11703 = FILL_AREA_STYLE_COLOUR('', #11702);
#11704 = FILL_AREA_STYLE('', (#11703));
#11705 = SURFACE_STYLE_FILL_AREA(#11704);
#11706 = SURFACE_SIDE_STYLE('', (#11705));
#11707 = SURFACE_STYLE_USAGE(.BOTH., #11706);
#11708 = PRESENTATION_STYLE_ASSIGNMENT((#11707));
#11709 = STYLED_ITEM('', (#11708), #11590);
#11710 = MECHANICAL_DESIGN_GEOMETRIC_PRESENTATION_REPRESENTATION('', (#11709), #4);
#11711 = PRODUCT_CONTEXT('', #11597, 'mechanical');
#11712 = PRODUCT('UNIDENTIFIED_PRODUCT', '', $, (#11711));
#11713 = PRODUCT_DEFINITION_FORMATION('', $, #11712);
#11714 = PRODUCT_DEFINITION('design', $, #11713, #11598);
#11715 = PRODUCT_DEFINITION_SHAPE('', '', #11714);
#11716 = ADVANCED_BREP_SHAPE_REPRESENTATION('', (#11589), #4);
#11717 = SHAPE_DEFINITION_REPRESENTATION(#11715, #11716);
#11718 = COLOUR_RGB('', 0.04313726, 0.45882353, 0.74117649);
#11719 = FILL_AREA_STYLE_COLOUR('', #11718);
#11720 = FILL_AREA_STYLE('', (#11719));
#11721 = SURFACE_STYLE_FILL_AREA(#11720);
#11722 = SURFACE_SIDE_STYLE('', (#11721));
#11723 = SURFACE_STYLE_USAGE(.BOTH., #11722);
#11724 = PRESENTATION_STYLE_ASSIGNMENT((#11723));
#11725 = STYLED_ITEM('', (#11724), #11589);
#11726 = MECHANICAL_DESIGN_GEOMETRIC_PRESENTATION_REPRESENTATION('', (#11725), #4);
#11727 = PRODUCT_CONTEXT('', #11597, 'mechanical');
#11728 = PRODUCT('UNIDENTIFIED_PRODUCT', '', $, (#11727));
#11729 = PRODUCT_DEFINITION_FORMATION('', $, #11728);
#11730 = PRODUCT_DEFINITION('design', $, #11729, #11598);
#11731 = PRODUCT_DEFINITION_SHAPE('', '', #11730);
#11732 = ADVANCED_BREP_SHAPE_REPRESENTATION('', (#11588), #4);
#11733 = SHAPE_DEFINITION_REPRESENTATION(#11731, #11732);
#11734 = COLOUR_RGB('', 0.04313726, 0.45882353, 0.74117649);
#11735 = FILL_AREA_STYLE_COLOUR('', #11734);
#11736 = FILL_AREA_STYLE('', (#11735));
#11737 = SURFACE_STYLE_FILL_AREA(#11736);
#11738 = SURFACE_SIDE_STYLE('', (#11737));
#11739 = SURFACE_STYLE_USAGE(.BOTH., #11738);
#11740 = PRESENTATION_STYLE_ASSIGNMENT((#11739));
#11741 = STYLED_ITEM('', (#11740), #11588);
#11742 = MECHANICAL_DESIGN_GEOMETRIC_PRESENTATION_REPRESENTATION('', (#11741), #4);
#11743 = PRODUCT_CONTEXT('', #11597, 'mechanical');
#11744 = PRODUCT('UNIDENTIFIED_PRODUCT', '', $, (#11743));
#11745 = PRODUCT_DEFINITION_FORMATION('', $, #11744);
#11746 = PRODUCT_DEFINITION('design', $, #11745, #11598);
#11747 = PRODUCT_DEFINITION_SHAPE('', '', #11746);
#11748 = ADVANCED_BREP_SHAPE_REPRESENTATION('', (#11587), #4);
#11749 = SHAPE_DEFINITION_REPRESENTATION(#11747, #11748);
#11750 = COLOUR_RGB('', 0.04313726, 0.45882353, 0.74117649);
#11751 = FILL_AREA_STYLE_COLOUR('', #11750);
#11752 = FILL_AREA_STYLE('', (#11751));
#11753 = SURFACE_STYLE_FILL_AREA(#11752);
#11754 = SURFACE_SIDE_STYLE('', (#11753));
#11755 = SURFACE_STYLE_USAGE(.BOTH., #11754);
#11756 = PRESENTATION_STYLE_ASSIGNMENT((#11755));
#11757 = STYLED_ITEM('', (#11756), #11587);
#11758 = MECHANICAL_DESIGN_GEOMETRIC_PRESENTATION_REPRESENTATION('', (#11757), #4);
#11759 = PRODUCT_CONTEXT('', #11597, 'mechanical');
#11760 = PRODUCT('UNIDENTIFIED_PRODUCT', '', $, (#11759));
#11761 = PRODUCT_DEFINITION_FORMATION('', $, #11760);
#11762 = PRODUCT_DEFINITION('design', $, #11761, #11598);
#11763 = PRODUCT_DEFINITION_SHAPE('', '', #11762);
#11764 = ADVANCED_BREP_SHAPE_REPRESENTATION('', (#11586), #4);
#11765 = SHAPE_DEFINITION_REPRESENTATION(#11763, #11764);
#11766 = COLOUR_RGB('', 0.04313726, 0.45882353, 0.74117649);
#11767 = FILL_AREA_STYLE_COLOUR('', #11766);
#11768 = FILL_AREA_STYLE('', (#11767));
#11769 = SURFACE_STYLE_FILL_AREA(#11768);
#11770 = SURFACE_SIDE_STYLE('', (#11769));
#11771 = SURFACE_STYLE_USAGE(.BOTH., #11770);
#11772 = PRESENTATION_STYLE_ASSIGNMENT((#11771));
#11773 = STYLED_ITEM('', (#11772), #11586);
#11774 = MECHANICAL_DESIGN_GEOMETRIC_PRESENTATION_REPRESENTATION('', (#11773), #4);
#11775 = PRODUCT_CONTEXT('', #11597, 'mechanical');
#11776 = PRODUCT('UNIDENTIFIED_PRODUCT', '', $, (#11775));
#11777 = PRODUCT_DEFINITION_FORMATION('', $, #11776);
#11778 = PRODUCT_DEFINITION('design', $, #11777, #11598);
#11779 = PRODUCT_DEFINITION_SHAPE('', '', #11778);
#11780 = ADVANCED_BREP_SHAPE_REPRESENTATION('', (#11585), #4);
#11781 = SHAPE_DEFINITION_REPRESENTATION(#11779, #11780);
#11782 = COLOUR_RGB('', 0.81960785, 0.83137256, 0.8392157);
#11783 = FILL_AREA_STYLE_COLOUR('', #11782);
#11784 = FILL_AREA_STYLE('', (#11783));
#11785 = SURFACE_STYLE_FILL_AREA(#11784);
#11786 = SURFACE_SIDE_STYLE('', (#11785));
#11787 = SURFACE_STYLE_USAGE(.BOTH., #11786);
#11788 = PRESENTATION_STYLE_ASSIGNMENT((#11787));
#11789 = STYLED_ITEM('', (#11788), #11585);
#11790 = MECHANICAL_DESIGN_GEOMETRIC_PRESENTATION_REPRESENTATION('', (#11789), #4);
#11791 = PRODUCT_CONTEXT('', #11597, 'mechanical');
#11792 = PRODUCT('UNIDENTIFIED_PRODUCT', '', $, (#11791));
#11793 = PRODUCT_DEFINITION_FORMATION('', $, #11792);
#11794 = PRODUCT_DEFINITION('design', $, #11793, #11598);
#11795 = PRODUCT_DEFINITION_SHAPE('', '', #11794);
#11796 = ADVANCED_BREP_SHAPE_REPRESENTATION('', (#11584), #4);
#11797 = SHAPE_DEFINITION_REPRESENTATION(#11795, #11796);
#11798 = COLOUR_RGB('', 0.04313726, 0.45882353, 0.74117649);
#11799 = FILL_AREA_STYLE_COLOUR('', #11798);
#11800 = FILL_AREA_STYLE('', (#11799));
#11801 = SURFACE_STYLE_FILL_AREA(#11800);
#11802 = SURFACE_SIDE_STYLE('', (#11801));
#11803 = SURFACE_STYLE_USAGE(.BOTH., #11802);
#11804 = PRESENTATION_STYLE_ASSIGNMENT((#11803));
#11805 = STYLED_ITEM('', (#11804), #11584);
#11806 = MECHANICAL_DESIGN_GEOMETRIC_PRESENTATION_REPRESENTATION('', (#11805), #4);
#11807 = PRODUCT_CONTEXT('', #11597, 'mechanical');
#11808 = PRODUCT('UNIDENTIFIED_PRODUCT', '', $, (#11807));
#11809 = PRODUCT_DEFINITION_FORMATION('', $, #11808);
#11810 = PRODUCT_DEFINITION('design', $, #11809, #11598);
#11811 = PRODUCT_DEFINITION_SHAPE('', '', #11810);
#11812 = ADVANCED_BREP_SHAPE_REPRESENTATION('', (#11583), #4);
#11813 = SHAPE_DEFINITION_REPRESENTATION(#11811, #11812);
#11814 = COLOUR_RGB('', 0.04313726, 0.45882353, 0.74117649);
#11815 = FILL_AREA_STYLE_COLOUR('', #11814);
#11816 = FILL_AREA_STYLE('', (#11815));
#11817 = SURFACE_STYLE_FILL_AREA(#11816);
#11818 = SURFACE_SIDE_STYLE('', (#11817));
#11819 = SURFACE_STYLE_USAGE(.BOTH., #11818);
#11820 = PRESENTATION_STYLE_ASSIGNMENT((#11819));
#11821 = STYLED_ITEM('', (#11820), #11583);
#11822 = MECHANICAL_DESIGN_GEOMETRIC_PRESENTATION_REPRESENTATION('', (#11821), #4);
#11823 = PRODUCT_CONTEXT('', #11597, 'mechanical');
#11824 = PRODUCT('UNIDENTIFIED_PRODUCT', '', $, (#11823));
#11825 = PRODUCT_DEFINITION_FORMATION('', $, #11824);
#11826 = PRODUCT_DEFINITION('design', $, #11825, #11598);
#11827 = PRODUCT_DEFINITION_SHAPE('', '', #11826);
#11828 = ADVANCED_BREP_SHAPE_REPRESENTATION('', (#11582), #4);
#11829 = SHAPE_DEFINITION_REPRESENTATION(#11827, #11828);
#11830 = COLOUR_RGB('', 0.04313726, 0.45882353, 0.74117649);
#11831 = FILL_AREA_STYLE_COLOUR('', #11830);
#11832 = FILL_AREA_STYLE('', (#11831));
#11833 = SURFACE_STYLE_FILL_AREA(#11832);
#11834 = SURFACE_SIDE_STYLE('', (#11833));
#11835 = SURFACE_STYLE_USAGE(.BOTH., #11834);
#11836 = PRESENTATION_STYLE_ASSIGNMENT((#11835));
#11837 = STYLED_ITEM('', (#11836), #11582);
#11838 = MECHANICAL_DESIGN_GEOMETRIC_PRESENTATION_REPRESENTATION('', (#11837), #4);
#11839 = PRODUCT_CONTEXT('', #11597, 'mechanical');
#11840 = PRODUCT('UNIDENTIFIED_PRODUCT', '', $, (#11839));
#11841 = PRODUCT_DEFINITION_FORMATION('', $, #11840);
#11842 = PRODUCT_DEFINITION('design', $, #11841, #11598);
#11843 = PRODUCT_DEFINITION_SHAPE('', '', #11842);
#11844 = ADVANCED_BREP_SHAPE_REPRESENTATION('', (#11581), #4);
#11845 = SHAPE_DEFINITION_REPRESENTATION(#11843, #11844);
#11846 = COLOUR_RGB('', 0.04313726, 0.45882353, 0.74117649);
#11847 = FILL_AREA_STYLE_COLOUR('', #11846);
#11848 = FILL_AREA_STYLE('', (#11847));
#11849 = SURFACE_STYLE_FILL_AREA(#11848);
#11850 = SURFACE_SIDE_STYLE('', (#11849));
#11851 = SURFACE_STYLE_USAGE(.BOTH., #11850);
#11852 = PRESENTATION_STYLE_ASSIGNMENT((#11851));
#11853 = STYLED_ITEM('', (#11852), #11581);
#11854 = MECHANICAL_DESIGN_GEOMETRIC_PRESENTATION_REPRESENTATION('', (#11853), #4);
#11855 = PRODUCT_CONTEXT('', #11597, 'mechanical');
#11856 = PRODUCT('UNIDENTIFIED_PRODUCT', '', $, (#11855));
#11857 = PRODUCT_DEFINITION_FORMATION('', $, #11856);
#11858 = PRODUCT_DEFINITION('design', $, #11857, #11598);
#11859 = PRODUCT_DEFINITION_SHAPE('', '', #11858);
#11860 = ADVANCED_BREP_SHAPE_REPRESENTATION('', (#11580), #4);
#11861 = SHAPE_DEFINITION_REPRESENTATION(#11859, #11860);
#11862 = COLOUR_RGB('', 0.04313726, 0.45882353, 0.74117649);
#11863 = FILL_AREA_STYLE_COLOUR('', #11862);
#11864 = FILL_AREA_STYLE('', (#11863));
#11865 = SURFACE_STYLE_FILL_AREA(#11864);
#11866 = SURFACE_SIDE_STYLE('', (#11865));
#11867 = SURFACE_STYLE_USAGE(.BOTH., #11866);
#11868 = PRESENTATION_STYLE_ASSIGNMENT((#11867));
#11869 = STYLED_ITEM('', (#11868), #11580);
#11870 = MECHANICAL_DESIGN_GEOMETRIC_PRESENTATION_REPRESENTATION('', (#11869), #4);
#11871 = PRODUCT_CONTEXT('', #11597, 'mechanical');
#11872 = PRODUCT('UNIDENTIFIED_PRODUCT', '', $, (#11871));
#11873 = PRODUCT_DEFINITION_FORMATION('', $, #11872);
#11874 = PRODUCT_DEFINITION('design', $, #11873, #11598);
#11875 = PRODUCT_DEFINITION_SHAPE('', '', #11874);
#11876 = ADVANCED_BREP_SHAPE_REPRESENTATION('', (#11579), #4);
#11877 = SHAPE_DEFINITION_REPRESENTATION(#11875, #11876);
#11878 = COLOUR_RGB('', 0.04313726, 0.45882353, 0.74117649);
#11879 = FILL_AREA_STYLE_COLOUR('', #11878);
#11880 = FILL_AREA_STYLE('', (#11879));
#11881 = SURFACE_STYLE_FILL_AREA(#11880);
#11882 = SURFACE_SIDE_STYLE('', (#11881));
#11883 = SURFACE_STYLE_USAGE(.BOTH., #11882);
#11884 = PRESENTATION_STYLE_ASSIGNMENT((#11883));
#11885 = STYLED_ITEM('', (#11884), #11579);
#11886 = MECHANICAL_DESIGN_GEOMETRIC_PRESENTATION_REPRESENTATION('', (#11885), #4);
#11887 = PRODUCT_CONTEXT('', #11597, 'mechanical');
#11888 = PRODUCT('UNIDENTIFIED_PRODUCT', '', $, (#11887));
#11889 = PRODUCT_DEFINITION_FORMATION('', $, #11888);
#11890 = PRODUCT_DEFINITION('design', $, #11889, #11598);
#11891 = PRODUCT_DEFINITION_SHAPE('', '', #11890);
#11892 = ADVANCED_BREP_SHAPE_REPRESENTATION('', (#11578), #4);
#11893 = SHAPE_DEFINITION_REPRESENTATION(#11891, #11892);
#11894 = COLOUR_RGB('', 0.04313726, 0.45882353, 0.74117649);
#11895 = FILL_AREA_STYLE_COLOUR('', #11894);
#11896 = FILL_AREA_STYLE('', (#11895));
#11897 = SURFACE_STYLE_FILL_AREA(#11896);
#11898 = SURFACE_SIDE_STYLE('', (#11897));
#11899 = SURFACE_STYLE_USAGE(.BOTH., #11898);
#11900 = PRESENTATION_STYLE_ASSIGNMENT((#11899));
#11901 = STYLED_ITEM('', (#11900), #11578);
#11902 = MECHANICAL_DESIGN_GEOMETRIC_PRESENTATION_REPRESENTATION('', (#11901), #4);
#11903 = PRODUCT_CONTEXT('', #11597, 'mechanical');
#11904 = PRODUCT('UNIDENTIFIED_PRODUCT', '', $, (#11903));
#11905 = PRODUCT_DEFINITION_FORMATION('', $, #11904);
#11906 = PRODUCT_DEFINITION('design', $, #11905, #11598);
#11907 = PRODUCT_DEFINITION_SHAPE('', '', #11906);
#11908 = ADVANCED_BREP_SHAPE_REPRESENTATION('', (#11577), #4);
#11909 = SHAPE_DEFINITION_REPRESENTATION(#11907, #11908);
#11910 = COLOUR_RGB('', 0.04313726, 0.45882353, 0.74117649);
#11911 = FILL_AREA_STYLE_COLOUR('', #11910);
#11912 = FILL_AREA_STYLE('', (#11911));
#11913 = SURFACE_STYLE_FILL_AREA(#11912);
#11914 = SURFACE_SIDE_STYLE('', (#11913));
#11915 = SURFACE_STYLE_USAGE(.BOTH., #11914);
#11916 = PRESENTATION_STYLE_ASSIGNMENT((#11915));
#11917 = STYLED_ITEM('', (#11916), #11577);
#11918 = MECHANICAL_DESIGN_GEOMETRIC_PRESENTATION_REPRESENTATION('', (#11917), #4);
#11919 = PRODUCT_CONTEXT('', #11597, 'mechanical');
#11920 = PRODUCT('UNIDENTIFIED_PRODUCT', '', $, (#11919));
#11921 = PRODUCT_DEFINITION_FORMATION('', $, #11920);
#11922 = PRODUCT_DEFINITION('design', $, #11921, #11598);
#11923 = PRODUCT_DEFINITION_SHAPE('', '', #11922);
#11924 = ADVANCED_BREP_SHAPE_REPRESENTATION('', (#11576), #4);
#11925 = SHAPE_DEFINITION_REPRESENTATION(#11923, #11924);
#11926 = COLOUR_RGB('', 0.04313726, 0.45882353, 0.74117649);
#11927 = FILL_AREA_STYLE_COLOUR('', #11926);
#11928 = FILL_AREA_STYLE('', (#11927));
#11929 = SURFACE_STYLE_FILL_AREA(#11928);
#11930 = SURFACE_SIDE_STYLE('', (#11929));
#11931 = SURFACE_STYLE_USAGE(.BOTH., #11930);
#11932 = PRESENTATION_STYLE_ASSIGNMENT((#11931));
#11933 = STYLED_ITEM('', (#11932), #11576);
#11934 = MECHANICAL_DESIGN_GEOMETRIC_PRESENTATION_REPRESENTATION('', (#11933), #4);
#11935 = PRODUCT_CONTEXT('', #11597, 'mechanical');
#11936 = PRODUCT('UNIDENTIFIED_PRODUCT', '', $, (#11935));
#11937 = PRODUCT_DEFINITION_FORMATION('', $, #11936);
#11938 = PRODUCT_DEFINITION('design', $, #11937, #11598);
#11939 = PRODUCT_DEFINITION_SHAPE('', '', #11938);
#11940 = ADVANCED_BREP_SHAPE_REPRESENTATION('', (#11575), #4);
#11941 = SHAPE_DEFINITION_REPRESENTATION(#11939, #11940);
#11942 = COLOUR_RGB('', 0.04313726, 0.45882353, 0.74117649);
#11943 = FILL_AREA_STYLE_COLOUR('', #11942);
#11944 = FILL_AREA_STYLE('', (#11943));
#11945 = SURFACE_STYLE_FILL_AREA(#11944);
#11946 = SURFACE_SIDE_STYLE('', (#11945));
#11947 = SURFACE_STYLE_USAGE(.BOTH., #11946);
#11948 = PRESENTATION_STYLE_ASSIGNMENT((#11947));
#11949 = STYLED_ITEM('', (#11948), #11575);
#11950 = MECHANICAL_DESIGN_GEOMETRIC_PRESENTATION_REPRESENTATION('', (#11949), #4);
ENDSEC;
END-ISO-10303-21;
