ISO-10303-21;
HEADER;
/* Generated by software containing ST-Developer
 * from STEP Tools, Inc. (www.steptools.com) 
 */

FILE_DESCRIPTION(
/* description */ (''),
/* implementation_level */ '2;1');

FILE_NAME(
/* name */ 'naca0016_roundtail.step',
/* time_stamp */ '2026-07-20T10:35:42-04:00',
/* author */ (''),
/* organization */ (''),
/* preprocessor_version */ 'ST-DEVELOPER v20.1',
/* originating_system */ 'Autodesk Translation Framework v15.8.0.0',
/* authorisation */ '');

FILE_SCHEMA (('AUTOMOTIVE_DESIGN { 1 0 10303 214 3 1 1 }'));
ENDSEC;

DATA;
#10=MECHANICAL_DESIGN_GEOMETRIC_PRESENTATION_REPRESENTATION('',(#13),#4161);
#11=SHAPE_REPRESENTATION_RELATIONSHIP('SRR','None',#4168,#12);
#12=ADVANCED_BREP_SHAPE_REPRESENTATION('',(#14),#4160);
#13=STYLED_ITEM('',(#4177),#14);
#14=MANIFOLD_SOLID_BREP('Body1',#59);
#15=(
BOUNDED_SURFACE()
B_SPLINE_SURFACE(5,1,((#1148,#1149),(#1150,#1151),(#1152,#1153),(#1154,
#1155),(#1156,#1157),(#1158,#1159),(#1160,#1161),(#1162,#1163),(#1164,#1165),
(#1166,#1167),(#1168,#1169),(#1170,#1171),(#1172,#1173),(#1174,#1175),(#1176,
#1177),(#1178,#1179),(#1180,#1181),(#1182,#1183),(#1184,#1185),(#1186,#1187),
(#1188,#1189),(#1190,#1191),(#1192,#1193),(#1194,#1195),(#1196,#1197),(#1198,
#1199),(#1200,#1201),(#1202,#1203),(#1204,#1205),(#1206,#1207),(#1208,#1209),
(#1210,#1211),(#1212,#1213),(#1214,#1215),(#1216,#1217),(#1218,#1219),(#1220,
#1221),(#1222,#1223),(#1224,#1225),(#1226,#1227),(#1228,#1229),(#1230,#1231),
(#1232,#1233),(#1234,#1235),(#1236,#1237),(#1238,#1239),(#1240,#1241),(#1242,
#1243),(#1244,#1245),(#1246,#1247),(#1248,#1249),(#1250,#1251),(#1252,#1253),
(#1254,#1255),(#1256,#1257),(#1258,#1259),(#1260,#1261),(#1262,#1263),(#1264,
#1265),(#1266,#1267),(#1268,#1269),(#1270,#1271),(#1272,#1273),(#1274,#1275),
(#1276,#1277),(#1278,#1279),(#1280,#1281),(#1282,#1283),(#1284,#1285),(#1286,
#1287),(#1288,#1289),(#1290,#1291),(#1292,#1293),(#1294,#1295),(#1296,#1297),
(#1298,#1299),(#1300,#1301),(#1302,#1303),(#1304,#1305),(#1306,#1307),(#1308,
#1309),(#1310,#1311),(#1312,#1313),(#1314,#1315),(#1316,#1317),(#1318,#1319),
(#1320,#1321),(#1322,#1323),(#1324,#1325),(#1326,#1327),(#1328,#1329),(#1330,
#1331),(#1332,#1333),(#1334,#1335),(#1336,#1337),(#1338,#1339),(#1340,#1341),
(#1342,#1343),(#1344,#1345),(#1346,#1347),(#1348,#1349),(#1350,#1351),(#1352,
#1353),(#1354,#1355),(#1356,#1357),(#1358,#1359),(#1360,#1361),(#1362,#1363),
(#1364,#1365),(#1366,#1367),(#1368,#1369),(#1370,#1371),(#1372,#1373),(#1374,
#1375),(#1376,#1377),(#1378,#1379),(#1380,#1381),(#1382,#1383),(#1384,#1385),
(#1386,#1387),(#1388,#1389),(#1390,#1391),(#1392,#1393),(#1394,#1395),(#1396,
#1397),(#1398,#1399),(#1400,#1401),(#1402,#1403),(#1404,#1405),(#1406,#1407),
(#1408,#1409),(#1410,#1411),(#1412,#1413),(#1414,#1415),(#1416,#1417),(#1418,
#1419),(#1420,#1421),(#1422,#1423),(#1424,#1425),(#1426,#1427),(#1428,#1429),
(#1430,#1431),(#1432,#1433),(#1434,#1435),(#1436,#1437),(#1438,#1439),(#1440,
#1441),(#1442,#1443),(#1444,#1445),(#1446,#1447),(#1448,#1449),(#1450,#1451),
(#1452,#1453),(#1454,#1455),(#1456,#1457),(#1458,#1459),(#1460,#1461),(#1462,
#1463),(#1464,#1465),(#1466,#1467),(#1468,#1469),(#1470,#1471),(#1472,#1473),
(#1474,#1475),(#1476,#1477),(#1478,#1479),(#1480,#1481),(#1482,#1483),(#1484,
#1485),(#1486,#1487),(#1488,#1489),(#1490,#1491),(#1492,#1493),(#1494,#1495),
(#1496,#1497),(#1498,#1499),(#1500,#1501),(#1502,#1503),(#1504,#1505),(#1506,
#1507),(#1508,#1509),(#1510,#1511),(#1512,#1513),(#1514,#1515),(#1516,#1517),
(#1518,#1519),(#1520,#1521),(#1522,#1523),(#1524,#1525),(#1526,#1527),(#1528,
#1529),(#1530,#1531),(#1532,#1533),(#1534,#1535),(#1536,#1537),(#1538,#1539),
(#1540,#1541),(#1542,#1543),(#1544,#1545),(#1546,#1547),(#1548,#1549),(#1550,
#1551),(#1552,#1553),(#1554,#1555),(#1556,#1557),(#1558,#1559),(#1560,#1561),
(#1562,#1563),(#1564,#1565),(#1566,#1567),(#1568,#1569),(#1570,#1571),(#1572,
#1573),(#1574,#1575),(#1576,#1577),(#1578,#1579),(#1580,#1581),(#1582,#1583),
(#1584,#1585),(#1586,#1587),(#1588,#1589),(#1590,#1591),(#1592,#1593),(#1594,
#1595),(#1596,#1597),(#1598,#1599),(#1600,#1601),(#1602,#1603),(#1604,#1605),
(#1606,#1607),(#1608,#1609),(#1610,#1611),(#1612,#1613),(#1614,#1615),(#1616,
#1617),(#1618,#1619),(#1620,#1621),(#1622,#1623),(#1624,#1625),(#1626,#1627),
(#1628,#1629),(#1630,#1631),(#1632,#1633),(#1634,#1635),(#1636,#1637),(#1638,
#1639),(#1640,#1641),(#1642,#1643),(#1644,#1645),(#1646,#1647),(#1648,#1649),
(#1650,#1651),(#1652,#1653),(#1654,#1655),(#1656,#1657),(#1658,#1659),(#1660,
#1661),(#1662,#1663),(#1664,#1665),(#1666,#1667),(#1668,#1669),(#1670,#1671),
(#1672,#1673),(#1674,#1675),(#1676,#1677),(#1678,#1679),(#1680,#1681),(#1682,
#1683),(#1684,#1685),(#1686,#1687),(#1688,#1689),(#1690,#1691),(#1692,#1693),
(#1694,#1695),(#1696,#1697),(#1698,#1699),(#1700,#1701),(#1702,#1703),(#1704,
#1705),(#1706,#1707),(#1708,#1709),(#1710,#1711),(#1712,#1713),(#1714,#1715),
(#1716,#1717),(#1718,#1719),(#1720,#1721),(#1722,#1723),(#1724,#1725),(#1726,
#1727),(#1728,#1729),(#1730,#1731),(#1732,#1733),(#1734,#1735),(#1736,#1737),
(#1738,#1739),(#1740,#1741),(#1742,#1743),(#1744,#1745),(#1746,#1747),(#1748,
#1749),(#1750,#1751),(#1752,#1753),(#1754,#1755),(#1756,#1757),(#1758,#1759),
(#1760,#1761),(#1762,#1763),(#1764,#1765),(#1766,#1767),(#1768,#1769),(#1770,
#1771),(#1772,#1773),(#1774,#1775),(#1776,#1777),(#1778,#1779),(#1780,#1781),
(#1782,#1783),(#1784,#1785),(#1786,#1787),(#1788,#1789),(#1790,#1791),(#1792,
#1793),(#1794,#1795),(#1796,#1797),(#1798,#1799),(#1800,#1801),(#1802,#1803),
(#1804,#1805),(#1806,#1807),(#1808,#1809),(#1810,#1811),(#1812,#1813),(#1814,
#1815),(#1816,#1817),(#1818,#1819),(#1820,#1821),(#1822,#1823),(#1824,#1825),
(#1826,#1827),(#1828,#1829),(#1830,#1831),(#1832,#1833),(#1834,#1835),(#1836,
#1837),(#1838,#1839),(#1840,#1841),(#1842,#1843),(#1844,#1845),(#1846,#1847),
(#1848,#1849),(#1850,#1851),(#1852,#1853),(#1854,#1855),(#1856,#1857),(#1858,
#1859),(#1860,#1861),(#1862,#1863),(#1864,#1865),(#1866,#1867),(#1868,#1869),
(#1870,#1871),(#1872,#1873),(#1874,#1875),(#1876,#1877),(#1878,#1879),(#1880,
#1881),(#1882,#1883),(#1884,#1885),(#1886,#1887),(#1888,#1889),(#1890,#1891),
(#1892,#1893),(#1894,#1895),(#1896,#1897),(#1898,#1899),(#1900,#1901),(#1902,
#1903),(#1904,#1905),(#1906,#1907),(#1908,#1909),(#1910,#1911),(#1912,#1913),
(#1914,#1915),(#1916,#1917),(#1918,#1919),(#1920,#1921),(#1922,#1923),(#1924,
#1925),(#1926,#1927),(#1928,#1929),(#1930,#1931),(#1932,#1933),(#1934,#1935),
(#1936,#1937),(#1938,#1939),(#1940,#1941),(#1942,#1943),(#1944,#1945),(#1946,
#1947),(#1948,#1949),(#1950,#1951),(#1952,#1953),(#1954,#1955),(#1956,#1957),
(#1958,#1959),(#1960,#1961),(#1962,#1963),(#1964,#1965),(#1966,#1967),(#1968,
#1969),(#1970,#1971),(#1972,#1973),(#1974,#1975),(#1976,#1977),(#1978,#1979),
(#1980,#1981),(#1982,#1983),(#1984,#1985),(#1986,#1987),(#1988,#1989),(#1990,
#1991),(#1992,#1993),(#1994,#1995),(#1996,#1997),(#1998,#1999),(#2000,#2001),
(#2002,#2003),(#2004,#2005),(#2006,#2007),(#2008,#2009),(#2010,#2011),(#2012,
#2013),(#2014,#2015),(#2016,#2017),(#2018,#2019),(#2020,#2021),(#2022,#2023),
(#2024,#2025),(#2026,#2027),(#2028,#2029),(#2030,#2031),(#2032,#2033),(#2034,
#2035),(#2036,#2037),(#2038,#2039),(#2040,#2041),(#2042,#2043),(#2044,#2045),
(#2046,#2047),(#2048,#2049),(#2050,#2051),(#2052,#2053),(#2054,#2055),(#2056,
#2057),(#2058,#2059),(#2060,#2061),(#2062,#2063),(#2064,#2065),(#2066,#2067),
(#2068,#2069),(#2070,#2071),(#2072,#2073),(#2074,#2075),(#2076,#2077),(#2078,
#2079),(#2080,#2081),(#2082,#2083),(#2084,#2085),(#2086,#2087),(#2088,#2089),
(#2090,#2091),(#2092,#2093),(#2094,#2095),(#2096,#2097),(#2098,#2099),(#2100,
#2101),(#2102,#2103),(#2104,#2105),(#2106,#2107),(#2108,#2109),(#2110,#2111),
(#2112,#2113),(#2114,#2115),(#2116,#2117),(#2118,#2119),(#2120,#2121),(#2122,
#2123),(#2124,#2125),(#2126,#2127),(#2128,#2129),(#2130,#2131),(#2132,#2133),
(#2134,#2135),(#2136,#2137),(#2138,#2139),(#2140,#2141),(#2142,#2143),(#2144,
#2145),(#2146,#2147),(#2148,#2149),(#2150,#2151),(#2152,#2153),(#2154,#2155),
(#2156,#2157),(#2158,#2159),(#2160,#2161),(#2162,#2163),(#2164,#2165),(#2166,
#2167),(#2168,#2169),(#2170,#2171),(#2172,#2173),(#2174,#2175),(#2176,#2177),
(#2178,#2179),(#2180,#2181),(#2182,#2183),(#2184,#2185),(#2186,#2187),(#2188,
#2189),(#2190,#2191),(#2192,#2193),(#2194,#2195),(#2196,#2197),(#2198,#2199),
(#2200,#2201),(#2202,#2203),(#2204,#2205),(#2206,#2207),(#2208,#2209),(#2210,
#2211),(#2212,#2213),(#2214,#2215),(#2216,#2217),(#2218,#2219),(#2220,#2221),
(#2222,#2223),(#2224,#2225),(#2226,#2227),(#2228,#2229),(#2230,#2231),(#2232,
#2233),(#2234,#2235),(#2236,#2237),(#2238,#2239),(#2240,#2241),(#2242,#2243),
(#2244,#2245),(#2246,#2247),(#2248,#2249),(#2250,#2251),(#2252,#2253),(#2254,
#2255),(#2256,#2257),(#2258,#2259),(#2260,#2261),(#2262,#2263),(#2264,#2265),
(#2266,#2267),(#2268,#2269),(#2270,#2271),(#2272,#2273),(#2274,#2275),(#2276,
#2277),(#2278,#2279),(#2280,#2281),(#2282,#2283),(#2284,#2285),(#2286,#2287),
(#2288,#2289),(#2290,#2291),(#2292,#2293),(#2294,#2295),(#2296,#2297),(#2298,
#2299),(#2300,#2301),(#2302,#2303),(#2304,#2305),(#2306,#2307),(#2308,#2309),
(#2310,#2311),(#2312,#2313),(#2314,#2315),(#2316,#2317),(#2318,#2319),(#2320,
#2321),(#2322,#2323),(#2324,#2325),(#2326,#2327),(#2328,#2329),(#2330,#2331),
(#2332,#2333),(#2334,#2335),(#2336,#2337),(#2338,#2339),(#2340,#2341),(#2342,
#2343),(#2344,#2345),(#2346,#2347),(#2348,#2349),(#2350,#2351),(#2352,#2353),
(#2354,#2355),(#2356,#2357),(#2358,#2359),(#2360,#2361),(#2362,#2363),(#2364,
#2365),(#2366,#2367),(#2368,#2369),(#2370,#2371),(#2372,#2373),(#2374,#2375),
(#2376,#2377),(#2378,#2379),(#2380,#2381),(#2382,#2383),(#2384,#2385),(#2386,
#2387),(#2388,#2389),(#2390,#2391),(#2392,#2393),(#2394,#2395),(#2396,#2397),
(#2398,#2399),(#2400,#2401),(#2402,#2403),(#2404,#2405),(#2406,#2407),(#2408,
#2409),(#2410,#2411),(#2412,#2413),(#2414,#2415),(#2416,#2417),(#2418,#2419),
(#2420,#2421),(#2422,#2423),(#2424,#2425),(#2426,#2427),(#2428,#2429),(#2430,
#2431),(#2432,#2433),(#2434,#2435),(#2436,#2437),(#2438,#2439),(#2440,#2441),
(#2442,#2443),(#2444,#2445),(#2446,#2447),(#2448,#2449),(#2450,#2451),(#2452,
#2453),(#2454,#2455),(#2456,#2457),(#2458,#2459),(#2460,#2461),(#2462,#2463),
(#2464,#2465),(#2466,#2467),(#2468,#2469),(#2470,#2471),(#2472,#2473),(#2474,
#2475),(#2476,#2477),(#2478,#2479),(#2480,#2481),(#2482,#2483),(#2484,#2485),
(#2486,#2487),(#2488,#2489),(#2490,#2491),(#2492,#2493),(#2494,#2495),(#2496,
#2497),(#2498,#2499),(#2500,#2501),(#2502,#2503),(#2504,#2505),(#2506,#2507),
(#2508,#2509),(#2510,#2511),(#2512,#2513),(#2514,#2515),(#2516,#2517),(#2518,
#2519),(#2520,#2521),(#2522,#2523),(#2524,#2525),(#2526,#2527),(#2528,#2529),
(#2530,#2531),(#2532,#2533),(#2534,#2535),(#2536,#2537),(#2538,#2539),(#2540,
#2541),(#2542,#2543),(#2544,#2545),(#2546,#2547),(#2548,#2549),(#2550,#2551),
(#2552,#2553),(#2554,#2555),(#2556,#2557),(#2558,#2559),(#2560,#2561),(#2562,
#2563),(#2564,#2565),(#2566,#2567),(#2568,#2569),(#2570,#2571),(#2572,#2573),
(#2574,#2575),(#2576,#2577),(#2578,#2579),(#2580,#2581),(#2582,#2583),(#2584,
#2585),(#2586,#2587),(#2588,#2589),(#2590,#2591),(#2592,#2593),(#2594,#2595),
(#2596,#2597),(#2598,#2599),(#2600,#2601),(#2602,#2603),(#2604,#2605),(#2606,
#2607),(#2608,#2609),(#2610,#2611),(#2612,#2613),(#2614,#2615),(#2616,#2617),
(#2618,#2619),(#2620,#2621),(#2622,#2623),(#2624,#2625),(#2626,#2627),(#2628,
#2629),(#2630,#2631),(#2632,#2633),(#2634,#2635),(#2636,#2637),(#2638,#2639),
(#2640,#2641),(#2642,#2643),(#2644,#2645),(#2646,#2647),(#2648,#2649),(#2650,
#2651),(#2652,#2653),(#2654,#2655),(#2656,#2657),(#2658,#2659),(#2660,#2661),
(#2662,#2663),(#2664,#2665),(#2666,#2667),(#2668,#2669),(#2670,#2671),(#2672,
#2673),(#2674,#2675),(#2676,#2677),(#2678,#2679),(#2680,#2681),(#2682,#2683),
(#2684,#2685),(#2686,#2687),(#2688,#2689),(#2690,#2691),(#2692,#2693),(#2694,
#2695),(#2696,#2697),(#2698,#2699),(#2700,#2701),(#2702,#2703),(#2704,#2705),
(#2706,#2707),(#2708,#2709),(#2710,#2711),(#2712,#2713),(#2714,#2715),(#2716,
#2717),(#2718,#2719),(#2720,#2721),(#2722,#2723),(#2724,#2725),(#2726,#2727),
(#2728,#2729),(#2730,#2731),(#2732,#2733),(#2734,#2735),(#2736,#2737),(#2738,
#2739),(#2740,#2741),(#2742,#2743),(#2744,#2745),(#2746,#2747),(#2748,#2749),
(#2750,#2751),(#2752,#2753),(#2754,#2755),(#2756,#2757),(#2758,#2759),(#2760,
#2761),(#2762,#2763),(#2764,#2765),(#2766,#2767),(#2768,#2769),(#2770,#2771),
(#2772,#2773),(#2774,#2775),(#2776,#2777),(#2778,#2779),(#2780,#2781),(#2782,
#2783),(#2784,#2785),(#2786,#2787),(#2788,#2789),(#2790,#2791),(#2792,#2793),
(#2794,#2795),(#2796,#2797),(#2798,#2799),(#2800,#2801),(#2802,#2803),(#2804,
#2805),(#2806,#2807),(#2808,#2809),(#2810,#2811),(#2812,#2813),(#2814,#2815),
(#2816,#2817),(#2818,#2819),(#2820,#2821),(#2822,#2823),(#2824,#2825),(#2826,
#2827),(#2828,#2829),(#2830,#2831),(#2832,#2833),(#2834,#2835),(#2836,#2837),
(#2838,#2839),(#2840,#2841),(#2842,#2843),(#2844,#2845),(#2846,#2847),(#2848,
#2849),(#2850,#2851),(#2852,#2853),(#2854,#2855),(#2856,#2857),(#2858,#2859),
(#2860,#2861),(#2862,#2863),(#2864,#2865),(#2866,#2867),(#2868,#2869),(#2870,
#2871),(#2872,#2873),(#2874,#2875),(#2876,#2877),(#2878,#2879),(#2880,#2881),
(#2882,#2883),(#2884,#2885),(#2886,#2887),(#2888,#2889),(#2890,#2891),(#2892,
#2893),(#2894,#2895),(#2896,#2897),(#2898,#2899),(#2900,#2901),(#2902,#2903),
(#2904,#2905),(#2906,#2907),(#2908,#2909),(#2910,#2911),(#2912,#2913),(#2914,
#2915),(#2916,#2917),(#2918,#2919),(#2920,#2921),(#2922,#2923),(#2924,#2925),
(#2926,#2927),(#2928,#2929),(#2930,#2931),(#2932,#2933),(#2934,#2935),(#2936,
#2937),(#2938,#2939),(#2940,#2941),(#2942,#2943),(#2944,#2945),(#2946,#2947),
(#2948,#2949),(#2950,#2951),(#2952,#2953),(#2954,#2955),(#2956,#2957),(#2958,
#2959),(#2960,#2961),(#2962,#2963),(#2964,#2965),(#2966,#2967),(#2968,#2969),
(#2970,#2971),(#2972,#2973),(#2974,#2975),(#2976,#2977),(#2978,#2979),(#2980,
#2981),(#2982,#2983),(#2984,#2985),(#2986,#2987),(#2988,#2989),(#2990,#2991),
(#2992,#2993),(#2994,#2995),(#2996,#2997),(#2998,#2999),(#3000,#3001),(#3002,
#3003),(#3004,#3005),(#3006,#3007),(#3008,#3009),(#3010,#3011),(#3012,#3013),
(#3014,#3015),(#3016,#3017),(#3018,#3019),(#3020,#3021),(#3022,#3023),(#3024,
#3025),(#3026,#3027),(#3028,#3029),(#3030,#3031),(#3032,#3033),(#3034,#3035),
(#3036,#3037),(#3038,#3039),(#3040,#3041),(#3042,#3043),(#3044,#3045),(#3046,
#3047),(#3048,#3049),(#3050,#3051),(#3052,#3053),(#3054,#3055),(#3056,#3057),
(#3058,#3059),(#3060,#3061),(#3062,#3063),(#3064,#3065),(#3066,#3067),(#3068,
#3069),(#3070,#3071),(#3072,#3073),(#3074,#3075),(#3076,#3077),(#3078,#3079),
(#3080,#3081),(#3082,#3083),(#3084,#3085),(#3086,#3087),(#3088,#3089),(#3090,
#3091),(#3092,#3093),(#3094,#3095),(#3096,#3097),(#3098,#3099),(#3100,#3101),
(#3102,#3103),(#3104,#3105),(#3106,#3107),(#3108,#3109),(#3110,#3111),(#3112,
#3113),(#3114,#3115),(#3116,#3117),(#3118,#3119),(#3120,#3121),(#3122,#3123),
(#3124,#3125),(#3126,#3127),(#3128,#3129),(#3130,#3131),(#3132,#3133),(#3134,
#3135),(#3136,#3137),(#3138,#3139),(#3140,#3141),(#3142,#3143),(#3144,#3145),
(#3146,#3147),(#3148,#3149),(#3150,#3151),(#3152,#3153),(#3154,#3155),(#3156,
#3157)),.UNSPECIFIED.,.F.,.F.,.F.)
B_SPLINE_SURFACE_WITH_KNOTS((6,1,1,1,1,1,1,1,1,1,1,1,1,1,1,1,1,1,1,1,1,
1,1,1,1,1,1,1,1,1,1,1,1,1,1,1,1,1,1,1,1,1,1,1,1,1,1,1,1,1,1,1,1,1,1,1,1,
1,1,1,1,1,1,1,1,1,1,1,1,1,1,1,1,1,1,1,1,1,1,1,1,1,1,1,1,1,1,1,1,1,1,1,1,
1,1,1,1,1,1,1,1,1,1,1,1,1,1,1,1,1,1,1,1,1,1,1,1,1,1,1,1,1,1,1,1,1,1,1,1,
1,1,1,1,1,1,1,1,1,1,1,1,1,1,1,1,1,1,1,1,1,1,1,1,1,1,1,1,1,1,1,1,1,1,1,1,
1,1,1,1,1,1,1,1,1,1,1,1,1,1,1,1,1,1,1,1,1,1,1,1,1,1,1,1,1,1,1,1,1,1,1,1,
1,1,1,1,1,1,1,1,1,1,1,1,1,1,1,1,1,1,1,1,1,1,1,1,1,1,1,1,1,1,1,1,1,1,1,1,
1,1,1,1,1,1,1,1,1,1,1,1,1,1,1,1,1,1,1,1,1,1,1,1,1,1,1,1,1,1,1,1,1,1,1,1,
1,1,1,1,1,1,1,1,1,1,1,1,1,1,1,1,1,1,1,1,1,1,1,1,1,1,1,1,1,1,1,1,1,1,1,1,
1,1,1,1,1,1,1,1,1,1,1,1,1,1,1,1,1,1,1,1,1,1,1,1,1,1,1,1,1,1,1,1,1,1,1,1,
1,1,1,1,1,1,1,1,1,1,1,1,1,1,1,1,1,1,1,1,1,1,1,1,1,1,1,1,1,1,1,1,1,1,1,1,
1,1,1,1,1,1,1,1,1,1,1,1,1,1,1,1,1,1,1,1,1,1,1,1,1,1,1,1,1,1,1,1,1,1,1,1,
1,1,1,1,1,1,1,1,1,1,1,1,1,1,1,1,1,1,1,1,1,1,1,1,1,1,1,1,1,1,1,1,1,1,1,1,
1,1,1,1,1,1,1,1,1,1,1,1,1,1,1,1,1,1,1,1,1,1,1,1,1,1,1,1,1,1,1,1,1,1,1,1,
1,1,1,1,1,1,1,1,1,1,1,1,1,1,1,1,1,1,1,1,1,1,1,1,1,1,1,1,1,1,1,1,1,1,1,1,
1,1,1,1,1,1,1,1,1,1,1,1,1,1,1,1,1,1,1,1,1,1,1,1,1,1,1,1,1,1,1,1,1,1,1,1,
1,1,1,1,1,1,1,1,1,1,1,1,1,1,1,1,1,1,1,1,1,1,1,1,1,1,1,1,1,1,1,1,1,1,1,1,
1,1,1,1,1,1,1,1,1,1,1,1,1,1,1,1,1,1,1,1,1,1,1,1,1,1,1,1,1,1,1,1,1,1,1,1,
1,1,1,1,1,1,1,1,1,1,1,1,1,1,1,1,1,1,1,1,1,1,1,1,1,1,1,1,1,1,1,1,1,1,1,1,
1,1,1,1,1,1,1,1,1,1,1,1,1,1,1,1,1,1,1,1,1,1,1,1,1,1,1,1,1,1,1,1,1,1,1,1,
1,1,1,1,1,1,1,1,1,1,1,1,1,1,1,1,1,1,1,1,1,1,1,1,1,1,1,1,1,1,1,1,1,1,1,1,
1,1,1,1,1,1,1,1,1,1,1,1,1,1,1,1,1,1,1,1,1,1,1,1,1,1,1,1,1,1,1,1,1,1,1,1,
1,1,1,1,1,1,1,1,1,1,1,1,1,1,1,1,1,1,1,1,1,1,1,1,1,1,1,1,1,1,1,1,1,1,1,1,
1,1,1,1,1,1,1,1,1,1,1,1,1,1,1,1,1,1,1,1,1,1,1,1,1,1,1,1,1,1,1,1,1,1,1,1,
1,1,1,1,1,1,1,1,1,1,1,1,1,1,1,1,1,1,1,1,1,1,1,1,1,1,1,1,1,1,1,1,1,1,1,1,
1,1,1,1,1,1,1,1,1,1,1,1,1,1,1,1,1,1,1,1,1,1,1,1,1,1,1,1,1,1,1,1,1,1,1,1,
1,1,1,1,1,1,1,1,1,1,1,1,1,1,1,1,1,1,1,1,1,1,1,1,1,1,1,1,1,1,1,1,1,1,1,1,
1,1,1,1,1,1,1,1,1,1,1,1,1,1,1,1,1,1,1,1,1,1,1,1,1,1,1,1,1,1,1,1,1,1,1,1,
1,1,1,1,1,1,1,6),(2,2),(-1.,-0.999000000000001,-0.998000000000001,-0.997000000000001,
-0.996000000000001,-0.995000000000001,-0.994000000000001,-0.993000000000001,
-0.992000000000001,-0.991000000000001,-0.990000000000001,-0.989000000000001,
-0.988000000000001,-0.987000000000001,-0.986000000000001,-0.985000000000001,
-0.984000000000001,-0.983000000000001,-0.982000000000001,-0.981000000000001,
-0.980000000000001,-0.979000000000001,-0.978000000000001,-0.977000000000001,
-0.976000000000001,-0.975000000000001,-0.974000000000001,-0.973000000000001,
-0.972000000000001,-0.971000000000001,-0.970000000000001,-0.969000000000001,
-0.968000000000001,-0.967000000000001,-0.966000000000001,-0.965000000000001,
-0.964000000000001,-0.963000000000001,-0.962000000000001,-0.961000000000001,
-0.960000000000001,-0.959000000000001,-0.958000000000001,-0.957000000000001,
-0.956000000000001,-0.955000000000001,-0.954000000000001,-0.953000000000001,
-0.952000000000001,-0.951000000000001,-0.950000000000001,-0.949000000000001,
-0.948000000000001,-0.947000000000001,-0.946000000000001,-0.945000000000001,
-0.944000000000001,-0.943000000000001,-0.942000000000001,-0.941000000000001,
-0.940000000000001,-0.939000000000001,-0.938000000000001,-0.937000000000001,
-0.936000000000001,-0.935000000000001,-0.934000000000001,-0.933000000000001,
-0.932000000000001,-0.931000000000001,-0.930000000000001,-0.929000000000001,
-0.928000000000001,-0.927000000000001,-0.926000000000001,-0.925000000000001,
-0.924000000000001,-0.923000000000001,-0.922000000000001,-0.921000000000001,
-0.920000000000001,-0.919000000000001,-0.918000000000001,-0.917000000000001,
-0.916000000000001,-0.915000000000001,-0.914000000000001,-0.913000000000001,
-0.912000000000001,-0.911000000000001,-0.910000000000001,-0.909000000000001,
-0.908000000000001,-0.907000000000001,-0.906000000000001,-0.905000000000001,
-0.904000000000001,-0.903000000000001,-0.902000000000001,-0.901000000000001,
-0.900000000000001,-0.899000000000001,-0.898000000000001,-0.897000000000001,
-0.896000000000001,-0.895000000000001,-0.894000000000001,-0.893000000000001,
-0.892000000000001,-0.891000000000001,-0.890000000000001,-0.889000000000001,
-0.888000000000001,-0.887000000000001,-0.886000000000001,-0.885000000000001,
-0.884000000000001,-0.883000000000001,-0.882000000000001,-0.881000000000001,
-0.880000000000001,-0.879000000000001,-0.878000000000001,-0.877000000000001,
-0.876000000000001,-0.875000000000001,-0.874000000000001,-0.873000000000001,
-0.872000000000001,-0.871000000000001,-0.870000000000001,-0.869000000000001,
-0.868000000000001,-0.867000000000001,-0.866000000000001,-0.865000000000001,
-0.864000000000001,-0.863000000000001,-0.862000000000001,-0.861000000000001,
-0.860000000000001,-0.859000000000001,-0.858000000000001,-0.857000000000001,
-0.856000000000001,-0.855000000000001,-0.854000000000001,-0.853000000000001,
-0.852000000000001,-0.851000000000001,-0.850000000000001,-0.849000000000001,
-0.848000000000001,-0.847000000000001,-0.846000000000001,-0.845000000000001,
-0.844000000000001,-0.843000000000001,-0.842000000000001,-0.841000000000001,
-0.840000000000001,-0.839000000000001,-0.838000000000001,-0.837000000000001,
-0.836000000000001,-0.835000000000001,-0.834000000000001,-0.833000000000001,
-0.832000000000001,-0.831000000000001,-0.830000000000001,-0.829000000000001,
-0.828000000000001,-0.827000000000001,-0.826000000000001,-0.825000000000001,
-0.824000000000001,-0.823000000000001,-0.822000000000001,-0.821000000000001,
-0.820000000000001,-0.819000000000001,-0.818000000000001,-0.817000000000001,
-0.816000000000001,-0.815000000000001,-0.814000000000001,-0.813000000000001,
-0.812000000000001,-0.811000000000001,-0.810000000000001,-0.809000000000001,
-0.808000000000001,-0.807000000000001,-0.806000000000001,-0.805000000000001,
-0.804000000000001,-0.803000000000001,-0.802000000000001,-0.801000000000001,
-0.800000000000001,-0.799000000000001,-0.798000000000001,-0.797000000000001,
-0.796000000000001,-0.795000000000001,-0.794000000000001,-0.793000000000001,
-0.792000000000001,-0.791000000000001,-0.790000000000001,-0.789000000000001,
-0.788000000000001,-0.787000000000001,-0.786000000000001,-0.785000000000001,
-0.784000000000001,-0.783000000000001,-0.782000000000001,-0.781000000000001,
-0.780000000000001,-0.779000000000001,-0.778000000000001,-0.777000000000001,
-0.776000000000001,-0.775000000000001,-0.774000000000001,-0.773000000000001,
-0.772000000000001,-0.771000000000001,-0.770000000000001,-0.769000000000001,
-0.768000000000001,-0.767000000000001,-0.766000000000001,-0.765000000000001,
-0.764000000000001,-0.763000000000001,-0.762000000000001,-0.761000000000001,
-0.760000000000001,-0.759000000000001,-0.758000000000001,-0.757000000000001,
-0.756000000000001,-0.755000000000001,-0.754000000000001,-0.753000000000001,
-0.752000000000001,-0.751000000000001,-0.750000000000001,-0.749000000000001,
-0.748000000000001,-0.747000000000001,-0.746000000000001,-0.745000000000001,
-0.744000000000001,-0.743000000000001,-0.742000000000001,-0.741000000000001,
-0.740000000000001,-0.739000000000001,-0.738000000000001,-0.737000000000001,
-0.736000000000001,-0.735000000000001,-0.734000000000001,-0.733000000000001,
-0.732000000000001,-0.731000000000001,-0.730000000000001,-0.729000000000001,
-0.728000000000001,-0.727000000000001,-0.726000000000001,-0.725000000000001,
-0.724000000000001,-0.723000000000001,-0.722000000000001,-0.721000000000001,
-0.720000000000001,-0.719000000000001,-0.718000000000001,-0.717000000000001,
-0.716000000000001,-0.715000000000001,-0.714000000000001,-0.713000000000001,
-0.712000000000001,-0.711000000000001,-0.710000000000001,-0.709000000000001,
-0.708000000000001,-0.707000000000001,-0.706000000000001,-0.705000000000001,
-0.704000000000001,-0.703000000000001,-0.702000000000001,-0.701000000000001,
-0.700000000000001,-0.699000000000001,-0.698000000000001,-0.697000000000001,
-0.696000000000001,-0.695000000000001,-0.694000000000001,-0.693000000000001,
-0.692000000000001,-0.691000000000001,-0.690000000000001,-0.689000000000001,
-0.688000000000001,-0.687,-0.686,-0.685,-0.684,-0.683,-0.682,-0.681,-0.68,
-0.679,-0.678,-0.677,-0.676,-0.675,-0.674,-0.673,-0.672,-0.671,-0.67,-0.669,
-0.668,-0.667,-0.666,-0.665,-0.664,-0.663,-0.662,-0.661,-0.66,-0.659,-0.658,
-0.657,-0.656,-0.655,-0.654,-0.653,-0.652,-0.651,-0.65,-0.649,-0.648,-0.647,
-0.646,-0.645,-0.644,-0.643,-0.642,-0.641,-0.64,-0.639,-0.638,-0.637,-0.636,
-0.635,-0.634,-0.633,-0.632,-0.631,-0.63,-0.629,-0.628,-0.627,-0.626,-0.625,
-0.624,-0.623,-0.622,-0.621,-0.62,-0.619,-0.618,-0.617,-0.616,-0.615,-0.614,
-0.613,-0.612,-0.611,-0.61,-0.609,-0.608,-0.607,-0.606,-0.605,-0.604,-0.603,
-0.602,-0.601,-0.6,-0.599,-0.598,-0.597,-0.596,-0.595,-0.594,-0.593,-0.592,
-0.591,-0.59,-0.589,-0.588,-0.587,-0.586,-0.585,-0.584,-0.583,-0.582,-0.581,
-0.58,-0.579,-0.578,-0.577,-0.576,-0.575,-0.574,-0.573,-0.572,-0.571,-0.57,
-0.569,-0.568,-0.567,-0.566,-0.565,-0.564,-0.563,-0.562,-0.561,-0.56,-0.559,
-0.558,-0.557,-0.556,-0.555,-0.554,-0.553,-0.552,-0.551,-0.55,-0.549,-0.548,
-0.547,-0.546,-0.545,-0.544,-0.543,-0.542,-0.541,-0.54,-0.539,-0.538,-0.537,
-0.536,-0.535,-0.534,-0.533,-0.532,-0.531,-0.53,-0.529,-0.528,-0.527,-0.526,
-0.525,-0.524,-0.523,-0.522,-0.521,-0.52,-0.519,-0.518,-0.517,-0.516,-0.515,
-0.514,-0.513,-0.512,-0.511,-0.51,-0.509,-0.508,-0.507,-0.506,-0.505,-0.504,
-0.503,-0.502,-0.501,-0.5,-0.499,-0.498,-0.497,-0.496,-0.495,-0.494,-0.493,
-0.492,-0.491,-0.49,-0.489,-0.488,-0.487,-0.486,-0.485,-0.484,-0.483,-0.482,
-0.481,-0.48,-0.479,-0.478,-0.477,-0.476,-0.475,-0.474,-0.473,-0.472,-0.471,
-0.47,-0.469,-0.468,-0.467,-0.466,-0.465,-0.464,-0.463,-0.462,-0.461,-0.46,
-0.459,-0.458,-0.457,-0.456,-0.455,-0.454,-0.453,-0.452,-0.451,-0.45,-0.449,
-0.448,-0.447,-0.446,-0.445,-0.444,-0.443,-0.442,-0.441,-0.44,-0.439,-0.438,
-0.437,-0.436,-0.435,-0.434,-0.433,-0.432,-0.431,-0.43,-0.429,-0.428,-0.427,
-0.426,-0.425,-0.424,-0.423,-0.422,-0.421,-0.42,-0.419,-0.418,-0.417,-0.416,
-0.415,-0.414,-0.413,-0.412,-0.411,-0.41,-0.409,-0.408,-0.407,-0.406,-0.405,
-0.404,-0.403,-0.402,-0.401,-0.4,-0.399,-0.398,-0.397,-0.396,-0.395,-0.394,
-0.393,-0.392,-0.391,-0.39,-0.389,-0.388,-0.387,-0.386,-0.385,-0.384,-0.383,
-0.382,-0.381,-0.38,-0.379,-0.378,-0.377,-0.376,-0.375,-0.374,-0.373,-0.372,
-0.371,-0.37,-0.369,-0.368,-0.367,-0.366,-0.365,-0.364,-0.363,-0.362,-0.361,
-0.36,-0.359,-0.358,-0.357,-0.356,-0.355,-0.354,-0.353,-0.352,-0.351,-0.35,
-0.349,-0.348,-0.347,-0.346,-0.345,-0.344,-0.343,-0.342,-0.341,-0.34,-0.339,
-0.338,-0.337,-0.336,-0.335,-0.334,-0.333,-0.332,-0.331,-0.33,-0.329,-0.328,
-0.327,-0.326,-0.325,-0.324,-0.323,-0.322,-0.321,-0.32,-0.319,-0.318,-0.317,
-0.316,-0.315,-0.314,-0.313,-0.312,-0.311,-0.31,-0.309,-0.308,-0.307,-0.306,
-0.305,-0.304,-0.303,-0.302,-0.301,-0.3,-0.299,-0.298,-0.297,-0.296,-0.295,
-0.294,-0.293,-0.292,-0.291,-0.29,-0.289,-0.288,-0.287,-0.286,-0.285,-0.284,
-0.283,-0.282,-0.281,-0.28,-0.279,-0.278,-0.277,-0.276,-0.275,-0.274,-0.273,
-0.272,-0.271,-0.27,-0.269,-0.268,-0.267,-0.266,-0.265,-0.264,-0.263,-0.262,
-0.261,-0.26,-0.259,-0.258,-0.257,-0.256,-0.255,-0.254,-0.253,-0.252,-0.251,
-0.25,-0.249,-0.248,-0.247,-0.246,-0.245,-0.244,-0.243,-0.242,-0.241,-0.24,
-0.239,-0.238,-0.237,-0.236,-0.235,-0.234,-0.233,-0.232,-0.231,-0.23,-0.229,
-0.228,-0.227,-0.226,-0.225,-0.224,-0.223,-0.222,-0.221,-0.22,-0.219,-0.218,
-0.217,-0.216,-0.215,-0.214,-0.213,-0.212,-0.211,-0.21,-0.209,-0.208,-0.207,
-0.206,-0.205,-0.204,-0.203,-0.202,-0.201,-0.2,-0.199,-0.198,-0.197,-0.196,
-0.195,-0.194,-0.193,-0.192,-0.191,-0.19,-0.189,-0.188,-0.187,-0.186,-0.185,
-0.184,-0.183,-0.182,-0.181,-0.18,-0.179,-0.178,-0.177,-0.176,-0.175,-0.174,
-0.173,-0.172,-0.171,-0.17,-0.169,-0.168,-0.167,-0.166,-0.165,-0.164,-0.163,
-0.162,-0.161,-0.16,-0.159,-0.158,-0.157,-0.156,-0.155,-0.154,-0.153,-0.152,
-0.151,-0.15,-0.149,-0.148,-0.147,-0.146,-0.145,-0.144,-0.143,-0.142,-0.141,
-0.14,-0.139,-0.138,-0.137,-0.136,-0.135,-0.134,-0.133,-0.132,-0.131,-0.13,
-0.129,-0.128,-0.127,-0.126,-0.125,-0.124,-0.123,-0.122,-0.121,-0.12,-0.119,
-0.118,-0.117,-0.116,-0.115,-0.114,-0.113,-0.112,-0.111,-0.11,-0.109,-0.108,
-0.107,-0.106,-0.105,-0.104,-0.103,-0.102,-0.101,-0.1,-0.0990000000000001,
-0.0980000000000001,-0.0970000000000001,-0.0960000000000001,-0.0950000000000001,
-0.0940000000000001,-0.0930000000000001,-0.0920000000000001,-0.0910000000000001,
-0.0900000000000001,-0.0890000000000001,-0.0880000000000001,-0.0870000000000001,
-0.0860000000000001,-0.0850000000000001,-0.0840000000000001,-0.0830000000000001,
-0.0820000000000001,-0.0810000000000001,-0.0800000000000001,-0.0790000000000001,
-0.0780000000000001,-0.0770000000000001,-0.0760000000000001,-0.0750000000000001,
-0.0740000000000001,-0.0730000000000001,-0.0720000000000001,-0.071,-0.07,
-0.069,-0.068,-0.067,-0.066,-0.065,-0.064,-0.063,-0.062,-0.061,-0.06,-0.059,
-0.058,-0.057,-0.056,-0.055,-0.054,-0.053,-0.052,-0.051,-0.05,-0.049,-0.048,
-0.047,-0.046,-0.045,-0.044,-0.043,-0.042,-0.041,-0.04,-0.039,-0.038,-0.037,
-0.036,-0.035,-0.034,-0.033,-0.032,-0.031,-0.03,-0.029,-0.028,-0.027,-0.026,
-0.025,-0.024,-0.023,-0.022,-0.021,-0.02,-0.019,-0.018,-0.017,-0.016,-0.015,
-0.014,-0.013,-0.012,-0.011,-0.01,-0.009,-0.008,-0.007,-0.006,-0.005,-0.004,
-0.003,-0.002,-0.001,0.),(-25.,25.),.UNSPECIFIED.)
GEOMETRIC_REPRESENTATION_ITEM()
RATIONAL_B_SPLINE_SURFACE(((1.,1.),(1.,1.),(1.,1.),(1.,1.),(1.,1.),(1.,
1.),(1.,1.),(1.,1.),(1.,1.),(1.,1.),(1.,1.),(1.,1.),(1.,1.),(1.,1.),(1.,
1.),(1.,1.),(1.,1.),(1.,1.),(1.,1.),(1.,1.),(1.,1.),(1.,1.),(1.,1.),(1.,
1.),(1.,1.),(1.,1.),(1.,1.),(1.,1.),(1.,1.),(1.,1.),(1.,1.),(1.,1.),(1.,
1.),(1.,1.),(1.,1.),(1.,1.),(1.,1.),(1.,1.),(1.,1.),(1.,1.),(1.,1.),(1.,
1.),(1.,1.),(1.,1.),(1.,1.),(1.,1.),(1.,1.),(1.,1.),(1.,1.),(1.,1.),(1.,
1.),(1.,1.),(1.,1.),(1.,1.),(1.,1.),(1.,1.),(1.,1.),(1.,1.),(1.,1.),(1.,
1.),(1.,1.),(1.,1.),(1.,1.),(1.,1.),(1.,1.),(1.,1.),(1.,1.),(1.,1.),(1.,
1.),(1.,1.),(1.,1.),(1.,1.),(1.,1.),(1.,1.),(1.,1.),(1.,1.),(1.,1.),(1.,
1.),(1.,1.),(1.,1.),(1.,1.),(1.,1.),(1.,1.),(1.,1.),(1.,1.),(1.,1.),(1.,
1.),(1.,1.),(1.,1.),(1.,1.),(1.,1.),(1.,1.),(1.,1.),(1.,1.),(1.,1.),(1.,
1.),(1.,1.),(1.,1.),(1.,1.),(1.,1.),(1.,1.),(1.,1.),(1.,1.),(1.,1.),(1.,
1.),(1.,1.),(1.,1.),(1.,1.),(1.,1.),(1.,1.),(1.,1.),(1.,1.),(1.,1.),(1.,
1.),(1.,1.),(1.,1.),(1.,1.),(1.,1.),(1.,1.),(1.,1.),(1.,1.),(1.,1.),(1.,
1.),(1.,1.),(1.,1.),(1.,1.),(1.,1.),(1.,1.),(1.,1.),(1.,1.),(1.,1.),(1.,
1.),(1.,1.),(1.,1.),(1.,1.),(1.,1.),(1.,1.),(1.,1.),(1.,1.),(1.,1.),(1.,
1.),(1.,1.),(1.,1.),(1.,1.),(1.,1.),(1.,1.),(1.,1.),(1.,1.),(1.,1.),(1.,
1.),(1.,1.),(1.,1.),(1.,1.),(1.,1.),(1.,1.),(1.,1.),(1.,1.),(1.,1.),(1.,
1.),(1.,1.),(1.,1.),(1.,1.),(1.,1.),(1.,1.),(1.,1.),(1.,1.),(1.,1.),(1.,
1.),(1.,1.),(1.,1.),(1.,1.),(1.,1.),(1.,1.),(1.,1.),(1.,1.),(1.,1.),(1.,
1.),(1.,1.),(1.,1.),(1.,1.),(1.,1.),(1.,1.),(1.,1.),(1.,1.),(1.,1.),(1.,
1.),(1.,1.),(1.,1.),(1.,1.),(1.,1.),(1.,1.),(1.,1.),(1.,1.),(1.,1.),(1.,
1.),(1.,1.),(1.,1.),(1.,1.),(1.,1.),(1.,1.),(1.,1.),(1.,1.),(1.,1.),(1.,
1.),(1.,1.),(1.,1.),(1.,1.),(1.,1.),(1.,1.),(1.,1.),(1.,1.),(1.,1.),(1.,
1.),(1.,1.),(1.,1.),(1.,1.),(1.,1.),(1.,1.),(1.,1.),(1.,1.),(1.,1.),(1.,
1.),(1.,1.),(1.,1.),(1.,1.),(1.,1.),(1.,1.),(1.,1.),(1.,1.),(1.,1.),(1.,
1.),(1.,1.),(1.,1.),(1.,1.),(1.,1.),(1.,1.),(1.,1.),(1.,1.),(1.,1.),(1.,
1.),(1.,1.),(1.,1.),(1.,1.),(1.,1.),(1.,1.),(1.,1.),(1.,1.),(1.,1.),(1.,
1.),(1.,1.),(1.,1.),(1.,1.),(1.,1.),(1.,1.),(1.,1.),(1.,1.),(1.,1.),(1.,
1.),(1.,1.),(1.,1.),(1.,1.),(1.,1.),(1.,1.),(1.,1.),(1.,1.),(1.,1.),(1.,
1.),(1.,1.),(1.,1.),(1.,1.),(1.,1.),(1.,1.),(1.,1.),(1.,1.),(1.,1.),(1.,
1.),(1.,1.),(1.,1.),(1.,1.),(1.,1.),(1.,1.),(1.,1.),(1.,1.),(1.,1.),(1.,
1.),(1.,1.),(1.,1.),(1.,1.),(1.,1.),(1.,1.),(1.,1.),(1.,1.),(1.,1.),(1.,
1.),(1.,1.),(1.,1.),(1.,1.),(1.,1.),(1.,1.),(1.,1.),(1.,1.),(1.,1.),(1.,
1.),(1.,1.),(1.,1.),(1.,1.),(1.,1.),(1.,1.),(1.,1.),(1.,1.),(1.,1.),(1.,
1.),(1.,1.),(1.,1.),(1.,1.),(1.,1.),(1.,1.),(1.,1.),(1.,1.),(1.,1.),(1.,
1.),(1.,1.),(1.,1.),(1.,1.),(1.,1.),(1.,1.),(1.,1.),(1.,1.),(1.,1.),(1.,
1.),(1.,1.),(1.,1.),(1.,1.),(1.,1.),(1.,1.),(1.,1.),(1.,1.),(1.,1.),(1.,
1.),(1.,1.),(1.,1.),(1.,1.),(1.,1.),(1.,1.),(1.,1.),(1.,1.),(1.,1.),(1.,
1.),(1.,1.),(1.,1.),(1.,1.),(1.,1.),(1.,1.),(1.,1.),(1.,1.),(1.,1.),(1.,
1.),(1.,1.),(1.,1.),(1.,1.),(1.,1.),(1.,1.),(1.,1.),(1.,1.),(1.,1.),(1.,
1.),(1.,1.),(1.,1.),(1.,1.),(1.,1.),(1.,1.),(1.,1.),(1.,1.),(1.,1.),(1.,
1.),(1.,1.),(1.,1.),(1.,1.),(1.,1.),(1.,1.),(1.,1.),(1.,1.),(1.,1.),(1.,
1.),(1.,1.),(1.,1.),(1.,1.),(1.,1.),(1.,1.),(1.,1.),(1.,1.),(1.,1.),(1.,
1.),(1.,1.),(1.,1.),(1.,1.),(1.,1.),(1.,1.),(1.,1.),(1.,1.),(1.,1.),(1.,
1.),(1.,1.),(1.,1.),(1.,1.),(1.,1.),(1.,1.),(1.,1.),(1.,1.),(1.,1.),(1.,
1.),(1.,1.),(1.,1.),(1.,1.),(1.,1.),(1.,1.),(1.,1.),(1.,1.),(1.,1.),(1.,
1.),(1.,1.),(1.,1.),(1.,1.),(1.,1.),(1.,1.),(1.,1.),(1.,1.),(1.,1.),(1.,
1.),(1.,1.),(1.,1.),(1.,1.),(1.,1.),(1.,1.),(1.,1.),(1.,1.),(1.,1.),(1.,
1.),(1.,1.),(1.,1.),(1.,1.),(1.,1.),(1.,1.),(1.,1.),(1.,1.),(1.,1.),(1.,
1.),(1.,1.),(1.,1.),(1.,1.),(1.,1.),(1.,1.),(1.,1.),(1.,1.),(1.,1.),(1.,
1.),(1.,1.),(1.,1.),(1.,1.),(1.,1.),(1.,1.),(1.,1.),(1.,1.),(1.,1.),(1.,
1.),(1.,1.),(1.,1.),(1.,1.),(1.,1.),(1.,1.),(1.,1.),(1.,1.),(1.,1.),(1.,
1.),(1.,1.),(1.,1.),(1.,1.),(1.,1.),(1.,1.),(1.,1.),(1.,1.),(1.,1.),(1.,
1.),(1.,1.),(1.,1.),(1.,1.),(1.,1.),(1.,1.),(1.,1.),(1.,1.),(1.,1.),(1.,
1.),(1.,1.),(1.,1.),(1.,1.),(1.,1.),(1.,1.),(1.,1.),(1.,1.),(1.,1.),(1.,
1.),(1.,1.),(1.,1.),(1.,1.),(1.,1.),(1.,1.),(1.,1.),(1.,1.),(1.,1.),(1.,
1.),(1.,1.),(1.,1.),(1.,1.),(1.,1.),(1.,1.),(1.,1.),(1.,1.),(1.,1.),(1.,
1.),(1.,1.),(1.,1.),(1.,1.),(1.,1.),(1.,1.),(1.,1.),(1.,1.),(1.,1.),(1.,
1.),(1.,1.),(1.,1.),(1.,1.),(1.,1.),(1.,1.),(1.,1.),(1.,1.),(1.,1.),(1.,
1.),(1.,1.),(1.,1.),(1.,1.),(1.,1.),(1.,1.),(1.,1.),(1.,1.),(1.,1.),(1.,
1.),(1.,1.),(1.,1.),(1.,1.),(1.,1.),(1.,1.),(1.,1.),(1.,1.),(1.,1.),(1.,
1.),(1.,1.),(1.,1.),(1.,1.),(1.,1.),(1.,1.),(1.,1.),(1.,1.),(1.,1.),(1.,
1.),(1.,1.),(1.,1.),(1.,1.),(1.,1.),(1.,1.),(1.,1.),(1.,1.),(1.,1.),(1.,
1.),(1.,1.),(1.,1.),(1.,1.),(1.,1.),(1.,1.),(1.,1.),(1.,1.),(1.,1.),(1.,
1.),(1.,1.),(1.,1.),(1.,1.),(1.,1.),(1.,1.),(1.,1.),(1.,1.),(1.,1.),(1.,
1.),(1.,1.),(1.,1.),(1.,1.),(1.,1.),(1.,1.),(1.,1.),(1.,1.),(1.,1.),(1.,
1.),(1.,1.),(1.,1.),(1.,1.),(1.,1.),(1.,1.),(1.,1.),(1.,1.),(1.,1.),(1.,
1.),(1.,1.),(1.,1.),(1.,1.),(1.,1.),(1.,1.),(1.,1.),(1.,1.),(1.,1.),(1.,
1.),(1.,1.),(1.,1.),(1.,1.),(1.,1.),(1.,1.),(1.,1.),(1.,1.),(1.,1.),(1.,
1.),(1.,1.),(1.,1.),(1.,1.),(1.,1.),(1.,1.),(1.,1.),(1.,1.),(1.,1.),(1.,
1.),(1.,1.),(1.,1.),(1.,1.),(1.,1.),(1.,1.),(1.,1.),(1.,1.),(1.,1.),(1.,
1.),(1.,1.),(1.,1.),(1.,1.),(1.,1.),(1.,1.),(1.,1.),(1.,1.),(1.,1.),(1.,
1.),(1.,1.),(1.,1.),(1.,1.),(1.,1.),(1.,1.),(1.,1.),(1.,1.),(1.,1.),(1.,
1.),(1.,1.),(1.,1.),(1.,1.),(1.,1.),(1.,1.),(1.,1.),(1.,1.),(1.,1.),(1.,
1.),(1.,1.),(1.,1.),(1.,1.),(1.,1.),(1.,1.),(1.,1.),(1.,1.),(1.,1.),(1.,
1.),(1.,1.),(1.,1.),(1.,1.),(1.,1.),(1.,1.),(1.,1.),(1.,1.),(1.,1.),(1.,
1.),(1.,1.),(1.,1.),(1.,1.),(1.,1.),(1.,1.),(1.,1.),(1.,1.),(1.,1.),(1.,
1.),(1.,1.),(1.,1.),(1.,1.),(1.,1.),(1.,1.),(1.,1.),(1.,1.),(1.,1.),(1.,
1.),(1.,1.),(1.,1.),(1.,1.),(1.,1.),(1.,1.),(1.,1.),(1.,1.),(1.,1.),(1.,
1.),(1.,1.),(1.,1.),(1.,1.),(1.,1.),(1.,1.),(1.,1.),(1.,1.),(1.,1.),(1.,
1.),(1.,1.),(1.,1.),(1.,1.),(1.,1.),(1.,1.),(1.,1.),(1.,1.),(1.,1.),(1.,
1.),(1.,1.),(1.,1.),(1.,1.),(1.,1.),(1.,1.),(1.,1.),(1.,1.),(1.,1.),(1.,
1.),(1.,1.),(1.,1.),(1.,1.),(1.,1.),(1.,1.),(1.,1.),(1.,1.),(1.,1.),(1.,
1.),(1.,1.),(1.,1.),(1.,1.),(1.,1.),(1.,1.),(1.,1.),(1.,1.),(1.,1.),(1.,
1.),(1.,1.),(1.,1.),(1.,1.),(1.,1.),(1.,1.),(1.,1.),(1.,1.),(1.,1.),(1.,
1.),(1.,1.),(1.,1.),(1.,1.),(1.,1.),(1.,1.),(1.,1.),(1.,1.),(1.,1.),(1.,
1.),(1.,1.),(1.,1.),(1.,1.),(1.,1.),(1.,1.),(1.,1.),(1.,1.),(1.,1.),(1.,
1.),(1.,1.),(1.,1.),(1.,1.),(1.,1.),(1.,1.),(1.,1.),(1.,1.),(1.,1.),(1.,
1.),(1.,1.),(1.,1.),(1.,1.),(1.,1.),(1.,1.),(1.,1.),(1.,1.),(1.,1.),(1.,
1.),(1.,1.),(1.,1.),(1.,1.),(1.,1.),(1.,1.),(1.,1.),(1.,1.),(1.,1.),(1.,
1.),(1.,1.),(1.,1.),(1.,1.),(1.,1.),(1.,1.),(1.,1.),(1.,1.),(1.,1.),(1.,
1.),(1.,1.),(1.,1.),(1.,1.),(1.,1.),(1.,1.),(1.,1.),(1.,1.),(1.,1.),(1.,
1.),(1.,1.),(1.,1.),(1.,1.),(1.,1.),(1.,1.),(1.,1.),(1.,1.),(1.,1.),(1.,
1.),(1.,1.),(1.,1.),(1.,1.),(1.,1.),(1.,1.),(1.,1.),(1.,1.),(1.,1.),(1.,
1.),(1.,1.),(1.,1.),(1.,1.),(1.,1.),(1.,1.),(1.,1.),(1.,1.),(1.,1.),(1.,
1.),(1.,1.),(1.,1.),(1.,1.),(1.,1.),(1.,1.),(1.,1.),(1.,1.),(1.,1.),(1.,
1.),(1.,1.),(1.,1.),(1.,1.),(1.,1.),(1.,1.),(1.,1.),(1.,1.),(1.,1.),(1.,
1.),(1.,1.),(1.,1.),(1.,1.),(1.,1.),(1.,1.),(1.,1.),(1.,1.),(1.,1.),(1.,
1.),(1.,1.),(1.,1.),(1.,1.),(1.,1.),(1.,1.),(1.,1.),(1.,1.),(1.,1.),(1.,
1.),(1.,1.),(1.,1.),(1.,1.),(1.,1.),(1.,1.),(1.,1.),(1.,1.),(1.,1.),(1.,
1.),(1.,1.),(1.,1.),(1.,1.),(1.,1.),(1.,1.),(1.,1.),(1.,1.),(1.,1.),(1.,
1.),(1.,1.),(1.,1.),(1.,1.),(1.,1.),(1.,1.),(1.,1.),(1.,1.),(1.,1.),(1.,
1.),(1.,1.),(1.,1.),(1.,1.),(1.,1.),(1.,1.),(1.,1.),(1.,1.),(1.,1.),(1.,
1.),(1.,1.),(1.,1.),(1.,1.),(1.,1.),(1.,1.),(1.,1.),(1.,1.),(1.,1.),(1.,
1.),(1.,1.),(1.,1.),(1.,1.),(1.,1.),(1.,1.),(1.,1.),(1.,1.),(1.,1.),(1.,
1.),(1.,1.),(1.,1.),(1.,1.),(1.,1.),(1.,1.),(1.,1.),(1.,1.),(1.,1.),(1.,
1.),(1.,1.),(1.,1.),(1.,1.),(1.,1.),(1.,1.),(1.,1.),(1.,1.),(1.,1.),(1.,
1.),(1.,1.),(1.,1.),(1.,1.),(1.,1.),(1.,1.),(1.,1.),(1.,1.),(1.,1.),(1.,
1.),(1.,1.),(1.,1.),(1.,1.),(1.,1.),(1.,1.),(1.,1.),(1.,1.),(1.,1.),(1.,
1.),(1.,1.),(1.,1.),(1.,1.),(1.,1.),(1.,1.),(1.,1.),(1.,1.),(1.,1.),(1.,
1.),(1.,1.),(1.,1.),(1.,1.),(1.,1.),(1.,1.),(1.,1.),(1.,1.),(1.,1.),(1.,
1.)))
REPRESENTATION_ITEM('')
SURFACE()
);
#16=(
BOUNDED_CURVE()
B_SPLINE_CURVE(5,(#149,#150,#151,#152,#153,#154,#155,#156,#157,#158,#159,
#160,#161,#162,#163,#164,#165,#166,#167,#168,#169,#170,#171,#172,#173,#174,
#175,#176,#177,#178,#179,#180,#181,#182,#183,#184,#185,#186,#187,#188,#189,
#190,#191,#192,#193,#194,#195,#196,#197,#198,#199,#200,#201,#202,#203,#204,
#205,#206,#207,#208,#209,#210,#211,#212,#213,#214,#215,#216,#217,#218,#219,
#220,#221,#222,#223,#224,#225,#226,#227,#228,#229,#230,#231,#232,#233,#234,
#235,#236,#237,#238,#239,#240,#241,#242,#243,#244,#245,#246,#247,#248,#249,
#250,#251,#252,#253,#254,#255,#256,#257,#258,#259,#260,#261,#262,#263,#264,
#265,#266,#267,#268,#269,#270,#271,#272,#273,#274,#275,#276,#277,#278,#279,
#280,#281,#282,#283,#284,#285,#286,#287,#288,#289,#290,#291,#292,#293,#294,
#295,#296,#297,#298,#299,#300,#301,#302,#303,#304,#305,#306,#307,#308,#309,
#310,#311,#312,#313,#314,#315,#316,#317,#318,#319,#320,#321,#322,#323,#324,
#325,#326,#327,#328,#329,#330,#331,#332,#333,#334,#335,#336,#337,#338,#339,
#340,#341,#342,#343,#344,#345,#346,#347,#348,#349,#350,#351,#352,#353,#354,
#355,#356,#357,#358,#359,#360,#361,#362,#363,#364,#365,#366,#367,#368,#369,
#370,#371,#372,#373,#374,#375,#376,#377,#378,#379,#380,#381,#382,#383,#384,
#385,#386,#387,#388,#389,#390,#391,#392,#393,#394,#395,#396,#397,#398,#399,
#400,#401,#402,#403,#404,#405,#406,#407,#408,#409,#410,#411,#412,#413,#414,
#415,#416,#417,#418,#419,#420,#421,#422,#423,#424,#425,#426,#427,#428,#429,
#430,#431,#432,#433,#434,#435,#436,#437,#438,#439,#440,#441,#442,#443,#444,
#445,#446,#447,#448,#449,#450,#451,#452,#453,#454,#455,#456,#457,#458,#459,
#460,#461,#462,#463,#464,#465,#466,#467,#468,#469,#470,#471,#472,#473,#474,
#475,#476,#477,#478,#479,#480,#481,#482,#483,#484,#485,#486,#487,#488,#489,
#490,#491,#492,#493,#494,#495,#496,#497,#498,#499,#500,#501,#502,#503,#504,
#505,#506,#507,#508,#509,#510,#511,#512,#513,#514,#515,#516,#517,#518,#519,
#520,#521,#522,#523,#524,#525,#526,#527,#528,#529,#530,#531,#532,#533,#534,
#535,#536,#537,#538,#539,#540,#541,#542,#543,#544,#545,#546,#547,#548,#549,
#550,#551,#552,#553,#554,#555,#556,#557,#558,#559,#560,#561,#562,#563,#564,
#565,#566,#567,#568,#569,#570,#571,#572,#573,#574,#575,#576,#577,#578,#579,
#580,#581,#582,#583,#584,#585,#586,#587,#588,#589,#590,#591,#592,#593,#594,
#595,#596,#597,#598,#599,#600,#601,#602,#603,#604,#605,#606,#607,#608,#609,
#610,#611,#612,#613,#614,#615,#616,#617,#618,#619,#620,#621,#622,#623,#624,
#625,#626,#627,#628,#629,#630,#631,#632,#633,#634,#635,#636,#637,#638,#639,
#640,#641,#642,#643,#644,#645,#646,#647,#648,#649,#650,#651,#652,#653,#654,
#655,#656,#657,#658,#659,#660,#661,#662,#663,#664,#665,#666,#667,#668,#669,
#670,#671,#672,#673,#674,#675,#676,#677,#678,#679,#680,#681,#682,#683,#684,
#685,#686,#687,#688,#689,#690,#691,#692,#693,#694,#695,#696,#697,#698,#699,
#700,#701,#702,#703,#704,#705,#706,#707,#708,#709,#710,#711,#712,#713,#714,
#715,#716,#717,#718,#719,#720,#721,#722,#723,#724,#725,#726,#727,#728,#729,
#730,#731,#732,#733,#734,#735,#736,#737,#738,#739,#740,#741,#742,#743,#744,
#745,#746,#747,#748,#749,#750,#751,#752,#753,#754,#755,#756,#757,#758,#759,
#760,#761,#762,#763,#764,#765,#766,#767,#768,#769,#770,#771,#772,#773,#774,
#775,#776,#777,#778,#779,#780,#781,#782,#783,#784,#785,#786,#787,#788,#789,
#790,#791,#792,#793,#794,#795,#796,#797,#798,#799,#800,#801,#802,#803,#804,
#805,#806,#807,#808,#809,#810,#811,#812,#813,#814,#815,#816,#817,#818,#819,
#820,#821,#822,#823,#824,#825,#826,#827,#828,#829,#830,#831,#832,#833,#834,
#835,#836,#837,#838,#839,#840,#841,#842,#843,#844,#845,#846,#847,#848,#849,
#850,#851,#852,#853,#854,#855,#856,#857,#858,#859,#860,#861,#862,#863,#864,
#865,#866,#867,#868,#869,#870,#871,#872,#873,#874,#875,#876,#877,#878,#879,
#880,#881,#882,#883,#884,#885,#886,#887,#888,#889,#890,#891,#892,#893,#894,
#895,#896,#897,#898,#899,#900,#901,#902,#903,#904,#905,#906,#907,#908,#909,
#910,#911,#912,#913,#914,#915,#916,#917,#918,#919,#920,#921,#922,#923,#924,
#925,#926,#927,#928,#929,#930,#931,#932,#933,#934,#935,#936,#937,#938,#939,
#940,#941,#942,#943,#944,#945,#946,#947,#948,#949,#950,#951,#952,#953,#954,
#955,#956,#957,#958,#959,#960,#961,#962,#963,#964,#965,#966,#967,#968,#969,
#970,#971,#972,#973,#974,#975,#976,#977,#978,#979,#980,#981,#982,#983,#984,
#985,#986,#987,#988,#989,#990,#991,#992,#993,#994,#995,#996,#997,#998,#999,
#1000,#1001,#1002,#1003,#1004,#1005,#1006,#1007,#1008,#1009,#1010,#1011,
#1012,#1013,#1014,#1015,#1016,#1017,#1018,#1019,#1020,#1021,#1022,#1023,
#1024,#1025,#1026,#1027,#1028,#1029,#1030,#1031,#1032,#1033,#1034,#1035,
#1036,#1037,#1038,#1039,#1040,#1041,#1042,#1043,#1044,#1045,#1046,#1047,
#1048,#1049,#1050,#1051,#1052,#1053,#1054,#1055,#1056,#1057,#1058,#1059,
#1060,#1061,#1062,#1063,#1064,#1065,#1066,#1067,#1068,#1069,#1070,#1071,
#1072,#1073,#1074,#1075,#1076,#1077,#1078,#1079,#1080,#1081,#1082,#1083,
#1084,#1085,#1086,#1087,#1088,#1089,#1090,#1091,#1092,#1093,#1094,#1095,
#1096,#1097,#1098,#1099,#1100,#1101,#1102,#1103,#1104,#1105,#1106,#1107,
#1108,#1109,#1110,#1111,#1112,#1113,#1114,#1115,#1116,#1117,#1118,#1119,
#1120,#1121,#1122,#1123,#1124,#1125,#1126,#1127,#1128,#1129,#1130,#1131,
#1132,#1133,#1134,#1135,#1136,#1137,#1138,#1139,#1140,#1141,#1142,#1143,
#1144,#1145,#1146,#1147),.UNSPECIFIED.,.F.,.F.)
B_SPLINE_CURVE_WITH_KNOTS((6,1,1,1,1,1,1,1,1,1,1,1,1,1,1,1,1,1,1,1,1,1,
1,1,1,1,1,1,1,1,1,1,1,1,1,1,1,1,1,1,1,1,1,1,1,1,1,1,1,1,1,1,1,1,1,1,1,1,
1,1,1,1,1,1,1,1,1,1,1,1,1,1,1,1,1,1,1,1,1,1,1,1,1,1,1,1,1,1,1,1,1,1,1,1,
1,1,1,1,1,1,1,1,1,1,1,1,1,1,1,1,1,1,1,1,1,1,1,1,1,1,1,1,1,1,1,1,1,1,1,1,
1,1,1,1,1,1,1,1,1,1,1,1,1,1,1,1,1,1,1,1,1,1,1,1,1,1,1,1,1,1,1,1,1,1,1,1,
1,1,1,1,1,1,1,1,1,1,1,1,1,1,1,1,1,1,1,1,1,1,1,1,1,1,1,1,1,1,1,1,1,1,1,1,
1,1,1,1,1,1,1,1,1,1,1,1,1,1,1,1,1,1,1,1,1,1,1,1,1,1,1,1,1,1,1,1,1,1,1,1,
1,1,1,1,1,1,1,1,1,1,1,1,1,1,1,1,1,1,1,1,1,1,1,1,1,1,1,1,1,1,1,1,1,1,1,1,
1,1,1,1,1,1,1,1,1,1,1,1,1,1,1,1,1,1,1,1,1,1,1,1,1,1,1,1,1,1,1,1,1,1,1,1,
1,1,1,1,1,1,1,1,1,1,1,1,1,1,1,1,1,1,1,1,1,1,1,1,1,1,1,1,1,1,1,1,1,1,1,1,
1,1,1,1,1,1,1,1,1,1,1,1,1,1,1,1,1,1,1,1,1,1,1,1,1,1,1,1,1,1,1,1,1,1,1,1,
1,1,1,1,1,1,1,1,1,1,1,1,1,1,1,1,1,1,1,1,1,1,1,1,1,1,1,1,1,1,1,1,1,1,1,1,
1,1,1,1,1,1,1,1,1,1,1,1,1,1,1,1,1,1,1,1,1,1,1,1,1,1,1,1,1,1,1,1,1,1,1,1,
1,1,1,1,1,1,1,1,1,1,1,1,1,1,1,1,1,1,1,1,1,1,1,1,1,1,1,1,1,1,1,1,1,1,1,1,
1,1,1,1,1,1,1,1,1,1,1,1,1,1,1,1,1,1,1,1,1,1,1,1,1,1,1,1,1,1,1,1,1,1,1,1,
1,1,1,1,1,1,1,1,1,1,1,1,1,1,1,1,1,1,1,1,1,1,1,1,1,1,1,1,1,1,1,1,1,1,1,1,
1,1,1,1,1,1,1,1,1,1,1,1,1,1,1,1,1,1,1,1,1,1,1,1,1,1,1,1,1,1,1,1,1,1,1,1,
1,1,1,1,1,1,1,1,1,1,1,1,1,1,1,1,1,1,1,1,1,1,1,1,1,1,1,1,1,1,1,1,1,1,1,1,
1,1,1,1,1,1,1,1,1,1,1,1,1,1,1,1,1,1,1,1,1,1,1,1,1,1,1,1,1,1,1,1,1,1,1,1,
1,1,1,1,1,1,1,1,1,1,1,1,1,1,1,1,1,1,1,1,1,1,1,1,1,1,1,1,1,1,1,1,1,1,1,1,
1,1,1,1,1,1,1,1,1,1,1,1,1,1,1,1,1,1,1,1,1,1,1,1,1,1,1,1,1,1,1,1,1,1,1,1,
1,1,1,1,1,1,1,1,1,1,1,1,1,1,1,1,1,1,1,1,1,1,1,1,1,1,1,1,1,1,1,1,1,1,1,1,
1,1,1,1,1,1,1,1,1,1,1,1,1,1,1,1,1,1,1,1,1,1,1,1,1,1,1,1,1,1,1,1,1,1,1,1,
1,1,1,1,1,1,1,1,1,1,1,1,1,1,1,1,1,1,1,1,1,1,1,1,1,1,1,1,1,1,1,1,1,1,1,1,
1,1,1,1,1,1,1,1,1,1,1,1,1,1,1,1,1,1,1,1,1,1,1,1,1,1,1,1,1,1,1,1,1,1,1,1,
1,1,1,1,1,1,1,1,1,1,1,1,1,1,1,1,1,1,1,1,1,1,1,1,1,1,1,1,1,1,1,1,1,1,1,1,
1,1,1,1,1,1,1,1,1,1,1,1,1,1,1,1,1,1,1,1,1,1,1,1,1,1,1,1,1,1,1,1,1,1,1,1,
1,1,1,1,1,1,1,1,1,1,1,1,1,1,1,1,1,1,1,1,1,1,1,1,1,1,1,1,1,1,1,1,1,1,1,1,
6),(0.00381287848752902,0.004,0.005,0.006,0.007,0.008,0.009,0.01,0.011,
0.012,0.013,0.014,0.015,0.016,0.017,0.018,0.019,0.02,0.021,0.022,0.023,
0.024,0.025,0.026,0.027,0.028,0.029,0.03,0.031,0.032,0.033,0.034,0.035,
0.036,0.037,0.038,0.039,0.04,0.041,0.042,0.043,0.044,0.045,0.046,0.047,
0.048,0.049,0.05,0.051,0.052,0.053,0.054,0.055,0.056,0.057,0.058,0.059,
0.06,0.061,0.062,0.063,0.064,0.065,0.066,0.067,0.068,0.069,0.07,0.071,0.0720000000000001,
0.0730000000000001,0.0740000000000001,0.0750000000000001,0.0760000000000001,
0.0770000000000001,0.0780000000000001,0.0790000000000001,0.0800000000000001,
0.0810000000000001,0.0820000000000001,0.0830000000000001,0.0840000000000001,
0.0850000000000001,0.0860000000000001,0.0870000000000001,0.0880000000000001,
0.0890000000000001,0.0900000000000001,0.0910000000000001,0.0920000000000001,
0.0930000000000001,0.0940000000000001,0.0950000000000001,0.0960000000000001,
0.0970000000000001,0.0980000000000001,0.0990000000000001,0.1,0.101,0.102,
0.103,0.104,0.105,0.106,0.107,0.108,0.109,0.11,0.111,0.112,0.113,0.114,
0.115,0.116,0.117,0.118,0.119,0.12,0.121,0.122,0.123,0.124,0.125,0.126,
0.127,0.128,0.129,0.13,0.131,0.132,0.133,0.134,0.135,0.136,0.137,0.138,
0.139,0.14,0.141,0.142,0.143,0.144,0.145,0.146,0.147,0.148,0.149,0.15,0.151,
0.152,0.153,0.154,0.155,0.156,0.157,0.158,0.159,0.16,0.161,0.162,0.163,
0.164,0.165,0.166,0.167,0.168,0.169,0.17,0.171,0.172,0.173,0.174,0.175,
0.176,0.177,0.178,0.179,0.18,0.181,0.182,0.183,0.184,0.185,0.186,0.187,
0.188,0.189,0.19,0.191,0.192,0.193,0.194,0.195,0.196,0.197,0.198,0.199,
0.2,0.201,0.202,0.203,0.204,0.205,0.206,0.207,0.208,0.209,0.21,0.211,0.212,
0.213,0.214,0.215,0.216,0.217,0.218,0.219,0.22,0.221,0.222,0.223,0.224,
0.225,0.226,0.227,0.228,0.229,0.23,0.231,0.232,0.233,0.234,0.235,0.236,
0.237,0.238,0.239,0.24,0.241,0.242,0.243,0.244,0.245,0.246,0.247,0.248,
0.249,0.25,0.251,0.252,0.253,0.254,0.255,0.256,0.257,0.258,0.259,0.26,0.261,
0.262,0.263,0.264,0.265,0.266,0.267,0.268,0.269,0.27,0.271,0.272,0.273,
0.274,0.275,0.276,0.277,0.278,0.279,0.28,0.281,0.282,0.283,0.284,0.285,
0.286,0.287,0.288,0.289,0.29,0.291,0.292,0.293,0.294,0.295,0.296,0.297,
0.298,0.299,0.3,0.301,0.302,0.303,0.304,0.305,0.306,0.307,0.308,0.309,0.31,
0.311,0.312,0.313,0.314,0.315,0.316,0.317,0.318,0.319,0.32,0.321,0.322,
0.323,0.324,0.325,0.326,0.327,0.328,0.329,0.33,0.331,0.332,0.333,0.334,
0.335,0.336,0.337,0.338,0.339,0.34,0.341,0.342,0.343,0.344,0.345,0.346,
0.347,0.348,0.349,0.35,0.351,0.352,0.353,0.354,0.355,0.356,0.357,0.358,
0.359,0.36,0.361,0.362,0.363,0.364,0.365,0.366,0.367,0.368,0.369,0.37,0.371,
0.372,0.373,0.374,0.375,0.376,0.377,0.378,0.379,0.38,0.381,0.382,0.383,
0.384,0.385,0.386,0.387,0.388,0.389,0.39,0.391,0.392,0.393,0.394,0.395,
0.396,0.397,0.398,0.399,0.4,0.401,0.402,0.403,0.404,0.405,0.406,0.407,0.408,
0.409,0.41,0.411,0.412,0.413,0.414,0.415,0.416,0.417,0.418,0.419,0.42,0.421,
0.422,0.423,0.424,0.425,0.426,0.427,0.428,0.429,0.43,0.431,0.432,0.433,
0.434,0.435,0.436,0.437,0.438,0.439,0.44,0.441,0.442,0.443,0.444,0.445,
0.446,0.447,0.448,0.449,0.45,0.451,0.452,0.453,0.454,0.455,0.456,0.457,
0.458,0.459,0.46,0.461,0.462,0.463,0.464,0.465,0.466,0.467,0.468,0.469,
0.47,0.471,0.472,0.473,0.474,0.475,0.476,0.477,0.478,0.479,0.48,0.481,0.482,
0.483,0.484,0.485,0.486,0.487,0.488,0.489,0.49,0.491,0.492,0.493,0.494,
0.495,0.496,0.497,0.498,0.499,0.5,0.501,0.502,0.503,0.504,0.505,0.506,0.507,
0.508,0.509,0.51,0.511,0.512,0.513,0.514,0.515,0.516,0.517,0.518,0.519,
0.52,0.521,0.522,0.523,0.524,0.525,0.526,0.527,0.528,0.529,0.53,0.531,0.532,
0.533,0.534,0.535,0.536,0.537,0.538,0.539,0.54,0.541,0.542,0.543,0.544,
0.545,0.546,0.547,0.548,0.549,0.55,0.551,0.552,0.553,0.554,0.555,0.556,
0.557,0.558,0.559,0.56,0.561,0.562,0.563,0.564,0.565,0.566,0.567,0.568,
0.569,0.57,0.571,0.572,0.573,0.574,0.575,0.576,0.577,0.578,0.579,0.58,0.581,
0.582,0.583,0.584,0.585,0.586,0.587,0.588,0.589,0.59,0.591,0.592,0.593,
0.594,0.595,0.596,0.597,0.598,0.599,0.6,0.601,0.602,0.603,0.604,0.605,0.606,
0.607,0.608,0.609,0.61,0.611,0.612,0.613,0.614,0.615,0.616,0.617,0.618,
0.619,0.62,0.621,0.622,0.623,0.624,0.625,0.626,0.627,0.628,0.629,0.63,0.631,
0.632,0.633,0.634,0.635,0.636,0.637,0.638,0.639,0.64,0.641,0.642,0.643,
0.644,0.645,0.646,0.647,0.648,0.649,0.65,0.651,0.652,0.653,0.654,0.655,
0.656,0.657,0.658,0.659,0.66,0.661,0.662,0.663,0.664,0.665,0.666,0.667,
0.668,0.669,0.67,0.671,0.672,0.673,0.674,0.675,0.676,0.677,0.678,0.679,
0.68,0.681,0.682,0.683,0.684,0.685,0.686,0.687,0.688000000000001,0.689000000000001,
0.690000000000001,0.691000000000001,0.692000000000001,0.693000000000001,
0.694000000000001,0.695000000000001,0.696000000000001,0.697000000000001,
0.698000000000001,0.699000000000001,0.700000000000001,0.701000000000001,
0.702000000000001,0.703000000000001,0.704000000000001,0.705000000000001,
0.706000000000001,0.707000000000001,0.708000000000001,0.709000000000001,
0.710000000000001,0.711000000000001,0.712000000000001,0.713000000000001,
0.714000000000001,0.715000000000001,0.716000000000001,0.717000000000001,
0.718000000000001,0.719000000000001,0.720000000000001,0.721000000000001,
0.722000000000001,0.723000000000001,0.724000000000001,0.725000000000001,
0.726000000000001,0.727000000000001,0.728000000000001,0.729000000000001,
0.730000000000001,0.731000000000001,0.732000000000001,0.733000000000001,
0.734000000000001,0.735000000000001,0.736000000000001,0.737000000000001,
0.738000000000001,0.739000000000001,0.740000000000001,0.741000000000001,
0.742000000000001,0.743000000000001,0.744000000000001,0.745000000000001,
0.746000000000001,0.747000000000001,0.748000000000001,0.749000000000001,
0.750000000000001,0.751000000000001,0.752000000000001,0.753000000000001,
0.754000000000001,0.755000000000001,0.756000000000001,0.757000000000001,
0.758000000000001,0.759000000000001,0.760000000000001,0.761000000000001,
0.762000000000001,0.763000000000001,0.764000000000001,0.765000000000001,
0.766000000000001,0.767000000000001,0.768000000000001,0.769000000000001,
0.770000000000001,0.771000000000001,0.772000000000001,0.773000000000001,
0.774000000000001,0.775000000000001,0.776000000000001,0.777000000000001,
0.778000000000001,0.779000000000001,0.780000000000001,0.781000000000001,
0.782000000000001,0.783000000000001,0.784000000000001,0.785000000000001,
0.786000000000001,0.787000000000001,0.788000000000001,0.789000000000001,
0.790000000000001,0.791000000000001,0.792000000000001,0.793000000000001,
0.794000000000001,0.795000000000001,0.796000000000001,0.797000000000001,
0.798000000000001,0.799000000000001,0.800000000000001,0.801000000000001,
0.802000000000001,0.803000000000001,0.804000000000001,0.805000000000001,
0.806000000000001,0.807000000000001,0.808000000000001,0.809000000000001,
0.810000000000001,0.811000000000001,0.812000000000001,0.813000000000001,
0.814000000000001,0.815000000000001,0.816000000000001,0.817000000000001,
0.818000000000001,0.819000000000001,0.820000000000001,0.821000000000001,
0.822000000000001,0.823000000000001,0.824000000000001,0.825000000000001,
0.826000000000001,0.827000000000001,0.828000000000001,0.829000000000001,
0.830000000000001,0.831000000000001,0.832000000000001,0.833000000000001,
0.834000000000001,0.835000000000001,0.836000000000001,0.837000000000001,
0.838000000000001,0.839000000000001,0.840000000000001,0.841000000000001,
0.842000000000001,0.843000000000001,0.844000000000001,0.845000000000001,
0.846000000000001,0.847000000000001,0.848000000000001,0.849000000000001,
0.850000000000001,0.851000000000001,0.852000000000001,0.853000000000001,
0.854000000000001,0.855000000000001,0.856000000000001,0.857000000000001,
0.858000000000001,0.859000000000001,0.860000000000001,0.861000000000001,
0.862000000000001,0.863000000000001,0.864000000000001,0.865000000000001,
0.866000000000001,0.867000000000001,0.868000000000001,0.869000000000001,
0.870000000000001,0.871000000000001,0.872000000000001,0.873000000000001,
0.874000000000001,0.875000000000001,0.876000000000001,0.877000000000001,
0.878000000000001,0.879000000000001,0.880000000000001,0.881000000000001,
0.882000000000001,0.883000000000001,0.884000000000001,0.885000000000001,
0.886000000000001,0.887000000000001,0.888000000000001,0.889000000000001,
0.890000000000001,0.891000000000001,0.892000000000001,0.893000000000001,
0.894000000000001,0.895000000000001,0.896000000000001,0.897000000000001,
0.898000000000001,0.899000000000001,0.900000000000001,0.901000000000001,
0.902000000000001,0.903000000000001,0.904000000000001,0.905000000000001,
0.906000000000001,0.907000000000001,0.908000000000001,0.909000000000001,
0.910000000000001,0.911000000000001,0.912000000000001,0.913000000000001,
0.914000000000001,0.915000000000001,0.916000000000001,0.917000000000001,
0.918000000000001,0.919000000000001,0.920000000000001,0.921000000000001,
0.922000000000001,0.923000000000001,0.924000000000001,0.925000000000001,
0.926000000000001,0.927000000000001,0.928000000000001,0.929000000000001,
0.930000000000001,0.931000000000001,0.932000000000001,0.933000000000001,
0.934000000000001,0.935000000000001,0.936000000000001,0.937000000000001,
0.938000000000001,0.939000000000001,0.940000000000001,0.941000000000001,
0.942000000000001,0.943000000000001,0.944000000000001,0.945000000000001,
0.946000000000001,0.947000000000001,0.948000000000001,0.949000000000001,
0.950000000000001,0.951000000000001,0.952000000000001,0.953000000000001,
0.954000000000001,0.955000000000001,0.956000000000001,0.957000000000001,
0.958000000000001,0.959000000000001,0.960000000000001,0.961000000000001,
0.962000000000001,0.963000000000001,0.964000000000001,0.965000000000001,
0.966000000000001,0.967000000000001,0.968000000000001,0.969000000000001,
0.970000000000001,0.971000000000001,0.972000000000001,0.973000000000001,
0.974000000000001,0.975000000000001,0.976000000000001,0.977000000000001,
0.978000000000001,0.979000000000001,0.980000000000001,0.981000000000001,
0.982000000000001,0.983000000000001,0.984000000000001,0.985000000000001,
0.986000000000001,0.987000000000001,0.988000000000001,0.989000000000001,
0.990000000000001,0.991000000000001,0.992000000000001,0.993000000000001,
0.994000000000001,0.995000000000001,0.996000000000001,0.996187121512471),
 .UNSPECIFIED.)
CURVE()
GEOMETRIC_REPRESENTATION_ITEM()
RATIONAL_B_SPLINE_CURVE((1.,1.,1.,1.,1.,1.,1.,1.,1.,1.,1.,1.,1.,1.,1.,1.,
1.,1.,1.,1.,1.,1.,1.,1.,1.,1.,1.,1.,1.,1.,1.,1.,1.,1.,1.,1.,1.,1.,1.,1.,
1.,1.,1.,1.,1.,1.,1.,1.,1.,1.,1.,1.,1.,1.,1.,1.,1.,1.,1.,1.,1.,1.,1.,1.,
1.,1.,1.,1.,1.,1.,1.,1.,1.,1.,1.,1.,1.,1.,1.,1.,1.,1.,1.,1.,1.,1.,1.,1.,
1.,1.,1.,1.,1.,1.,1.,1.,1.,1.,1.,1.,1.,1.,1.,1.,1.,1.,1.,1.,1.,1.,1.,1.,
1.,1.,1.,1.,1.,1.,1.,1.,1.,1.,1.,1.,1.,1.,1.,1.,1.,1.,1.,1.,1.,1.,1.,1.,
1.,1.,1.,1.,1.,1.,1.,1.,1.,1.,1.,1.,1.,1.,1.,1.,1.,1.,1.,1.,1.,1.,1.,1.,
1.,1.,1.,1.,1.,1.,1.,1.,1.,1.,1.,1.,1.,1.,1.,1.,1.,1.,1.,1.,1.,1.,1.,1.,
1.,1.,1.,1.,1.,1.,1.,1.,1.,1.,1.,1.,1.,1.,1.,1.,1.,1.,1.,1.,1.,1.,1.,1.,
1.,1.,1.,1.,1.,1.,1.,1.,1.,1.,1.,1.,1.,1.,1.,1.,1.,1.,1.,1.,1.,1.,1.,1.,
1.,1.,1.,1.,1.,1.,1.,1.,1.,1.,1.,1.,1.,1.,1.,1.,1.,1.,1.,1.,1.,1.,1.,1.,
1.,1.,1.,1.,1.,1.,1.,1.,1.,1.,1.,1.,1.,1.,1.,1.,1.,1.,1.,1.,1.,1.,1.,1.,
1.,1.,1.,1.,1.,1.,1.,1.,1.,1.,1.,1.,1.,1.,1.,1.,1.,1.,1.,1.,1.,1.,1.,1.,
1.,1.,1.,1.,1.,1.,1.,1.,1.,1.,1.,1.,1.,1.,1.,1.,1.,1.,1.,1.,1.,1.,1.,1.,
1.,1.,1.,1.,1.,1.,1.,1.,1.,1.,1.,1.,1.,1.,1.,1.,1.,1.,1.,1.,1.,1.,1.,1.,
1.,1.,1.,1.,1.,1.,1.,1.,1.,1.,1.,1.,1.,1.,1.,1.,1.,1.,1.,1.,1.,1.,1.,1.,
1.,1.,1.,1.,1.,1.,1.,1.,1.,1.,1.,1.,1.,1.,1.,1.,1.,1.,1.,1.,1.,1.,1.,1.,
1.,1.,1.,1.,1.,1.,1.,1.,1.,1.,1.,1.,1.,1.,1.,1.,1.,1.,1.,1.,1.,1.,1.,1.,
1.,1.,1.,1.,1.,1.,1.,1.,1.,1.,1.,1.,1.,1.,1.,1.,1.,1.,1.,1.,1.,1.,1.,1.,
1.,1.,1.,1.,1.,1.,1.,1.,1.,1.,1.,1.,1.,1.,1.,1.,1.,1.,1.,1.,1.,1.,1.,1.,
1.,1.,1.,1.,1.,1.,1.,1.,1.,1.,1.,1.,1.,1.,1.,1.,1.,1.,1.,1.,1.,1.,1.,1.,
1.,1.,1.,1.,1.,1.,1.,1.,1.,1.,1.,1.,1.,1.,1.,1.,1.,1.,1.,1.,1.,1.,1.,1.,
1.,1.,1.,1.,1.,1.,1.,1.,1.,1.,1.,1.,1.,1.,1.,1.,1.,1.,1.,1.,1.,1.,1.,1.,
1.,1.,1.,1.,1.,1.,1.,1.,1.,1.,1.,1.,1.,1.,1.,1.,1.,1.,1.,1.,1.,1.,1.,1.,
1.,1.,1.,1.,1.,1.,1.,1.,1.,1.,1.,1.,1.,1.,1.,1.,1.,1.,1.,1.,1.,1.,1.,1.,
1.,1.,1.,1.,1.,1.,1.,1.,1.,1.,1.,1.,1.,1.,1.,1.,1.,1.,1.,1.,1.,1.,1.,1.,
1.,1.,1.,1.,1.,1.,1.,1.,1.,1.,1.,1.,1.,1.,1.,1.,1.,1.,1.,1.,1.,1.,1.,1.,
1.,1.,1.,1.,1.,1.,1.,1.,1.,1.,1.,1.,1.,1.,1.,1.,1.,1.,1.,1.,1.,1.,1.,1.,
1.,1.,1.,1.,1.,1.,1.,1.,1.,1.,1.,1.,1.,1.,1.,1.,1.,1.,1.,1.,1.,1.,1.,1.,
1.,1.,1.,1.,1.,1.,1.,1.,1.,1.,1.,1.,1.,1.,1.,1.,1.,1.,1.,1.,1.,1.,1.,1.,
1.,1.,1.,1.,1.,1.,1.,1.,1.,1.,1.,1.,1.,1.,1.,1.,1.,1.,1.,1.,1.,1.,1.,1.,
1.,1.,1.,1.,1.,1.,1.,1.,1.,1.,1.,1.,1.,1.,1.,1.,1.,1.,1.,1.,1.,1.,1.,1.,
1.,1.,1.,1.,1.,1.,1.,1.,1.,1.,1.,1.,1.,1.,1.,1.,1.,1.,1.,1.,1.,1.,1.,1.,
1.,1.,1.,1.,1.,1.,1.,1.,1.,1.,1.,1.,1.,1.,1.,1.,1.,1.,1.,1.,1.,1.,1.,1.,
1.,1.,1.,1.,1.,1.,1.,1.,1.,1.,1.,1.,1.,1.,1.,1.,1.,1.,1.,1.,1.,1.,1.,1.,
1.,1.,1.,1.,1.,1.,1.,1.,1.,1.,1.,1.,1.,1.,1.,1.,1.,1.,1.,1.,1.,1.,1.,1.,
1.,1.,1.,1.,1.,1.,1.,1.,1.,1.,1.,1.,1.,1.,1.,1.,1.,1.,1.,1.,1.,1.,1.,1.,
1.,1.,1.,1.,1.,1.,1.,1.,1.,1.,1.,1.,1.,1.,1.,1.,1.,1.,1.,1.,1.,1.,1.,1.,
1.,1.,1.,1.,1.,1.,1.,1.,1.,1.,1.,1.,1.,1.,1.,1.,1.,1.,1.,1.,1.,1.,1.,1.,
1.,1.,1.,1.,1.,1.,1.,1.,1.,1.,1.,1.,1.,1.,1.,1.,1.,1.,1.,1.,1.,1.,1.,1.,
1.,1.,1.,1.,1.,1.,1.,1.,1.,1.,1.,1.,1.,1.,1.,1.,1.,1.,1.,1.,1.,1.,1.,1.,
1.,1.,1.,1.,1.,1.,1.,1.,1.,1.,1.,1.,1.,1.,1.,1.,1.,1.,1.,1.,1.,1.,1.))
REPRESENTATION_ITEM('')
);
#17=(
BOUNDED_CURVE()
B_SPLINE_CURVE(5,(#3158,#3159,#3160,#3161,#3162,#3163,#3164,#3165,#3166,
#3167,#3168,#3169,#3170,#3171,#3172,#3173,#3174,#3175,#3176,#3177,#3178,
#3179,#3180,#3181,#3182,#3183,#3184,#3185,#3186,#3187,#3188,#3189,#3190,
#3191,#3192,#3193,#3194,#3195,#3196,#3197,#3198,#3199,#3200,#3201,#3202,
#3203,#3204,#3205,#3206,#3207,#3208,#3209,#3210,#3211,#3212,#3213,#3214,
#3215,#3216,#3217,#3218,#3219,#3220,#3221,#3222,#3223,#3224,#3225,#3226,
#3227,#3228,#3229,#3230,#3231,#3232,#3233,#3234,#3235,#3236,#3237,#3238,
#3239,#3240,#3241,#3242,#3243,#3244,#3245,#3246,#3247,#3248,#3249,#3250,
#3251,#3252,#3253,#3254,#3255,#3256,#3257,#3258,#3259,#3260,#3261,#3262,
#3263,#3264,#3265,#3266,#3267,#3268,#3269,#3270,#3271,#3272,#3273,#3274,
#3275,#3276,#3277,#3278,#3279,#3280,#3281,#3282,#3283,#3284,#3285,#3286,
#3287,#3288,#3289,#3290,#3291,#3292,#3293,#3294,#3295,#3296,#3297,#3298,
#3299,#3300,#3301,#3302,#3303,#3304,#3305,#3306,#3307,#3308,#3309,#3310,
#3311,#3312,#3313,#3314,#3315,#3316,#3317,#3318,#3319,#3320,#3321,#3322,
#3323,#3324,#3325,#3326,#3327,#3328,#3329,#3330,#3331,#3332,#3333,#3334,
#3335,#3336,#3337,#3338,#3339,#3340,#3341,#3342,#3343,#3344,#3345,#3346,
#3347,#3348,#3349,#3350,#3351,#3352,#3353,#3354,#3355,#3356,#3357,#3358,
#3359,#3360,#3361,#3362,#3363,#3364,#3365,#3366,#3367,#3368,#3369,#3370,
#3371,#3372,#3373,#3374,#3375,#3376,#3377,#3378,#3379,#3380,#3381,#3382,
#3383,#3384,#3385,#3386,#3387,#3388,#3389,#3390,#3391,#3392,#3393,#3394,
#3395,#3396,#3397,#3398,#3399,#3400,#3401,#3402,#3403,#3404,#3405,#3406,
#3407,#3408,#3409,#3410,#3411,#3412,#3413,#3414,#3415,#3416,#3417,#3418,
#3419,#3420,#3421,#3422,#3423,#3424,#3425,#3426,#3427,#3428,#3429,#3430,
#3431,#3432,#3433,#3434,#3435,#3436,#3437,#3438,#3439,#3440,#3441,#3442,
#3443,#3444,#3445,#3446,#3447,#3448,#3449,#3450,#3451,#3452,#3453,#3454,
#3455,#3456,#3457,#3458,#3459,#3460,#3461,#3462,#3463,#3464,#3465,#3466,
#3467,#3468,#3469,#3470,#3471,#3472,#3473,#3474,#3475,#3476,#3477,#3478,
#3479,#3480,#3481,#3482,#3483,#3484,#3485,#3486,#3487,#3488,#3489,#3490,
#3491,#3492,#3493,#3494,#3495,#3496,#3497,#3498,#3499,#3500,#3501,#3502,
#3503,#3504,#3505,#3506,#3507,#3508,#3509,#3510,#3511,#3512,#3513,#3514,
#3515,#3516,#3517,#3518,#3519,#3520,#3521,#3522,#3523,#3524,#3525,#3526,
#3527,#3528,#3529,#3530,#3531,#3532,#3533,#3534,#3535,#3536,#3537,#3538,
#3539,#3540,#3541,#3542,#3543,#3544,#3545,#3546,#3547,#3548,#3549,#3550,
#3551,#3552,#3553,#3554,#3555,#3556,#3557,#3558,#3559,#3560,#3561,#3562,
#3563,#3564,#3565,#3566,#3567,#3568,#3569,#3570,#3571,#3572,#3573,#3574,
#3575,#3576,#3577,#3578,#3579,#3580,#3581,#3582,#3583,#3584,#3585,#3586,
#3587,#3588,#3589,#3590,#3591,#3592,#3593,#3594,#3595,#3596,#3597,#3598,
#3599,#3600,#3601,#3602,#3603,#3604,#3605,#3606,#3607,#3608,#3609,#3610,
#3611,#3612,#3613,#3614,#3615,#3616,#3617,#3618,#3619,#3620,#3621,#3622,
#3623,#3624,#3625,#3626,#3627,#3628,#3629,#3630,#3631,#3632,#3633,#3634,
#3635,#3636,#3637,#3638,#3639,#3640,#3641,#3642,#3643,#3644,#3645,#3646,
#3647,#3648,#3649,#3650,#3651,#3652,#3653,#3654,#3655,#3656,#3657,#3658,
#3659,#3660,#3661,#3662,#3663,#3664,#3665,#3666,#3667,#3668,#3669,#3670,
#3671,#3672,#3673,#3674,#3675,#3676,#3677,#3678,#3679,#3680,#3681,#3682,
#3683,#3684,#3685,#3686,#3687,#3688,#3689,#3690,#3691,#3692,#3693,#3694,
#3695,#3696,#3697,#3698,#3699,#3700,#3701,#3702,#3703,#3704,#3705,#3706,
#3707,#3708,#3709,#3710,#3711,#3712,#3713,#3714,#3715,#3716,#3717,#3718,
#3719,#3720,#3721,#3722,#3723,#3724,#3725,#3726,#3727,#3728,#3729,#3730,
#3731,#3732,#3733,#3734,#3735,#3736,#3737,#3738,#3739,#3740,#3741,#3742,
#3743,#3744,#3745,#3746,#3747,#3748,#3749,#3750,#3751,#3752,#3753,#3754,
#3755,#3756,#3757,#3758,#3759,#3760,#3761,#3762,#3763,#3764,#3765,#3766,
#3767,#3768,#3769,#3770,#3771,#3772,#3773,#3774,#3775,#3776,#3777,#3778,
#3779,#3780,#3781,#3782,#3783,#3784,#3785,#3786,#3787,#3788,#3789,#3790,
#3791,#3792,#3793,#3794,#3795,#3796,#3797,#3798,#3799,#3800,#3801,#3802,
#3803,#3804,#3805,#3806,#3807,#3808,#3809,#3810,#3811,#3812,#3813,#3814,
#3815,#3816,#3817,#3818,#3819,#3820,#3821,#3822,#3823,#3824,#3825,#3826,
#3827,#3828,#3829,#3830,#3831,#3832,#3833,#3834,#3835,#3836,#3837,#3838,
#3839,#3840,#3841,#3842,#3843,#3844,#3845,#3846,#3847,#3848,#3849,#3850,
#3851,#3852,#3853,#3854,#3855,#3856,#3857,#3858,#3859,#3860,#3861,#3862,
#3863,#3864,#3865,#3866,#3867,#3868,#3869,#3870,#3871,#3872,#3873,#3874,
#3875,#3876,#3877,#3878,#3879,#3880,#3881,#3882,#3883,#3884,#3885,#3886,
#3887,#3888,#3889,#3890,#3891,#3892,#3893,#3894,#3895,#3896,#3897,#3898,
#3899,#3900,#3901,#3902,#3903,#3904,#3905,#3906,#3907,#3908,#3909,#3910,
#3911,#3912,#3913,#3914,#3915,#3916,#3917,#3918,#3919,#3920,#3921,#3922,
#3923,#3924,#3925,#3926,#3927,#3928,#3929,#3930,#3931,#3932,#3933,#3934,
#3935,#3936,#3937,#3938,#3939,#3940,#3941,#3942,#3943,#3944,#3945,#3946,
#3947,#3948,#3949,#3950,#3951,#3952,#3953,#3954,#3955,#3956,#3957,#3958,
#3959,#3960,#3961,#3962,#3963,#3964,#3965,#3966,#3967,#3968,#3969,#3970,
#3971,#3972,#3973,#3974,#3975,#3976,#3977,#3978,#3979,#3980,#3981,#3982,
#3983,#3984,#3985,#3986,#3987,#3988,#3989,#3990,#3991,#3992,#3993,#3994,
#3995,#3996,#3997,#3998,#3999,#4000,#4001,#4002,#4003,#4004,#4005,#4006,
#4007,#4008,#4009,#4010,#4011,#4012,#4013,#4014,#4015,#4016,#4017,#4018,
#4019,#4020,#4021,#4022,#4023,#4024,#4025,#4026,#4027,#4028,#4029,#4030,
#4031,#4032,#4033,#4034,#4035,#4036,#4037,#4038,#4039,#4040,#4041,#4042,
#4043,#4044,#4045,#4046,#4047,#4048,#4049,#4050,#4051,#4052,#4053,#4054,
#4055,#4056,#4057,#4058,#4059,#4060,#4061,#4062,#4063,#4064,#4065,#4066,
#4067,#4068,#4069,#4070,#4071,#4072,#4073,#4074,#4075,#4076,#4077,#4078,
#4079,#4080,#4081,#4082,#4083,#4084,#4085,#4086,#4087,#4088,#4089,#4090,
#4091,#4092,#4093,#4094,#4095,#4096,#4097,#4098,#4099,#4100,#4101,#4102,
#4103,#4104,#4105,#4106,#4107,#4108,#4109,#4110,#4111,#4112,#4113,#4114,
#4115,#4116,#4117,#4118,#4119,#4120,#4121,#4122,#4123,#4124,#4125,#4126,
#4127,#4128,#4129,#4130,#4131,#4132,#4133,#4134,#4135,#4136,#4137,#4138,
#4139,#4140,#4141,#4142,#4143,#4144,#4145,#4146,#4147,#4148,#4149,#4150,
#4151,#4152,#4153,#4154,#4155,#4156),.UNSPECIFIED.,.F.,.F.)
B_SPLINE_CURVE_WITH_KNOTS((6,1,1,1,1,1,1,1,1,1,1,1,1,1,1,1,1,1,1,1,1,1,
1,1,1,1,1,1,1,1,1,1,1,1,1,1,1,1,1,1,1,1,1,1,1,1,1,1,1,1,1,1,1,1,1,1,1,1,
1,1,1,1,1,1,1,1,1,1,1,1,1,1,1,1,1,1,1,1,1,1,1,1,1,1,1,1,1,1,1,1,1,1,1,1,
1,1,1,1,1,1,1,1,1,1,1,1,1,1,1,1,1,1,1,1,1,1,1,1,1,1,1,1,1,1,1,1,1,1,1,1,
1,1,1,1,1,1,1,1,1,1,1,1,1,1,1,1,1,1,1,1,1,1,1,1,1,1,1,1,1,1,1,1,1,1,1,1,
1,1,1,1,1,1,1,1,1,1,1,1,1,1,1,1,1,1,1,1,1,1,1,1,1,1,1,1,1,1,1,1,1,1,1,1,
1,1,1,1,1,1,1,1,1,1,1,1,1,1,1,1,1,1,1,1,1,1,1,1,1,1,1,1,1,1,1,1,1,1,1,1,
1,1,1,1,1,1,1,1,1,1,1,1,1,1,1,1,1,1,1,1,1,1,1,1,1,1,1,1,1,1,1,1,1,1,1,1,
1,1,1,1,1,1,1,1,1,1,1,1,1,1,1,1,1,1,1,1,1,1,1,1,1,1,1,1,1,1,1,1,1,1,1,1,
1,1,1,1,1,1,1,1,1,1,1,1,1,1,1,1,1,1,1,1,1,1,1,1,1,1,1,1,1,1,1,1,1,1,1,1,
1,1,1,1,1,1,1,1,1,1,1,1,1,1,1,1,1,1,1,1,1,1,1,1,1,1,1,1,1,1,1,1,1,1,1,1,
1,1,1,1,1,1,1,1,1,1,1,1,1,1,1,1,1,1,1,1,1,1,1,1,1,1,1,1,1,1,1,1,1,1,1,1,
1,1,1,1,1,1,1,1,1,1,1,1,1,1,1,1,1,1,1,1,1,1,1,1,1,1,1,1,1,1,1,1,1,1,1,1,
1,1,1,1,1,1,1,1,1,1,1,1,1,1,1,1,1,1,1,1,1,1,1,1,1,1,1,1,1,1,1,1,1,1,1,1,
1,1,1,1,1,1,1,1,1,1,1,1,1,1,1,1,1,1,1,1,1,1,1,1,1,1,1,1,1,1,1,1,1,1,1,1,
1,1,1,1,1,1,1,1,1,1,1,1,1,1,1,1,1,1,1,1,1,1,1,1,1,1,1,1,1,1,1,1,1,1,1,1,
1,1,1,1,1,1,1,1,1,1,1,1,1,1,1,1,1,1,1,1,1,1,1,1,1,1,1,1,1,1,1,1,1,1,1,1,
1,1,1,1,1,1,1,1,1,1,1,1,1,1,1,1,1,1,1,1,1,1,1,1,1,1,1,1,1,1,1,1,1,1,1,1,
1,1,1,1,1,1,1,1,1,1,1,1,1,1,1,1,1,1,1,1,1,1,1,1,1,1,1,1,1,1,1,1,1,1,1,1,
1,1,1,1,1,1,1,1,1,1,1,1,1,1,1,1,1,1,1,1,1,1,1,1,1,1,1,1,1,1,1,1,1,1,1,1,
1,1,1,1,1,1,1,1,1,1,1,1,1,1,1,1,1,1,1,1,1,1,1,1,1,1,1,1,1,1,1,1,1,1,1,1,
1,1,1,1,1,1,1,1,1,1,1,1,1,1,1,1,1,1,1,1,1,1,1,1,1,1,1,1,1,1,1,1,1,1,1,1,
1,1,1,1,1,1,1,1,1,1,1,1,1,1,1,1,1,1,1,1,1,1,1,1,1,1,1,1,1,1,1,1,1,1,1,1,
1,1,1,1,1,1,1,1,1,1,1,1,1,1,1,1,1,1,1,1,1,1,1,1,1,1,1,1,1,1,1,1,1,1,1,1,
1,1,1,1,1,1,1,1,1,1,1,1,1,1,1,1,1,1,1,1,1,1,1,1,1,1,1,1,1,1,1,1,1,1,1,1,
1,1,1,1,1,1,1,1,1,1,1,1,1,1,1,1,1,1,1,1,1,1,1,1,1,1,1,1,1,1,1,1,1,1,1,1,
1,1,1,1,1,1,1,1,1,1,1,1,1,1,1,1,1,1,1,1,1,1,1,1,1,1,1,1,1,1,1,1,1,1,1,1,
1,1,1,1,1,1,1,1,1,1,1,1,1,1,1,1,1,1,1,1,1,1,1,1,1,1,1,1,1,1,1,1,1,1,1,1,
6),(-0.996187121512471,-0.996000000000001,-0.995000000000001,-0.994000000000001,
-0.993000000000001,-0.992000000000001,-0.991000000000001,-0.990000000000001,
-0.989000000000001,-0.988000000000001,-0.987000000000001,-0.986000000000001,
-0.985000000000001,-0.984000000000001,-0.983000000000001,-0.982000000000001,
-0.981000000000001,-0.980000000000001,-0.979000000000001,-0.978000000000001,
-0.977000000000001,-0.976000000000001,-0.975000000000001,-0.974000000000001,
-0.973000000000001,-0.972000000000001,-0.971000000000001,-0.970000000000001,
-0.969000000000001,-0.968000000000001,-0.967000000000001,-0.966000000000001,
-0.965000000000001,-0.964000000000001,-0.963000000000001,-0.962000000000001,
-0.961000000000001,-0.960000000000001,-0.959000000000001,-0.958000000000001,
-0.957000000000001,-0.956000000000001,-0.955000000000001,-0.954000000000001,
-0.953000000000001,-0.952000000000001,-0.951000000000001,-0.950000000000001,
-0.949000000000001,-0.948000000000001,-0.947000000000001,-0.946000000000001,
-0.945000000000001,-0.944000000000001,-0.943000000000001,-0.942000000000001,
-0.941000000000001,-0.940000000000001,-0.939000000000001,-0.938000000000001,
-0.937000000000001,-0.936000000000001,-0.935000000000001,-0.934000000000001,
-0.933000000000001,-0.932000000000001,-0.931000000000001,-0.930000000000001,
-0.929000000000001,-0.928000000000001,-0.927000000000001,-0.926000000000001,
-0.925000000000001,-0.924000000000001,-0.923000000000001,-0.922000000000001,
-0.921000000000001,-0.920000000000001,-0.919000000000001,-0.918000000000001,
-0.917000000000001,-0.916000000000001,-0.915000000000001,-0.914000000000001,
-0.913000000000001,-0.912000000000001,-0.911000000000001,-0.910000000000001,
-0.909000000000001,-0.908000000000001,-0.907000000000001,-0.906000000000001,
-0.905000000000001,-0.904000000000001,-0.903000000000001,-0.902000000000001,
-0.901000000000001,-0.900000000000001,-0.899000000000001,-0.898000000000001,
-0.897000000000001,-0.896000000000001,-0.895000000000001,-0.894000000000001,
-0.893000000000001,-0.892000000000001,-0.891000000000001,-0.890000000000001,
-0.889000000000001,-0.888000000000001,-0.887000000000001,-0.886000000000001,
-0.885000000000001,-0.884000000000001,-0.883000000000001,-0.882000000000001,
-0.881000000000001,-0.880000000000001,-0.879000000000001,-0.878000000000001,
-0.877000000000001,-0.876000000000001,-0.875000000000001,-0.874000000000001,
-0.873000000000001,-0.872000000000001,-0.871000000000001,-0.870000000000001,
-0.869000000000001,-0.868000000000001,-0.867000000000001,-0.866000000000001,
-0.865000000000001,-0.864000000000001,-0.863000000000001,-0.862000000000001,
-0.861000000000001,-0.860000000000001,-0.859000000000001,-0.858000000000001,
-0.857000000000001,-0.856000000000001,-0.855000000000001,-0.854000000000001,
-0.853000000000001,-0.852000000000001,-0.851000000000001,-0.850000000000001,
-0.849000000000001,-0.848000000000001,-0.847000000000001,-0.846000000000001,
-0.845000000000001,-0.844000000000001,-0.843000000000001,-0.842000000000001,
-0.841000000000001,-0.840000000000001,-0.839000000000001,-0.838000000000001,
-0.837000000000001,-0.836000000000001,-0.835000000000001,-0.834000000000001,
-0.833000000000001,-0.832000000000001,-0.831000000000001,-0.830000000000001,
-0.829000000000001,-0.828000000000001,-0.827000000000001,-0.826000000000001,
-0.825000000000001,-0.824000000000001,-0.823000000000001,-0.822000000000001,
-0.821000000000001,-0.820000000000001,-0.819000000000001,-0.818000000000001,
-0.817000000000001,-0.816000000000001,-0.815000000000001,-0.814000000000001,
-0.813000000000001,-0.812000000000001,-0.811000000000001,-0.810000000000001,
-0.809000000000001,-0.808000000000001,-0.807000000000001,-0.806000000000001,
-0.805000000000001,-0.804000000000001,-0.803000000000001,-0.802000000000001,
-0.801000000000001,-0.800000000000001,-0.799000000000001,-0.798000000000001,
-0.797000000000001,-0.796000000000001,-0.795000000000001,-0.794000000000001,
-0.793000000000001,-0.792000000000001,-0.791000000000001,-0.790000000000001,
-0.789000000000001,-0.788000000000001,-0.787000000000001,-0.786000000000001,
-0.785000000000001,-0.784000000000001,-0.783000000000001,-0.782000000000001,
-0.781000000000001,-0.780000000000001,-0.779000000000001,-0.778000000000001,
-0.777000000000001,-0.776000000000001,-0.775000000000001,-0.774000000000001,
-0.773000000000001,-0.772000000000001,-0.771000000000001,-0.770000000000001,
-0.769000000000001,-0.768000000000001,-0.767000000000001,-0.766000000000001,
-0.765000000000001,-0.764000000000001,-0.763000000000001,-0.762000000000001,
-0.761000000000001,-0.760000000000001,-0.759000000000001,-0.758000000000001,
-0.757000000000001,-0.756000000000001,-0.755000000000001,-0.754000000000001,
-0.753000000000001,-0.752000000000001,-0.751000000000001,-0.750000000000001,
-0.749000000000001,-0.748000000000001,-0.747000000000001,-0.746000000000001,
-0.745000000000001,-0.744000000000001,-0.743000000000001,-0.742000000000001,
-0.741000000000001,-0.740000000000001,-0.739000000000001,-0.738000000000001,
-0.737000000000001,-0.736000000000001,-0.735000000000001,-0.734000000000001,
-0.733000000000001,-0.732000000000001,-0.731000000000001,-0.730000000000001,
-0.729000000000001,-0.728000000000001,-0.727000000000001,-0.726000000000001,
-0.725000000000001,-0.724000000000001,-0.723000000000001,-0.722000000000001,
-0.721000000000001,-0.720000000000001,-0.719000000000001,-0.718000000000001,
-0.717000000000001,-0.716000000000001,-0.715000000000001,-0.714000000000001,
-0.713000000000001,-0.712000000000001,-0.711000000000001,-0.710000000000001,
-0.709000000000001,-0.708000000000001,-0.707000000000001,-0.706000000000001,
-0.705000000000001,-0.704000000000001,-0.703000000000001,-0.702000000000001,
-0.701000000000001,-0.700000000000001,-0.699000000000001,-0.698000000000001,
-0.697000000000001,-0.696000000000001,-0.695000000000001,-0.694000000000001,
-0.693000000000001,-0.692000000000001,-0.691000000000001,-0.690000000000001,
-0.689000000000001,-0.688000000000001,-0.687,-0.686,-0.685,-0.684,-0.683,
-0.682,-0.681,-0.68,-0.679,-0.678,-0.677,-0.676,-0.675,-0.674,-0.673,-0.672,
-0.671,-0.67,-0.669,-0.668,-0.667,-0.666,-0.665,-0.664,-0.663,-0.662,-0.661,
-0.66,-0.659,-0.658,-0.657,-0.656,-0.655,-0.654,-0.653,-0.652,-0.651,-0.65,
-0.649,-0.648,-0.647,-0.646,-0.645,-0.644,-0.643,-0.642,-0.641,-0.64,-0.639,
-0.638,-0.637,-0.636,-0.635,-0.634,-0.633,-0.632,-0.631,-0.63,-0.629,-0.628,
-0.627,-0.626,-0.625,-0.624,-0.623,-0.622,-0.621,-0.62,-0.619,-0.618,-0.617,
-0.616,-0.615,-0.614,-0.613,-0.612,-0.611,-0.61,-0.609,-0.608,-0.607,-0.606,
-0.605,-0.604,-0.603,-0.602,-0.601,-0.6,-0.599,-0.598,-0.597,-0.596,-0.595,
-0.594,-0.593,-0.592,-0.591,-0.59,-0.589,-0.588,-0.587,-0.586,-0.585,-0.584,
-0.583,-0.582,-0.581,-0.58,-0.579,-0.578,-0.577,-0.576,-0.575,-0.574,-0.573,
-0.572,-0.571,-0.57,-0.569,-0.568,-0.567,-0.566,-0.565,-0.564,-0.563,-0.562,
-0.561,-0.56,-0.559,-0.558,-0.557,-0.556,-0.555,-0.554,-0.553,-0.552,-0.551,
-0.55,-0.549,-0.548,-0.547,-0.546,-0.545,-0.544,-0.543,-0.542,-0.541,-0.54,
-0.539,-0.538,-0.537,-0.536,-0.535,-0.534,-0.533,-0.532,-0.531,-0.53,-0.529,
-0.528,-0.527,-0.526,-0.525,-0.524,-0.523,-0.522,-0.521,-0.52,-0.519,-0.518,
-0.517,-0.516,-0.515,-0.514,-0.513,-0.512,-0.511,-0.51,-0.509,-0.508,-0.507,
-0.506,-0.505,-0.504,-0.503,-0.502,-0.501,-0.5,-0.499,-0.498,-0.497,-0.496,
-0.495,-0.494,-0.493,-0.492,-0.491,-0.49,-0.489,-0.488,-0.487,-0.486,-0.485,
-0.484,-0.483,-0.482,-0.481,-0.48,-0.479,-0.478,-0.477,-0.476,-0.475,-0.474,
-0.473,-0.472,-0.471,-0.47,-0.469,-0.468,-0.467,-0.466,-0.465,-0.464,-0.463,
-0.462,-0.461,-0.46,-0.459,-0.458,-0.457,-0.456,-0.455,-0.454,-0.453,-0.452,
-0.451,-0.45,-0.449,-0.448,-0.447,-0.446,-0.445,-0.444,-0.443,-0.442,-0.441,
-0.44,-0.439,-0.438,-0.437,-0.436,-0.435,-0.434,-0.433,-0.432,-0.431,-0.43,
-0.429,-0.428,-0.427,-0.426,-0.425,-0.424,-0.423,-0.422,-0.421,-0.42,-0.419,
-0.418,-0.417,-0.416,-0.415,-0.414,-0.413,-0.412,-0.411,-0.41,-0.409,-0.408,
-0.407,-0.406,-0.405,-0.404,-0.403,-0.402,-0.401,-0.4,-0.399,-0.398,-0.397,
-0.396,-0.395,-0.394,-0.393,-0.392,-0.391,-0.39,-0.389,-0.388,-0.387,-0.386,
-0.385,-0.384,-0.383,-0.382,-0.381,-0.38,-0.379,-0.378,-0.377,-0.376,-0.375,
-0.374,-0.373,-0.372,-0.371,-0.37,-0.369,-0.368,-0.367,-0.366,-0.365,-0.364,
-0.363,-0.362,-0.361,-0.36,-0.359,-0.358,-0.357,-0.356,-0.355,-0.354,-0.353,
-0.352,-0.351,-0.35,-0.349,-0.348,-0.347,-0.346,-0.345,-0.344,-0.343,-0.342,
-0.341,-0.34,-0.339,-0.338,-0.337,-0.336,-0.335,-0.334,-0.333,-0.332,-0.331,
-0.33,-0.329,-0.328,-0.327,-0.326,-0.325,-0.324,-0.323,-0.322,-0.321,-0.32,
-0.319,-0.318,-0.317,-0.316,-0.315,-0.314,-0.313,-0.312,-0.311,-0.31,-0.309,
-0.308,-0.307,-0.306,-0.305,-0.304,-0.303,-0.302,-0.301,-0.3,-0.299,-0.298,
-0.297,-0.296,-0.295,-0.294,-0.293,-0.292,-0.291,-0.29,-0.289,-0.288,-0.287,
-0.286,-0.285,-0.284,-0.283,-0.282,-0.281,-0.28,-0.279,-0.278,-0.277,-0.276,
-0.275,-0.274,-0.273,-0.272,-0.271,-0.27,-0.269,-0.268,-0.267,-0.266,-0.265,
-0.264,-0.263,-0.262,-0.261,-0.26,-0.259,-0.258,-0.257,-0.256,-0.255,-0.254,
-0.253,-0.252,-0.251,-0.25,-0.249,-0.248,-0.247,-0.246,-0.245,-0.244,-0.243,
-0.242,-0.241,-0.24,-0.239,-0.238,-0.237,-0.236,-0.235,-0.234,-0.233,-0.232,
-0.231,-0.23,-0.229,-0.228,-0.227,-0.226,-0.225,-0.224,-0.223,-0.222,-0.221,
-0.22,-0.219,-0.218,-0.217,-0.216,-0.215,-0.214,-0.213,-0.212,-0.211,-0.21,
-0.209,-0.208,-0.207,-0.206,-0.205,-0.204,-0.203,-0.202,-0.201,-0.2,-0.199,
-0.198,-0.197,-0.196,-0.195,-0.194,-0.193,-0.192,-0.191,-0.19,-0.189,-0.188,
-0.187,-0.186,-0.185,-0.184,-0.183,-0.182,-0.181,-0.18,-0.179,-0.178,-0.177,
-0.176,-0.175,-0.174,-0.173,-0.172,-0.171,-0.17,-0.169,-0.168,-0.167,-0.166,
-0.165,-0.164,-0.163,-0.162,-0.161,-0.16,-0.159,-0.158,-0.157,-0.156,-0.155,
-0.154,-0.153,-0.152,-0.151,-0.15,-0.149,-0.148,-0.147,-0.146,-0.145,-0.144,
-0.143,-0.142,-0.141,-0.14,-0.139,-0.138,-0.137,-0.136,-0.135,-0.134,-0.133,
-0.132,-0.131,-0.13,-0.129,-0.128,-0.127,-0.126,-0.125,-0.124,-0.123,-0.122,
-0.121,-0.12,-0.119,-0.118,-0.117,-0.116,-0.115,-0.114,-0.113,-0.112,-0.111,
-0.11,-0.109,-0.108,-0.107,-0.106,-0.105,-0.104,-0.103,-0.102,-0.101,-0.1,
-0.0990000000000001,-0.0980000000000001,-0.0970000000000001,-0.0960000000000001,
-0.0950000000000001,-0.0940000000000001,-0.0930000000000001,-0.0920000000000001,
-0.0910000000000001,-0.0900000000000001,-0.0890000000000001,-0.0880000000000001,
-0.0870000000000001,-0.0860000000000001,-0.0850000000000001,-0.0840000000000001,
-0.0830000000000001,-0.0820000000000001,-0.0810000000000001,-0.0800000000000001,
-0.0790000000000001,-0.0780000000000001,-0.0770000000000001,-0.0760000000000001,
-0.0750000000000001,-0.0740000000000001,-0.0730000000000001,-0.0720000000000001,
-0.071,-0.07,-0.069,-0.068,-0.067,-0.066,-0.065,-0.064,-0.063,-0.062,-0.061,
-0.06,-0.059,-0.058,-0.057,-0.056,-0.055,-0.054,-0.053,-0.052,-0.051,-0.05,
-0.049,-0.048,-0.047,-0.046,-0.045,-0.044,-0.043,-0.042,-0.041,-0.04,-0.039,
-0.038,-0.037,-0.036,-0.035,-0.034,-0.033,-0.032,-0.031,-0.03,-0.029,-0.028,
-0.027,-0.026,-0.025,-0.024,-0.023,-0.022,-0.021,-0.02,-0.019,-0.018,-0.017,
-0.016,-0.015,-0.014,-0.013,-0.012,-0.011,-0.01,-0.009,-0.008,-0.007,-0.006,
-0.005,-0.004,-0.00381287848752905),.UNSPECIFIED.)
CURVE()
GEOMETRIC_REPRESENTATION_ITEM()
RATIONAL_B_SPLINE_CURVE((1.,1.,1.,1.,1.,1.,1.,1.,1.,1.,1.,1.,1.,1.,1.,1.,
1.,1.,1.,1.,1.,1.,1.,1.,1.,1.,1.,1.,1.,1.,1.,1.,1.,1.,1.,1.,1.,1.,1.,1.,
1.,1.,1.,1.,1.,1.,1.,1.,1.,1.,1.,1.,1.,1.,1.,1.,1.,1.,1.,1.,1.,1.,1.,1.,
1.,1.,1.,1.,1.,1.,1.,1.,1.,1.,1.,1.,1.,1.,1.,1.,1.,1.,1.,1.,1.,1.,1.,1.,
1.,1.,1.,1.,1.,1.,1.,1.,1.,1.,1.,1.,1.,1.,1.,1.,1.,1.,1.,1.,1.,1.,1.,1.,
1.,1.,1.,1.,1.,1.,1.,1.,1.,1.,1.,1.,1.,1.,1.,1.,1.,1.,1.,1.,1.,1.,1.,1.,
1.,1.,1.,1.,1.,1.,1.,1.,1.,1.,1.,1.,1.,1.,1.,1.,1.,1.,1.,1.,1.,1.,1.,1.,
1.,1.,1.,1.,1.,1.,1.,1.,1.,1.,1.,1.,1.,1.,1.,1.,1.,1.,1.,1.,1.,1.,1.,1.,
1.,1.,1.,1.,1.,1.,1.,1.,1.,1.,1.,1.,1.,1.,1.,1.,1.,1.,1.,1.,1.,1.,1.,1.,
1.,1.,1.,1.,1.,1.,1.,1.,1.,1.,1.,1.,1.,1.,1.,1.,1.,1.,1.,1.,1.,1.,1.,1.,
1.,1.,1.,1.,1.,1.,1.,1.,1.,1.,1.,1.,1.,1.,1.,1.,1.,1.,1.,1.,1.,1.,1.,1.,
1.,1.,1.,1.,1.,1.,1.,1.,1.,1.,1.,1.,1.,1.,1.,1.,1.,1.,1.,1.,1.,1.,1.,1.,
1.,1.,1.,1.,1.,1.,1.,1.,1.,1.,1.,1.,1.,1.,1.,1.,1.,1.,1.,1.,1.,1.,1.,1.,
1.,1.,1.,1.,1.,1.,1.,1.,1.,1.,1.,1.,1.,1.,1.,1.,1.,1.,1.,1.,1.,1.,1.,1.,
1.,1.,1.,1.,1.,1.,1.,1.,1.,1.,1.,1.,1.,1.,1.,1.,1.,1.,1.,1.,1.,1.,1.,1.,
1.,1.,1.,1.,1.,1.,1.,1.,1.,1.,1.,1.,1.,1.,1.,1.,1.,1.,1.,1.,1.,1.,1.,1.,
1.,1.,1.,1.,1.,1.,1.,1.,1.,1.,1.,1.,1.,1.,1.,1.,1.,1.,1.,1.,1.,1.,1.,1.,
1.,1.,1.,1.,1.,1.,1.,1.,1.,1.,1.,1.,1.,1.,1.,1.,1.,1.,1.,1.,1.,1.,1.,1.,
1.,1.,1.,1.,1.,1.,1.,1.,1.,1.,1.,1.,1.,1.,1.,1.,1.,1.,1.,1.,1.,1.,1.,1.,
1.,1.,1.,1.,1.,1.,1.,1.,1.,1.,1.,1.,1.,1.,1.,1.,1.,1.,1.,1.,1.,1.,1.,1.,
1.,1.,1.,1.,1.,1.,1.,1.,1.,1.,1.,1.,1.,1.,1.,1.,1.,1.,1.,1.,1.,1.,1.,1.,
1.,1.,1.,1.,1.,1.,1.,1.,1.,1.,1.,1.,1.,1.,1.,1.,1.,1.,1.,1.,1.,1.,1.,1.,
1.,1.,1.,1.,1.,1.,1.,1.,1.,1.,1.,1.,1.,1.,1.,1.,1.,1.,1.,1.,1.,1.,1.,1.,
1.,1.,1.,1.,1.,1.,1.,1.,1.,1.,1.,1.,1.,1.,1.,1.,1.,1.,1.,1.,1.,1.,1.,1.,
1.,1.,1.,1.,1.,1.,1.,1.,1.,1.,1.,1.,1.,1.,1.,1.,1.,1.,1.,1.,1.,1.,1.,1.,
1.,1.,1.,1.,1.,1.,1.,1.,1.,1.,1.,1.,1.,1.,1.,1.,1.,1.,1.,1.,1.,1.,1.,1.,
1.,1.,1.,1.,1.,1.,1.,1.,1.,1.,1.,1.,1.,1.,1.,1.,1.,1.,1.,1.,1.,1.,1.,1.,
1.,1.,1.,1.,1.,1.,1.,1.,1.,1.,1.,1.,1.,1.,1.,1.,1.,1.,1.,1.,1.,1.,1.,1.,
1.,1.,1.,1.,1.,1.,1.,1.,1.,1.,1.,1.,1.,1.,1.,1.,1.,1.,1.,1.,1.,1.,1.,1.,
1.,1.,1.,1.,1.,1.,1.,1.,1.,1.,1.,1.,1.,1.,1.,1.,1.,1.,1.,1.,1.,1.,1.,1.,
1.,1.,1.,1.,1.,1.,1.,1.,1.,1.,1.,1.,1.,1.,1.,1.,1.,1.,1.,1.,1.,1.,1.,1.,
1.,1.,1.,1.,1.,1.,1.,1.,1.,1.,1.,1.,1.,1.,1.,1.,1.,1.,1.,1.,1.,1.,1.,1.,
1.,1.,1.,1.,1.,1.,1.,1.,1.,1.,1.,1.,1.,1.,1.,1.,1.,1.,1.,1.,1.,1.,1.,1.,
1.,1.,1.,1.,1.,1.,1.,1.,1.,1.,1.,1.,1.,1.,1.,1.,1.,1.,1.,1.,1.,1.,1.,1.,
1.,1.,1.,1.,1.,1.,1.,1.,1.,1.,1.,1.,1.,1.,1.,1.,1.,1.,1.,1.,1.,1.,1.,1.,
1.,1.,1.,1.,1.,1.,1.,1.,1.,1.,1.,1.,1.,1.,1.,1.,1.,1.,1.,1.,1.,1.,1.,1.,
1.,1.,1.,1.,1.,1.,1.,1.,1.,1.,1.,1.,1.,1.,1.,1.,1.,1.,1.,1.,1.,1.,1.,1.,
1.,1.,1.,1.,1.,1.,1.,1.,1.,1.,1.,1.,1.,1.,1.,1.,1.,1.,1.,1.,1.,1.,1.,1.,
1.,1.,1.,1.,1.,1.,1.,1.,1.,1.,1.,1.,1.,1.,1.,1.,1.,1.,1.,1.,1.,1.,1.,1.,
1.,1.,1.,1.,1.,1.,1.,1.,1.,1.,1.,1.,1.,1.,1.,1.,1.,1.,1.,1.,1.,1.,1.,1.,
1.,1.,1.,1.,1.,1.,1.,1.,1.,1.,1.,1.,1.,1.,1.,1.,1.,1.,1.,1.,1.,1.,1.,1.,
1.,1.,1.,1.,1.,1.,1.,1.,1.,1.,1.,1.,1.,1.,1.,1.,1.,1.,1.,1.,1.,1.,1.))
REPRESENTATION_ITEM('')
);
#18=PLANE('',#73);
#19=PLANE('',#74);
#20=FACE_OUTER_BOUND('',#24,.T.);
#21=FACE_OUTER_BOUND('',#25,.T.);
#22=FACE_OUTER_BOUND('',#26,.T.);
#23=FACE_OUTER_BOUND('',#27,.T.);
#24=EDGE_LOOP('',(#42,#43,#44,#45));
#25=EDGE_LOOP('',(#46,#47));
#26=EDGE_LOOP('',(#48,#49,#50,#51));
#27=EDGE_LOOP('',(#52,#53));
#28=B_SPLINE_CURVE_WITH_KNOTS('',3,(#112,#113,#114,#115,#116,#117,#118,
#119,#120,#121,#122,#123,#124),.UNSPECIFIED.,.F.,.F.,(4,3,3,3,4),(0.,0.166730930757737,
0.333461861515475,0.500192792273212,0.583558257652081),.UNSPECIFIED.);
#29=B_SPLINE_CURVE_WITH_KNOTS('',3,(#126,#127,#128,#129),.UNSPECIFIED.,
 .F.,.F.,(4,4),(-50.,3.53866841200415E-31),.UNSPECIFIED.);
#30=B_SPLINE_CURVE_WITH_KNOTS('',3,(#131,#132,#133,#134,#135,#136,#137,
#138,#139,#140,#141,#142,#143),.UNSPECIFIED.,.F.,.F.,(4,3,3,3,4),(0.,0.0833654653788685,
0.250096396136606,0.416827326894343,0.58355825765208),.UNSPECIFIED.);
#31=B_SPLINE_CURVE_WITH_KNOTS('',3,(#144,#145,#146,#147),.UNSPECIFIED.,
 .F.,.F.,(4,4),(-3.53866841200415E-31,50.),.UNSPECIFIED.);
#32=VERTEX_POINT('',#110);
#33=VERTEX_POINT('',#111);
#34=VERTEX_POINT('',#125);
#35=VERTEX_POINT('',#130);
#36=EDGE_CURVE('',#32,#33,#28,.T.);
#37=EDGE_CURVE('',#33,#34,#29,.T.);
#38=EDGE_CURVE('',#34,#35,#30,.T.);
#39=EDGE_CURVE('',#35,#32,#31,.T.);
#40=EDGE_CURVE('',#32,#33,#16,.T.);
#41=EDGE_CURVE('',#34,#35,#17,.T.);
#42=ORIENTED_EDGE('',*,*,#36,.T.);
#43=ORIENTED_EDGE('',*,*,#37,.T.);
#44=ORIENTED_EDGE('',*,*,#38,.T.);
#45=ORIENTED_EDGE('',*,*,#39,.T.);
#46=ORIENTED_EDGE('',*,*,#36,.F.);
#47=ORIENTED_EDGE('',*,*,#40,.T.);
#48=ORIENTED_EDGE('',*,*,#37,.F.);
#49=ORIENTED_EDGE('',*,*,#40,.F.);
#50=ORIENTED_EDGE('',*,*,#39,.F.);
#51=ORIENTED_EDGE('',*,*,#41,.F.);
#52=ORIENTED_EDGE('',*,*,#38,.F.);
#53=ORIENTED_EDGE('',*,*,#41,.T.);
#54=B_SPLINE_SURFACE_WITH_KNOTS('',3,3,((#82,#83,#84,#85),(#86,#87,#88,
#89),(#90,#91,#92,#93),(#94,#95,#96,#97),(#98,#99,#100,#101),(#102,#103,
#104,#105),(#106,#107,#108,#109)),.UNSPECIFIED.,.F.,.F.,.F.,(4,1,1,1,4),
(4,4),(0.,0.285714285714286,0.571428571428571,0.857142857142857,1.),(-3.53866841200415E-31,
50.),.UNSPECIFIED.);
#55=ADVANCED_FACE('',(#20),#54,.F.);
#56=ADVANCED_FACE('',(#21),#18,.F.);
#57=ADVANCED_FACE('',(#22),#15,.T.);
#58=ADVANCED_FACE('',(#23),#19,.T.);
#59=CLOSED_SHELL('',(#55,#56,#57,#58));
#60=DERIVED_UNIT_ELEMENT(#62,1.);
#61=DERIVED_UNIT_ELEMENT(#4163,-3.);
#62=(
MASS_UNIT()
NAMED_UNIT(*)
SI_UNIT(.KILO.,.GRAM.)
);
#63=DERIVED_UNIT((#60,#61));
#64=MEASURE_REPRESENTATION_ITEM('density measure',
POSITIVE_RATIO_MEASURE(7850.),#63);
#65=PROPERTY_DEFINITION_REPRESENTATION(#70,#67);
#66=PROPERTY_DEFINITION_REPRESENTATION(#71,#68);
#67=REPRESENTATION('material name',(#69),#4160);
#68=REPRESENTATION('density',(#64),#4160);
#69=DESCRIPTIVE_REPRESENTATION_ITEM('Steel','Steel');
#70=PROPERTY_DEFINITION('material property','material name',#4170);
#71=PROPERTY_DEFINITION('material property','density of part',#4170);
#72=AXIS2_PLACEMENT_3D('',#81,#75,#76);
#73=AXIS2_PLACEMENT_3D('',#148,#77,#78);
#74=AXIS2_PLACEMENT_3D('',#4157,#79,#80);
#75=DIRECTION('axis',(0.,0.,1.));
#76=DIRECTION('refdir',(1.,0.,0.));
#77=DIRECTION('center_axis',(0.,0.,1.));
#78=DIRECTION('ref_axis',(1.,0.,0.));
#79=DIRECTION('center_axis',(0.,0.,1.));
#80=DIRECTION('ref_axis',(1.,0.,0.));
#81=CARTESIAN_POINT('',(0.,0.,0.));
#82=CARTESIAN_POINT('Ctrl Pts',(-497.94615947976,2.06406416171472,250.));
#83=CARTESIAN_POINT('Ctrl Pts',(-497.94615947976,2.06406416171472,83.3333333333334));
#84=CARTESIAN_POINT('Ctrl Pts',(-497.94615947976,2.06406416171472,-83.3333333333334));
#85=CARTESIAN_POINT('Ctrl Pts',(-497.94615947976,2.06406416171472,-250.));
#86=CARTESIAN_POINT('Ctrl Pts',(-498.490888639064,1.9619749085295,250.));
#87=CARTESIAN_POINT('Ctrl Pts',(-498.490888639064,1.9619749085295,83.3333333333332));
#88=CARTESIAN_POINT('Ctrl Pts',(-498.490888639064,1.9619749085295,-83.3333333333332));
#89=CARTESIAN_POINT('Ctrl Pts',(-498.490888639064,1.9619749085295,-250.));
#90=CARTESIAN_POINT('Ctrl Pts',(-499.491387773691,1.30300521429628,250.));
#91=CARTESIAN_POINT('Ctrl Pts',(-499.491387773691,1.30300521429628,83.3333333333336));
#92=CARTESIAN_POINT('Ctrl Pts',(-499.491387773691,1.30300521429627,-83.3333333333336));
#93=CARTESIAN_POINT('Ctrl Pts',(-499.491387773691,1.30300521429627,-250.));
#94=CARTESIAN_POINT('Ctrl Pts',(-499.846537887501,-0.460339245083428,250.));
#95=CARTESIAN_POINT('Ctrl Pts',(-499.846537887501,-0.460339245083428,83.3333333333331));
#96=CARTESIAN_POINT('Ctrl Pts',(-499.846537887501,-0.460339245083471,-83.3333333333331));
#97=CARTESIAN_POINT('Ctrl Pts',(-499.846537887501,-0.460339245083471,-250.));
#98=CARTESIAN_POINT('Ctrl Pts',(-499.007896742932,-1.70056178418429,250.));
#99=CARTESIAN_POINT('Ctrl Pts',(-499.007896742932,-1.70056178418429,83.3333333333335));
#100=CARTESIAN_POINT('Ctrl Pts',(-499.007896742931,-1.70056178418433,-83.3333333333335));
#101=CARTESIAN_POINT('Ctrl Pts',(-499.007896742931,-1.70056178418433,-250.));
#102=CARTESIAN_POINT('Ctrl Pts',(-498.218524059412,-2.01301953512182,250.));
#103=CARTESIAN_POINT('Ctrl Pts',(-498.218524059412,-2.01301953512182,83.3333333333333));
#104=CARTESIAN_POINT('Ctrl Pts',(-498.218524059412,-2.01301953512183,-83.3333333333333));
#105=CARTESIAN_POINT('Ctrl Pts',(-498.218524059412,-2.01301953512183,-250.));
#106=CARTESIAN_POINT('Ctrl Pts',(-497.94615947976,-2.06406416171443,250.));
#107=CARTESIAN_POINT('Ctrl Pts',(-497.94615947976,-2.06406416171443,83.3333333333333));
#108=CARTESIAN_POINT('Ctrl Pts',(-497.94615947976,-2.06406416171445,-83.3333333333333));
#109=CARTESIAN_POINT('Ctrl Pts',(-497.94615947976,-2.06406416171445,-250.));
#110=CARTESIAN_POINT('',(-497.94615947976,2.06406416171472,-250.));
#111=CARTESIAN_POINT('',(-497.94615947976,-2.06406416171445,-250.));
#112=CARTESIAN_POINT('Ctrl Pts',(-497.94615947976,2.06406416171472,-250.));
#113=CARTESIAN_POINT('Ctrl Pts',(-498.490888639064,1.9619749085295,-250.));
#114=CARTESIAN_POINT('Ctrl Pts',(-498.991138206377,1.63249006141288,-250.));
#115=CARTESIAN_POINT('Ctrl Pts',(-499.300454675669,1.17385689462462,-250.));
#116=CARTESIAN_POINT('Ctrl Pts',(-499.609771144961,0.715223727836356,-250.));
#117=CARTESIAN_POINT('Ctrl Pts',(-499.728154516231,0.127442241376442,-250.));
#118=CARTESIAN_POINT('Ctrl Pts',(-499.619617972952,-0.414493009673687,-250.));
#119=CARTESIAN_POINT('Ctrl Pts',(-499.511081429673,-0.956428260723816,-250.));
#120=CARTESIAN_POINT('Ctrl Pts',(-499.175624971845,-1.45251727636416,-250.));
#121=CARTESIAN_POINT('Ctrl Pts',(-498.712973848783,-1.75675039310539,-250.));
#122=CARTESIAN_POINT('Ctrl Pts',(-498.481648287252,-1.908866951476,-250.));
#123=CARTESIAN_POINT('Ctrl Pts',(-498.218524059412,-2.01301953512183,-250.));
#124=CARTESIAN_POINT('Ctrl Pts',(-497.94615947976,-2.06406416171445,-250.));
#125=CARTESIAN_POINT('',(-497.94615947976,-2.06406416171445,250.));
#126=CARTESIAN_POINT('Ctrl Pts',(-497.94615947976,-2.06406416171445,-250.));
#127=CARTESIAN_POINT('Ctrl Pts',(-497.94615947976,-2.06406416171445,-83.3333333333333));
#128=CARTESIAN_POINT('Ctrl Pts',(-497.94615947976,-2.06406416171443,83.3333333333333));
#129=CARTESIAN_POINT('Ctrl Pts',(-497.94615947976,-2.06406416171443,250.));
#130=CARTESIAN_POINT('',(-497.94615947976,2.06406416171472,250.));
#131=CARTESIAN_POINT('Ctrl Pts',(-497.94615947976,-2.06406416171443,250.));
#132=CARTESIAN_POINT('Ctrl Pts',(-498.218524059412,-2.01301953512182,250.));
#133=CARTESIAN_POINT('Ctrl Pts',(-498.481648287252,-1.90886695147597,250.));
#134=CARTESIAN_POINT('Ctrl Pts',(-498.712973848783,-1.75675039310536,250.));
#135=CARTESIAN_POINT('Ctrl Pts',(-499.175624971845,-1.45251727636412,250.));
#136=CARTESIAN_POINT('Ctrl Pts',(-499.511081429673,-0.956428260723774,250.));
#137=CARTESIAN_POINT('Ctrl Pts',(-499.619617972952,-0.414493009673649,250.));
#138=CARTESIAN_POINT('Ctrl Pts',(-499.728154516231,0.127442241376476,250.));
#139=CARTESIAN_POINT('Ctrl Pts',(-499.609771144961,0.71522372783638,250.));
#140=CARTESIAN_POINT('Ctrl Pts',(-499.300454675669,1.17385689462464,250.));
#141=CARTESIAN_POINT('Ctrl Pts',(-498.991138206377,1.63249006141289,250.));
#142=CARTESIAN_POINT('Ctrl Pts',(-498.490888639064,1.9619749085295,250.));
#143=CARTESIAN_POINT('Ctrl Pts',(-497.94615947976,2.06406416171472,250.));
#144=CARTESIAN_POINT('Ctrl Pts',(-497.94615947976,2.06406416171472,250.));
#145=CARTESIAN_POINT('Ctrl Pts',(-497.94615947976,2.06406416171472,83.3333333333334));
#146=CARTESIAN_POINT('Ctrl Pts',(-497.94615947976,2.06406416171472,-83.3333333333334));
#147=CARTESIAN_POINT('Ctrl Pts',(-497.94615947976,2.06406416171472,-250.));
#148=CARTESIAN_POINT('Origin',(0.00640024024797015,5.6843418860808E-13,
-250.));
#149=CARTESIAN_POINT('Ctrl Pts',(-497.94615947976,2.06406416171472,-250.));
#150=CARTESIAN_POINT('Ctrl Pts',(-497.919105673863,2.06913439302637,-250.));
#151=CARTESIAN_POINT('Ctrl Pts',(-497.746745931975,2.10143001335001,-250.));
#152=CARTESIAN_POINT('Ctrl Pts',(-497.420587882997,2.16245726237388,-250.));
#153=CARTESIAN_POINT('Ctrl Pts',(-496.920549067262,2.25569251112235,-250.));
#154=CARTESIAN_POINT('Ctrl Pts',(-496.220291027205,2.3857159628906,-250.));
#155=CARTESIAN_POINT('Ctrl Pts',(-495.338629515776,2.54931189208131,-250.));
#156=CARTESIAN_POINT('Ctrl Pts',(-494.419550859004,2.72003153455839,-250.));
#157=CARTESIAN_POINT('Ctrl Pts',(-493.461899815148,2.8980214358579,-250.));
#158=CARTESIAN_POINT('Ctrl Pts',(-492.465270508191,3.08315639451647,-250.));
#159=CARTESIAN_POINT('Ctrl Pts',(-491.432957357795,3.27460680246877,-250.));
#160=CARTESIAN_POINT('Ctrl Pts',(-490.36901379903,3.47145549309519,-250.));
#161=CARTESIAN_POINT('Ctrl Pts',(-489.276113131893,3.67319465077466,-250.));
#162=CARTESIAN_POINT('Ctrl Pts',(-488.15547582779,3.87969378694019,-250.));
#163=CARTESIAN_POINT('Ctrl Pts',(-487.00785257556,4.09092724867867,-250.));
#164=CARTESIAN_POINT('Ctrl Pts',(-485.83423673491,4.30675574228043,-250.));
#165=CARTESIAN_POINT('Ctrl Pts',(-484.635849014355,4.52693543359588,-250.));
#166=CARTESIAN_POINT('Ctrl Pts',(-483.413903149586,4.75118896704251,-250.));
#167=CARTESIAN_POINT('Ctrl Pts',(-482.16941742313,4.97926107100596,-250.));
#168=CARTESIAN_POINT('Ctrl Pts',(-480.903211848274,5.21093711147371,-250.));
#169=CARTESIAN_POINT('Ctrl Pts',(-479.615997501612,5.44603823650508,-250.));
#170=CARTESIAN_POINT('Ctrl Pts',(-478.308445006629,5.68442756748464,-250.));
#171=CARTESIAN_POINT('Ctrl Pts',(-476.981224233646,5.92600156713475,-250.));
#172=CARTESIAN_POINT('Ctrl Pts',(-475.634975998327,6.17066521774555,-250.));
#173=CARTESIAN_POINT('Ctrl Pts',(-474.270301893608,6.41831203019309,-250.));
#174=CARTESIAN_POINT('Ctrl Pts',(-472.887745404833,6.66879925326517,-250.));
#175=CARTESIAN_POINT('Ctrl Pts',(-471.487800690865,6.92197260461613,-250.));
#176=CARTESIAN_POINT('Ctrl Pts',(-470.070921710682,7.17769212337572,-250.));
#177=CARTESIAN_POINT('Ctrl Pts',(-468.637531656763,7.43586212753533,-250.));
#178=CARTESIAN_POINT('Ctrl Pts',(-467.188031264488,7.69644548026504,-250.));
#179=CARTESIAN_POINT('Ctrl Pts',(-465.722804650202,7.95942673462462,-250.));
#180=CARTESIAN_POINT('Ctrl Pts',(-464.242224673945,8.22478733894567,-250.));
#181=CARTESIAN_POINT('Ctrl Pts',(-462.746660514068,8.49246954599405,-250.));
#182=CARTESIAN_POINT('Ctrl Pts',(-461.236476822149,8.76236896809276,-250.));
#183=CARTESIAN_POINT('Ctrl Pts',(-459.712020614663,9.03436331051932,-250.));
#184=CARTESIAN_POINT('Ctrl Pts',(-458.173612775246,9.30833021015125,-250.));
#185=CARTESIAN_POINT('Ctrl Pts',(-456.621534192243,9.5841739324547,-250.));
#186=CARTESIAN_POINT('Ctrl Pts',(-455.056027329884,9.86183163695447,-250.));
#187=CARTESIAN_POINT('Ctrl Pts',(-453.477316338167,10.1412570662578,-250.));
#188=CARTESIAN_POINT('Ctrl Pts',(-451.885621108914,10.4224108599746,-250.));
#189=CARTESIAN_POINT('Ctrl Pts',(-450.281176754205,10.7052461041175,-250.));
#190=CARTESIAN_POINT('Ctrl Pts',(-448.66424097055,10.9897027905516,-250.));
#191=CARTESIAN_POINT('Ctrl Pts',(-447.035078142445,11.2757184717471,-250.));
#192=CARTESIAN_POINT('Ctrl Pts',(-445.393948429642,11.5632354232939,-250.));
#193=CARTESIAN_POINT('Ctrl Pts',(-443.741094477899,11.8522096006052,-250.));
#194=CARTESIAN_POINT('Ctrl Pts',(-442.076730233126,12.1426177134095,-250.));
#195=CARTESIAN_POINT('Ctrl Pts',(-440.401048049227,12.4344465860683,-250.));
#196=CARTESIAN_POINT('Ctrl Pts',(-438.71422509972,12.7276828525562,-250.));
#197=CARTESIAN_POINT('Ctrl Pts',(-437.016429629475,13.0223036899102,-250.));
#198=CARTESIAN_POINT('Ctrl Pts',(-435.307828304269,13.3182642311431,-250.));
#199=CARTESIAN_POINT('Ctrl Pts',(-433.588587668706,13.6155016526654,-250.));
#200=CARTESIAN_POINT('Ctrl Pts',(-431.858872750353,13.9139474846214,-250.));
#201=CARTESIAN_POINT('Ctrl Pts',(-430.118846567346,14.2135369130603,-250.));
#202=CARTESIAN_POINT('Ctrl Pts',(-428.368669263936,14.5142202516983,-250.));
#203=CARTESIAN_POINT('Ctrl Pts',(-426.608497399397,14.8159708091088,-250.));
#204=CARTESIAN_POINT('Ctrl Pts',(-424.838483278147,15.1187740579901,-250.));
#205=CARTESIAN_POINT('Ctrl Pts',(-423.058774201094,15.4226182627335,-250.));
#206=CARTESIAN_POINT('Ctrl Pts',(-421.269511943204,15.7274856904861,-250.));
#207=CARTESIAN_POINT('Ctrl Pts',(-419.470831658108,16.0333408112238,-250.));
#208=CARTESIAN_POINT('Ctrl Pts',(-417.662862890206,16.3401306422435,-250.));
#209=CARTESIAN_POINT('Ctrl Pts',(-415.845732565543,16.6477970570338,-250.));
#210=CARTESIAN_POINT('Ctrl Pts',(-414.01956762733,16.9562863503629,-250.));
#211=CARTESIAN_POINT('Ctrl Pts',(-412.184497419556,17.2655588077124,-250.));
#212=CARTESIAN_POINT('Ctrl Pts',(-410.340657190038,17.5756011206962,-250.));
#213=CARTESIAN_POINT('Ctrl Pts',(-408.488184773582,17.8864196882326,-250.));
#214=CARTESIAN_POINT('Ctrl Pts',(-406.627215050072,18.1980274955854,-250.));
#215=CARTESIAN_POINT('Ctrl Pts',(-404.757874971385,18.5104328026197,-250.));
#216=CARTESIAN_POINT('Ctrl Pts',(-402.880278730535,18.8236278078526,-250.));
#217=CARTESIAN_POINT('Ctrl Pts',(-400.994521867098,19.1375753903734,-250.));
#218=CARTESIAN_POINT('Ctrl Pts',(-399.100686955935,19.4522181567885,-250.));
#219=CARTESIAN_POINT('Ctrl Pts',(-397.198850881361,19.7674905992578,-250.));
#220=CARTESIAN_POINT('Ctrl Pts',(-395.289091707044,20.0833304034421,-250.));
#221=CARTESIAN_POINT('Ctrl Pts',(-393.371495358149,20.3996895373307,-250.));
#222=CARTESIAN_POINT('Ctrl Pts',(-391.446163335846,20.7165469684828,-250.));
#223=CARTESIAN_POINT('Ctrl Pts',(-389.51320750617,21.0339005763511,-250.));
#224=CARTESIAN_POINT('Ctrl Pts',(-387.572743512239,21.3517568515743,-250.));
#225=CARTESIAN_POINT('Ctrl Pts',(-385.624884470584,21.670121031022,-250.));
#226=CARTESIAN_POINT('Ctrl Pts',(-383.669735020618,21.9889878581766,-250.));
#227=CARTESIAN_POINT('Ctrl Pts',(-381.707383990049,22.3083299682669,-250.));
#228=CARTESIAN_POINT('Ctrl Pts',(-379.737907756541,22.6281044870572,-250.));
#229=CARTESIAN_POINT('Ctrl Pts',(-377.761375832301,22.9482633205818,-250.));
#230=CARTESIAN_POINT('Ctrl Pts',(-375.777855898707,23.2687627075909,-250.));
#231=CARTESIAN_POINT('Ctrl Pts',(-373.787418584349,23.5895718762077,-250.));
#232=CARTESIAN_POINT('Ctrl Pts',(-371.790143578079,23.9106851120257,-250.));
#233=CARTESIAN_POINT('Ctrl Pts',(-369.786119154014,24.2321175516256,-250.));
#234=CARTESIAN_POINT('Ctrl Pts',(-367.775438052651,24.5538921907967,-250.));
#235=CARTESIAN_POINT('Ctrl Pts',(-365.758194398113,24.8760291081443,-250.));
#236=CARTESIAN_POINT('Ctrl Pts',(-363.734480388411,25.1985348785254,-250.));
#237=CARTESIAN_POINT('Ctrl Pts',(-361.704382593841,25.5213892283871,-250.));
#238=CARTESIAN_POINT('Ctrl Pts',(-359.667980108715,25.8445420941045,-250.));
#239=CARTESIAN_POINT('Ctrl Pts',(-357.625346120447,26.1679292478627,-250.));
#240=CARTESIAN_POINT('Ctrl Pts',(-355.576548701024,26.4914837379362,-250.));
#241=CARTESIAN_POINT('Ctrl Pts',(-353.52165191057,26.8151489729777,-250.));
#242=CARTESIAN_POINT('Ctrl Pts',(-351.460716769244,27.1388911947195,-250.));
#243=CARTESIAN_POINT('Ctrl Pts',(-349.393802281502,27.4627119507761,-250.));
#244=CARTESIAN_POINT('Ctrl Pts',(-347.320966413611,27.7866353164819,-250.));
#245=CARTESIAN_POINT('Ctrl Pts',(-345.242267056735,28.110695825666,-250.));
#246=CARTESIAN_POINT('Ctrl Pts',(-343.157763044677,28.4349255511248,-250.));
#247=CARTESIAN_POINT('Ctrl Pts',(-341.067515034759,28.7593428741657,-250.));
#248=CARTESIAN_POINT('Ctrl Pts',(-338.971586731042,29.0839372162903,-250.));
#249=CARTESIAN_POINT('Ctrl Pts',(-336.870044707458,29.4086701385952,-250.));
#250=CARTESIAN_POINT('Ctrl Pts',(-334.762957223955,29.7334881785014,-250.));
#251=CARTESIAN_POINT('Ctrl Pts',(-332.65039333537,30.0583322996702,-250.));
#252=CARTESIAN_POINT('Ctrl Pts',(-330.532421885574,30.3831486156116,-250.));
#253=CARTESIAN_POINT('Ctrl Pts',(-328.409110536961,30.7078988542867,-250.));
#254=CARTESIAN_POINT('Ctrl Pts',(-326.280524823317,31.0325701165309,-250.));
#255=CARTESIAN_POINT('Ctrl Pts',(-324.146727947658,31.3571671055908,-250.));
#256=CARTESIAN_POINT('Ctrl Pts',(-322.007780557553,31.6817053881998,-250.));
#257=CARTESIAN_POINT('Ctrl Pts',(-319.863740493319,32.0062040224074,-250.));
#258=CARTESIAN_POINT('Ctrl Pts',(-317.714662629367,32.3306790053515,-250.));
#259=CARTESIAN_POINT('Ctrl Pts',(-315.560598474989,32.6551350164159,-250.));
#260=CARTESIAN_POINT('Ctrl Pts',(-313.401596640939,32.9795630192278,-250.));
#261=CARTESIAN_POINT('Ctrl Pts',(-311.237704332691,33.3039446486366,-250.));
#262=CARTESIAN_POINT('Ctrl Pts',(-309.068968551176,33.628254808873,-250.));
#263=CARTESIAN_POINT('Ctrl Pts',(-306.895437468657,33.9524650640741,-250.));
#264=CARTESIAN_POINT('Ctrl Pts',(-304.717161599147,34.2765465392213,-250.));
#265=CARTESIAN_POINT('Ctrl Pts',(-302.534195397501,34.6004734239538,-250.));
#266=CARTESIAN_POINT('Ctrl Pts',(-300.346596036207,34.9242231708125,-250.));
#267=CARTESIAN_POINT('Ctrl Pts',(-298.154421521636,35.2477759436356,-250.));
#268=CARTESIAN_POINT('Ctrl Pts',(-295.957729022524,35.5711143180226,-250.));
#269=CARTESIAN_POINT('Ctrl Pts',(-293.756573138562,35.8942228802995,-250.));
#270=CARTESIAN_POINT('Ctrl Pts',(-291.551004125864,36.2170878603999,-250.));
#271=CARTESIAN_POINT('Ctrl Pts',(-289.341066337761,36.53969677813,-250.));
#272=CARTESIAN_POINT('Ctrl Pts',(-287.126800636922,36.8620386903056,-250.));
#273=CARTESIAN_POINT('Ctrl Pts',(-284.908246560445,37.184104389707,-250.));
#274=CARTESIAN_POINT('Ctrl Pts',(-282.685444651756,37.5058866495413,-250.));
#275=CARTESIAN_POINT('Ctrl Pts',(-280.458438554744,37.8273803869094,-250.));
#276=CARTESIAN_POINT('Ctrl Pts',(-278.227277611184,38.1485830093498,-250.));
#277=CARTESIAN_POINT('Ctrl Pts',(-275.992017968853,38.4694942108688,-250.));
#278=CARTESIAN_POINT('Ctrl Pts',(-273.752719259985,38.7901141033615,-250.));
#279=CARTESIAN_POINT('Ctrl Pts',(-271.509442115479,39.1104416835604,-250.));
#280=CARTESIAN_POINT('Ctrl Pts',(-269.262245239453,39.4304730817427,-250.));
#281=CARTESIAN_POINT('Ctrl Pts',(-267.011182923483,39.75020010053,-250.));
#282=CARTESIAN_POINT('Ctrl Pts',(-264.756301757045,40.0696081485529,-250.));
#283=CARTESIAN_POINT('Ctrl Pts',(-262.497639865059,40.3886761404487,-250.));
#284=CARTESIAN_POINT('Ctrl Pts',(-260.235229981428,40.7073794128994,-250.));
#285=CARTESIAN_POINT('Ctrl Pts',(-257.969101577483,41.0256918818999,-250.));
#286=CARTESIAN_POINT('Ctrl Pts',(-255.699283452536,41.3435886015111,-250.));
#287=CARTESIAN_POINT('Ctrl Pts',(-253.42580594018,41.6610479308562,-250.));
#288=CARTESIAN_POINT('Ctrl Pts',(-251.148703739581,41.9780544117781,-250.));
#289=CARTESIAN_POINT('Ctrl Pts',(-248.868016699326,42.2945992420602,-250.));
#290=CARTESIAN_POINT('Ctrl Pts',(-246.583788432638,42.610678177347,-250.));
#291=CARTESIAN_POINT('Ctrl Pts',(-244.29606551027,42.9262901294752,-250.));
#292=CARTESIAN_POINT('Ctrl Pts',(-242.0048964083,43.2414354464603,-250.));
#293=CARTESIAN_POINT('Ctrl Pts',(-239.710330583251,43.5561144085565,-250.));
#294=CARTESIAN_POINT('Ctrl Pts',(-237.412417437231,43.8703254342369,-250.));
#295=CARTESIAN_POINT('Ctrl Pts',(-235.111205548729,44.1840641964726,-250.));
#296=CARTESIAN_POINT('Ctrl Pts',(-232.806742119924,44.4973235698274,-250.));
#297=CARTESIAN_POINT('Ctrl Pts',(-230.499072386041,44.8100933755158,-250.));
#298=CARTESIAN_POINT('Ctrl Pts',(-228.188238996615,45.1223601572881,-250.));
#299=CARTESIAN_POINT('Ctrl Pts',(-225.874281509516,45.4341070637252,-250.));
#300=CARTESIAN_POINT('Ctrl Pts',(-223.557235588014,45.7453133896432,-250.));
#301=CARTESIAN_POINT('Ctrl Pts',(-221.237133291716,46.055955414836,-250.));
#302=CARTESIAN_POINT('Ctrl Pts',(-218.914004551543,46.3660086739294,-250.));
#303=CARTESIAN_POINT('Ctrl Pts',(-216.587878310332,46.6754497951369,-250.));
#304=CARTESIAN_POINT('Ctrl Pts',(-214.258783841278,46.9842586225846,-250.));
#305=CARTESIAN_POINT('Ctrl Pts',(-211.92675189449,47.2924199684494,-250.));
#306=CARTESIAN_POINT('Ctrl Pts',(-209.591816151337,47.5999261323154,-250.));
#307=CARTESIAN_POINT('Ctrl Pts',(-207.254013707598,47.9067769052532,-250.));
#308=CARTESIAN_POINT('Ctrl Pts',(-204.913384171466,48.2129759228113,-250.));
#309=CARTESIAN_POINT('Ctrl Pts',(-202.569969096388,48.5185279495143,-250.));
#310=CARTESIAN_POINT('Ctrl Pts',(-200.223811276588,48.8234356793025,-250.));
#311=CARTESIAN_POINT('Ctrl Pts',(-197.87495410604,49.1276969908684,-250.));
#312=CARTESIAN_POINT('Ctrl Pts',(-195.523440898847,49.4313014091157,-250.));
#313=CARTESIAN_POINT('Ctrl Pts',(-193.169314262394,49.7342288523061,-250.));
#314=CARTESIAN_POINT('Ctrl Pts',(-190.812615561171,50.0364539413572,-250.));
#315=CARTESIAN_POINT('Ctrl Pts',(-188.453384372469,50.3379492043339,-250.));
#316=CARTESIAN_POINT('Ctrl Pts',(-186.091657927616,50.638688779938,-250.));
#317=CARTESIAN_POINT('Ctrl Pts',(-183.727470599788,50.9386517695174,-250.));
#318=CARTESIAN_POINT('Ctrl Pts',(-181.360853275468,51.2378260701565,-250.));
#319=CARTESIAN_POINT('Ctrl Pts',(-178.99183305969,51.5362110286667,-250.));
#320=CARTESIAN_POINT('Ctrl Pts',(-176.620435153133,51.8338126597739,-250.));
#321=CARTESIAN_POINT('Ctrl Pts',(-174.246684498705,52.1306396543606,-250.));
#322=CARTESIAN_POINT('Ctrl Pts',(-171.870607506887,52.4266991063411,-250.));
#323=CARTESIAN_POINT('Ctrl Pts',(-169.492233770388,52.7219923078315,-250.));
#324=CARTESIAN_POINT('Ctrl Pts',(-167.111597729614,53.016510636182,-250.));
#325=CARTESIAN_POINT('Ctrl Pts',(-164.728740506507,53.3102310696675,-250.));
#326=CARTESIAN_POINT('Ctrl Pts',(-162.343707626088,53.6031209695163,-250.));
#327=CARTESIAN_POINT('Ctrl Pts',(-159.956546507453,53.8951433830115,-250.));
#328=CARTESIAN_POINT('Ctrl Pts',(-157.567304087756,54.1862620464917,-250.));
#329=CARTESIAN_POINT('Ctrl Pts',(-155.176024279701,54.4764467631886,-250.));
#330=CARTESIAN_POINT('Ctrl Pts',(-152.782745758509,54.7656780400865,-250.));
#331=CARTESIAN_POINT('Ctrl Pts',(-150.387498944711,55.0539535330043,-250.));
#332=CARTESIAN_POINT('Ctrl Pts',(-147.990307315473,55.3412847512415,-250.));
#333=CARTESIAN_POINT('Ctrl Pts',(-145.591190342733,55.6276900850051,-250.));
#334=CARTESIAN_POINT('Ctrl Pts',(-143.190165852666,55.9131891686773,-250.));
#335=CARTESIAN_POINT('Ctrl Pts',(-140.787252730547,56.1977963899707,-250.));
#336=CARTESIAN_POINT('Ctrl Pts',(-138.382473235974,56.4815154547607,-250.));
#337=CARTESIAN_POINT('Ctrl Pts',(-135.97585607942,56.7643318027748,-250.));
#338=CARTESIAN_POINT('Ctrl Pts',(-133.567436923704,57.0462123673433,-250.));
#339=CARTESIAN_POINT('Ctrl Pts',(-131.157255897091,57.3271138942722,-250.));
#340=CARTESIAN_POINT('Ctrl Pts',(-128.745355891929,57.6069889831424,-250.));
#341=CARTESIAN_POINT('Ctrl Pts',(-126.331780516876,57.885793190149,-250.));
#342=CARTESIAN_POINT('Ctrl Pts',(-123.916572259425,58.1634913652422,-250.));
#343=CARTESIAN_POINT('Ctrl Pts',(-121.499770409763,58.4400650626688,-250.));
#344=CARTESIAN_POINT('Ctrl Pts',(-119.081409532599,58.7155172558601,-250.));
#345=CARTESIAN_POINT('Ctrl Pts',(-116.661520516439,58.9898641470935,-250.));
#346=CARTESIAN_POINT('Ctrl Pts',(-114.24013129023,59.2631286147265,-250.));
#347=CARTESIAN_POINT('Ctrl Pts',(-111.817267667174,59.5353331055727,-250.));
#348=CARTESIAN_POINT('Ctrl Pts',(-109.392954138327,59.8064925806852,-250.));
#349=CARTESIAN_POINT('Ctrl Pts',(-106.967214678502,60.0766078682151,-250.));
#350=CARTESIAN_POINT('Ctrl Pts',(-104.540073571274,60.3456576959393,-250.));
#351=CARTESIAN_POINT('Ctrl Pts',(-102.111555968736,60.613604233722,-250.));
#352=CARTESIAN_POINT('Ctrl Pts',(-99.6816884243048,60.8804006378499,-250.));
#353=CARTESIAN_POINT('Ctrl Pts',(-97.2504994110113,61.1459977367912,-250.));
#354=CARTESIAN_POINT('Ctrl Pts',(-94.818019900174,61.4103514177685,-250.));
#355=CARTESIAN_POINT('Ctrl Pts',(-92.3842837877983,61.6734289223402,-250.));
#356=CARTESIAN_POINT('Ctrl Pts',(-89.9493287005552,61.9352175745195,-250.));
#357=CARTESIAN_POINT('Ctrl Pts',(-87.5131953303502,62.1957242926277,-250.));
#358=CARTESIAN_POINT('Ctrl Pts',(-85.0759254964592,62.4549672009019,-250.));
#359=CARTESIAN_POINT('Ctrl Pts',(-82.6375605851785,62.7129695298588,-250.));
#360=CARTESIAN_POINT('Ctrl Pts',(-80.1981397940869,62.9697524428825,-250.));
#361=CARTESIAN_POINT('Ctrl Pts',(-77.7576985534125,63.2253286338391,-250.));
#362=CARTESIAN_POINT('Ctrl Pts',(-75.3162666477628,63.4796948490641,-250.));
#363=CARTESIAN_POINT('Ctrl Pts',(-72.8738671415755,63.732827119286,-250.));
#364=CARTESIAN_POINT('Ctrl Pts',(-70.430518920039,63.9846880291868,-250.));
#365=CARTESIAN_POINT('Ctrl Pts',(-67.9862387505786,64.2352323855349,-250.));
#366=CARTESIAN_POINT('Ctrl Pts',(-65.5410435011635,64.4844134285419,-250.));
#367=CARTESIAN_POINT('Ctrl Pts',(-63.0949523593052,64.732188992519,-250.));
#368=CARTESIAN_POINT('Ctrl Pts',(-60.6479888922753,64.9785272639631,-250.));
#369=CARTESIAN_POINT('Ctrl Pts',(-58.2001835926682,65.2234138294497,-250.));
#370=CARTESIAN_POINT('Ctrl Pts',(-55.7515725343481,65.4668483144084,-250.));
#371=CARTESIAN_POINT('Ctrl Pts',(-53.3021952349149,65.7088388970918,-250.));
#372=CARTESIAN_POINT('Ctrl Pts',(-50.8520928266806,65.9493976464091,-250.));
#373=CARTESIAN_POINT('Ctrl Pts',(-48.401306022935,66.1885353179394,-250.));
#374=CARTESIAN_POINT('Ctrl Pts',(-45.949873346675,66.4262568375534,-250.));
#375=CARTESIAN_POINT('Ctrl Pts',(-43.497828817813,66.6625553721288,-250.));
#376=CARTESIAN_POINT('Ctrl Pts',(-41.0452014723013,66.8974111755996,-250.));
#377=CARTESIAN_POINT('Ctrl Pts',(-38.5920171264212,67.1307962868339,-250.));
#378=CARTESIAN_POINT('Ctrl Pts',(-36.138299565971,67.3626777281634,-250.));
#379=CARTESIAN_POINT('Ctrl Pts',(-33.6840719768388,67.5930213342314,-250.));
#380=CARTESIAN_POINT('Ctrl Pts',(-31.2293582542447,67.8217952617182,-250.));
#381=CARTESIAN_POINT('Ctrl Pts',(-28.7741844069589,68.0489737534804,-250.));
#382=CARTESIAN_POINT('Ctrl Pts',(-26.3185797990292,68.2745404603571,-250.));
#383=CARTESIAN_POINT('Ctrl Pts',(-23.8625762416961,68.4984858837528,-250.));
#384=CARTESIAN_POINT('Ctrl Pts',(-21.406207197052,68.7208051224604,-250.));
#385=CARTESIAN_POINT('Ctrl Pts',(-18.9495069514994,68.9414955408779,-250.));
#386=CARTESIAN_POINT('Ctrl Pts',(-16.4925097751703,69.1605543891416,-250.));
#387=CARTESIAN_POINT('Ctrl Pts',(-14.0352491502074,69.3779766344173,-250.));
#388=CARTESIAN_POINT('Ctrl Pts',(-11.5777568094939,69.5937522164057,-250.));
#389=CARTESIAN_POINT('Ctrl Pts',(-9.12006271913187,69.8078661669912,-250.));
#390=CARTESIAN_POINT('Ctrl Pts',(-6.6621954917566,70.0203000421446,-250.));
#391=CARTESIAN_POINT('Ctrl Pts',(-4.2041826622162,70.2310329260622,-250.));
#392=CARTESIAN_POINT('Ctrl Pts',(-1.74605102154421,70.4400426353673,-250.));
#393=CARTESIAN_POINT('Ctrl Pts',(0.712173076543468,70.647306786115,-250.));
#394=CARTESIAN_POINT('Ctrl Pts',(3.17046339136452,70.8528040437312,-250.));
#395=CARTESIAN_POINT('Ctrl Pts',(5.6287934980111,71.0565148943272,-250.));
#396=CARTESIAN_POINT('Ctrl Pts',(8.08713654764081,71.2584212333043,-250.));
#397=CARTESIAN_POINT('Ctrl Pts',(10.5454650152886,71.4585061768523,-250.));
#398=CARTESIAN_POINT('Ctrl Pts',(13.0037504567809,71.6567537865029,-250.));
#399=CARTESIAN_POINT('Ctrl Pts',(15.4619632521548,71.8531488276734,-250.));
#400=CARTESIAN_POINT('Ctrl Pts',(17.9200723775056,72.0476765209611,-250.));
#401=CARTESIAN_POINT('Ctrl Pts',(20.378045103594,72.2403222766551,-250.));
#402=CARTESIAN_POINT('Ctrl Pts',(22.8358476335964,72.4310717371981,-250.));
#403=CARTESIAN_POINT('Ctrl Pts',(25.2934458463212,72.6199108583548,-250.));
#404=CARTESIAN_POINT('Ctrl Pts',(27.7508059815398,72.8068259651382,-250.));
#405=CARTESIAN_POINT('Ctrl Pts',(30.2078953950374,72.9918038437969,-250.));
#406=CARTESIAN_POINT('Ctrl Pts',(32.6646831782196,73.1748317591497,-250.));
#407=CARTESIAN_POINT('Ctrl Pts',(35.1211410974355,73.3558976506819,-250.));
#408=CARTESIAN_POINT('Ctrl Pts',(37.5772433374718,73.5349896571985,-250.));
#409=CARTESIAN_POINT('Ctrl Pts',(40.032965125503,73.7120950075543,-250.));
#410=CARTESIAN_POINT('Ctrl Pts',(42.4882816739075,73.8871990991692,-250.));
#411=CARTESIAN_POINT('Ctrl Pts',(44.9431669711762,74.060284471864,-250.));
#412=CARTESIAN_POINT('Ctrl Pts',(47.3975926871405,74.23132989059,-250.));
#413=CARTESIAN_POINT('Ctrl Pts',(49.8515269115973,74.4003092285739,-250.));
#414=CARTESIAN_POINT('Ctrl Pts',(52.3049333098529,74.567190885076,-250.));
#415=CARTESIAN_POINT('Ctrl Pts',(54.7577729421405,74.7319406556188,-250.));
#416=CARTESIAN_POINT('Ctrl Pts',(57.2100058130995,74.8945242592707,-250.));
#417=CARTESIAN_POINT('Ctrl Pts',(59.6615924959059,75.0549099440045,-250.));
#418=CARTESIAN_POINT('Ctrl Pts',(62.1124957910517,75.2130711815298,-250.));
#419=CARTESIAN_POINT('Ctrl Pts',(64.5626822144995,75.3689890360257,-250.));
#420=CARTESIAN_POINT('Ctrl Pts',(67.0121239638756,75.5226554206873,-250.));
#421=CARTESIAN_POINT('Ctrl Pts',(69.4607978036076,75.6740706551891,-250.));
#422=CARTESIAN_POINT('Ctrl Pts',(71.9086830782347,75.8232394038976,-250.));
#423=CARTESIAN_POINT('Ctrl Pts',(74.3557600492906,75.9701672290377,-250.));
#424=CARTESIAN_POINT('Ctrl Pts',(76.8020080310329,76.1148567330414,-250.));
#425=CARTESIAN_POINT('Ctrl Pts',(79.2474037649983,76.2573042332574,-250.));
#426=CARTESIAN_POINT('Ctrl Pts',(81.691919318756,76.3974953365652,-250.));
#427=CARTESIAN_POINT('Ctrl Pts',(84.1355215386607,76.5354041383815,-250.));
#428=CARTESIAN_POINT('Ctrl Pts',(86.578173655574,76.6709974560738,-250.));
#429=CARTESIAN_POINT('Ctrl Pts',(89.0198363619535,76.8042378199956,-250.));
#430=CARTESIAN_POINT('Ctrl Pts',(91.46046910876,76.9350869937171,-250.));
#431=CARTESIAN_POINT('Ctrl Pts',(93.9000312946005,77.0635092067189,-250.));
#432=CARTESIAN_POINT('Ctrl Pts',(96.3384835338193,77.1894746560157,-250.));
#433=CARTESIAN_POINT('Ctrl Pts',(98.7757887969225,77.3129624759605,-250.));
#434=CARTESIAN_POINT('Ctrl Pts',(101.211912254821,77.4339580443951,-250.));
#435=CARTESIAN_POINT('Ctrl Pts',(103.646821215746,77.5524506576312,-250.));
#436=CARTESIAN_POINT('Ctrl Pts',(106.080485017198,77.6684311052398,-250.));
#437=CARTESIAN_POINT('Ctrl Pts',(108.512874959599,77.781889197673,-250.));
#438=CARTESIAN_POINT('Ctrl Pts',(110.943964169058,77.8928115244775,-250.));
#439=CARTESIAN_POINT('Ctrl Pts',(113.373727628405,78.0011785672702,-250.));
#440=CARTESIAN_POINT('Ctrl Pts',(115.802141159763,78.1069659235256,-250.));
#441=CARTESIAN_POINT('Ctrl Pts',(118.229180089766,78.2101467256849,-250.));
#442=CARTESIAN_POINT('Ctrl Pts',(120.65481805976,78.310693606443,-250.));
#443=CARTESIAN_POINT('Ctrl Pts',(123.07902569007,78.4085809685927,-250.));
#444=CARTESIAN_POINT('Ctrl Pts',(125.50176950496,78.5037868579162,-250.));
#445=CARTESIAN_POINT('Ctrl Pts',(127.923010257297,78.5962956629104,-250.));
#446=CARTESIAN_POINT('Ctrl Pts',(130.34270339253,78.6860979311626,-250.));
#447=CARTESIAN_POINT('Ctrl Pts',(132.760801881047,78.773187010155,-250.));
#448=CARTESIAN_POINT('Ctrl Pts',(135.177258396861,78.8575565594422,-250.));
#449=CARTESIAN_POINT('Ctrl Pts',(137.592027825667,78.9391976329692,-250.));
#450=CARTESIAN_POINT('Ctrl Pts',(140.005069486711,79.0180961178172,-250.));
#451=CARTESIAN_POINT('Ctrl Pts',(142.416349825633,79.0942296065285,-250.));
#452=CARTESIAN_POINT('Ctrl Pts',(144.825843839256,79.1675657783293,-250.));
#453=CARTESIAN_POINT('Ctrl Pts',(147.233531558375,79.2380666471114,-250.));
#454=CARTESIAN_POINT('Ctrl Pts',(149.639395265177,79.3056919381888,-250.));
#455=CARTESIAN_POINT('Ctrl Pts',(152.043416430917,79.370402795763,-250.));
#456=CARTESIAN_POINT('Ctrl Pts',(154.445572756291,79.4321653713953,-250.));
#457=CARTESIAN_POINT('Ctrl Pts',(156.84583520665,79.4909544118396,-250.));
#458=CARTESIAN_POINT('Ctrl Pts',(159.244164941576,79.5467569906637,-250.));
#459=CARTESIAN_POINT('Ctrl Pts',(161.640516019132,79.5995684947259,-250.));
#460=CARTESIAN_POINT('Ctrl Pts',(164.034838267313,79.6493883790551,-250.));
#461=CARTESIAN_POINT('Ctrl Pts',(166.427080051046,79.6962160799932,-250.));
#462=CARTESIAN_POINT('Ctrl Pts',(168.817191179842,79.7400466969071,-250.));
#463=CARTESIAN_POINT('Ctrl Pts',(171.205125529107,79.7808671584763,-250.));
#464=CARTESIAN_POINT('Ctrl Pts',(173.590844370736,79.8186511810734,-250.));
#465=CARTESIAN_POINT('Ctrl Pts',(175.974315309308,79.8533617278837,-250.));
#466=CARTESIAN_POINT('Ctrl Pts',(178.355509950418,79.8849556452445,-250.));
#467=CARTESIAN_POINT('Ctrl Pts',(180.734402026864,79.9133874907319,-250.));
#468=CARTESIAN_POINT('Ctrl Pts',(183.110965262801,79.9386138694068,-250.));
#469=CARTESIAN_POINT('Ctrl Pts',(185.485171514278,79.9605971564836,-250.));
#470=CARTESIAN_POINT('Ctrl Pts',(187.856988379738,79.9793104761581,-250.));
#471=CARTESIAN_POINT('Ctrl Pts',(190.226378924302,79.9947375852459,-250.));
#472=CARTESIAN_POINT('Ctrl Pts',(192.593302776637,80.006869423311,-250.));
#473=CARTESIAN_POINT('Ctrl Pts',(194.957716812269,80.0157016901513,-250.));
#474=CARTESIAN_POINT('Ctrl Pts',(197.319576016062,80.0212319294245,-250.));
#475=CARTESIAN_POINT('Ctrl Pts',(199.678834248282,80.0234569856299,-250.));
#476=CARTESIAN_POINT('Ctrl Pts',(202.035445100282,80.0223699029299,-250.));
#477=CARTESIAN_POINT('Ctrl Pts',(204.389362530004,80.0179585756235,-250.));
#478=CARTESIAN_POINT('Ctrl Pts',(206.740541277525,80.0102063418537,-250.));
#479=CARTESIAN_POINT('Ctrl Pts',(209.088937322254,79.9990920843868,-250.));
#480=CARTESIAN_POINT('Ctrl Pts',(211.434508355038,79.9845905071458,-250.));
#481=CARTESIAN_POINT('Ctrl Pts',(213.777214170504,79.9666723935973,-250.));
#482=CARTESIAN_POINT('Ctrl Pts',(216.11701727236,79.9453047338796,-250.));
#483=CARTESIAN_POINT('Ctrl Pts',(218.453882765923,79.9204513926877,-250.));
#484=CARTESIAN_POINT('Ctrl Pts',(220.787777035421,79.8920747389461,-250.));
#485=CARTESIAN_POINT('Ctrl Pts',(223.118666713874,79.8601370329595,-250.));
#486=CARTESIAN_POINT('Ctrl Pts',(225.446517503806,79.8246019567136,-250.));
#487=CARTESIAN_POINT('Ctrl Pts',(227.77129313417,79.7854359782025,-250.));
#488=CARTESIAN_POINT('Ctrl Pts',(230.092954083276,79.7426100408593,-250.));
#489=CARTESIAN_POINT('Ctrl Pts',(232.411456987866,79.6961002658864,-250.));
#490=CARTESIAN_POINT('Ctrl Pts',(234.726755445043,79.6458866321086,-250.));
#491=CARTESIAN_POINT('Ctrl Pts',(237.038800524433,79.5919520822206,-250.));
#492=CARTESIAN_POINT('Ctrl Pts',(239.347541391953,79.5342814539466,-250.));
#493=CARTESIAN_POINT('Ctrl Pts',(241.652925895298,79.4728604970373,-250.));
#494=CARTESIAN_POINT('Ctrl Pts',(243.95490114303,79.4076748267681,-250.));
#495=CARTESIAN_POINT('Ctrl Pts',(246.253414165048,79.3387089913692,-250.));
#496=CARTESIAN_POINT('Ctrl Pts',(248.548412788191,79.2659457103355,-250.));
#497=CARTESIAN_POINT('Ctrl Pts',(250.839846435832,79.1893651097803,-250.));
#498=CARTESIAN_POINT('Ctrl Pts',(253.127667020802,79.1089438914435,-250.));
#499=CARTESIAN_POINT('Ctrl Pts',(255.411829653745,79.0246546851831,-250.));
#500=CARTESIAN_POINT('Ctrl Pts',(257.692293783475,78.9364649444635,-250.));
#501=CARTESIAN_POINT('Ctrl Pts',(259.969022910536,78.844337369508,-250.));
#502=CARTESIAN_POINT('Ctrl Pts',(262.241981976189,78.7482328292057,-250.));
#503=CARTESIAN_POINT('Ctrl Pts',(264.51113534658,78.6481126377581,-250.));
#504=CARTESIAN_POINT('Ctrl Pts',(266.776444441738,78.5439412265639,-250.));
#505=CARTESIAN_POINT('Ctrl Pts',(269.037865782663,78.4356883350033,-250.));
#506=CARTESIAN_POINT('Ctrl Pts',(271.295348201155,78.3233321788431,-250.));
#507=CARTESIAN_POINT('Ctrl Pts',(273.548833007304,78.2068591535185,-250.));
#508=CARTESIAN_POINT('Ctrl Pts',(275.798257162425,78.0862600163637,-250.));
#509=CARTESIAN_POINT('Ctrl Pts',(278.0435555879,77.9615270777795,-250.));
#510=CARTESIAN_POINT('Ctrl Pts',(280.284663942927,77.8326508520738,-250.));
#511=CARTESIAN_POINT('Ctrl Pts',(282.521520932322,77.6996172372466,-250.));
#512=CARTESIAN_POINT('Ctrl Pts',(284.754071498849,77.5624037129195,-250.));
#513=CARTESIAN_POINT('Ctrl Pts',(286.982266101566,77.4209798645093,-250.));
#514=CARTESIAN_POINT('Ctrl Pts',(289.206058063745,77.2753100335966,-250.));
#515=CARTESIAN_POINT('Ctrl Pts',(291.425401547022,77.1253552883718,-250.));
#516=CARTESIAN_POINT('Ctrl Pts',(293.640249218576,76.9710757065947,-250.));
#517=CARTESIAN_POINT('Ctrl Pts',(295.850550160068,76.812432453556,-250.));
#518=CARTESIAN_POINT('Ctrl Pts',(298.056247378908,76.6493901377242,-250.));
#519=CARTESIAN_POINT('Ctrl Pts',(300.257279204547,76.4819166309652,-250.));
#520=CARTESIAN_POINT('Ctrl Pts',(302.453581123969,76.3099825939316,-250.));
#521=CARTESIAN_POINT('Ctrl Pts',(304.645087489694,76.133561111862,-250.));
#522=CARTESIAN_POINT('Ctrl Pts',(306.831733218294,75.9526272697911,-250.));
#523=CARTESIAN_POINT('Ctrl Pts',(309.013455643461,75.7671577874875,-250.));
#524=CARTESIAN_POINT('Ctrl Pts',(311.190195851225,75.5771305258035,-250.));
#525=CARTESIAN_POINT('Ctrl Pts',(313.361897268021,75.3825233146556,-250.));
#526=CARTESIAN_POINT('Ctrl Pts',(315.528504612931,75.1833129092305,-250.));
#527=CARTESIAN_POINT('Ctrl Pts',(317.689962683635,74.9794738089339,-250.));
#528=CARTESIAN_POINT('Ctrl Pts',(319.846215270497,74.7709773355893,-250.));
#529=CARTESIAN_POINT('Ctrl Pts',(321.997203873656,74.557790102818,-250.));
#530=CARTESIAN_POINT('Ctrl Pts',(324.142867084806,74.3398747850544,-250.));
#531=CARTESIAN_POINT('Ctrl Pts',(326.283140548103,74.1171929611541,-250.));
#532=CARTESIAN_POINT('Ctrl Pts',(328.41795676501,73.8897073593665,-250.));
#533=CARTESIAN_POINT('Ctrl Pts',(330.547244952827,73.6573843922597,-250.));
#534=CARTESIAN_POINT('Ctrl Pts',(332.670930904065,73.4201964631907,-250.));
#535=CARTESIAN_POINT('Ctrl Pts',(334.788936781406,73.1781246511255,-250.));
#536=CARTESIAN_POINT('Ctrl Pts',(336.901182523664,72.9311542810968,-250.));
#537=CARTESIAN_POINT('Ctrl Pts',(339.007587299475,72.6792702948662,-250.));
#538=CARTESIAN_POINT('Ctrl Pts',(341.108071010484,72.4224524151898,-250.));
#539=CARTESIAN_POINT('Ctrl Pts',(343.20255562169,72.1606710287483,-250.));
#540=CARTESIAN_POINT('Ctrl Pts',(345.290966937572,71.8938812163513,-250.));
#541=CARTESIAN_POINT('Ctrl Pts',(347.37323481246,71.6220232895448,-250.));
#542=CARTESIAN_POINT('Ctrl Pts',(349.449291366167,71.3450316128687,-250.));
#543=CARTESIAN_POINT('Ctrl Pts',(351.519069701803,71.0628413444063,-250.));
#544=CARTESIAN_POINT('Ctrl Pts',(353.582502422366,70.775396001414,-250.));
#545=CARTESIAN_POINT('Ctrl Pts',(355.63952022752,70.4826547194314,-250.));
#546=CARTESIAN_POINT('Ctrl Pts',(357.690050490872,70.1845995070213,-250.));
#547=CARTESIAN_POINT('Ctrl Pts',(359.7340165556,69.8812259836528,-250.));
#548=CARTESIAN_POINT('Ctrl Pts',(361.771337063928,69.5725345691981,-250.));
#549=CARTESIAN_POINT('Ctrl Pts',(363.801925177685,69.258521061745,-250.));
#550=CARTESIAN_POINT('Ctrl Pts',(365.825688065604,68.9391684832295,-250.));
#551=CARTESIAN_POINT('Ctrl Pts',(367.842525719043,68.6144358311212,-250.));
#552=CARTESIAN_POINT('Ctrl Pts',(369.852332906741,68.2842613084605,-250.));
#553=CARTESIAN_POINT('Ctrl Pts',(371.855002571496,67.9485724857728,-250.));
#554=CARTESIAN_POINT('Ctrl Pts',(373.850428949369,67.6072946154766,-250.));
#555=CARTESIAN_POINT('Ctrl Pts',(375.838510414365,67.26035897924,-250.));
#556=CARTESIAN_POINT('Ctrl Pts',(377.81915338454,66.9077129993735,-250.));
#557=CARTESIAN_POINT('Ctrl Pts',(379.7922724656,66.5493233494775,-250.));
#558=CARTESIAN_POINT('Ctrl Pts',(381.757784691808,66.1851677635512,-250.));
#559=CARTESIAN_POINT('Ctrl Pts',(383.715605019987,65.8152294004777,-250.));
#560=CARTESIAN_POINT('Ctrl Pts',(385.665641600687,65.4394904023269,-250.));
#561=CARTESIAN_POINT('Ctrl Pts',(387.607790476084,65.0579252655366,-250.));
#562=CARTESIAN_POINT('Ctrl Pts',(389.541932563579,64.6704959181786,-250.));
#563=CARTESIAN_POINT('Ctrl Pts',(391.467940190419,64.2771545363955,-250.));
#564=CARTESIAN_POINT('Ctrl Pts',(393.385682273216,63.8778451862494,-250.));
#565=CARTESIAN_POINT('Ctrl Pts',(395.295029865733,63.4725059243946,-250.));
#566=CARTESIAN_POINT('Ctrl Pts',(397.195861928264,63.0610707066759,-250.));
#567=CARTESIAN_POINT('Ctrl Pts',(399.088069906074,62.6434713680091,-250.));
#568=CARTESIAN_POINT('Ctrl Pts',(400.971551372557,62.2196394051857,-250.));
#569=CARTESIAN_POINT('Ctrl Pts',(402.846204595117,61.7895078127909,-250.));
#570=CARTESIAN_POINT('Ctrl Pts',(404.711922881125,61.3530128512454,-250.));
#571=CARTESIAN_POINT('Ctrl Pts',(406.568588705684,60.9100959528764,-250.));
#572=CARTESIAN_POINT('Ctrl Pts',(408.416068831913,60.4607052515322,-250.));
#573=CARTESIAN_POINT('Ctrl Pts',(410.254218761164,60.0047936952109,-250.));
#574=CARTESIAN_POINT('Ctrl Pts',(412.082886454073,59.5423174876952,-250.));
#575=CARTESIAN_POINT('Ctrl Pts',(413.901916162635,59.073234332609,-250.));
#576=CARTESIAN_POINT('Ctrl Pts',(415.711152608725,58.5975019292541,-250.));
#577=CARTESIAN_POINT('Ctrl Pts',(417.510443824158,58.1150758685299,-250.));
#578=CARTESIAN_POINT('Ctrl Pts',(419.299638077518,57.6259054945153,-250.));
#579=CARTESIAN_POINT('Ctrl Pts',(421.078581558195,57.1299297075512,-250.));
#580=CARTESIAN_POINT('Ctrl Pts',(422.847115957791,56.6270735063059,-250.));
#581=CARTESIAN_POINT('Ctrl Pts',(424.605075633741,56.1172425040123,-250.));
#582=CARTESIAN_POINT('Ctrl Pts',(426.352286557548,55.600324231753,-250.));
#583=CARTESIAN_POINT('Ctrl Pts',(428.088568265959,55.0762001033878,-250.));
#584=CARTESIAN_POINT('Ctrl Pts',(429.813735155319,54.5447554744975,-250.));
#585=CARTESIAN_POINT('Ctrl Pts',(431.527597948871,54.0058892622825,-250.));
#586=CARTESIAN_POINT('Ctrl Pts',(433.229965320038,53.4595267830967,-250.));
#587=CARTESIAN_POINT('Ctrl Pts',(434.920644241683,52.9056150719361,-250.));
#588=CARTESIAN_POINT('Ctrl Pts',(436.599439733832,52.3441097650915,-250.));
#589=CARTESIAN_POINT('Ctrl Pts',(438.266154736785,51.7749648079313,-250.));
#590=CARTESIAN_POINT('Ctrl Pts',(439.920590084258,51.1981206670222,-250.));
#591=CARTESIAN_POINT('Ctrl Pts',(441.562544021373,50.6134940845286,-250.));
#592=CARTESIAN_POINT('Ctrl Pts',(443.191805894549,50.0209834812155,-250.));
#593=CARTESIAN_POINT('Ctrl Pts',(444.808149644233,49.420473752821,-250.));
#594=CARTESIAN_POINT('Ctrl Pts',(446.411328424431,48.8118409295533,-250.));
#595=CARTESIAN_POINT('Ctrl Pts',(448.001066175435,48.19495777567,-250.));
#596=CARTESIAN_POINT('Ctrl Pts',(449.57706171017,47.5696951333183,-250.));
#597=CARTESIAN_POINT('Ctrl Pts',(451.139002722418,46.9359198158879,-250.));
#598=CARTESIAN_POINT('Ctrl Pts',(452.686576291897,46.2934937512695,-250.));
#599=CARTESIAN_POINT('Ctrl Pts',(454.219482232782,45.642272058533,-250.));
#600=CARTESIAN_POINT('Ctrl Pts',(455.737441067114,44.9821032064646,-250.));
#601=CARTESIAN_POINT('Ctrl Pts',(457.240177873878,44.3128382479377,-250.));
#602=CARTESIAN_POINT('Ctrl Pts',(458.727408928582,43.6343392652483,-250.));
#603=CARTESIAN_POINT('Ctrl Pts',(460.19882779017,42.9464873745873,-250.));
#604=CARTESIAN_POINT('Ctrl Pts',(461.654090235326,42.2491929158874,-250.));
#605=CARTESIAN_POINT('Ctrl Pts',(463.092819388527,41.5423740813805,-250.));
#606=CARTESIAN_POINT('Ctrl Pts',(464.514613367681,40.8259304286764,-250.));
#607=CARTESIAN_POINT('Ctrl Pts',(465.919051562786,40.0997214560061,-250.));
#608=CARTESIAN_POINT('Ctrl Pts',(467.30570263781,39.3635349566243,-250.));
#609=CARTESIAN_POINT('Ctrl Pts',(468.674124791911,38.6171110898088,-250.));
#610=CARTESIAN_POINT('Ctrl Pts',(470.023863570028,37.8601886272163,-250.));
#611=CARTESIAN_POINT('Ctrl Pts',(471.354450240469,37.0925388034465,-250.));
#612=CARTESIAN_POINT('Ctrl Pts',(472.665400505521,36.3140168162398,-250.));
#613=CARTESIAN_POINT('Ctrl Pts',(473.956209926384,35.5245366893192,-250.));
#614=CARTESIAN_POINT('Ctrl Pts',(475.226347639339,34.7240099448416,-250.));
#615=CARTESIAN_POINT('Ctrl Pts',(476.475250834747,33.9123013667105,-250.));
#616=CARTESIAN_POINT('Ctrl Pts',(477.702318405348,33.0891638911178,-250.));
#617=CARTESIAN_POINT('Ctrl Pts',(478.90690818277,32.2542740750424,-250.));
#618=CARTESIAN_POINT('Ctrl Pts',(480.088334930321,31.4072980057142,-250.));
#619=CARTESIAN_POINT('Ctrl Pts',(481.245868576778,30.5479453731811,-250.));
#620=CARTESIAN_POINT('Ctrl Pts',(482.378731137832,29.6760329874817,-250.));
#621=CARTESIAN_POINT('Ctrl Pts',(483.486115820773,28.7914415941553,-250.));
#622=CARTESIAN_POINT('Ctrl Pts',(484.567204777428,27.8940707004083,-250.));
#623=CARTESIAN_POINT('Ctrl Pts',(485.621192450819,26.9837884112355,-250.));
#624=CARTESIAN_POINT('Ctrl Pts',(486.647290558967,26.0604006932556,-250.));
#625=CARTESIAN_POINT('Ctrl Pts',(487.644666293846,25.1236853089078,-250.));
#626=CARTESIAN_POINT('Ctrl Pts',(488.612399709251,24.173413655515,-250.));
#627=CARTESIAN_POINT('Ctrl Pts',(489.549415957418,23.2093795508142,-250.));
#628=CARTESIAN_POINT('Ctrl Pts',(490.454518351239,22.2314135033751,-250.));
#629=CARTESIAN_POINT('Ctrl Pts',(491.326463184471,21.2393912633694,-250.));
#630=CARTESIAN_POINT('Ctrl Pts',(492.164028576904,20.2332450401272,-250.));
#631=CARTESIAN_POINT('Ctrl Pts',(492.966064966528,19.2129709172762,-250.));
#632=CARTESIAN_POINT('Ctrl Pts',(493.731438892984,18.1786245521489,-250.));
#633=CARTESIAN_POINT('Ctrl Pts',(494.458995154717,17.130317563875,-250.));
#634=CARTESIAN_POINT('Ctrl Pts',(495.147506630504,16.0682156778736,-250.));
#635=CARTESIAN_POINT('Ctrl Pts',(495.79568037715,14.9925260275793,-250.));
#636=CARTESIAN_POINT('Ctrl Pts',(496.402176878096,13.9034908526339,-250.));
#637=CARTESIAN_POINT('Ctrl Pts',(496.965616073881,12.8013623616946,-250.));
#638=CARTESIAN_POINT('Ctrl Pts',(497.484623310107,11.6864498444787,-250.));
#639=CARTESIAN_POINT('Ctrl Pts',(497.957896379157,10.5592026486118,-250.));
#640=CARTESIAN_POINT('Ctrl Pts',(498.38427979298,9.42031523280302,-250.));
#641=CARTESIAN_POINT('Ctrl Pts',(498.762794247268,8.27072176147979,-250.));
#642=CARTESIAN_POINT('Ctrl Pts',(499.092584227392,7.11140474656241,-250.));
#643=CARTESIAN_POINT('Ctrl Pts',(499.372875384981,5.94320988166807,-250.));
#644=CARTESIAN_POINT('Ctrl Pts',(499.602951882535,4.76675715803747,-250.));
#645=CARTESIAN_POINT('Ctrl Pts',(499.782235489842,3.58277714592296,-250.));
#646=CARTESIAN_POINT('Ctrl Pts',(499.910354734679,2.39239802662394,-250.));
#647=CARTESIAN_POINT('Ctrl Pts',(499.987201131114,1.19740580601966,-250.));
#648=CARTESIAN_POINT('Ctrl Pts',(500.012800480496,-3.0591848498851E-13,
-250.));
#649=CARTESIAN_POINT('Ctrl Pts',(499.987201131112,-1.19740580602022,-250.));
#650=CARTESIAN_POINT('Ctrl Pts',(499.910354734678,-2.39239802662439,-250.));
#651=CARTESIAN_POINT('Ctrl Pts',(499.782235489843,-3.58277714592352,-250.));
#652=CARTESIAN_POINT('Ctrl Pts',(499.602951882534,-4.7667571580382,-250.));
#653=CARTESIAN_POINT('Ctrl Pts',(499.37287538498,-5.94320988166873,-250.));
#654=CARTESIAN_POINT('Ctrl Pts',(499.092584227392,-7.11140474656295,-250.));
#655=CARTESIAN_POINT('Ctrl Pts',(498.762794247268,-8.27072176148038,-250.));
#656=CARTESIAN_POINT('Ctrl Pts',(498.384279792981,-9.42031523280371,-250.));
#657=CARTESIAN_POINT('Ctrl Pts',(497.957896379156,-10.5592026486126,-250.));
#658=CARTESIAN_POINT('Ctrl Pts',(497.484623310107,-11.6864498444791,-250.));
#659=CARTESIAN_POINT('Ctrl Pts',(496.965616073884,-12.8013623616947,-250.));
#660=CARTESIAN_POINT('Ctrl Pts',(496.402176878099,-13.9034908526341,-250.));
#661=CARTESIAN_POINT('Ctrl Pts',(495.795680377148,-14.9925260275802,-250.));
#662=CARTESIAN_POINT('Ctrl Pts',(495.147506630497,-16.068215677875,-250.));
#663=CARTESIAN_POINT('Ctrl Pts',(494.458995154711,-17.1303175638761,-250.));
#664=CARTESIAN_POINT('Ctrl Pts',(493.731438892985,-18.1786245521493,-250.));
#665=CARTESIAN_POINT('Ctrl Pts',(492.966064966536,-19.2129709172764,-250.));
#666=CARTESIAN_POINT('Ctrl Pts',(492.164028576913,-20.2332450401276,-250.));
#667=CARTESIAN_POINT('Ctrl Pts',(491.326463184473,-21.23939126337,-250.));
#668=CARTESIAN_POINT('Ctrl Pts',(490.45451835123,-22.2314135033757,-250.));
#669=CARTESIAN_POINT('Ctrl Pts',(489.549415957404,-23.2093795508148,-250.));
#670=CARTESIAN_POINT('Ctrl Pts',(488.612399709244,-24.1734136555156,-250.));
#671=CARTESIAN_POINT('Ctrl Pts',(487.644666293848,-25.1236853089084,-250.));
#672=CARTESIAN_POINT('Ctrl Pts',(486.647290558976,-26.060400693256,-250.));
#673=CARTESIAN_POINT('Ctrl Pts',(485.621192450826,-26.9837884112359,-250.));
#674=CARTESIAN_POINT('Ctrl Pts',(484.567204777429,-27.8940707004087,-250.));
#675=CARTESIAN_POINT('Ctrl Pts',(483.486115820768,-28.7914415941559,-250.));
#676=CARTESIAN_POINT('Ctrl Pts',(482.378731137825,-29.6760329874823,-250.));
#677=CARTESIAN_POINT('Ctrl Pts',(481.245868576773,-30.5479453731818,-250.));
#678=CARTESIAN_POINT('Ctrl Pts',(480.08833493032,-31.4072980057147,-250.));
#679=CARTESIAN_POINT('Ctrl Pts',(478.906908182774,-32.2542740750426,-250.));
#680=CARTESIAN_POINT('Ctrl Pts',(477.702318405353,-33.0891638911181,-250.));
#681=CARTESIAN_POINT('Ctrl Pts',(476.475250834751,-33.9123013667109,-250.));
#682=CARTESIAN_POINT('Ctrl Pts',(475.226347639337,-34.7240099448421,-250.));
#683=CARTESIAN_POINT('Ctrl Pts',(473.956209926375,-35.5245366893196,-250.));
#684=CARTESIAN_POINT('Ctrl Pts',(472.665400505509,-36.31401681624,-250.));
#685=CARTESIAN_POINT('Ctrl Pts',(471.354450240462,-37.0925388034468,-250.));
#686=CARTESIAN_POINT('Ctrl Pts',(470.02386357003,-37.8601886272168,-250.));
#687=CARTESIAN_POINT('Ctrl Pts',(468.674124791919,-38.6171110898093,-250.));
#688=CARTESIAN_POINT('Ctrl Pts',(467.305702637817,-39.3635349566248,-250.));
#689=CARTESIAN_POINT('Ctrl Pts',(465.919051562787,-40.0997214560067,-250.));
#690=CARTESIAN_POINT('Ctrl Pts',(464.514613367679,-40.8259304286768,-250.));
#691=CARTESIAN_POINT('Ctrl Pts',(463.092819388525,-41.5423740813802,-250.));
#692=CARTESIAN_POINT('Ctrl Pts',(461.654090235325,-42.2491929158869,-250.));
#693=CARTESIAN_POINT('Ctrl Pts',(460.198827790169,-42.9464873745872,-250.));
#694=CARTESIAN_POINT('Ctrl Pts',(458.727408928581,-43.6343392652489,-250.));
#695=CARTESIAN_POINT('Ctrl Pts',(457.240177873875,-44.3128382479383,-250.));
#696=CARTESIAN_POINT('Ctrl Pts',(455.737441067109,-44.9821032064649,-250.));
#697=CARTESIAN_POINT('Ctrl Pts',(454.219482232778,-45.6422720585331,-250.));
#698=CARTESIAN_POINT('Ctrl Pts',(452.686576291896,-46.2934937512697,-250.));
#699=CARTESIAN_POINT('Ctrl Pts',(451.13900272242,-46.9359198158886,-250.));
#700=CARTESIAN_POINT('Ctrl Pts',(449.577061710172,-47.5696951333192,-250.));
#701=CARTESIAN_POINT('Ctrl Pts',(448.001066175435,-48.1949577756707,-250.));
#702=CARTESIAN_POINT('Ctrl Pts',(446.411328424429,-48.8118409295538,-250.));
#703=CARTESIAN_POINT('Ctrl Pts',(444.808149644232,-49.4204737528212,-250.));
#704=CARTESIAN_POINT('Ctrl Pts',(443.19180589455,-50.0209834812154,-250.));
#705=CARTESIAN_POINT('Ctrl Pts',(441.562544021374,-50.6134940845286,-250.));
#706=CARTESIAN_POINT('Ctrl Pts',(439.920590084258,-51.1981206670225,-250.));
#707=CARTESIAN_POINT('Ctrl Pts',(438.266154736784,-51.7749648079317,-250.));
#708=CARTESIAN_POINT('Ctrl Pts',(436.599439733831,-52.3441097650916,-250.));
#709=CARTESIAN_POINT('Ctrl Pts',(434.920644241684,-52.9056150719357,-250.));
#710=CARTESIAN_POINT('Ctrl Pts',(433.22996532004,-53.4595267830958,-250.));
#711=CARTESIAN_POINT('Ctrl Pts',(431.527597948873,-54.005889262282,-250.));
#712=CARTESIAN_POINT('Ctrl Pts',(429.813735155317,-54.5447554744981,-250.));
#713=CARTESIAN_POINT('Ctrl Pts',(428.08856826595,-55.0762001033896,-250.));
#714=CARTESIAN_POINT('Ctrl Pts',(426.352286557536,-55.6003242317555,-250.));
#715=CARTESIAN_POINT('Ctrl Pts',(424.605075633731,-56.1172425040145,-250.));
#716=CARTESIAN_POINT('Ctrl Pts',(422.847115957788,-56.6270735063068,-250.));
#717=CARTESIAN_POINT('Ctrl Pts',(421.078581558199,-57.1299297075505,-250.));
#718=CARTESIAN_POINT('Ctrl Pts',(419.299638077525,-57.6259054945132,-250.));
#719=CARTESIAN_POINT('Ctrl Pts',(417.510443824162,-58.1150758685271,-250.));
#720=CARTESIAN_POINT('Ctrl Pts',(415.711152608725,-58.5975019292519,-250.));
#721=CARTESIAN_POINT('Ctrl Pts',(413.901916162633,-59.0732343326086,-250.));
#722=CARTESIAN_POINT('Ctrl Pts',(412.082886454073,-59.5423174876973,-250.));
#723=CARTESIAN_POINT('Ctrl Pts',(410.254218761169,-60.0047936952148,-250.));
#724=CARTESIAN_POINT('Ctrl Pts',(408.416068831921,-60.4607052515366,-250.));
#725=CARTESIAN_POINT('Ctrl Pts',(406.568588705689,-60.9100959528794,-250.));
#726=CARTESIAN_POINT('Ctrl Pts',(404.711922881126,-61.3530128512459,-250.));
#727=CARTESIAN_POINT('Ctrl Pts',(402.846204595109,-61.7895078127887,-250.));
#728=CARTESIAN_POINT('Ctrl Pts',(400.971551372542,-62.2196394051819,-250.));
#729=CARTESIAN_POINT('Ctrl Pts',(399.088069906055,-62.6434713680052,-250.));
#730=CARTESIAN_POINT('Ctrl Pts',(397.195861928249,-63.0610707066736,-250.));
#731=CARTESIAN_POINT('Ctrl Pts',(395.29502986573,-63.4725059243948,-250.));
#732=CARTESIAN_POINT('Ctrl Pts',(393.385682273226,-63.8778451862512,-250.));
#733=CARTESIAN_POINT('Ctrl Pts',(391.467940190437,-64.2771545363979,-250.));
#734=CARTESIAN_POINT('Ctrl Pts',(389.541932563596,-64.6704959181804,-250.));
#735=CARTESIAN_POINT('Ctrl Pts',(387.607790476094,-65.0579252655374,-250.));
#736=CARTESIAN_POINT('Ctrl Pts',(385.665641600688,-65.4394904023269,-250.));
#737=CARTESIAN_POINT('Ctrl Pts',(383.715605019978,-65.8152294004778,-250.));
#738=CARTESIAN_POINT('Ctrl Pts',(381.757784691796,-66.1851677635519,-250.));
#739=CARTESIAN_POINT('Ctrl Pts',(379.792272465592,-66.5493233494787,-250.));
#740=CARTESIAN_POINT('Ctrl Pts',(377.819153384538,-66.9077129993747,-250.));
#741=CARTESIAN_POINT('Ctrl Pts',(375.838510414365,-67.2603589792405,-250.));
#742=CARTESIAN_POINT('Ctrl Pts',(373.850428949367,-67.6072946154763,-250.));
#743=CARTESIAN_POINT('Ctrl Pts',(371.855002571494,-67.9485724857722,-250.));
#744=CARTESIAN_POINT('Ctrl Pts',(369.852332906736,-68.28426130846,-250.));
#745=CARTESIAN_POINT('Ctrl Pts',(367.842525719036,-68.6144358311211,-250.));
#746=CARTESIAN_POINT('Ctrl Pts',(365.825688065599,-68.9391684832297,-250.));
#747=CARTESIAN_POINT('Ctrl Pts',(363.801925177685,-69.2585210617451,-250.));
#748=CARTESIAN_POINT('Ctrl Pts',(361.771337063937,-69.5725345691979,-250.));
#749=CARTESIAN_POINT('Ctrl Pts',(359.734016555614,-69.8812259836524,-250.));
#750=CARTESIAN_POINT('Ctrl Pts',(357.690050490883,-70.1845995070203,-250.));
#751=CARTESIAN_POINT('Ctrl Pts',(355.639520227524,-70.4826547194304,-250.));
#752=CARTESIAN_POINT('Ctrl Pts',(353.582502422365,-70.7753960014139,-250.));
#753=CARTESIAN_POINT('Ctrl Pts',(351.519069701797,-71.0628413444081,-250.));
#754=CARTESIAN_POINT('Ctrl Pts',(349.449291366161,-71.345031612872,-250.));
#755=CARTESIAN_POINT('Ctrl Pts',(347.373234812456,-71.6220232895485,-250.));
#756=CARTESIAN_POINT('Ctrl Pts',(345.290966937569,-71.8938812163538,-250.));
#757=CARTESIAN_POINT('Ctrl Pts',(343.202555621689,-72.1606710287491,-250.));
#758=CARTESIAN_POINT('Ctrl Pts',(341.108071010483,-72.422452415189,-250.));
#759=CARTESIAN_POINT('Ctrl Pts',(339.00758729947,-72.6792702948642,-250.));
#760=CARTESIAN_POINT('Ctrl Pts',(336.901182523655,-72.9311542810945,-250.));
#761=CARTESIAN_POINT('Ctrl Pts',(334.788936781393,-73.1781246511237,-250.));
#762=CARTESIAN_POINT('Ctrl Pts',(332.670930904055,-73.4201964631899,-250.));
#763=CARTESIAN_POINT('Ctrl Pts',(330.547244952826,-73.6573843922599,-250.));
#764=CARTESIAN_POINT('Ctrl Pts',(328.417956765019,-73.8897073593675,-250.));
#765=CARTESIAN_POINT('Ctrl Pts',(326.283140548118,-74.1171929611555,-250.));
#766=CARTESIAN_POINT('Ctrl Pts',(324.142867084824,-74.3398747850563,-250.));
#767=CARTESIAN_POINT('Ctrl Pts',(321.997203873672,-74.5577901028196,-250.));
#768=CARTESIAN_POINT('Ctrl Pts',(319.846215270506,-74.7709773355901,-250.));
#769=CARTESIAN_POINT('Ctrl Pts',(317.689962683627,-74.9794738089334,-250.));
#770=CARTESIAN_POINT('Ctrl Pts',(315.528504612901,-75.1833129092286,-250.));
#771=CARTESIAN_POINT('Ctrl Pts',(313.361897267978,-75.3825233146529,-250.));
#772=CARTESIAN_POINT('Ctrl Pts',(311.190195851183,-75.5771305258005,-250.));
#773=CARTESIAN_POINT('Ctrl Pts',(309.013455643434,-75.7671577874853,-250.));
#774=CARTESIAN_POINT('Ctrl Pts',(306.83173321829,-75.9526272697908,-250.));
#775=CARTESIAN_POINT('Ctrl Pts',(304.645087489709,-76.1335611118637,-250.));
#776=CARTESIAN_POINT('Ctrl Pts',(302.453581123995,-76.3099825939351,-250.));
#777=CARTESIAN_POINT('Ctrl Pts',(300.257279204573,-76.4819166309699,-250.));
#778=CARTESIAN_POINT('Ctrl Pts',(298.056247378928,-76.6493901377289,-250.));
#779=CARTESIAN_POINT('Ctrl Pts',(295.850550160078,-76.812432453559,-250.));
#780=CARTESIAN_POINT('Ctrl Pts',(293.640249218573,-76.9710757065945,-250.));
#781=CARTESIAN_POINT('Ctrl Pts',(291.425401547006,-77.1253552883678,-250.));
#782=CARTESIAN_POINT('Ctrl Pts',(289.206058063718,-77.2753100335896,-250.));
#783=CARTESIAN_POINT('Ctrl Pts',(286.982266101536,-77.4209798645015,-250.));
#784=CARTESIAN_POINT('Ctrl Pts',(284.754071498822,-77.5624037129131,-250.));
#785=CARTESIAN_POINT('Ctrl Pts',(282.521520932307,-77.6996172372438,-250.));
#786=CARTESIAN_POINT('Ctrl Pts',(280.284663942933,-77.8326508520754,-250.));
#787=CARTESIAN_POINT('Ctrl Pts',(278.043555587926,-77.9615270777849,-250.));
#788=CARTESIAN_POINT('Ctrl Pts',(275.798257162467,-78.086260016371,-250.));
#789=CARTESIAN_POINT('Ctrl Pts',(273.548833007348,-78.2068591535253,-250.));
#790=CARTESIAN_POINT('Ctrl Pts',(271.295348201188,-78.3233321788479,-250.));
#791=CARTESIAN_POINT('Ctrl Pts',(269.037865782673,-78.4356883350049,-250.));
#792=CARTESIAN_POINT('Ctrl Pts',(266.776444441725,-78.5439412265622,-250.));
#793=CARTESIAN_POINT('Ctrl Pts',(264.511135346548,-78.648112637754,-250.));
#794=CARTESIAN_POINT('Ctrl Pts',(262.241981976148,-78.7482328292006,-250.));
#795=CARTESIAN_POINT('Ctrl Pts',(259.969022910497,-78.8443373695033,-250.));
#796=CARTESIAN_POINT('Ctrl Pts',(257.692293783449,-78.9364649444607,-250.));
#797=CARTESIAN_POINT('Ctrl Pts',(255.411829653737,-79.0246546851825,-250.));
#798=CARTESIAN_POINT('Ctrl Pts',(253.127667020811,-79.1089438914447,-250.));
#799=CARTESIAN_POINT('Ctrl Pts',(250.839846435852,-79.1893651097818,-250.));
#800=CARTESIAN_POINT('Ctrl Pts',(248.548412788211,-79.265945710336,-250.));
#801=CARTESIAN_POINT('Ctrl Pts',(246.253414165061,-79.3387089913679,-250.));
#802=CARTESIAN_POINT('Ctrl Pts',(243.954901143034,-79.4076748267659,-250.));
#803=CARTESIAN_POINT('Ctrl Pts',(241.652925895296,-79.4728604970359,-250.));
#804=CARTESIAN_POINT('Ctrl Pts',(239.347541391952,-79.5342814539485,-250.));
#805=CARTESIAN_POINT('Ctrl Pts',(237.038800524438,-79.5919520822267,-250.));
#806=CARTESIAN_POINT('Ctrl Pts',(234.726755445057,-79.6458866321183,-250.));
#807=CARTESIAN_POINT('Ctrl Pts',(232.411456987884,-79.6961002658965,-250.));
#808=CARTESIAN_POINT('Ctrl Pts',(230.092954083291,-79.7426100408664,-250.));
#809=CARTESIAN_POINT('Ctrl Pts',(227.771293134174,-79.7854359782041,-250.));
#810=CARTESIAN_POINT('Ctrl Pts',(225.446517503795,-79.82460195671,-250.));
#811=CARTESIAN_POINT('Ctrl Pts',(223.11866671385,-79.8601370329531,-250.));
#812=CARTESIAN_POINT('Ctrl Pts',(220.787777035393,-79.89207473894,-250.));
#813=CARTESIAN_POINT('Ctrl Pts',(218.453882765898,-79.9204513926837,-250.));
#814=CARTESIAN_POINT('Ctrl Pts',(216.117017272346,-79.9453047338783,-250.));
#815=CARTESIAN_POINT('Ctrl Pts',(213.777214170501,-79.9666723935977,-250.));
#816=CARTESIAN_POINT('Ctrl Pts',(211.434508355041,-79.9845905071457,-250.));
#817=CARTESIAN_POINT('Ctrl Pts',(209.088937322257,-79.9990920843845,-250.));
#818=CARTESIAN_POINT('Ctrl Pts',(206.740541277527,-80.0102063418491,-250.));
#819=CARTESIAN_POINT('Ctrl Pts',(204.389362530004,-80.0179585756184,-250.));
#820=CARTESIAN_POINT('Ctrl Pts',(202.035445100281,-80.0223699029262,-250.));
#821=CARTESIAN_POINT('Ctrl Pts',(199.678834248281,-80.0234569856288,-250.));
#822=CARTESIAN_POINT('Ctrl Pts',(197.319576016061,-80.0212319294257,-250.));
#823=CARTESIAN_POINT('Ctrl Pts',(194.957716812266,-80.0157016901537,-250.));
#824=CARTESIAN_POINT('Ctrl Pts',(192.593302776633,-80.0068694233133,-250.));
#825=CARTESIAN_POINT('Ctrl Pts',(190.226378924294,-79.9947375852469,-250.));
#826=CARTESIAN_POINT('Ctrl Pts',(187.856988379728,-79.9793104761577,-250.));
#827=CARTESIAN_POINT('Ctrl Pts',(185.485171514272,-79.9605971564826,-250.));
#828=CARTESIAN_POINT('Ctrl Pts',(183.110965262802,-79.9386138694069,-250.));
#829=CARTESIAN_POINT('Ctrl Pts',(180.734402026875,-79.9133874907352,-250.));
#830=CARTESIAN_POINT('Ctrl Pts',(178.355509950439,-79.884955645251,-250.));
#831=CARTESIAN_POINT('Ctrl Pts',(175.974315309334,-79.8533617278919,-250.));
#832=CARTESIAN_POINT('Ctrl Pts',(173.59084437076,-79.8186511810807,-250.));
#833=CARTESIAN_POINT('Ctrl Pts',(171.205125529122,-79.78086715848,-250.));
#834=CARTESIAN_POINT('Ctrl Pts',(168.817191179837,-79.7400466969059,-250.));
#835=CARTESIAN_POINT('Ctrl Pts',(166.427080051015,-79.6962160799869,-250.));
#836=CARTESIAN_POINT('Ctrl Pts',(164.034838267258,-79.6493883790445,-250.));
#837=CARTESIAN_POINT('Ctrl Pts',(161.640516019064,-79.599568494714,-250.));
#838=CARTESIAN_POINT('Ctrl Pts',(159.244164941513,-79.5467569906541,-250.));
#839=CARTESIAN_POINT('Ctrl Pts',(156.845835206612,-79.4909544118347,-250.));
#840=CARTESIAN_POINT('Ctrl Pts',(154.44557275629,-79.4321653713956,-250.));
#841=CARTESIAN_POINT('Ctrl Pts',(152.043416430955,-79.3704027957671,-250.));
#842=CARTESIAN_POINT('Ctrl Pts',(149.63939526524,-79.3056919381944,-250.));
#843=CARTESIAN_POINT('Ctrl Pts',(147.233531558443,-79.2380666471161,-250.));
#844=CARTESIAN_POINT('Ctrl Pts',(144.825843839311,-79.1675657783319,-250.));
#845=CARTESIAN_POINT('Ctrl Pts',(142.416349825664,-79.0942296065294,-250.));
#846=CARTESIAN_POINT('Ctrl Pts',(140.005069486713,-79.0180961178171,-250.));
#847=CARTESIAN_POINT('Ctrl Pts',(137.592027825647,-78.9391976329686,-250.));
#848=CARTESIAN_POINT('Ctrl Pts',(135.177258396829,-78.8575565594412,-250.));
#849=CARTESIAN_POINT('Ctrl Pts',(132.760801881014,-78.7731870101539,-250.));
#850=CARTESIAN_POINT('Ctrl Pts',(130.342703392506,-78.6860979311613,-250.));
#851=CARTESIAN_POINT('Ctrl Pts',(127.923010257285,-78.5962956629092,-250.));
#852=CARTESIAN_POINT('Ctrl Pts',(125.501769504958,-78.5037868579154,-250.));
#853=CARTESIAN_POINT('Ctrl Pts',(123.079025690071,-78.4085809685932,-250.));
#854=CARTESIAN_POINT('Ctrl Pts',(120.654818059758,-78.3106936064452,-250.));
#855=CARTESIAN_POINT('Ctrl Pts',(118.229180089756,-78.2101467256877,-250.));
#856=CARTESIAN_POINT('Ctrl Pts',(115.802141159747,-78.1069659235282,-250.));
#857=CARTESIAN_POINT('Ctrl Pts',(113.373727628389,-78.0011785672716,-250.));
#858=CARTESIAN_POINT('Ctrl Pts',(110.943964169049,-77.8928115244778,-250.));
#859=CARTESIAN_POINT('Ctrl Pts',(108.5128749596,-77.7818891976725,-250.));
#860=CARTESIAN_POINT('Ctrl Pts',(106.08048501721,-77.6684311052395,-250.));
#861=CARTESIAN_POINT('Ctrl Pts',(103.646821215765,-77.5524506576314,-250.));
#862=CARTESIAN_POINT('Ctrl Pts',(101.211912254842,-77.4339580443949,-250.));
#863=CARTESIAN_POINT('Ctrl Pts',(98.7757887969375,-77.3129624759595,-250.));
#864=CARTESIAN_POINT('Ctrl Pts',(96.3384835338244,-77.1894746560144,-250.));
#865=CARTESIAN_POINT('Ctrl Pts',(93.9000312945979,-77.0635092067184,-250.));
#866=CARTESIAN_POINT('Ctrl Pts',(91.4604691087557,-76.9350869937184,-250.));
#867=CARTESIAN_POINT('Ctrl Pts',(89.0198363619499,-76.8042378199986,-250.));
#868=CARTESIAN_POINT('Ctrl Pts',(86.5781736555692,-76.6709974560778,-250.));
#869=CARTESIAN_POINT('Ctrl Pts',(84.1355215386538,-76.5354041383851,-250.));
#870=CARTESIAN_POINT('Ctrl Pts',(81.6919193187474,-76.3974953365671,-250.));
#871=CARTESIAN_POINT('Ctrl Pts',(79.2474037649927,-76.2573042332575,-250.));
#872=CARTESIAN_POINT('Ctrl Pts',(76.8020080310354,-76.1148567330405,-250.));
#873=CARTESIAN_POINT('Ctrl Pts',(74.3557600493045,-75.970167229037,-250.));
#874=CARTESIAN_POINT('Ctrl Pts',(71.9086830782583,-75.8232394038975,-250.));
#875=CARTESIAN_POINT('Ctrl Pts',(69.4607978036358,-75.6740706551895,-250.));
#876=CARTESIAN_POINT('Ctrl Pts',(67.0121239639001,-75.5226554206875,-250.));
#877=CARTESIAN_POINT('Ctrl Pts',(64.5626822145115,-75.3689890360255,-250.));
#878=CARTESIAN_POINT('Ctrl Pts',(62.1124957910461,-75.2130711815295,-250.));
#879=CARTESIAN_POINT('Ctrl Pts',(59.661592495883,-75.0549099440046,-250.));
#880=CARTESIAN_POINT('Ctrl Pts',(57.2100058130653,-74.8945242592708,-250.));
#881=CARTESIAN_POINT('Ctrl Pts',(54.7577729421044,-74.7319406556194,-250.));
#882=CARTESIAN_POINT('Ctrl Pts',(52.3049333098271,-74.5671908850772,-250.));
#883=CARTESIAN_POINT('Ctrl Pts',(49.8515269115851,-74.4003092285752,-250.));
#884=CARTESIAN_POINT('Ctrl Pts',(47.3975926871396,-74.2313298905904,-250.));
#885=CARTESIAN_POINT('Ctrl Pts',(44.9431669711796,-74.060284471862,-250.));
#886=CARTESIAN_POINT('Ctrl Pts',(42.488281673908,-73.8871990991641,-250.));
#887=CARTESIAN_POINT('Ctrl Pts',(40.0329651254964,-73.7120950075466,-250.));
#888=CARTESIAN_POINT('Ctrl Pts',(37.5772433374568,-73.5349896571903,-250.));
#889=CARTESIAN_POINT('Ctrl Pts',(35.1211410974168,-73.3558976506753,-250.));
#890=CARTESIAN_POINT('Ctrl Pts',(32.6646831782069,-73.1748317591469,-250.));
#891=CARTESIAN_POINT('Ctrl Pts',(30.2078953950434,-72.9918038437989,-250.));
#892=CARTESIAN_POINT('Ctrl Pts',(27.7508059815722,-72.8068259651448,-250.));
#893=CARTESIAN_POINT('Ctrl Pts',(25.2934458463763,-72.6199108583643,-250.));
#894=CARTESIAN_POINT('Ctrl Pts',(22.8358476336603,-72.4310717372082,-250.));
#895=CARTESIAN_POINT('Ctrl Pts',(20.3780451036496,-72.2403222766633,-250.));
#896=CARTESIAN_POINT('Ctrl Pts',(17.920072377536,-72.0476765209653,-250.));
#897=CARTESIAN_POINT('Ctrl Pts',(15.4619632521497,-71.8531488276725,-250.));
#898=CARTESIAN_POINT('Ctrl Pts',(13.0037504567398,-71.6567537864976,-250.));
#899=CARTESIAN_POINT('Ctrl Pts',(10.545465015223,-71.4585061768448,-250.));
#900=CARTESIAN_POINT('Ctrl Pts',(8.08713654756962,-71.2584212332966,-250.));
#901=CARTESIAN_POINT('Ctrl Pts',(5.62879349795253,-71.0565148943218,-250.));
#902=CARTESIAN_POINT('Ctrl Pts',(3.17046339133174,-70.8528040437287,-250.));
#903=CARTESIAN_POINT('Ctrl Pts',(0.712173076538011,-70.6473067861146,-250.));
#904=CARTESIAN_POINT('Ctrl Pts',(-1.74605102153192,-70.4400426353678,-250.));
#905=CARTESIAN_POINT('Ctrl Pts',(-4.20418266219798,-70.2310329260621,-250.));
#906=CARTESIAN_POINT('Ctrl Pts',(-6.66219549173878,-70.0203000421433,-250.));
#907=CARTESIAN_POINT('Ctrl Pts',(-9.12006271911605,-69.8078661669884,-250.));
#908=CARTESIAN_POINT('Ctrl Pts',(-11.5777568094826,-69.5937522164022,-250.));
#909=CARTESIAN_POINT('Ctrl Pts',(-14.0352491502027,-69.3779766344148,-250.));
#910=CARTESIAN_POINT('Ctrl Pts',(-16.492509775175,-69.160554389142,-250.));
#911=CARTESIAN_POINT('Ctrl Pts',(-18.9495069515144,-68.9414955408827,-250.));
#912=CARTESIAN_POINT('Ctrl Pts',(-21.4062071970743,-68.7208051224697,-250.));
#913=CARTESIAN_POINT('Ctrl Pts',(-23.8625762417192,-68.4984858837643,-250.));
#914=CARTESIAN_POINT('Ctrl Pts',(-26.3185797990458,-68.2745404603682,-250.));
#915=CARTESIAN_POINT('Ctrl Pts',(-28.7741844069648,-68.0489737534874,-250.));
#916=CARTESIAN_POINT('Ctrl Pts',(-31.2293582542445,-67.8217952617187,-250.));
#917=CARTESIAN_POINT('Ctrl Pts',(-33.6840719768411,-67.5930213342242,-250.));
#918=CARTESIAN_POINT('Ctrl Pts',(-36.1382995659837,-67.3626777281493,-250.));
#919=CARTESIAN_POINT('Ctrl Pts',(-38.592017126448,-67.1307962868161,-250.));
#920=CARTESIAN_POINT('Ctrl Pts',(-41.0452014723358,-66.8974111755823,-250.));
#921=CARTESIAN_POINT('Ctrl Pts',(-43.4978288178421,-66.6625553721164,-250.));
#922=CARTESIAN_POINT('Ctrl Pts',(-45.9498733466882,-66.4262568375488,-250.));
#923=CARTESIAN_POINT('Ctrl Pts',(-48.4013060229244,-66.1885353179441,-250.));
#924=CARTESIAN_POINT('Ctrl Pts',(-50.852092826646,-65.9493976464225,-250.));
#925=CARTESIAN_POINT('Ctrl Pts',(-53.3021952348658,-65.7088388971107,-250.));
#926=CARTESIAN_POINT('Ctrl Pts',(-55.7515725342974,-65.4668483144278,-250.));
#927=CARTESIAN_POINT('Ctrl Pts',(-58.200183592632,-65.2234138294649,-250.));
#928=CARTESIAN_POINT('Ctrl Pts',(-60.6479888922609,-64.9785272639704,-250.));
#929=CARTESIAN_POINT('Ctrl Pts',(-63.0949523593118,-64.7321889925169,-250.));
#930=CARTESIAN_POINT('Ctrl Pts',(-65.5410435011846,-64.4844134285316,-250.));
#931=CARTESIAN_POINT('Ctrl Pts',(-67.9862387506079,-64.23523238552,-250.));
#932=CARTESIAN_POINT('Ctrl Pts',(-70.4305189200691,-63.9846880291712,-250.));
#933=CARTESIAN_POINT('Ctrl Pts',(-72.8738671416001,-63.7328271192733,-250.));
#934=CARTESIAN_POINT('Ctrl Pts',(-75.3162666477801,-63.4796948490567,-250.));
#935=CARTESIAN_POINT('Ctrl Pts',(-77.7576985534185,-63.2253286338379,-250.));
#936=CARTESIAN_POINT('Ctrl Pts',(-80.1981397940761,-62.9697524428867,-250.));
#937=CARTESIAN_POINT('Ctrl Pts',(-82.6375605851478,-62.712969529866,-250.));
#938=CARTESIAN_POINT('Ctrl Pts',(-85.0759254964124,-62.4549672009096,-250.));
#939=CARTESIAN_POINT('Ctrl Pts',(-87.5131953302986,-62.1957242926336,-250.));
#940=CARTESIAN_POINT('Ctrl Pts',(-89.9493287005148,-61.9352175745225,-250.));
#941=CARTESIAN_POINT('Ctrl Pts',(-92.3842837877833,-61.6734289223403,-250.));
#942=CARTESIAN_POINT('Ctrl Pts',(-94.8180199001906,-61.4103514177673,-250.));
#943=CARTESIAN_POINT('Ctrl Pts',(-97.2504994110542,-61.1459977367907,-250.));
#944=CARTESIAN_POINT('Ctrl Pts',(-99.6816884243578,-60.8804006378509,-250.));
#945=CARTESIAN_POINT('Ctrl Pts',(-102.111555968782,-60.6136042337244,-250.));
#946=CARTESIAN_POINT('Ctrl Pts',(-104.540073571302,-60.3456576959419,-250.));
#947=CARTESIAN_POINT('Ctrl Pts',(-106.967214678511,-60.0766078682163,-250.));
#948=CARTESIAN_POINT('Ctrl Pts',(-109.392954138326,-59.8064925806846,-250.));
#949=CARTESIAN_POINT('Ctrl Pts',(-111.817267667172,-59.5353331055705,-250.));
#950=CARTESIAN_POINT('Ctrl Pts',(-114.240131290232,-59.2631286147234,-250.));
#951=CARTESIAN_POINT('Ctrl Pts',(-116.661520516447,-58.9898641470902,-250.));
#952=CARTESIAN_POINT('Ctrl Pts',(-119.081409532612,-58.7155172558571,-250.));
#953=CARTESIAN_POINT('Ctrl Pts',(-121.499770409775,-58.4400650626665,-250.));
#954=CARTESIAN_POINT('Ctrl Pts',(-123.916572259429,-58.1634913652415,-250.));
#955=CARTESIAN_POINT('Ctrl Pts',(-126.331780516871,-57.8857931901501,-250.));
#956=CARTESIAN_POINT('Ctrl Pts',(-128.745355891918,-57.6069889831451,-250.));
#957=CARTESIAN_POINT('Ctrl Pts',(-131.157255897079,-57.3271138942758,-250.));
#958=CARTESIAN_POINT('Ctrl Pts',(-133.567436923693,-57.0462123673474,-250.));
#959=CARTESIAN_POINT('Ctrl Pts',(-135.975856079413,-56.764331802778,-250.));
#960=CARTESIAN_POINT('Ctrl Pts',(-138.382473235973,-56.4815154547617,-250.));
#961=CARTESIAN_POINT('Ctrl Pts',(-140.787252730553,-56.1977963899688,-250.));
#962=CARTESIAN_POINT('Ctrl Pts',(-143.190165852677,-55.9131891686724,-250.));
#963=CARTESIAN_POINT('Ctrl Pts',(-145.591190342748,-55.6276900849987,-250.));
#964=CARTESIAN_POINT('Ctrl Pts',(-147.99030731549,-55.3412847512359,-250.));
#965=CARTESIAN_POINT('Ctrl Pts',(-150.387498944724,-55.0539535330007,-250.));
#966=CARTESIAN_POINT('Ctrl Pts',(-152.782745758515,-54.7656780400853,-250.));
#967=CARTESIAN_POINT('Ctrl Pts',(-155.176024279701,-54.4764467631888,-250.));
#968=CARTESIAN_POINT('Ctrl Pts',(-157.567304087753,-54.1862620464916,-250.));
#969=CARTESIAN_POINT('Ctrl Pts',(-159.956546507451,-53.8951433830108,-250.));
#970=CARTESIAN_POINT('Ctrl Pts',(-162.34370762609,-53.6031209695151,-250.));
#971=CARTESIAN_POINT('Ctrl Pts',(-164.728740506508,-53.3102310696662,-250.));
#972=CARTESIAN_POINT('Ctrl Pts',(-167.111597729613,-53.0165106361812,-250.));
#973=CARTESIAN_POINT('Ctrl Pts',(-169.492233770389,-52.721992307831,-250.));
#974=CARTESIAN_POINT('Ctrl Pts',(-171.870607506894,-52.4266991063413,-250.));
#975=CARTESIAN_POINT('Ctrl Pts',(-174.24668449872,-52.1306396543612,-250.));
#976=CARTESIAN_POINT('Ctrl Pts',(-176.620435153154,-51.8338126597745,-250.));
#977=CARTESIAN_POINT('Ctrl Pts',(-178.99183305971,-51.5362110286672,-250.));
#978=CARTESIAN_POINT('Ctrl Pts',(-181.360853275481,-51.2378260701564,-250.));
#979=CARTESIAN_POINT('Ctrl Pts',(-183.727470599791,-50.938651769517,-250.));
#980=CARTESIAN_POINT('Ctrl Pts',(-186.091657927611,-50.6386887799374,-250.));
#981=CARTESIAN_POINT('Ctrl Pts',(-188.453384372455,-50.3379492043336,-250.));
#982=CARTESIAN_POINT('Ctrl Pts',(-190.812615561151,-50.0364539413577,-250.));
#983=CARTESIAN_POINT('Ctrl Pts',(-193.169314262371,-49.7342288523073,-250.));
#984=CARTESIAN_POINT('Ctrl Pts',(-195.523440898828,-49.4313014091168,-250.));
#985=CARTESIAN_POINT('Ctrl Pts',(-197.874954106034,-49.1276969908687,-250.));
#986=CARTESIAN_POINT('Ctrl Pts',(-200.223811276605,-48.8234356793007,-250.));
#987=CARTESIAN_POINT('Ctrl Pts',(-202.56996909643,-48.5185279495101,-250.));
#988=CARTESIAN_POINT('Ctrl Pts',(-204.913384171522,-48.2129759228055,-250.));
#989=CARTESIAN_POINT('Ctrl Pts',(-207.254013707652,-47.9067769052475,-250.));
#990=CARTESIAN_POINT('Ctrl Pts',(-209.591816151374,-47.5999261323112,-250.));
#991=CARTESIAN_POINT('Ctrl Pts',(-211.926751894503,-47.2924199684479,-250.));
#992=CARTESIAN_POINT('Ctrl Pts',(-214.258783841265,-46.9842586225857,-250.));
#993=CARTESIAN_POINT('Ctrl Pts',(-216.587878310299,-46.6754497951396,-250.));
#994=CARTESIAN_POINT('Ctrl Pts',(-218.914004551499,-46.3660086739326,-250.));
#995=CARTESIAN_POINT('Ctrl Pts',(-221.237133291677,-46.0559554148386,-250.));
#996=CARTESIAN_POINT('Ctrl Pts',(-223.55723558799,-45.7453133896447,-250.));
#997=CARTESIAN_POINT('Ctrl Pts',(-225.874281509512,-45.4341070637253,-250.));
#998=CARTESIAN_POINT('Ctrl Pts',(-228.188238996625,-45.122360157287,-250.));
#999=CARTESIAN_POINT('Ctrl Pts',(-230.499072386056,-44.810093375514,-250.));
#1000=CARTESIAN_POINT('Ctrl Pts',(-232.806742119938,-44.4973235698259,-250.));
#1001=CARTESIAN_POINT('Ctrl Pts',(-235.111205548741,-44.1840641964717,-250.));
#1002=CARTESIAN_POINT('Ctrl Pts',(-237.412417437239,-43.870325434237,-250.));
#1003=CARTESIAN_POINT('Ctrl Pts',(-239.710330583256,-43.5561144085566,-250.));
#1004=CARTESIAN_POINT('Ctrl Pts',(-242.004896408301,-43.2414354464595,-250.));
#1005=CARTESIAN_POINT('Ctrl Pts',(-244.296065510261,-42.9262901294728,-250.));
#1006=CARTESIAN_POINT('Ctrl Pts',(-246.583788432616,-42.6106781773435,-250.));
#1007=CARTESIAN_POINT('Ctrl Pts',(-248.868016699292,-42.2945992420565,-250.));
#1008=CARTESIAN_POINT('Ctrl Pts',(-251.148703739548,-41.9780544117754,-250.));
#1009=CARTESIAN_POINT('Ctrl Pts',(-253.425805940166,-41.6610479308551,-250.));
#1010=CARTESIAN_POINT('Ctrl Pts',(-255.699283452554,-41.3435886015114,-250.));
#1011=CARTESIAN_POINT('Ctrl Pts',(-257.969101577535,-41.0256918819007,-250.));
#1012=CARTESIAN_POINT('Ctrl Pts',(-260.235229981505,-40.7073794129003,-250.));
#1013=CARTESIAN_POINT('Ctrl Pts',(-262.497639865141,-40.3886761404491,-250.));
#1014=CARTESIAN_POINT('Ctrl Pts',(-264.756301757105,-40.0696081485526,-250.));
#1015=CARTESIAN_POINT('Ctrl Pts',(-267.011182923503,-39.7502001005293,-250.));
#1016=CARTESIAN_POINT('Ctrl Pts',(-269.262245239428,-39.4304730817424,-250.));
#1017=CARTESIAN_POINT('Ctrl Pts',(-271.509442115423,-39.1104416835609,-250.));
#1018=CARTESIAN_POINT('Ctrl Pts',(-273.752719259923,-38.7901141033631,-250.));
#1019=CARTESIAN_POINT('Ctrl Pts',(-275.992017968807,-38.4694942108708,-250.));
#1020=CARTESIAN_POINT('Ctrl Pts',(-278.227277611164,-38.1485830093514,-250.));
#1021=CARTESIAN_POINT('Ctrl Pts',(-280.458438554744,-37.8273803869093,-250.));
#1022=CARTESIAN_POINT('Ctrl Pts',(-282.685444651768,-37.5058866495395,-250.));
#1023=CARTESIAN_POINT('Ctrl Pts',(-284.908246560461,-37.1841043897046,-250.));
#1024=CARTESIAN_POINT('Ctrl Pts',(-287.126800636935,-36.8620386903038,-250.));
#1025=CARTESIAN_POINT('Ctrl Pts',(-289.341066337771,-36.5396967781295,-250.));
#1026=CARTESIAN_POINT('Ctrl Pts',(-291.55100412587,-36.2170878604001,-250.));
#1027=CARTESIAN_POINT('Ctrl Pts',(-293.756573138563,-35.8942228802994,-250.));
#1028=CARTESIAN_POINT('Ctrl Pts',(-295.957729022523,-35.5711143180208,-250.));
#1029=CARTESIAN_POINT('Ctrl Pts',(-298.154421521634,-35.2477759436323,-250.));
#1030=CARTESIAN_POINT('Ctrl Pts',(-300.346596036204,-34.9242231708084,-250.));
#1031=CARTESIAN_POINT('Ctrl Pts',(-302.534195397496,-34.6004734239502,-250.));
#1032=CARTESIAN_POINT('Ctrl Pts',(-304.717161599143,-34.2765465392193,-250.));
#1033=CARTESIAN_POINT('Ctrl Pts',(-306.89543746866,-33.952465064074,-250.));
#1034=CARTESIAN_POINT('Ctrl Pts',(-309.068968551187,-33.6282548088745,-250.));
#1035=CARTESIAN_POINT('Ctrl Pts',(-311.237704332708,-33.3039446486388,-250.));
#1036=CARTESIAN_POINT('Ctrl Pts',(-313.401596640957,-32.9795630192298,-250.));
#1037=CARTESIAN_POINT('Ctrl Pts',(-315.560598475003,-32.655135016417,-250.));
#1038=CARTESIAN_POINT('Ctrl Pts',(-317.714662629373,-32.3306790053512,-250.));
#1039=CARTESIAN_POINT('Ctrl Pts',(-319.863740493316,-32.0062040224064,-250.));
#1040=CARTESIAN_POINT('Ctrl Pts',(-322.007780557544,-31.6817053881991,-250.));
#1041=CARTESIAN_POINT('Ctrl Pts',(-324.146727947648,-31.3571671055909,-250.));
#1042=CARTESIAN_POINT('Ctrl Pts',(-326.280524823309,-31.0325701165315,-250.));
#1043=CARTESIAN_POINT('Ctrl Pts',(-328.409110536957,-30.7078988542872,-250.));
#1044=CARTESIAN_POINT('Ctrl Pts',(-330.532421885575,-30.3831486156111,-250.));
#1045=CARTESIAN_POINT('Ctrl Pts',(-332.650393335377,-30.0583322996689,-250.));
#1046=CARTESIAN_POINT('Ctrl Pts',(-334.762957223968,-29.7334881784998,-250.));
#1047=CARTESIAN_POINT('Ctrl Pts',(-336.870044707476,-29.4086701385935,-250.));
#1048=CARTESIAN_POINT('Ctrl Pts',(-338.97158673106,-29.0839372162888,-250.));
#1049=CARTESIAN_POINT('Ctrl Pts',(-341.06751503477,-28.7593428741648,-250.));
#1050=CARTESIAN_POINT('Ctrl Pts',(-343.157763044674,-28.4349255511246,-250.));
#1051=CARTESIAN_POINT('Ctrl Pts',(-345.242267056715,-28.1106958256661,-250.));
#1052=CARTESIAN_POINT('Ctrl Pts',(-347.320966413583,-27.7866353164821,-250.));
#1053=CARTESIAN_POINT('Ctrl Pts',(-349.393802281478,-27.4627119507764,-250.));
#1054=CARTESIAN_POINT('Ctrl Pts',(-351.460716769234,-27.1388911947192,-250.));
#1055=CARTESIAN_POINT('Ctrl Pts',(-353.521651910573,-26.815148972977,-250.));
#1056=CARTESIAN_POINT('Ctrl Pts',(-355.576548701035,-26.4914837379357,-250.));
#1057=CARTESIAN_POINT('Ctrl Pts',(-357.625346120457,-26.1679292478625,-250.));
#1058=CARTESIAN_POINT('Ctrl Pts',(-359.667980108723,-25.8445420941046,-250.));
#1059=CARTESIAN_POINT('Ctrl Pts',(-361.704382593845,-25.5213892283872,-250.));
#1060=CARTESIAN_POINT('Ctrl Pts',(-363.734480388412,-25.198534878525,-250.));
#1061=CARTESIAN_POINT('Ctrl Pts',(-365.758194398116,-24.8760291081434,-250.));
#1062=CARTESIAN_POINT('Ctrl Pts',(-367.775438052657,-24.5538921907956,-250.));
#1063=CARTESIAN_POINT('Ctrl Pts',(-369.786119154023,-24.2321175516245,-250.));
#1064=CARTESIAN_POINT('Ctrl Pts',(-371.790143578086,-23.9106851120255,-250.));
#1065=CARTESIAN_POINT('Ctrl Pts',(-373.787418584352,-23.5895718762078,-250.));
#1066=CARTESIAN_POINT('Ctrl Pts',(-375.777855898708,-23.2687627075902,-250.));
#1067=CARTESIAN_POINT('Ctrl Pts',(-377.761375832302,-22.9482633205794,-250.));
#1068=CARTESIAN_POINT('Ctrl Pts',(-379.737907756546,-22.6281044870534,-250.));
#1069=CARTESIAN_POINT('Ctrl Pts',(-381.707383990057,-22.3083299682634,-250.));
#1070=CARTESIAN_POINT('Ctrl Pts',(-383.669735020625,-21.9889878581747,-250.));
#1071=CARTESIAN_POINT('Ctrl Pts',(-385.624884470585,-21.6701210310219,-250.));
#1072=CARTESIAN_POINT('Ctrl Pts',(-387.572743512233,-21.3517568515754,-250.));
#1073=CARTESIAN_POINT('Ctrl Pts',(-389.513207506159,-21.0339005763524,-250.));
#1074=CARTESIAN_POINT('Ctrl Pts',(-391.446163335836,-20.7165469684835,-250.));
#1075=CARTESIAN_POINT('Ctrl Pts',(-393.371495358146,-20.3996895373309,-250.));
#1076=CARTESIAN_POINT('Ctrl Pts',(-395.289091707048,-20.0833304034415,-250.));
#1077=CARTESIAN_POINT('Ctrl Pts',(-397.198850881366,-19.7674905992563,-250.));
#1078=CARTESIAN_POINT('Ctrl Pts',(-399.100686955937,-19.4522181567865,-250.));
#1079=CARTESIAN_POINT('Ctrl Pts',(-400.994521867097,-19.1375753903714,-250.));
#1080=CARTESIAN_POINT('Ctrl Pts',(-402.880278730533,-18.8236278078512,-250.));
#1081=CARTESIAN_POINT('Ctrl Pts',(-404.757874971387,-18.5104328026194,-250.));
#1082=CARTESIAN_POINT('Ctrl Pts',(-406.627215050077,-18.1980274955859,-250.));
#1083=CARTESIAN_POINT('Ctrl Pts',(-408.488184773588,-17.8864196882331,-250.));
#1084=CARTESIAN_POINT('Ctrl Pts',(-410.340657190042,-17.5756011206965,-250.));
#1085=CARTESIAN_POINT('Ctrl Pts',(-412.184497419558,-17.2655588077121,-250.));
#1086=CARTESIAN_POINT('Ctrl Pts',(-414.019567627331,-16.9562863503622,-250.));
#1087=CARTESIAN_POINT('Ctrl Pts',(-415.845732565546,-16.6477970570334,-250.));
#1088=CARTESIAN_POINT('Ctrl Pts',(-417.662862890209,-16.3401306422435,-250.));
#1089=CARTESIAN_POINT('Ctrl Pts',(-419.470831658112,-16.0333408112241,-250.));
#1090=CARTESIAN_POINT('Ctrl Pts',(-421.269511943205,-15.727485690486,-250.));
#1091=CARTESIAN_POINT('Ctrl Pts',(-423.058774201096,-15.4226182627326,-250.));
#1092=CARTESIAN_POINT('Ctrl Pts',(-424.838483278151,-15.1187740579885,-250.));
#1093=CARTESIAN_POINT('Ctrl Pts',(-426.608497399403,-14.8159708091069,-250.));
#1094=CARTESIAN_POINT('Ctrl Pts',(-428.36866926394,-14.5142202516968,-250.));
#1095=CARTESIAN_POINT('Ctrl Pts',(-430.118846567349,-14.2135369130597,-250.));
#1096=CARTESIAN_POINT('Ctrl Pts',(-431.858872750351,-13.9139474846216,-250.));
#1097=CARTESIAN_POINT('Ctrl Pts',(-433.588587668703,-13.6155016526665,-250.));
#1098=CARTESIAN_POINT('Ctrl Pts',(-435.307828304266,-13.3182642311442,-250.));
#1099=CARTESIAN_POINT('Ctrl Pts',(-437.016429629473,-13.0223036899103,-250.));
#1100=CARTESIAN_POINT('Ctrl Pts',(-438.714225099723,-12.7276828525554,-250.));
#1101=CARTESIAN_POINT('Ctrl Pts',(-440.401048049236,-12.434446586067,-250.));
#1102=CARTESIAN_POINT('Ctrl Pts',(-442.076730233137,-12.1426177134086,-250.));
#1103=CARTESIAN_POINT('Ctrl Pts',(-443.741094477908,-11.8522096006046,-250.));
#1104=CARTESIAN_POINT('Ctrl Pts',(-445.393948429644,-11.5632354232934,-250.));
#1105=CARTESIAN_POINT('Ctrl Pts',(-447.03507814244,-11.2757184717468,-250.));
#1106=CARTESIAN_POINT('Ctrl Pts',(-448.664240970541,-10.9897027905511,-250.));
#1107=CARTESIAN_POINT('Ctrl Pts',(-450.281176754195,-10.705246104117,-250.));
#1108=CARTESIAN_POINT('Ctrl Pts',(-451.885621108912,-10.4224108599742,-250.));
#1109=CARTESIAN_POINT('Ctrl Pts',(-453.477316338175,-10.1412570662573,-250.));
#1110=CARTESIAN_POINT('Ctrl Pts',(-455.056027329898,-9.86183163695373,-250.));
#1111=CARTESIAN_POINT('Ctrl Pts',(-456.621534192257,-9.58417393245408,-250.));
#1112=CARTESIAN_POINT('Ctrl Pts',(-458.173612775252,-9.30833021015082,-250.));
#1113=CARTESIAN_POINT('Ctrl Pts',(-459.712020614659,-9.03436331051885,-250.));
#1114=CARTESIAN_POINT('Ctrl Pts',(-461.236476822139,-8.76236896809205,-250.));
#1115=CARTESIAN_POINT('Ctrl Pts',(-462.74666051406,-8.49246954599331,-250.));
#1116=CARTESIAN_POINT('Ctrl Pts',(-464.242224673943,-8.22478733894494,-250.));
#1117=CARTESIAN_POINT('Ctrl Pts',(-465.722804650208,-7.9594267346244,-250.));
#1118=CARTESIAN_POINT('Ctrl Pts',(-467.188031264497,-7.69644548026526,-250.));
#1119=CARTESIAN_POINT('Ctrl Pts',(-468.637531656771,-7.43586212753547,-250.));
#1120=CARTESIAN_POINT('Ctrl Pts',(-470.070921710684,-7.17769212337538,-250.));
#1121=CARTESIAN_POINT('Ctrl Pts',(-471.487800690863,-6.92197260461532,-250.));
#1122=CARTESIAN_POINT('Ctrl Pts',(-472.887745404831,-6.66879925326409,-250.));
#1123=CARTESIAN_POINT('Ctrl Pts',(-474.270301893608,-6.41831203019241,-250.));
#1124=CARTESIAN_POINT('Ctrl Pts',(-475.634975998329,-6.17066521774516,-250.));
#1125=CARTESIAN_POINT('Ctrl Pts',(-476.981224233648,-5.9260015671345,-250.));
#1126=CARTESIAN_POINT('Ctrl Pts',(-478.30844500663,-5.68442756748437,-250.));
#1127=CARTESIAN_POINT('Ctrl Pts',(-479.615997501613,-5.44603823650471,-250.));
#1128=CARTESIAN_POINT('Ctrl Pts',(-480.903211848276,-5.21093711147317,-250.));
#1129=CARTESIAN_POINT('Ctrl Pts',(-482.169417423133,-4.97926107100537,-250.));
#1130=CARTESIAN_POINT('Ctrl Pts',(-483.413903149587,-4.75118896704198,-250.));
#1131=CARTESIAN_POINT('Ctrl Pts',(-484.635849014356,-4.52693543359549,-250.));
#1132=CARTESIAN_POINT('Ctrl Pts',(-485.834236734912,-4.30675574228013,-250.));
#1133=CARTESIAN_POINT('Ctrl Pts',(-487.007852575562,-4.09092724867829,-250.));
#1134=CARTESIAN_POINT('Ctrl Pts',(-488.15547582779,-3.87969378693974,-250.));
#1135=CARTESIAN_POINT('Ctrl Pts',(-489.276113131892,-3.67319465077429,-250.));
#1136=CARTESIAN_POINT('Ctrl Pts',(-490.369013799031,-3.4714554930947,-250.));
#1137=CARTESIAN_POINT('Ctrl Pts',(-491.432957357796,-3.27460680246838,-250.));
#1138=CARTESIAN_POINT('Ctrl Pts',(-492.465270508192,-3.08315639451615,-250.));
#1139=CARTESIAN_POINT('Ctrl Pts',(-493.461899815148,-2.89802143585749,-250.));
#1140=CARTESIAN_POINT('Ctrl Pts',(-494.419550859005,-2.72003153455797,-250.));
#1141=CARTESIAN_POINT('Ctrl Pts',(-495.338629515776,-2.54931189208101,-250.));
#1142=CARTESIAN_POINT('Ctrl Pts',(-496.220291027206,-2.38571596289019,-250.));
#1143=CARTESIAN_POINT('Ctrl Pts',(-496.920549067263,-2.25569251112197,-250.));
#1144=CARTESIAN_POINT('Ctrl Pts',(-497.420587882998,-2.16245726237354,-250.));
#1145=CARTESIAN_POINT('Ctrl Pts',(-497.746745931975,-2.1014300133497,-250.));
#1146=CARTESIAN_POINT('Ctrl Pts',(-497.919105673863,-2.0691343930261,-250.));
#1147=CARTESIAN_POINT('Ctrl Pts',(-497.94615947976,-2.06406416171445,-250.));
#1148=CARTESIAN_POINT('Ctrl Pts',(-500.,-1.67999999999988,-250.));
#1149=CARTESIAN_POINT('Ctrl Pts',(-500.,-1.67999999999988,250.));
#1150=CARTESIAN_POINT('Ctrl Pts',(-499.959957284886,-1.68747107763308,-250.));
#1151=CARTESIAN_POINT('Ctrl Pts',(-499.959957284886,-1.68747107763308,250.));
#1152=CARTESIAN_POINT('Ctrl Pts',(-499.855537039369,-1.70692728223513,-250.));
#1153=CARTESIAN_POINT('Ctrl Pts',(-499.855537039369,-1.70692728223513,250.));
#1154=CARTESIAN_POINT('Ctrl Pts',(-499.625523703619,-1.74972142576006,-250.));
#1155=CARTESIAN_POINT('Ctrl Pts',(-499.625523703619,-1.74972142576006,250.));
#1156=CARTESIAN_POINT('Ctrl Pts',(-499.17628299472,-1.83324923739974,-250.));
#1157=CARTESIAN_POINT('Ctrl Pts',(-499.17628299472,-1.83324923739974,250.));
#1158=CARTESIAN_POINT('Ctrl Pts',(-498.52575174794,-1.95524782640063,-250.));
#1159=CARTESIAN_POINT('Ctrl Pts',(-498.52575174794,-1.95524782640063,250.));
#1160=CARTESIAN_POINT('Ctrl Pts',(-497.827767844731,-2.08647604680842,-250.));
#1161=CARTESIAN_POINT('Ctrl Pts',(-497.827767844731,-2.08647604680842,250.));
#1162=CARTESIAN_POINT('Ctrl Pts',(-497.056495610679,-2.23045004645933,-250.));
#1163=CARTESIAN_POINT('Ctrl Pts',(-497.056495610679,-2.23045004645933,250.));
#1164=CARTESIAN_POINT('Ctrl Pts',(-496.220291027206,-2.38571596289019,-250.));
#1165=CARTESIAN_POINT('Ctrl Pts',(-496.220291027206,-2.38571596289019,250.));
#1166=CARTESIAN_POINT('Ctrl Pts',(-495.338629515776,-2.54931189208101,-250.));
#1167=CARTESIAN_POINT('Ctrl Pts',(-495.338629515776,-2.54931189208101,250.));
#1168=CARTESIAN_POINT('Ctrl Pts',(-494.419550859005,-2.72003153455797,-250.));
#1169=CARTESIAN_POINT('Ctrl Pts',(-494.419550859005,-2.72003153455797,250.));
#1170=CARTESIAN_POINT('Ctrl Pts',(-493.461899815148,-2.89802143585749,-250.));
#1171=CARTESIAN_POINT('Ctrl Pts',(-493.461899815148,-2.89802143585749,250.));
#1172=CARTESIAN_POINT('Ctrl Pts',(-492.465270508192,-3.08315639451615,-250.));
#1173=CARTESIAN_POINT('Ctrl Pts',(-492.465270508192,-3.08315639451615,250.));
#1174=CARTESIAN_POINT('Ctrl Pts',(-491.432957357796,-3.27460680246838,-250.));
#1175=CARTESIAN_POINT('Ctrl Pts',(-491.432957357796,-3.27460680246838,250.));
#1176=CARTESIAN_POINT('Ctrl Pts',(-490.369013799031,-3.4714554930947,-250.));
#1177=CARTESIAN_POINT('Ctrl Pts',(-490.369013799031,-3.4714554930947,250.));
#1178=CARTESIAN_POINT('Ctrl Pts',(-489.276113131892,-3.67319465077429,-250.));
#1179=CARTESIAN_POINT('Ctrl Pts',(-489.276113131892,-3.67319465077429,250.));
#1180=CARTESIAN_POINT('Ctrl Pts',(-488.15547582779,-3.87969378693974,-250.));
#1181=CARTESIAN_POINT('Ctrl Pts',(-488.15547582779,-3.87969378693974,250.));
#1182=CARTESIAN_POINT('Ctrl Pts',(-487.007852575562,-4.09092724867829,-250.));
#1183=CARTESIAN_POINT('Ctrl Pts',(-487.007852575562,-4.09092724867829,250.));
#1184=CARTESIAN_POINT('Ctrl Pts',(-485.834236734912,-4.30675574228013,-250.));
#1185=CARTESIAN_POINT('Ctrl Pts',(-485.834236734912,-4.30675574228013,250.));
#1186=CARTESIAN_POINT('Ctrl Pts',(-484.635849014356,-4.52693543359549,-250.));
#1187=CARTESIAN_POINT('Ctrl Pts',(-484.635849014356,-4.52693543359549,250.));
#1188=CARTESIAN_POINT('Ctrl Pts',(-483.413903149587,-4.75118896704198,-250.));
#1189=CARTESIAN_POINT('Ctrl Pts',(-483.413903149587,-4.75118896704198,250.));
#1190=CARTESIAN_POINT('Ctrl Pts',(-482.169417423133,-4.97926107100537,-250.));
#1191=CARTESIAN_POINT('Ctrl Pts',(-482.169417423133,-4.97926107100537,250.));
#1192=CARTESIAN_POINT('Ctrl Pts',(-480.903211848276,-5.21093711147317,-250.));
#1193=CARTESIAN_POINT('Ctrl Pts',(-480.903211848276,-5.21093711147317,250.));
#1194=CARTESIAN_POINT('Ctrl Pts',(-479.615997501613,-5.44603823650471,-250.));
#1195=CARTESIAN_POINT('Ctrl Pts',(-479.615997501613,-5.44603823650471,250.));
#1196=CARTESIAN_POINT('Ctrl Pts',(-478.30844500663,-5.68442756748437,-250.));
#1197=CARTESIAN_POINT('Ctrl Pts',(-478.30844500663,-5.68442756748437,250.));
#1198=CARTESIAN_POINT('Ctrl Pts',(-476.981224233648,-5.9260015671345,-250.));
#1199=CARTESIAN_POINT('Ctrl Pts',(-476.981224233648,-5.9260015671345,250.));
#1200=CARTESIAN_POINT('Ctrl Pts',(-475.634975998329,-6.17066521774516,-250.));
#1201=CARTESIAN_POINT('Ctrl Pts',(-475.634975998329,-6.17066521774516,250.));
#1202=CARTESIAN_POINT('Ctrl Pts',(-474.270301893608,-6.41831203019241,-250.));
#1203=CARTESIAN_POINT('Ctrl Pts',(-474.270301893608,-6.41831203019241,250.));
#1204=CARTESIAN_POINT('Ctrl Pts',(-472.887745404831,-6.66879925326409,-250.));
#1205=CARTESIAN_POINT('Ctrl Pts',(-472.887745404831,-6.66879925326409,250.));
#1206=CARTESIAN_POINT('Ctrl Pts',(-471.487800690863,-6.92197260461532,-250.));
#1207=CARTESIAN_POINT('Ctrl Pts',(-471.487800690863,-6.92197260461532,250.));
#1208=CARTESIAN_POINT('Ctrl Pts',(-470.070921710684,-7.17769212337538,-250.));
#1209=CARTESIAN_POINT('Ctrl Pts',(-470.070921710684,-7.17769212337538,250.));
#1210=CARTESIAN_POINT('Ctrl Pts',(-468.637531656771,-7.43586212753547,-250.));
#1211=CARTESIAN_POINT('Ctrl Pts',(-468.637531656771,-7.43586212753547,250.));
#1212=CARTESIAN_POINT('Ctrl Pts',(-467.188031264497,-7.69644548026526,-250.));
#1213=CARTESIAN_POINT('Ctrl Pts',(-467.188031264497,-7.69644548026526,250.));
#1214=CARTESIAN_POINT('Ctrl Pts',(-465.722804650208,-7.9594267346244,-250.));
#1215=CARTESIAN_POINT('Ctrl Pts',(-465.722804650208,-7.9594267346244,250.));
#1216=CARTESIAN_POINT('Ctrl Pts',(-464.242224673943,-8.22478733894494,-250.));
#1217=CARTESIAN_POINT('Ctrl Pts',(-464.242224673943,-8.22478733894494,250.));
#1218=CARTESIAN_POINT('Ctrl Pts',(-462.74666051406,-8.49246954599331,-250.));
#1219=CARTESIAN_POINT('Ctrl Pts',(-462.74666051406,-8.49246954599331,250.));
#1220=CARTESIAN_POINT('Ctrl Pts',(-461.236476822139,-8.76236896809205,-250.));
#1221=CARTESIAN_POINT('Ctrl Pts',(-461.236476822139,-8.76236896809205,250.));
#1222=CARTESIAN_POINT('Ctrl Pts',(-459.712020614659,-9.03436331051885,-250.));
#1223=CARTESIAN_POINT('Ctrl Pts',(-459.712020614659,-9.03436331051885,250.));
#1224=CARTESIAN_POINT('Ctrl Pts',(-458.173612775252,-9.30833021015082,-250.));
#1225=CARTESIAN_POINT('Ctrl Pts',(-458.173612775252,-9.30833021015082,250.));
#1226=CARTESIAN_POINT('Ctrl Pts',(-456.621534192257,-9.58417393245408,-250.));
#1227=CARTESIAN_POINT('Ctrl Pts',(-456.621534192257,-9.58417393245408,250.));
#1228=CARTESIAN_POINT('Ctrl Pts',(-455.056027329898,-9.86183163695373,-250.));
#1229=CARTESIAN_POINT('Ctrl Pts',(-455.056027329898,-9.86183163695373,250.));
#1230=CARTESIAN_POINT('Ctrl Pts',(-453.477316338175,-10.1412570662573,-250.));
#1231=CARTESIAN_POINT('Ctrl Pts',(-453.477316338175,-10.1412570662573,250.));
#1232=CARTESIAN_POINT('Ctrl Pts',(-451.885621108912,-10.4224108599742,-250.));
#1233=CARTESIAN_POINT('Ctrl Pts',(-451.885621108912,-10.4224108599742,250.));
#1234=CARTESIAN_POINT('Ctrl Pts',(-450.281176754195,-10.705246104117,-250.));
#1235=CARTESIAN_POINT('Ctrl Pts',(-450.281176754195,-10.705246104117,250.));
#1236=CARTESIAN_POINT('Ctrl Pts',(-448.664240970541,-10.9897027905511,-250.));
#1237=CARTESIAN_POINT('Ctrl Pts',(-448.664240970541,-10.9897027905511,250.));
#1238=CARTESIAN_POINT('Ctrl Pts',(-447.03507814244,-11.2757184717468,-250.));
#1239=CARTESIAN_POINT('Ctrl Pts',(-447.03507814244,-11.2757184717468,250.));
#1240=CARTESIAN_POINT('Ctrl Pts',(-445.393948429644,-11.5632354232934,-250.));
#1241=CARTESIAN_POINT('Ctrl Pts',(-445.393948429644,-11.5632354232934,250.));
#1242=CARTESIAN_POINT('Ctrl Pts',(-443.741094477908,-11.8522096006046,-250.));
#1243=CARTESIAN_POINT('Ctrl Pts',(-443.741094477908,-11.8522096006046,250.));
#1244=CARTESIAN_POINT('Ctrl Pts',(-442.076730233137,-12.1426177134086,-250.));
#1245=CARTESIAN_POINT('Ctrl Pts',(-442.076730233137,-12.1426177134086,250.));
#1246=CARTESIAN_POINT('Ctrl Pts',(-440.401048049236,-12.434446586067,-250.));
#1247=CARTESIAN_POINT('Ctrl Pts',(-440.401048049236,-12.434446586067,250.));
#1248=CARTESIAN_POINT('Ctrl Pts',(-438.714225099723,-12.7276828525554,-250.));
#1249=CARTESIAN_POINT('Ctrl Pts',(-438.714225099723,-12.7276828525554,250.));
#1250=CARTESIAN_POINT('Ctrl Pts',(-437.016429629473,-13.0223036899103,-250.));
#1251=CARTESIAN_POINT('Ctrl Pts',(-437.016429629473,-13.0223036899103,250.));
#1252=CARTESIAN_POINT('Ctrl Pts',(-435.307828304266,-13.3182642311442,-250.));
#1253=CARTESIAN_POINT('Ctrl Pts',(-435.307828304266,-13.3182642311442,250.));
#1254=CARTESIAN_POINT('Ctrl Pts',(-433.588587668703,-13.6155016526665,-250.));
#1255=CARTESIAN_POINT('Ctrl Pts',(-433.588587668703,-13.6155016526665,250.));
#1256=CARTESIAN_POINT('Ctrl Pts',(-431.858872750351,-13.9139474846216,-250.));
#1257=CARTESIAN_POINT('Ctrl Pts',(-431.858872750351,-13.9139474846216,250.));
#1258=CARTESIAN_POINT('Ctrl Pts',(-430.118846567349,-14.2135369130597,-250.));
#1259=CARTESIAN_POINT('Ctrl Pts',(-430.118846567349,-14.2135369130597,250.));
#1260=CARTESIAN_POINT('Ctrl Pts',(-428.36866926394,-14.5142202516968,-250.));
#1261=CARTESIAN_POINT('Ctrl Pts',(-428.36866926394,-14.5142202516968,250.));
#1262=CARTESIAN_POINT('Ctrl Pts',(-426.608497399403,-14.8159708091069,-250.));
#1263=CARTESIAN_POINT('Ctrl Pts',(-426.608497399403,-14.8159708091069,250.));
#1264=CARTESIAN_POINT('Ctrl Pts',(-424.838483278151,-15.1187740579885,-250.));
#1265=CARTESIAN_POINT('Ctrl Pts',(-424.838483278151,-15.1187740579885,250.));
#1266=CARTESIAN_POINT('Ctrl Pts',(-423.058774201096,-15.4226182627326,-250.));
#1267=CARTESIAN_POINT('Ctrl Pts',(-423.058774201096,-15.4226182627326,250.));
#1268=CARTESIAN_POINT('Ctrl Pts',(-421.269511943205,-15.727485690486,-250.));
#1269=CARTESIAN_POINT('Ctrl Pts',(-421.269511943205,-15.727485690486,250.));
#1270=CARTESIAN_POINT('Ctrl Pts',(-419.470831658112,-16.0333408112241,-250.));
#1271=CARTESIAN_POINT('Ctrl Pts',(-419.470831658112,-16.0333408112241,250.));
#1272=CARTESIAN_POINT('Ctrl Pts',(-417.662862890209,-16.3401306422435,-250.));
#1273=CARTESIAN_POINT('Ctrl Pts',(-417.662862890209,-16.3401306422435,250.));
#1274=CARTESIAN_POINT('Ctrl Pts',(-415.845732565546,-16.6477970570334,-250.));
#1275=CARTESIAN_POINT('Ctrl Pts',(-415.845732565546,-16.6477970570334,250.));
#1276=CARTESIAN_POINT('Ctrl Pts',(-414.019567627331,-16.9562863503622,-250.));
#1277=CARTESIAN_POINT('Ctrl Pts',(-414.019567627331,-16.9562863503622,250.));
#1278=CARTESIAN_POINT('Ctrl Pts',(-412.184497419558,-17.2655588077121,-250.));
#1279=CARTESIAN_POINT('Ctrl Pts',(-412.184497419558,-17.2655588077121,250.));
#1280=CARTESIAN_POINT('Ctrl Pts',(-410.340657190042,-17.5756011206965,-250.));
#1281=CARTESIAN_POINT('Ctrl Pts',(-410.340657190042,-17.5756011206965,250.));
#1282=CARTESIAN_POINT('Ctrl Pts',(-408.488184773588,-17.8864196882331,-250.));
#1283=CARTESIAN_POINT('Ctrl Pts',(-408.488184773588,-17.8864196882331,250.));
#1284=CARTESIAN_POINT('Ctrl Pts',(-406.627215050077,-18.1980274955859,-250.));
#1285=CARTESIAN_POINT('Ctrl Pts',(-406.627215050077,-18.1980274955859,250.));
#1286=CARTESIAN_POINT('Ctrl Pts',(-404.757874971387,-18.5104328026194,-250.));
#1287=CARTESIAN_POINT('Ctrl Pts',(-404.757874971387,-18.5104328026194,250.));
#1288=CARTESIAN_POINT('Ctrl Pts',(-402.880278730533,-18.8236278078512,-250.));
#1289=CARTESIAN_POINT('Ctrl Pts',(-402.880278730533,-18.8236278078512,250.));
#1290=CARTESIAN_POINT('Ctrl Pts',(-400.994521867097,-19.1375753903714,-250.));
#1291=CARTESIAN_POINT('Ctrl Pts',(-400.994521867097,-19.1375753903714,250.));
#1292=CARTESIAN_POINT('Ctrl Pts',(-399.100686955937,-19.4522181567865,-250.));
#1293=CARTESIAN_POINT('Ctrl Pts',(-399.100686955937,-19.4522181567865,250.));
#1294=CARTESIAN_POINT('Ctrl Pts',(-397.198850881366,-19.7674905992563,-250.));
#1295=CARTESIAN_POINT('Ctrl Pts',(-397.198850881366,-19.7674905992563,250.));
#1296=CARTESIAN_POINT('Ctrl Pts',(-395.289091707048,-20.0833304034415,-250.));
#1297=CARTESIAN_POINT('Ctrl Pts',(-395.289091707048,-20.0833304034415,250.));
#1298=CARTESIAN_POINT('Ctrl Pts',(-393.371495358146,-20.3996895373309,-250.));
#1299=CARTESIAN_POINT('Ctrl Pts',(-393.371495358146,-20.3996895373309,250.));
#1300=CARTESIAN_POINT('Ctrl Pts',(-391.446163335836,-20.7165469684835,-250.));
#1301=CARTESIAN_POINT('Ctrl Pts',(-391.446163335836,-20.7165469684835,250.));
#1302=CARTESIAN_POINT('Ctrl Pts',(-389.513207506159,-21.0339005763524,-250.));
#1303=CARTESIAN_POINT('Ctrl Pts',(-389.513207506159,-21.0339005763524,250.));
#1304=CARTESIAN_POINT('Ctrl Pts',(-387.572743512233,-21.3517568515754,-250.));
#1305=CARTESIAN_POINT('Ctrl Pts',(-387.572743512233,-21.3517568515754,250.));
#1306=CARTESIAN_POINT('Ctrl Pts',(-385.624884470585,-21.6701210310219,-250.));
#1307=CARTESIAN_POINT('Ctrl Pts',(-385.624884470585,-21.6701210310219,250.));
#1308=CARTESIAN_POINT('Ctrl Pts',(-383.669735020625,-21.9889878581747,-250.));
#1309=CARTESIAN_POINT('Ctrl Pts',(-383.669735020625,-21.9889878581747,250.));
#1310=CARTESIAN_POINT('Ctrl Pts',(-381.707383990057,-22.3083299682634,-250.));
#1311=CARTESIAN_POINT('Ctrl Pts',(-381.707383990057,-22.3083299682634,250.));
#1312=CARTESIAN_POINT('Ctrl Pts',(-379.737907756546,-22.6281044870534,-250.));
#1313=CARTESIAN_POINT('Ctrl Pts',(-379.737907756546,-22.6281044870534,250.));
#1314=CARTESIAN_POINT('Ctrl Pts',(-377.761375832302,-22.9482633205794,-250.));
#1315=CARTESIAN_POINT('Ctrl Pts',(-377.761375832302,-22.9482633205794,250.));
#1316=CARTESIAN_POINT('Ctrl Pts',(-375.777855898708,-23.2687627075902,-250.));
#1317=CARTESIAN_POINT('Ctrl Pts',(-375.777855898708,-23.2687627075902,250.));
#1318=CARTESIAN_POINT('Ctrl Pts',(-373.787418584352,-23.5895718762078,-250.));
#1319=CARTESIAN_POINT('Ctrl Pts',(-373.787418584352,-23.5895718762078,250.));
#1320=CARTESIAN_POINT('Ctrl Pts',(-371.790143578086,-23.9106851120255,-250.));
#1321=CARTESIAN_POINT('Ctrl Pts',(-371.790143578086,-23.9106851120255,250.));
#1322=CARTESIAN_POINT('Ctrl Pts',(-369.786119154023,-24.2321175516245,-250.));
#1323=CARTESIAN_POINT('Ctrl Pts',(-369.786119154023,-24.2321175516245,250.));
#1324=CARTESIAN_POINT('Ctrl Pts',(-367.775438052657,-24.5538921907956,-250.));
#1325=CARTESIAN_POINT('Ctrl Pts',(-367.775438052657,-24.5538921907956,250.));
#1326=CARTESIAN_POINT('Ctrl Pts',(-365.758194398116,-24.8760291081434,-250.));
#1327=CARTESIAN_POINT('Ctrl Pts',(-365.758194398116,-24.8760291081434,250.));
#1328=CARTESIAN_POINT('Ctrl Pts',(-363.734480388412,-25.198534878525,-250.));
#1329=CARTESIAN_POINT('Ctrl Pts',(-363.734480388412,-25.198534878525,250.));
#1330=CARTESIAN_POINT('Ctrl Pts',(-361.704382593845,-25.5213892283872,-250.));
#1331=CARTESIAN_POINT('Ctrl Pts',(-361.704382593845,-25.5213892283872,250.));
#1332=CARTESIAN_POINT('Ctrl Pts',(-359.667980108723,-25.8445420941046,-250.));
#1333=CARTESIAN_POINT('Ctrl Pts',(-359.667980108723,-25.8445420941046,250.));
#1334=CARTESIAN_POINT('Ctrl Pts',(-357.625346120457,-26.1679292478625,-250.));
#1335=CARTESIAN_POINT('Ctrl Pts',(-357.625346120457,-26.1679292478625,250.));
#1336=CARTESIAN_POINT('Ctrl Pts',(-355.576548701035,-26.4914837379357,-250.));
#1337=CARTESIAN_POINT('Ctrl Pts',(-355.576548701035,-26.4914837379357,250.));
#1338=CARTESIAN_POINT('Ctrl Pts',(-353.521651910573,-26.815148972977,-250.));
#1339=CARTESIAN_POINT('Ctrl Pts',(-353.521651910573,-26.815148972977,250.));
#1340=CARTESIAN_POINT('Ctrl Pts',(-351.460716769234,-27.1388911947192,-250.));
#1341=CARTESIAN_POINT('Ctrl Pts',(-351.460716769234,-27.1388911947192,250.));
#1342=CARTESIAN_POINT('Ctrl Pts',(-349.393802281478,-27.4627119507764,-250.));
#1343=CARTESIAN_POINT('Ctrl Pts',(-349.393802281478,-27.4627119507764,250.));
#1344=CARTESIAN_POINT('Ctrl Pts',(-347.320966413583,-27.7866353164821,-250.));
#1345=CARTESIAN_POINT('Ctrl Pts',(-347.320966413583,-27.7866353164821,250.));
#1346=CARTESIAN_POINT('Ctrl Pts',(-345.242267056715,-28.1106958256661,-250.));
#1347=CARTESIAN_POINT('Ctrl Pts',(-345.242267056715,-28.1106958256661,250.));
#1348=CARTESIAN_POINT('Ctrl Pts',(-343.157763044674,-28.4349255511246,-250.));
#1349=CARTESIAN_POINT('Ctrl Pts',(-343.157763044674,-28.4349255511246,250.));
#1350=CARTESIAN_POINT('Ctrl Pts',(-341.06751503477,-28.7593428741648,-250.));
#1351=CARTESIAN_POINT('Ctrl Pts',(-341.06751503477,-28.7593428741648,250.));
#1352=CARTESIAN_POINT('Ctrl Pts',(-338.97158673106,-29.0839372162888,-250.));
#1353=CARTESIAN_POINT('Ctrl Pts',(-338.97158673106,-29.0839372162888,250.));
#1354=CARTESIAN_POINT('Ctrl Pts',(-336.870044707476,-29.4086701385935,-250.));
#1355=CARTESIAN_POINT('Ctrl Pts',(-336.870044707476,-29.4086701385935,250.));
#1356=CARTESIAN_POINT('Ctrl Pts',(-334.762957223968,-29.7334881784998,-250.));
#1357=CARTESIAN_POINT('Ctrl Pts',(-334.762957223968,-29.7334881784998,250.));
#1358=CARTESIAN_POINT('Ctrl Pts',(-332.650393335377,-30.0583322996689,-250.));
#1359=CARTESIAN_POINT('Ctrl Pts',(-332.650393335377,-30.0583322996689,250.));
#1360=CARTESIAN_POINT('Ctrl Pts',(-330.532421885575,-30.3831486156111,-250.));
#1361=CARTESIAN_POINT('Ctrl Pts',(-330.532421885575,-30.3831486156111,250.));
#1362=CARTESIAN_POINT('Ctrl Pts',(-328.409110536957,-30.7078988542872,-250.));
#1363=CARTESIAN_POINT('Ctrl Pts',(-328.409110536957,-30.7078988542872,250.));
#1364=CARTESIAN_POINT('Ctrl Pts',(-326.280524823309,-31.0325701165315,-250.));
#1365=CARTESIAN_POINT('Ctrl Pts',(-326.280524823309,-31.0325701165315,250.));
#1366=CARTESIAN_POINT('Ctrl Pts',(-324.146727947648,-31.3571671055909,-250.));
#1367=CARTESIAN_POINT('Ctrl Pts',(-324.146727947648,-31.3571671055909,250.));
#1368=CARTESIAN_POINT('Ctrl Pts',(-322.007780557544,-31.6817053881991,-250.));
#1369=CARTESIAN_POINT('Ctrl Pts',(-322.007780557544,-31.6817053881991,250.));
#1370=CARTESIAN_POINT('Ctrl Pts',(-319.863740493316,-32.0062040224064,-250.));
#1371=CARTESIAN_POINT('Ctrl Pts',(-319.863740493316,-32.0062040224064,250.));
#1372=CARTESIAN_POINT('Ctrl Pts',(-317.714662629373,-32.3306790053512,-250.));
#1373=CARTESIAN_POINT('Ctrl Pts',(-317.714662629373,-32.3306790053512,250.));
#1374=CARTESIAN_POINT('Ctrl Pts',(-315.560598475003,-32.655135016417,-250.));
#1375=CARTESIAN_POINT('Ctrl Pts',(-315.560598475003,-32.655135016417,250.));
#1376=CARTESIAN_POINT('Ctrl Pts',(-313.401596640957,-32.9795630192298,-250.));
#1377=CARTESIAN_POINT('Ctrl Pts',(-313.401596640957,-32.9795630192298,250.));
#1378=CARTESIAN_POINT('Ctrl Pts',(-311.237704332708,-33.3039446486388,-250.));
#1379=CARTESIAN_POINT('Ctrl Pts',(-311.237704332708,-33.3039446486388,250.));
#1380=CARTESIAN_POINT('Ctrl Pts',(-309.068968551187,-33.6282548088745,-250.));
#1381=CARTESIAN_POINT('Ctrl Pts',(-309.068968551187,-33.6282548088745,250.));
#1382=CARTESIAN_POINT('Ctrl Pts',(-306.89543746866,-33.952465064074,-250.));
#1383=CARTESIAN_POINT('Ctrl Pts',(-306.89543746866,-33.952465064074,250.));
#1384=CARTESIAN_POINT('Ctrl Pts',(-304.717161599143,-34.2765465392193,-250.));
#1385=CARTESIAN_POINT('Ctrl Pts',(-304.717161599143,-34.2765465392193,250.));
#1386=CARTESIAN_POINT('Ctrl Pts',(-302.534195397496,-34.6004734239502,-250.));
#1387=CARTESIAN_POINT('Ctrl Pts',(-302.534195397496,-34.6004734239502,250.));
#1388=CARTESIAN_POINT('Ctrl Pts',(-300.346596036204,-34.9242231708084,-250.));
#1389=CARTESIAN_POINT('Ctrl Pts',(-300.346596036204,-34.9242231708084,250.));
#1390=CARTESIAN_POINT('Ctrl Pts',(-298.154421521634,-35.2477759436323,-250.));
#1391=CARTESIAN_POINT('Ctrl Pts',(-298.154421521634,-35.2477759436323,250.));
#1392=CARTESIAN_POINT('Ctrl Pts',(-295.957729022523,-35.5711143180208,-250.));
#1393=CARTESIAN_POINT('Ctrl Pts',(-295.957729022523,-35.5711143180208,250.));
#1394=CARTESIAN_POINT('Ctrl Pts',(-293.756573138563,-35.8942228802994,-250.));
#1395=CARTESIAN_POINT('Ctrl Pts',(-293.756573138563,-35.8942228802994,250.));
#1396=CARTESIAN_POINT('Ctrl Pts',(-291.55100412587,-36.2170878604001,-250.));
#1397=CARTESIAN_POINT('Ctrl Pts',(-291.55100412587,-36.2170878604001,250.));
#1398=CARTESIAN_POINT('Ctrl Pts',(-289.341066337771,-36.5396967781295,-250.));
#1399=CARTESIAN_POINT('Ctrl Pts',(-289.341066337771,-36.5396967781295,250.));
#1400=CARTESIAN_POINT('Ctrl Pts',(-287.126800636935,-36.8620386903038,-250.));
#1401=CARTESIAN_POINT('Ctrl Pts',(-287.126800636935,-36.8620386903038,250.));
#1402=CARTESIAN_POINT('Ctrl Pts',(-284.908246560461,-37.1841043897046,-250.));
#1403=CARTESIAN_POINT('Ctrl Pts',(-284.908246560461,-37.1841043897046,250.));
#1404=CARTESIAN_POINT('Ctrl Pts',(-282.685444651768,-37.5058866495395,-250.));
#1405=CARTESIAN_POINT('Ctrl Pts',(-282.685444651768,-37.5058866495395,250.));
#1406=CARTESIAN_POINT('Ctrl Pts',(-280.458438554744,-37.8273803869093,-250.));
#1407=CARTESIAN_POINT('Ctrl Pts',(-280.458438554744,-37.8273803869093,250.));
#1408=CARTESIAN_POINT('Ctrl Pts',(-278.227277611164,-38.1485830093514,-250.));
#1409=CARTESIAN_POINT('Ctrl Pts',(-278.227277611164,-38.1485830093514,250.));
#1410=CARTESIAN_POINT('Ctrl Pts',(-275.992017968807,-38.4694942108708,-250.));
#1411=CARTESIAN_POINT('Ctrl Pts',(-275.992017968807,-38.4694942108708,250.));
#1412=CARTESIAN_POINT('Ctrl Pts',(-273.752719259923,-38.7901141033631,-250.));
#1413=CARTESIAN_POINT('Ctrl Pts',(-273.752719259923,-38.7901141033631,250.));
#1414=CARTESIAN_POINT('Ctrl Pts',(-271.509442115423,-39.1104416835609,-250.));
#1415=CARTESIAN_POINT('Ctrl Pts',(-271.509442115423,-39.1104416835609,250.));
#1416=CARTESIAN_POINT('Ctrl Pts',(-269.262245239428,-39.4304730817424,-250.));
#1417=CARTESIAN_POINT('Ctrl Pts',(-269.262245239428,-39.4304730817424,250.));
#1418=CARTESIAN_POINT('Ctrl Pts',(-267.011182923503,-39.7502001005293,-250.));
#1419=CARTESIAN_POINT('Ctrl Pts',(-267.011182923503,-39.7502001005293,250.));
#1420=CARTESIAN_POINT('Ctrl Pts',(-264.756301757105,-40.0696081485526,-250.));
#1421=CARTESIAN_POINT('Ctrl Pts',(-264.756301757105,-40.0696081485526,250.));
#1422=CARTESIAN_POINT('Ctrl Pts',(-262.497639865141,-40.3886761404491,-250.));
#1423=CARTESIAN_POINT('Ctrl Pts',(-262.497639865141,-40.3886761404491,250.));
#1424=CARTESIAN_POINT('Ctrl Pts',(-260.235229981505,-40.7073794129003,-250.));
#1425=CARTESIAN_POINT('Ctrl Pts',(-260.235229981505,-40.7073794129003,250.));
#1426=CARTESIAN_POINT('Ctrl Pts',(-257.969101577535,-41.0256918819007,-250.));
#1427=CARTESIAN_POINT('Ctrl Pts',(-257.969101577535,-41.0256918819007,250.));
#1428=CARTESIAN_POINT('Ctrl Pts',(-255.699283452554,-41.3435886015114,-250.));
#1429=CARTESIAN_POINT('Ctrl Pts',(-255.699283452554,-41.3435886015114,250.));
#1430=CARTESIAN_POINT('Ctrl Pts',(-253.425805940166,-41.6610479308551,-250.));
#1431=CARTESIAN_POINT('Ctrl Pts',(-253.425805940166,-41.6610479308551,250.));
#1432=CARTESIAN_POINT('Ctrl Pts',(-251.148703739548,-41.9780544117754,-250.));
#1433=CARTESIAN_POINT('Ctrl Pts',(-251.148703739548,-41.9780544117754,250.));
#1434=CARTESIAN_POINT('Ctrl Pts',(-248.868016699292,-42.2945992420565,-250.));
#1435=CARTESIAN_POINT('Ctrl Pts',(-248.868016699292,-42.2945992420565,250.));
#1436=CARTESIAN_POINT('Ctrl Pts',(-246.583788432616,-42.6106781773435,-250.));
#1437=CARTESIAN_POINT('Ctrl Pts',(-246.583788432616,-42.6106781773435,250.));
#1438=CARTESIAN_POINT('Ctrl Pts',(-244.296065510261,-42.9262901294728,-250.));
#1439=CARTESIAN_POINT('Ctrl Pts',(-244.296065510261,-42.9262901294728,250.));
#1440=CARTESIAN_POINT('Ctrl Pts',(-242.004896408301,-43.2414354464595,-250.));
#1441=CARTESIAN_POINT('Ctrl Pts',(-242.004896408301,-43.2414354464595,250.));
#1442=CARTESIAN_POINT('Ctrl Pts',(-239.710330583256,-43.5561144085566,-250.));
#1443=CARTESIAN_POINT('Ctrl Pts',(-239.710330583256,-43.5561144085566,250.));
#1444=CARTESIAN_POINT('Ctrl Pts',(-237.412417437239,-43.870325434237,-250.));
#1445=CARTESIAN_POINT('Ctrl Pts',(-237.412417437239,-43.870325434237,250.));
#1446=CARTESIAN_POINT('Ctrl Pts',(-235.111205548741,-44.1840641964717,-250.));
#1447=CARTESIAN_POINT('Ctrl Pts',(-235.111205548741,-44.1840641964717,250.));
#1448=CARTESIAN_POINT('Ctrl Pts',(-232.806742119938,-44.4973235698259,-250.));
#1449=CARTESIAN_POINT('Ctrl Pts',(-232.806742119938,-44.4973235698259,250.));
#1450=CARTESIAN_POINT('Ctrl Pts',(-230.499072386056,-44.810093375514,-250.));
#1451=CARTESIAN_POINT('Ctrl Pts',(-230.499072386056,-44.810093375514,250.));
#1452=CARTESIAN_POINT('Ctrl Pts',(-228.188238996625,-45.122360157287,-250.));
#1453=CARTESIAN_POINT('Ctrl Pts',(-228.188238996625,-45.122360157287,250.));
#1454=CARTESIAN_POINT('Ctrl Pts',(-225.874281509512,-45.4341070637253,-250.));
#1455=CARTESIAN_POINT('Ctrl Pts',(-225.874281509512,-45.4341070637253,250.));
#1456=CARTESIAN_POINT('Ctrl Pts',(-223.55723558799,-45.7453133896447,-250.));
#1457=CARTESIAN_POINT('Ctrl Pts',(-223.55723558799,-45.7453133896447,250.));
#1458=CARTESIAN_POINT('Ctrl Pts',(-221.237133291677,-46.0559554148386,-250.));
#1459=CARTESIAN_POINT('Ctrl Pts',(-221.237133291677,-46.0559554148386,250.));
#1460=CARTESIAN_POINT('Ctrl Pts',(-218.914004551499,-46.3660086739326,-250.));
#1461=CARTESIAN_POINT('Ctrl Pts',(-218.914004551499,-46.3660086739326,250.));
#1462=CARTESIAN_POINT('Ctrl Pts',(-216.587878310299,-46.6754497951396,-250.));
#1463=CARTESIAN_POINT('Ctrl Pts',(-216.587878310299,-46.6754497951396,250.));
#1464=CARTESIAN_POINT('Ctrl Pts',(-214.258783841265,-46.9842586225857,-250.));
#1465=CARTESIAN_POINT('Ctrl Pts',(-214.258783841265,-46.9842586225857,250.));
#1466=CARTESIAN_POINT('Ctrl Pts',(-211.926751894503,-47.2924199684479,-250.));
#1467=CARTESIAN_POINT('Ctrl Pts',(-211.926751894503,-47.2924199684479,250.));
#1468=CARTESIAN_POINT('Ctrl Pts',(-209.591816151374,-47.5999261323112,-250.));
#1469=CARTESIAN_POINT('Ctrl Pts',(-209.591816151374,-47.5999261323112,250.));
#1470=CARTESIAN_POINT('Ctrl Pts',(-207.254013707652,-47.9067769052475,-250.));
#1471=CARTESIAN_POINT('Ctrl Pts',(-207.254013707652,-47.9067769052475,250.));
#1472=CARTESIAN_POINT('Ctrl Pts',(-204.913384171522,-48.2129759228055,-250.));
#1473=CARTESIAN_POINT('Ctrl Pts',(-204.913384171522,-48.2129759228055,250.));
#1474=CARTESIAN_POINT('Ctrl Pts',(-202.56996909643,-48.5185279495101,-250.));
#1475=CARTESIAN_POINT('Ctrl Pts',(-202.56996909643,-48.5185279495101,250.));
#1476=CARTESIAN_POINT('Ctrl Pts',(-200.223811276605,-48.8234356793007,-250.));
#1477=CARTESIAN_POINT('Ctrl Pts',(-200.223811276605,-48.8234356793007,250.));
#1478=CARTESIAN_POINT('Ctrl Pts',(-197.874954106034,-49.1276969908687,-250.));
#1479=CARTESIAN_POINT('Ctrl Pts',(-197.874954106034,-49.1276969908687,250.));
#1480=CARTESIAN_POINT('Ctrl Pts',(-195.523440898828,-49.4313014091168,-250.));
#1481=CARTESIAN_POINT('Ctrl Pts',(-195.523440898828,-49.4313014091168,250.));
#1482=CARTESIAN_POINT('Ctrl Pts',(-193.169314262371,-49.7342288523073,-250.));
#1483=CARTESIAN_POINT('Ctrl Pts',(-193.169314262371,-49.7342288523073,250.));
#1484=CARTESIAN_POINT('Ctrl Pts',(-190.812615561151,-50.0364539413577,-250.));
#1485=CARTESIAN_POINT('Ctrl Pts',(-190.812615561151,-50.0364539413577,250.));
#1486=CARTESIAN_POINT('Ctrl Pts',(-188.453384372455,-50.3379492043336,-250.));
#1487=CARTESIAN_POINT('Ctrl Pts',(-188.453384372455,-50.3379492043336,250.));
#1488=CARTESIAN_POINT('Ctrl Pts',(-186.091657927611,-50.6386887799374,-250.));
#1489=CARTESIAN_POINT('Ctrl Pts',(-186.091657927611,-50.6386887799374,250.));
#1490=CARTESIAN_POINT('Ctrl Pts',(-183.727470599791,-50.938651769517,-250.));
#1491=CARTESIAN_POINT('Ctrl Pts',(-183.727470599791,-50.938651769517,250.));
#1492=CARTESIAN_POINT('Ctrl Pts',(-181.360853275481,-51.2378260701564,-250.));
#1493=CARTESIAN_POINT('Ctrl Pts',(-181.360853275481,-51.2378260701564,250.));
#1494=CARTESIAN_POINT('Ctrl Pts',(-178.99183305971,-51.5362110286672,-250.));
#1495=CARTESIAN_POINT('Ctrl Pts',(-178.99183305971,-51.5362110286672,250.));
#1496=CARTESIAN_POINT('Ctrl Pts',(-176.620435153154,-51.8338126597745,-250.));
#1497=CARTESIAN_POINT('Ctrl Pts',(-176.620435153154,-51.8338126597745,250.));
#1498=CARTESIAN_POINT('Ctrl Pts',(-174.24668449872,-52.1306396543612,-250.));
#1499=CARTESIAN_POINT('Ctrl Pts',(-174.24668449872,-52.1306396543612,250.));
#1500=CARTESIAN_POINT('Ctrl Pts',(-171.870607506894,-52.4266991063413,-250.));
#1501=CARTESIAN_POINT('Ctrl Pts',(-171.870607506894,-52.4266991063413,250.));
#1502=CARTESIAN_POINT('Ctrl Pts',(-169.492233770389,-52.721992307831,-250.));
#1503=CARTESIAN_POINT('Ctrl Pts',(-169.492233770389,-52.721992307831,250.));
#1504=CARTESIAN_POINT('Ctrl Pts',(-167.111597729613,-53.0165106361812,-250.));
#1505=CARTESIAN_POINT('Ctrl Pts',(-167.111597729613,-53.0165106361812,250.));
#1506=CARTESIAN_POINT('Ctrl Pts',(-164.728740506508,-53.3102310696662,-250.));
#1507=CARTESIAN_POINT('Ctrl Pts',(-164.728740506508,-53.3102310696662,250.));
#1508=CARTESIAN_POINT('Ctrl Pts',(-162.34370762609,-53.6031209695151,-250.));
#1509=CARTESIAN_POINT('Ctrl Pts',(-162.34370762609,-53.6031209695151,250.));
#1510=CARTESIAN_POINT('Ctrl Pts',(-159.956546507451,-53.8951433830108,-250.));
#1511=CARTESIAN_POINT('Ctrl Pts',(-159.956546507451,-53.8951433830108,250.));
#1512=CARTESIAN_POINT('Ctrl Pts',(-157.567304087753,-54.1862620464916,-250.));
#1513=CARTESIAN_POINT('Ctrl Pts',(-157.567304087753,-54.1862620464916,250.));
#1514=CARTESIAN_POINT('Ctrl Pts',(-155.176024279701,-54.4764467631888,-250.));
#1515=CARTESIAN_POINT('Ctrl Pts',(-155.176024279701,-54.4764467631888,250.));
#1516=CARTESIAN_POINT('Ctrl Pts',(-152.782745758515,-54.7656780400853,-250.));
#1517=CARTESIAN_POINT('Ctrl Pts',(-152.782745758515,-54.7656780400853,250.));
#1518=CARTESIAN_POINT('Ctrl Pts',(-150.387498944724,-55.0539535330007,-250.));
#1519=CARTESIAN_POINT('Ctrl Pts',(-150.387498944724,-55.0539535330007,250.));
#1520=CARTESIAN_POINT('Ctrl Pts',(-147.99030731549,-55.3412847512359,-250.));
#1521=CARTESIAN_POINT('Ctrl Pts',(-147.99030731549,-55.3412847512359,250.));
#1522=CARTESIAN_POINT('Ctrl Pts',(-145.591190342748,-55.6276900849987,-250.));
#1523=CARTESIAN_POINT('Ctrl Pts',(-145.591190342748,-55.6276900849987,250.));
#1524=CARTESIAN_POINT('Ctrl Pts',(-143.190165852677,-55.9131891686724,-250.));
#1525=CARTESIAN_POINT('Ctrl Pts',(-143.190165852677,-55.9131891686724,250.));
#1526=CARTESIAN_POINT('Ctrl Pts',(-140.787252730553,-56.1977963899688,-250.));
#1527=CARTESIAN_POINT('Ctrl Pts',(-140.787252730553,-56.1977963899688,250.));
#1528=CARTESIAN_POINT('Ctrl Pts',(-138.382473235973,-56.4815154547617,-250.));
#1529=CARTESIAN_POINT('Ctrl Pts',(-138.382473235973,-56.4815154547617,250.));
#1530=CARTESIAN_POINT('Ctrl Pts',(-135.975856079413,-56.764331802778,-250.));
#1531=CARTESIAN_POINT('Ctrl Pts',(-135.975856079413,-56.764331802778,250.));
#1532=CARTESIAN_POINT('Ctrl Pts',(-133.567436923693,-57.0462123673474,-250.));
#1533=CARTESIAN_POINT('Ctrl Pts',(-133.567436923693,-57.0462123673474,250.));
#1534=CARTESIAN_POINT('Ctrl Pts',(-131.157255897079,-57.3271138942758,-250.));
#1535=CARTESIAN_POINT('Ctrl Pts',(-131.157255897079,-57.3271138942758,250.));
#1536=CARTESIAN_POINT('Ctrl Pts',(-128.745355891918,-57.6069889831451,-250.));
#1537=CARTESIAN_POINT('Ctrl Pts',(-128.745355891918,-57.6069889831451,250.));
#1538=CARTESIAN_POINT('Ctrl Pts',(-126.331780516871,-57.8857931901501,-250.));
#1539=CARTESIAN_POINT('Ctrl Pts',(-126.331780516871,-57.8857931901501,250.));
#1540=CARTESIAN_POINT('Ctrl Pts',(-123.916572259429,-58.1634913652415,-250.));
#1541=CARTESIAN_POINT('Ctrl Pts',(-123.916572259429,-58.1634913652415,250.));
#1542=CARTESIAN_POINT('Ctrl Pts',(-121.499770409775,-58.4400650626665,-250.));
#1543=CARTESIAN_POINT('Ctrl Pts',(-121.499770409775,-58.4400650626665,250.));
#1544=CARTESIAN_POINT('Ctrl Pts',(-119.081409532612,-58.7155172558571,-250.));
#1545=CARTESIAN_POINT('Ctrl Pts',(-119.081409532612,-58.7155172558571,250.));
#1546=CARTESIAN_POINT('Ctrl Pts',(-116.661520516447,-58.9898641470902,-250.));
#1547=CARTESIAN_POINT('Ctrl Pts',(-116.661520516447,-58.9898641470902,250.));
#1548=CARTESIAN_POINT('Ctrl Pts',(-114.240131290232,-59.2631286147234,-250.));
#1549=CARTESIAN_POINT('Ctrl Pts',(-114.240131290232,-59.2631286147234,250.));
#1550=CARTESIAN_POINT('Ctrl Pts',(-111.817267667172,-59.5353331055705,-250.));
#1551=CARTESIAN_POINT('Ctrl Pts',(-111.817267667172,-59.5353331055705,250.));
#1552=CARTESIAN_POINT('Ctrl Pts',(-109.392954138326,-59.8064925806846,-250.));
#1553=CARTESIAN_POINT('Ctrl Pts',(-109.392954138326,-59.8064925806846,250.));
#1554=CARTESIAN_POINT('Ctrl Pts',(-106.967214678511,-60.0766078682163,-250.));
#1555=CARTESIAN_POINT('Ctrl Pts',(-106.967214678511,-60.0766078682163,250.));
#1556=CARTESIAN_POINT('Ctrl Pts',(-104.540073571302,-60.3456576959419,-250.));
#1557=CARTESIAN_POINT('Ctrl Pts',(-104.540073571302,-60.3456576959419,250.));
#1558=CARTESIAN_POINT('Ctrl Pts',(-102.111555968782,-60.6136042337244,-250.));
#1559=CARTESIAN_POINT('Ctrl Pts',(-102.111555968782,-60.6136042337244,250.));
#1560=CARTESIAN_POINT('Ctrl Pts',(-99.6816884243578,-60.8804006378509,-250.));
#1561=CARTESIAN_POINT('Ctrl Pts',(-99.6816884243578,-60.8804006378509,250.));
#1562=CARTESIAN_POINT('Ctrl Pts',(-97.2504994110542,-61.1459977367907,-250.));
#1563=CARTESIAN_POINT('Ctrl Pts',(-97.2504994110542,-61.1459977367907,250.));
#1564=CARTESIAN_POINT('Ctrl Pts',(-94.8180199001906,-61.4103514177673,-250.));
#1565=CARTESIAN_POINT('Ctrl Pts',(-94.8180199001906,-61.4103514177673,250.));
#1566=CARTESIAN_POINT('Ctrl Pts',(-92.3842837877833,-61.6734289223403,-250.));
#1567=CARTESIAN_POINT('Ctrl Pts',(-92.3842837877833,-61.6734289223403,250.));
#1568=CARTESIAN_POINT('Ctrl Pts',(-89.9493287005148,-61.9352175745225,-250.));
#1569=CARTESIAN_POINT('Ctrl Pts',(-89.9493287005148,-61.9352175745225,250.));
#1570=CARTESIAN_POINT('Ctrl Pts',(-87.5131953302986,-62.1957242926336,-250.));
#1571=CARTESIAN_POINT('Ctrl Pts',(-87.5131953302986,-62.1957242926336,250.));
#1572=CARTESIAN_POINT('Ctrl Pts',(-85.0759254964124,-62.4549672009096,-250.));
#1573=CARTESIAN_POINT('Ctrl Pts',(-85.0759254964124,-62.4549672009096,250.));
#1574=CARTESIAN_POINT('Ctrl Pts',(-82.6375605851478,-62.712969529866,-250.));
#1575=CARTESIAN_POINT('Ctrl Pts',(-82.6375605851478,-62.712969529866,250.));
#1576=CARTESIAN_POINT('Ctrl Pts',(-80.1981397940761,-62.9697524428867,-250.));
#1577=CARTESIAN_POINT('Ctrl Pts',(-80.1981397940761,-62.9697524428867,250.));
#1578=CARTESIAN_POINT('Ctrl Pts',(-77.7576985534185,-63.2253286338379,-250.));
#1579=CARTESIAN_POINT('Ctrl Pts',(-77.7576985534185,-63.2253286338379,250.));
#1580=CARTESIAN_POINT('Ctrl Pts',(-75.3162666477801,-63.4796948490567,-250.));
#1581=CARTESIAN_POINT('Ctrl Pts',(-75.3162666477801,-63.4796948490567,250.));
#1582=CARTESIAN_POINT('Ctrl Pts',(-72.8738671416001,-63.7328271192733,-250.));
#1583=CARTESIAN_POINT('Ctrl Pts',(-72.8738671416001,-63.7328271192733,250.));
#1584=CARTESIAN_POINT('Ctrl Pts',(-70.4305189200691,-63.9846880291712,-250.));
#1585=CARTESIAN_POINT('Ctrl Pts',(-70.4305189200691,-63.9846880291712,250.));
#1586=CARTESIAN_POINT('Ctrl Pts',(-67.9862387506079,-64.23523238552,-250.));
#1587=CARTESIAN_POINT('Ctrl Pts',(-67.9862387506079,-64.23523238552,250.));
#1588=CARTESIAN_POINT('Ctrl Pts',(-65.5410435011846,-64.4844134285316,-250.));
#1589=CARTESIAN_POINT('Ctrl Pts',(-65.5410435011846,-64.4844134285316,250.));
#1590=CARTESIAN_POINT('Ctrl Pts',(-63.0949523593118,-64.7321889925169,-250.));
#1591=CARTESIAN_POINT('Ctrl Pts',(-63.0949523593118,-64.7321889925169,250.));
#1592=CARTESIAN_POINT('Ctrl Pts',(-60.6479888922609,-64.9785272639704,-250.));
#1593=CARTESIAN_POINT('Ctrl Pts',(-60.6479888922609,-64.9785272639704,250.));
#1594=CARTESIAN_POINT('Ctrl Pts',(-58.200183592632,-65.2234138294649,-250.));
#1595=CARTESIAN_POINT('Ctrl Pts',(-58.200183592632,-65.2234138294649,250.));
#1596=CARTESIAN_POINT('Ctrl Pts',(-55.7515725342974,-65.4668483144278,-250.));
#1597=CARTESIAN_POINT('Ctrl Pts',(-55.7515725342974,-65.4668483144278,250.));
#1598=CARTESIAN_POINT('Ctrl Pts',(-53.3021952348658,-65.7088388971107,-250.));
#1599=CARTESIAN_POINT('Ctrl Pts',(-53.3021952348658,-65.7088388971107,250.));
#1600=CARTESIAN_POINT('Ctrl Pts',(-50.852092826646,-65.9493976464225,-250.));
#1601=CARTESIAN_POINT('Ctrl Pts',(-50.852092826646,-65.9493976464225,250.));
#1602=CARTESIAN_POINT('Ctrl Pts',(-48.4013060229244,-66.1885353179441,-250.));
#1603=CARTESIAN_POINT('Ctrl Pts',(-48.4013060229244,-66.1885353179441,250.));
#1604=CARTESIAN_POINT('Ctrl Pts',(-45.9498733466882,-66.4262568375488,-250.));
#1605=CARTESIAN_POINT('Ctrl Pts',(-45.9498733466882,-66.4262568375488,250.));
#1606=CARTESIAN_POINT('Ctrl Pts',(-43.4978288178421,-66.6625553721164,-250.));
#1607=CARTESIAN_POINT('Ctrl Pts',(-43.4978288178421,-66.6625553721164,250.));
#1608=CARTESIAN_POINT('Ctrl Pts',(-41.0452014723358,-66.8974111755823,-250.));
#1609=CARTESIAN_POINT('Ctrl Pts',(-41.0452014723358,-66.8974111755823,250.));
#1610=CARTESIAN_POINT('Ctrl Pts',(-38.592017126448,-67.1307962868161,-250.));
#1611=CARTESIAN_POINT('Ctrl Pts',(-38.592017126448,-67.1307962868161,250.));
#1612=CARTESIAN_POINT('Ctrl Pts',(-36.1382995659837,-67.3626777281493,-250.));
#1613=CARTESIAN_POINT('Ctrl Pts',(-36.1382995659837,-67.3626777281493,250.));
#1614=CARTESIAN_POINT('Ctrl Pts',(-33.6840719768411,-67.5930213342242,-250.));
#1615=CARTESIAN_POINT('Ctrl Pts',(-33.6840719768411,-67.5930213342242,250.));
#1616=CARTESIAN_POINT('Ctrl Pts',(-31.2293582542445,-67.8217952617187,-250.));
#1617=CARTESIAN_POINT('Ctrl Pts',(-31.2293582542445,-67.8217952617187,250.));
#1618=CARTESIAN_POINT('Ctrl Pts',(-28.7741844069648,-68.0489737534874,-250.));
#1619=CARTESIAN_POINT('Ctrl Pts',(-28.7741844069648,-68.0489737534874,250.));
#1620=CARTESIAN_POINT('Ctrl Pts',(-26.3185797990458,-68.2745404603682,-250.));
#1621=CARTESIAN_POINT('Ctrl Pts',(-26.3185797990458,-68.2745404603682,250.));
#1622=CARTESIAN_POINT('Ctrl Pts',(-23.8625762417192,-68.4984858837643,-250.));
#1623=CARTESIAN_POINT('Ctrl Pts',(-23.8625762417192,-68.4984858837643,250.));
#1624=CARTESIAN_POINT('Ctrl Pts',(-21.4062071970743,-68.7208051224697,-250.));
#1625=CARTESIAN_POINT('Ctrl Pts',(-21.4062071970743,-68.7208051224697,250.));
#1626=CARTESIAN_POINT('Ctrl Pts',(-18.9495069515144,-68.9414955408827,-250.));
#1627=CARTESIAN_POINT('Ctrl Pts',(-18.9495069515144,-68.9414955408827,250.));
#1628=CARTESIAN_POINT('Ctrl Pts',(-16.492509775175,-69.160554389142,-250.));
#1629=CARTESIAN_POINT('Ctrl Pts',(-16.492509775175,-69.160554389142,250.));
#1630=CARTESIAN_POINT('Ctrl Pts',(-14.0352491502027,-69.3779766344148,-250.));
#1631=CARTESIAN_POINT('Ctrl Pts',(-14.0352491502027,-69.3779766344148,250.));
#1632=CARTESIAN_POINT('Ctrl Pts',(-11.5777568094826,-69.5937522164022,-250.));
#1633=CARTESIAN_POINT('Ctrl Pts',(-11.5777568094826,-69.5937522164022,250.));
#1634=CARTESIAN_POINT('Ctrl Pts',(-9.12006271911605,-69.8078661669884,-250.));
#1635=CARTESIAN_POINT('Ctrl Pts',(-9.12006271911605,-69.8078661669884,250.));
#1636=CARTESIAN_POINT('Ctrl Pts',(-6.66219549173878,-70.0203000421433,-250.));
#1637=CARTESIAN_POINT('Ctrl Pts',(-6.66219549173878,-70.0203000421433,250.));
#1638=CARTESIAN_POINT('Ctrl Pts',(-4.20418266219798,-70.2310329260621,-250.));
#1639=CARTESIAN_POINT('Ctrl Pts',(-4.20418266219798,-70.2310329260621,250.));
#1640=CARTESIAN_POINT('Ctrl Pts',(-1.74605102153192,-70.4400426353678,-250.));
#1641=CARTESIAN_POINT('Ctrl Pts',(-1.74605102153192,-70.4400426353678,250.));
#1642=CARTESIAN_POINT('Ctrl Pts',(0.712173076538011,-70.6473067861146,-250.));
#1643=CARTESIAN_POINT('Ctrl Pts',(0.712173076538011,-70.6473067861146,250.));
#1644=CARTESIAN_POINT('Ctrl Pts',(3.17046339133174,-70.8528040437287,-250.));
#1645=CARTESIAN_POINT('Ctrl Pts',(3.17046339133174,-70.8528040437287,250.));
#1646=CARTESIAN_POINT('Ctrl Pts',(5.62879349795253,-71.0565148943218,-250.));
#1647=CARTESIAN_POINT('Ctrl Pts',(5.62879349795253,-71.0565148943218,250.));
#1648=CARTESIAN_POINT('Ctrl Pts',(8.08713654756962,-71.2584212332966,-250.));
#1649=CARTESIAN_POINT('Ctrl Pts',(8.08713654756962,-71.2584212332966,250.));
#1650=CARTESIAN_POINT('Ctrl Pts',(10.545465015223,-71.4585061768448,-250.));
#1651=CARTESIAN_POINT('Ctrl Pts',(10.545465015223,-71.4585061768448,250.));
#1652=CARTESIAN_POINT('Ctrl Pts',(13.0037504567398,-71.6567537864976,-250.));
#1653=CARTESIAN_POINT('Ctrl Pts',(13.0037504567398,-71.6567537864976,250.));
#1654=CARTESIAN_POINT('Ctrl Pts',(15.4619632521497,-71.8531488276725,-250.));
#1655=CARTESIAN_POINT('Ctrl Pts',(15.4619632521497,-71.8531488276725,250.));
#1656=CARTESIAN_POINT('Ctrl Pts',(17.920072377536,-72.0476765209653,-250.));
#1657=CARTESIAN_POINT('Ctrl Pts',(17.920072377536,-72.0476765209653,250.));
#1658=CARTESIAN_POINT('Ctrl Pts',(20.3780451036496,-72.2403222766633,-250.));
#1659=CARTESIAN_POINT('Ctrl Pts',(20.3780451036496,-72.2403222766633,250.));
#1660=CARTESIAN_POINT('Ctrl Pts',(22.8358476336603,-72.4310717372082,-250.));
#1661=CARTESIAN_POINT('Ctrl Pts',(22.8358476336603,-72.4310717372082,250.));
#1662=CARTESIAN_POINT('Ctrl Pts',(25.2934458463763,-72.6199108583643,-250.));
#1663=CARTESIAN_POINT('Ctrl Pts',(25.2934458463763,-72.6199108583643,250.));
#1664=CARTESIAN_POINT('Ctrl Pts',(27.7508059815722,-72.8068259651448,-250.));
#1665=CARTESIAN_POINT('Ctrl Pts',(27.7508059815722,-72.8068259651448,250.));
#1666=CARTESIAN_POINT('Ctrl Pts',(30.2078953950434,-72.9918038437989,-250.));
#1667=CARTESIAN_POINT('Ctrl Pts',(30.2078953950434,-72.9918038437989,250.));
#1668=CARTESIAN_POINT('Ctrl Pts',(32.6646831782069,-73.1748317591469,-250.));
#1669=CARTESIAN_POINT('Ctrl Pts',(32.6646831782069,-73.1748317591469,250.));
#1670=CARTESIAN_POINT('Ctrl Pts',(35.1211410974168,-73.3558976506753,-250.));
#1671=CARTESIAN_POINT('Ctrl Pts',(35.1211410974168,-73.3558976506753,250.));
#1672=CARTESIAN_POINT('Ctrl Pts',(37.5772433374568,-73.5349896571903,-250.));
#1673=CARTESIAN_POINT('Ctrl Pts',(37.5772433374568,-73.5349896571903,250.));
#1674=CARTESIAN_POINT('Ctrl Pts',(40.0329651254964,-73.7120950075466,-250.));
#1675=CARTESIAN_POINT('Ctrl Pts',(40.0329651254964,-73.7120950075466,250.));
#1676=CARTESIAN_POINT('Ctrl Pts',(42.488281673908,-73.8871990991641,-250.));
#1677=CARTESIAN_POINT('Ctrl Pts',(42.488281673908,-73.8871990991641,250.));
#1678=CARTESIAN_POINT('Ctrl Pts',(44.9431669711796,-74.060284471862,-250.));
#1679=CARTESIAN_POINT('Ctrl Pts',(44.9431669711796,-74.060284471862,250.));
#1680=CARTESIAN_POINT('Ctrl Pts',(47.3975926871396,-74.2313298905904,-250.));
#1681=CARTESIAN_POINT('Ctrl Pts',(47.3975926871396,-74.2313298905904,250.));
#1682=CARTESIAN_POINT('Ctrl Pts',(49.8515269115851,-74.4003092285752,-250.));
#1683=CARTESIAN_POINT('Ctrl Pts',(49.8515269115851,-74.4003092285752,250.));
#1684=CARTESIAN_POINT('Ctrl Pts',(52.3049333098271,-74.5671908850772,-250.));
#1685=CARTESIAN_POINT('Ctrl Pts',(52.3049333098271,-74.5671908850772,250.));
#1686=CARTESIAN_POINT('Ctrl Pts',(54.7577729421044,-74.7319406556194,-250.));
#1687=CARTESIAN_POINT('Ctrl Pts',(54.7577729421044,-74.7319406556194,250.));
#1688=CARTESIAN_POINT('Ctrl Pts',(57.2100058130653,-74.8945242592708,-250.));
#1689=CARTESIAN_POINT('Ctrl Pts',(57.2100058130653,-74.8945242592708,250.));
#1690=CARTESIAN_POINT('Ctrl Pts',(59.661592495883,-75.0549099440046,-250.));
#1691=CARTESIAN_POINT('Ctrl Pts',(59.661592495883,-75.0549099440046,250.));
#1692=CARTESIAN_POINT('Ctrl Pts',(62.1124957910461,-75.2130711815295,-250.));
#1693=CARTESIAN_POINT('Ctrl Pts',(62.1124957910461,-75.2130711815295,250.));
#1694=CARTESIAN_POINT('Ctrl Pts',(64.5626822145115,-75.3689890360255,-250.));
#1695=CARTESIAN_POINT('Ctrl Pts',(64.5626822145115,-75.3689890360255,250.));
#1696=CARTESIAN_POINT('Ctrl Pts',(67.0121239639001,-75.5226554206875,-250.));
#1697=CARTESIAN_POINT('Ctrl Pts',(67.0121239639001,-75.5226554206875,250.));
#1698=CARTESIAN_POINT('Ctrl Pts',(69.4607978036358,-75.6740706551895,-250.));
#1699=CARTESIAN_POINT('Ctrl Pts',(69.4607978036358,-75.6740706551895,250.));
#1700=CARTESIAN_POINT('Ctrl Pts',(71.9086830782583,-75.8232394038975,-250.));
#1701=CARTESIAN_POINT('Ctrl Pts',(71.9086830782583,-75.8232394038975,250.));
#1702=CARTESIAN_POINT('Ctrl Pts',(74.3557600493045,-75.970167229037,-250.));
#1703=CARTESIAN_POINT('Ctrl Pts',(74.3557600493045,-75.970167229037,250.));
#1704=CARTESIAN_POINT('Ctrl Pts',(76.8020080310354,-76.1148567330405,-250.));
#1705=CARTESIAN_POINT('Ctrl Pts',(76.8020080310354,-76.1148567330405,250.));
#1706=CARTESIAN_POINT('Ctrl Pts',(79.2474037649927,-76.2573042332575,-250.));
#1707=CARTESIAN_POINT('Ctrl Pts',(79.2474037649927,-76.2573042332575,250.));
#1708=CARTESIAN_POINT('Ctrl Pts',(81.6919193187474,-76.3974953365671,-250.));
#1709=CARTESIAN_POINT('Ctrl Pts',(81.6919193187474,-76.3974953365671,250.));
#1710=CARTESIAN_POINT('Ctrl Pts',(84.1355215386538,-76.5354041383851,-250.));
#1711=CARTESIAN_POINT('Ctrl Pts',(84.1355215386538,-76.5354041383851,250.));
#1712=CARTESIAN_POINT('Ctrl Pts',(86.5781736555692,-76.6709974560778,-250.));
#1713=CARTESIAN_POINT('Ctrl Pts',(86.5781736555692,-76.6709974560778,250.));
#1714=CARTESIAN_POINT('Ctrl Pts',(89.0198363619499,-76.8042378199986,-250.));
#1715=CARTESIAN_POINT('Ctrl Pts',(89.0198363619499,-76.8042378199986,250.));
#1716=CARTESIAN_POINT('Ctrl Pts',(91.4604691087557,-76.9350869937184,-250.));
#1717=CARTESIAN_POINT('Ctrl Pts',(91.4604691087557,-76.9350869937184,250.));
#1718=CARTESIAN_POINT('Ctrl Pts',(93.9000312945979,-77.0635092067184,-250.));
#1719=CARTESIAN_POINT('Ctrl Pts',(93.9000312945979,-77.0635092067184,250.));
#1720=CARTESIAN_POINT('Ctrl Pts',(96.3384835338244,-77.1894746560144,-250.));
#1721=CARTESIAN_POINT('Ctrl Pts',(96.3384835338244,-77.1894746560144,250.));
#1722=CARTESIAN_POINT('Ctrl Pts',(98.7757887969375,-77.3129624759595,-250.));
#1723=CARTESIAN_POINT('Ctrl Pts',(98.7757887969375,-77.3129624759595,250.));
#1724=CARTESIAN_POINT('Ctrl Pts',(101.211912254842,-77.4339580443949,-250.));
#1725=CARTESIAN_POINT('Ctrl Pts',(101.211912254842,-77.4339580443949,250.));
#1726=CARTESIAN_POINT('Ctrl Pts',(103.646821215765,-77.5524506576314,-250.));
#1727=CARTESIAN_POINT('Ctrl Pts',(103.646821215765,-77.5524506576314,250.));
#1728=CARTESIAN_POINT('Ctrl Pts',(106.08048501721,-77.6684311052395,-250.));
#1729=CARTESIAN_POINT('Ctrl Pts',(106.08048501721,-77.6684311052395,250.));
#1730=CARTESIAN_POINT('Ctrl Pts',(108.5128749596,-77.7818891976725,-250.));
#1731=CARTESIAN_POINT('Ctrl Pts',(108.5128749596,-77.7818891976725,250.));
#1732=CARTESIAN_POINT('Ctrl Pts',(110.943964169049,-77.8928115244778,-250.));
#1733=CARTESIAN_POINT('Ctrl Pts',(110.943964169049,-77.8928115244778,250.));
#1734=CARTESIAN_POINT('Ctrl Pts',(113.373727628389,-78.0011785672716,-250.));
#1735=CARTESIAN_POINT('Ctrl Pts',(113.373727628389,-78.0011785672716,250.));
#1736=CARTESIAN_POINT('Ctrl Pts',(115.802141159747,-78.1069659235282,-250.));
#1737=CARTESIAN_POINT('Ctrl Pts',(115.802141159747,-78.1069659235282,250.));
#1738=CARTESIAN_POINT('Ctrl Pts',(118.229180089756,-78.2101467256877,-250.));
#1739=CARTESIAN_POINT('Ctrl Pts',(118.229180089756,-78.2101467256877,250.));
#1740=CARTESIAN_POINT('Ctrl Pts',(120.654818059758,-78.3106936064452,-250.));
#1741=CARTESIAN_POINT('Ctrl Pts',(120.654818059758,-78.3106936064452,250.));
#1742=CARTESIAN_POINT('Ctrl Pts',(123.079025690071,-78.4085809685932,-250.));
#1743=CARTESIAN_POINT('Ctrl Pts',(123.079025690071,-78.4085809685932,250.));
#1744=CARTESIAN_POINT('Ctrl Pts',(125.501769504958,-78.5037868579154,-250.));
#1745=CARTESIAN_POINT('Ctrl Pts',(125.501769504958,-78.5037868579154,250.));
#1746=CARTESIAN_POINT('Ctrl Pts',(127.923010257285,-78.5962956629092,-250.));
#1747=CARTESIAN_POINT('Ctrl Pts',(127.923010257285,-78.5962956629092,250.));
#1748=CARTESIAN_POINT('Ctrl Pts',(130.342703392506,-78.6860979311613,-250.));
#1749=CARTESIAN_POINT('Ctrl Pts',(130.342703392506,-78.6860979311613,250.));
#1750=CARTESIAN_POINT('Ctrl Pts',(132.760801881014,-78.7731870101539,-250.));
#1751=CARTESIAN_POINT('Ctrl Pts',(132.760801881014,-78.7731870101539,250.));
#1752=CARTESIAN_POINT('Ctrl Pts',(135.177258396829,-78.8575565594412,-250.));
#1753=CARTESIAN_POINT('Ctrl Pts',(135.177258396829,-78.8575565594412,250.));
#1754=CARTESIAN_POINT('Ctrl Pts',(137.592027825647,-78.9391976329686,-250.));
#1755=CARTESIAN_POINT('Ctrl Pts',(137.592027825647,-78.9391976329686,250.));
#1756=CARTESIAN_POINT('Ctrl Pts',(140.005069486713,-79.0180961178171,-250.));
#1757=CARTESIAN_POINT('Ctrl Pts',(140.005069486713,-79.0180961178171,250.));
#1758=CARTESIAN_POINT('Ctrl Pts',(142.416349825664,-79.0942296065294,-250.));
#1759=CARTESIAN_POINT('Ctrl Pts',(142.416349825664,-79.0942296065294,250.));
#1760=CARTESIAN_POINT('Ctrl Pts',(144.825843839311,-79.1675657783319,-250.));
#1761=CARTESIAN_POINT('Ctrl Pts',(144.825843839311,-79.1675657783319,250.));
#1762=CARTESIAN_POINT('Ctrl Pts',(147.233531558443,-79.2380666471161,-250.));
#1763=CARTESIAN_POINT('Ctrl Pts',(147.233531558443,-79.2380666471161,250.));
#1764=CARTESIAN_POINT('Ctrl Pts',(149.63939526524,-79.3056919381944,-250.));
#1765=CARTESIAN_POINT('Ctrl Pts',(149.63939526524,-79.3056919381944,250.));
#1766=CARTESIAN_POINT('Ctrl Pts',(152.043416430955,-79.3704027957671,-250.));
#1767=CARTESIAN_POINT('Ctrl Pts',(152.043416430955,-79.3704027957671,250.));
#1768=CARTESIAN_POINT('Ctrl Pts',(154.44557275629,-79.4321653713956,-250.));
#1769=CARTESIAN_POINT('Ctrl Pts',(154.44557275629,-79.4321653713956,250.));
#1770=CARTESIAN_POINT('Ctrl Pts',(156.845835206612,-79.4909544118347,-250.));
#1771=CARTESIAN_POINT('Ctrl Pts',(156.845835206612,-79.4909544118347,250.));
#1772=CARTESIAN_POINT('Ctrl Pts',(159.244164941513,-79.5467569906541,-250.));
#1773=CARTESIAN_POINT('Ctrl Pts',(159.244164941513,-79.5467569906541,250.));
#1774=CARTESIAN_POINT('Ctrl Pts',(161.640516019064,-79.599568494714,-250.));
#1775=CARTESIAN_POINT('Ctrl Pts',(161.640516019064,-79.599568494714,250.));
#1776=CARTESIAN_POINT('Ctrl Pts',(164.034838267258,-79.6493883790445,-250.));
#1777=CARTESIAN_POINT('Ctrl Pts',(164.034838267258,-79.6493883790445,250.));
#1778=CARTESIAN_POINT('Ctrl Pts',(166.427080051015,-79.6962160799869,-250.));
#1779=CARTESIAN_POINT('Ctrl Pts',(166.427080051015,-79.6962160799869,250.));
#1780=CARTESIAN_POINT('Ctrl Pts',(168.817191179837,-79.7400466969059,-250.));
#1781=CARTESIAN_POINT('Ctrl Pts',(168.817191179837,-79.7400466969059,250.));
#1782=CARTESIAN_POINT('Ctrl Pts',(171.205125529122,-79.78086715848,-250.));
#1783=CARTESIAN_POINT('Ctrl Pts',(171.205125529122,-79.78086715848,250.));
#1784=CARTESIAN_POINT('Ctrl Pts',(173.59084437076,-79.8186511810807,-250.));
#1785=CARTESIAN_POINT('Ctrl Pts',(173.59084437076,-79.8186511810807,250.));
#1786=CARTESIAN_POINT('Ctrl Pts',(175.974315309334,-79.8533617278919,-250.));
#1787=CARTESIAN_POINT('Ctrl Pts',(175.974315309334,-79.8533617278919,250.));
#1788=CARTESIAN_POINT('Ctrl Pts',(178.355509950439,-79.884955645251,-250.));
#1789=CARTESIAN_POINT('Ctrl Pts',(178.355509950439,-79.884955645251,250.));
#1790=CARTESIAN_POINT('Ctrl Pts',(180.734402026875,-79.9133874907352,-250.));
#1791=CARTESIAN_POINT('Ctrl Pts',(180.734402026875,-79.9133874907352,250.));
#1792=CARTESIAN_POINT('Ctrl Pts',(183.110965262802,-79.9386138694069,-250.));
#1793=CARTESIAN_POINT('Ctrl Pts',(183.110965262802,-79.9386138694069,250.));
#1794=CARTESIAN_POINT('Ctrl Pts',(185.485171514272,-79.9605971564826,-250.));
#1795=CARTESIAN_POINT('Ctrl Pts',(185.485171514272,-79.9605971564826,250.));
#1796=CARTESIAN_POINT('Ctrl Pts',(187.856988379728,-79.9793104761577,-250.));
#1797=CARTESIAN_POINT('Ctrl Pts',(187.856988379728,-79.9793104761577,250.));
#1798=CARTESIAN_POINT('Ctrl Pts',(190.226378924294,-79.9947375852469,-250.));
#1799=CARTESIAN_POINT('Ctrl Pts',(190.226378924294,-79.9947375852469,250.));
#1800=CARTESIAN_POINT('Ctrl Pts',(192.593302776633,-80.0068694233133,-250.));
#1801=CARTESIAN_POINT('Ctrl Pts',(192.593302776633,-80.0068694233133,250.));
#1802=CARTESIAN_POINT('Ctrl Pts',(194.957716812266,-80.0157016901537,-250.));
#1803=CARTESIAN_POINT('Ctrl Pts',(194.957716812266,-80.0157016901537,250.));
#1804=CARTESIAN_POINT('Ctrl Pts',(197.319576016061,-80.0212319294257,-250.));
#1805=CARTESIAN_POINT('Ctrl Pts',(197.319576016061,-80.0212319294257,250.));
#1806=CARTESIAN_POINT('Ctrl Pts',(199.678834248281,-80.0234569856288,-250.));
#1807=CARTESIAN_POINT('Ctrl Pts',(199.678834248281,-80.0234569856288,250.));
#1808=CARTESIAN_POINT('Ctrl Pts',(202.035445100281,-80.0223699029262,-250.));
#1809=CARTESIAN_POINT('Ctrl Pts',(202.035445100281,-80.0223699029262,250.));
#1810=CARTESIAN_POINT('Ctrl Pts',(204.389362530004,-80.0179585756184,-250.));
#1811=CARTESIAN_POINT('Ctrl Pts',(204.389362530004,-80.0179585756184,250.));
#1812=CARTESIAN_POINT('Ctrl Pts',(206.740541277527,-80.0102063418491,-250.));
#1813=CARTESIAN_POINT('Ctrl Pts',(206.740541277527,-80.0102063418491,250.));
#1814=CARTESIAN_POINT('Ctrl Pts',(209.088937322257,-79.9990920843845,-250.));
#1815=CARTESIAN_POINT('Ctrl Pts',(209.088937322257,-79.9990920843845,250.));
#1816=CARTESIAN_POINT('Ctrl Pts',(211.434508355041,-79.9845905071457,-250.));
#1817=CARTESIAN_POINT('Ctrl Pts',(211.434508355041,-79.9845905071457,250.));
#1818=CARTESIAN_POINT('Ctrl Pts',(213.777214170501,-79.9666723935977,-250.));
#1819=CARTESIAN_POINT('Ctrl Pts',(213.777214170501,-79.9666723935977,250.));
#1820=CARTESIAN_POINT('Ctrl Pts',(216.117017272346,-79.9453047338783,-250.));
#1821=CARTESIAN_POINT('Ctrl Pts',(216.117017272346,-79.9453047338783,250.));
#1822=CARTESIAN_POINT('Ctrl Pts',(218.453882765898,-79.9204513926837,-250.));
#1823=CARTESIAN_POINT('Ctrl Pts',(218.453882765898,-79.9204513926837,250.));
#1824=CARTESIAN_POINT('Ctrl Pts',(220.787777035393,-79.89207473894,-250.));
#1825=CARTESIAN_POINT('Ctrl Pts',(220.787777035393,-79.89207473894,250.));
#1826=CARTESIAN_POINT('Ctrl Pts',(223.11866671385,-79.8601370329531,-250.));
#1827=CARTESIAN_POINT('Ctrl Pts',(223.11866671385,-79.8601370329531,250.));
#1828=CARTESIAN_POINT('Ctrl Pts',(225.446517503795,-79.82460195671,-250.));
#1829=CARTESIAN_POINT('Ctrl Pts',(225.446517503795,-79.82460195671,250.));
#1830=CARTESIAN_POINT('Ctrl Pts',(227.771293134174,-79.7854359782041,-250.));
#1831=CARTESIAN_POINT('Ctrl Pts',(227.771293134174,-79.7854359782041,250.));
#1832=CARTESIAN_POINT('Ctrl Pts',(230.092954083291,-79.7426100408664,-250.));
#1833=CARTESIAN_POINT('Ctrl Pts',(230.092954083291,-79.7426100408664,250.));
#1834=CARTESIAN_POINT('Ctrl Pts',(232.411456987884,-79.6961002658965,-250.));
#1835=CARTESIAN_POINT('Ctrl Pts',(232.411456987884,-79.6961002658965,250.));
#1836=CARTESIAN_POINT('Ctrl Pts',(234.726755445057,-79.6458866321183,-250.));
#1837=CARTESIAN_POINT('Ctrl Pts',(234.726755445057,-79.6458866321183,250.));
#1838=CARTESIAN_POINT('Ctrl Pts',(237.038800524438,-79.5919520822267,-250.));
#1839=CARTESIAN_POINT('Ctrl Pts',(237.038800524438,-79.5919520822267,250.));
#1840=CARTESIAN_POINT('Ctrl Pts',(239.347541391952,-79.5342814539485,-250.));
#1841=CARTESIAN_POINT('Ctrl Pts',(239.347541391952,-79.5342814539485,250.));
#1842=CARTESIAN_POINT('Ctrl Pts',(241.652925895296,-79.4728604970359,-250.));
#1843=CARTESIAN_POINT('Ctrl Pts',(241.652925895296,-79.4728604970359,250.));
#1844=CARTESIAN_POINT('Ctrl Pts',(243.954901143034,-79.4076748267659,-250.));
#1845=CARTESIAN_POINT('Ctrl Pts',(243.954901143034,-79.4076748267659,250.));
#1846=CARTESIAN_POINT('Ctrl Pts',(246.253414165061,-79.3387089913679,-250.));
#1847=CARTESIAN_POINT('Ctrl Pts',(246.253414165061,-79.3387089913679,250.));
#1848=CARTESIAN_POINT('Ctrl Pts',(248.548412788211,-79.265945710336,-250.));
#1849=CARTESIAN_POINT('Ctrl Pts',(248.548412788211,-79.265945710336,250.));
#1850=CARTESIAN_POINT('Ctrl Pts',(250.839846435852,-79.1893651097818,-250.));
#1851=CARTESIAN_POINT('Ctrl Pts',(250.839846435852,-79.1893651097818,250.));
#1852=CARTESIAN_POINT('Ctrl Pts',(253.127667020811,-79.1089438914447,-250.));
#1853=CARTESIAN_POINT('Ctrl Pts',(253.127667020811,-79.1089438914447,250.));
#1854=CARTESIAN_POINT('Ctrl Pts',(255.411829653737,-79.0246546851825,-250.));
#1855=CARTESIAN_POINT('Ctrl Pts',(255.411829653737,-79.0246546851825,250.));
#1856=CARTESIAN_POINT('Ctrl Pts',(257.692293783449,-78.9364649444607,-250.));
#1857=CARTESIAN_POINT('Ctrl Pts',(257.692293783449,-78.9364649444607,250.));
#1858=CARTESIAN_POINT('Ctrl Pts',(259.969022910497,-78.8443373695033,-250.));
#1859=CARTESIAN_POINT('Ctrl Pts',(259.969022910497,-78.8443373695033,250.));
#1860=CARTESIAN_POINT('Ctrl Pts',(262.241981976148,-78.7482328292006,-250.));
#1861=CARTESIAN_POINT('Ctrl Pts',(262.241981976148,-78.7482328292006,250.));
#1862=CARTESIAN_POINT('Ctrl Pts',(264.511135346548,-78.648112637754,-250.));
#1863=CARTESIAN_POINT('Ctrl Pts',(264.511135346548,-78.648112637754,250.));
#1864=CARTESIAN_POINT('Ctrl Pts',(266.776444441725,-78.5439412265622,-250.));
#1865=CARTESIAN_POINT('Ctrl Pts',(266.776444441725,-78.5439412265622,250.));
#1866=CARTESIAN_POINT('Ctrl Pts',(269.037865782673,-78.4356883350049,-250.));
#1867=CARTESIAN_POINT('Ctrl Pts',(269.037865782673,-78.4356883350049,250.));
#1868=CARTESIAN_POINT('Ctrl Pts',(271.295348201188,-78.3233321788479,-250.));
#1869=CARTESIAN_POINT('Ctrl Pts',(271.295348201188,-78.3233321788479,250.));
#1870=CARTESIAN_POINT('Ctrl Pts',(273.548833007348,-78.2068591535253,-250.));
#1871=CARTESIAN_POINT('Ctrl Pts',(273.548833007348,-78.2068591535253,250.));
#1872=CARTESIAN_POINT('Ctrl Pts',(275.798257162467,-78.086260016371,-250.));
#1873=CARTESIAN_POINT('Ctrl Pts',(275.798257162467,-78.086260016371,250.));
#1874=CARTESIAN_POINT('Ctrl Pts',(278.043555587926,-77.9615270777849,-250.));
#1875=CARTESIAN_POINT('Ctrl Pts',(278.043555587926,-77.9615270777849,250.));
#1876=CARTESIAN_POINT('Ctrl Pts',(280.284663942933,-77.8326508520754,-250.));
#1877=CARTESIAN_POINT('Ctrl Pts',(280.284663942933,-77.8326508520754,250.));
#1878=CARTESIAN_POINT('Ctrl Pts',(282.521520932307,-77.6996172372438,-250.));
#1879=CARTESIAN_POINT('Ctrl Pts',(282.521520932307,-77.6996172372438,250.));
#1880=CARTESIAN_POINT('Ctrl Pts',(284.754071498822,-77.5624037129131,-250.));
#1881=CARTESIAN_POINT('Ctrl Pts',(284.754071498822,-77.5624037129131,250.));
#1882=CARTESIAN_POINT('Ctrl Pts',(286.982266101536,-77.4209798645015,-250.));
#1883=CARTESIAN_POINT('Ctrl Pts',(286.982266101536,-77.4209798645015,250.));
#1884=CARTESIAN_POINT('Ctrl Pts',(289.206058063718,-77.2753100335896,-250.));
#1885=CARTESIAN_POINT('Ctrl Pts',(289.206058063718,-77.2753100335896,250.));
#1886=CARTESIAN_POINT('Ctrl Pts',(291.425401547006,-77.1253552883678,-250.));
#1887=CARTESIAN_POINT('Ctrl Pts',(291.425401547006,-77.1253552883678,250.));
#1888=CARTESIAN_POINT('Ctrl Pts',(293.640249218573,-76.9710757065945,-250.));
#1889=CARTESIAN_POINT('Ctrl Pts',(293.640249218573,-76.9710757065945,250.));
#1890=CARTESIAN_POINT('Ctrl Pts',(295.850550160078,-76.812432453559,-250.));
#1891=CARTESIAN_POINT('Ctrl Pts',(295.850550160078,-76.812432453559,250.));
#1892=CARTESIAN_POINT('Ctrl Pts',(298.056247378928,-76.6493901377289,-250.));
#1893=CARTESIAN_POINT('Ctrl Pts',(298.056247378928,-76.6493901377289,250.));
#1894=CARTESIAN_POINT('Ctrl Pts',(300.257279204573,-76.4819166309699,-250.));
#1895=CARTESIAN_POINT('Ctrl Pts',(300.257279204573,-76.4819166309699,250.));
#1896=CARTESIAN_POINT('Ctrl Pts',(302.453581123995,-76.3099825939351,-250.));
#1897=CARTESIAN_POINT('Ctrl Pts',(302.453581123995,-76.3099825939351,250.));
#1898=CARTESIAN_POINT('Ctrl Pts',(304.645087489709,-76.1335611118637,-250.));
#1899=CARTESIAN_POINT('Ctrl Pts',(304.645087489709,-76.1335611118637,250.));
#1900=CARTESIAN_POINT('Ctrl Pts',(306.83173321829,-75.9526272697908,-250.));
#1901=CARTESIAN_POINT('Ctrl Pts',(306.83173321829,-75.9526272697908,250.));
#1902=CARTESIAN_POINT('Ctrl Pts',(309.013455643434,-75.7671577874853,-250.));
#1903=CARTESIAN_POINT('Ctrl Pts',(309.013455643434,-75.7671577874853,250.));
#1904=CARTESIAN_POINT('Ctrl Pts',(311.190195851183,-75.5771305258005,-250.));
#1905=CARTESIAN_POINT('Ctrl Pts',(311.190195851183,-75.5771305258005,250.));
#1906=CARTESIAN_POINT('Ctrl Pts',(313.361897267978,-75.3825233146529,-250.));
#1907=CARTESIAN_POINT('Ctrl Pts',(313.361897267978,-75.3825233146529,250.));
#1908=CARTESIAN_POINT('Ctrl Pts',(315.528504612901,-75.1833129092286,-250.));
#1909=CARTESIAN_POINT('Ctrl Pts',(315.528504612901,-75.1833129092286,250.));
#1910=CARTESIAN_POINT('Ctrl Pts',(317.689962683627,-74.9794738089334,-250.));
#1911=CARTESIAN_POINT('Ctrl Pts',(317.689962683627,-74.9794738089334,250.));
#1912=CARTESIAN_POINT('Ctrl Pts',(319.846215270506,-74.7709773355901,-250.));
#1913=CARTESIAN_POINT('Ctrl Pts',(319.846215270506,-74.7709773355901,250.));
#1914=CARTESIAN_POINT('Ctrl Pts',(321.997203873672,-74.5577901028196,-250.));
#1915=CARTESIAN_POINT('Ctrl Pts',(321.997203873672,-74.5577901028196,250.));
#1916=CARTESIAN_POINT('Ctrl Pts',(324.142867084824,-74.3398747850563,-250.));
#1917=CARTESIAN_POINT('Ctrl Pts',(324.142867084824,-74.3398747850563,250.));
#1918=CARTESIAN_POINT('Ctrl Pts',(326.283140548118,-74.1171929611555,-250.));
#1919=CARTESIAN_POINT('Ctrl Pts',(326.283140548118,-74.1171929611555,250.));
#1920=CARTESIAN_POINT('Ctrl Pts',(328.417956765019,-73.8897073593675,-250.));
#1921=CARTESIAN_POINT('Ctrl Pts',(328.417956765019,-73.8897073593675,250.));
#1922=CARTESIAN_POINT('Ctrl Pts',(330.547244952826,-73.6573843922599,-250.));
#1923=CARTESIAN_POINT('Ctrl Pts',(330.547244952826,-73.6573843922599,250.));
#1924=CARTESIAN_POINT('Ctrl Pts',(332.670930904055,-73.4201964631899,-250.));
#1925=CARTESIAN_POINT('Ctrl Pts',(332.670930904055,-73.4201964631899,250.));
#1926=CARTESIAN_POINT('Ctrl Pts',(334.788936781393,-73.1781246511237,-250.));
#1927=CARTESIAN_POINT('Ctrl Pts',(334.788936781393,-73.1781246511237,250.));
#1928=CARTESIAN_POINT('Ctrl Pts',(336.901182523655,-72.9311542810945,-250.));
#1929=CARTESIAN_POINT('Ctrl Pts',(336.901182523655,-72.9311542810945,250.));
#1930=CARTESIAN_POINT('Ctrl Pts',(339.00758729947,-72.6792702948642,-250.));
#1931=CARTESIAN_POINT('Ctrl Pts',(339.00758729947,-72.6792702948642,250.));
#1932=CARTESIAN_POINT('Ctrl Pts',(341.108071010483,-72.422452415189,-250.));
#1933=CARTESIAN_POINT('Ctrl Pts',(341.108071010483,-72.422452415189,250.));
#1934=CARTESIAN_POINT('Ctrl Pts',(343.202555621689,-72.1606710287491,-250.));
#1935=CARTESIAN_POINT('Ctrl Pts',(343.202555621689,-72.1606710287491,250.));
#1936=CARTESIAN_POINT('Ctrl Pts',(345.290966937569,-71.8938812163538,-250.));
#1937=CARTESIAN_POINT('Ctrl Pts',(345.290966937569,-71.8938812163538,250.));
#1938=CARTESIAN_POINT('Ctrl Pts',(347.373234812456,-71.6220232895485,-250.));
#1939=CARTESIAN_POINT('Ctrl Pts',(347.373234812456,-71.6220232895485,250.));
#1940=CARTESIAN_POINT('Ctrl Pts',(349.449291366161,-71.345031612872,-250.));
#1941=CARTESIAN_POINT('Ctrl Pts',(349.449291366161,-71.345031612872,250.));
#1942=CARTESIAN_POINT('Ctrl Pts',(351.519069701797,-71.0628413444081,-250.));
#1943=CARTESIAN_POINT('Ctrl Pts',(351.519069701797,-71.0628413444081,250.));
#1944=CARTESIAN_POINT('Ctrl Pts',(353.582502422365,-70.7753960014139,-250.));
#1945=CARTESIAN_POINT('Ctrl Pts',(353.582502422365,-70.7753960014139,250.));
#1946=CARTESIAN_POINT('Ctrl Pts',(355.639520227524,-70.4826547194304,-250.));
#1947=CARTESIAN_POINT('Ctrl Pts',(355.639520227524,-70.4826547194304,250.));
#1948=CARTESIAN_POINT('Ctrl Pts',(357.690050490883,-70.1845995070203,-250.));
#1949=CARTESIAN_POINT('Ctrl Pts',(357.690050490883,-70.1845995070203,250.));
#1950=CARTESIAN_POINT('Ctrl Pts',(359.734016555614,-69.8812259836524,-250.));
#1951=CARTESIAN_POINT('Ctrl Pts',(359.734016555614,-69.8812259836524,250.));
#1952=CARTESIAN_POINT('Ctrl Pts',(361.771337063937,-69.5725345691979,-250.));
#1953=CARTESIAN_POINT('Ctrl Pts',(361.771337063937,-69.5725345691979,250.));
#1954=CARTESIAN_POINT('Ctrl Pts',(363.801925177685,-69.2585210617451,-250.));
#1955=CARTESIAN_POINT('Ctrl Pts',(363.801925177685,-69.2585210617451,250.));
#1956=CARTESIAN_POINT('Ctrl Pts',(365.825688065599,-68.9391684832297,-250.));
#1957=CARTESIAN_POINT('Ctrl Pts',(365.825688065599,-68.9391684832297,250.));
#1958=CARTESIAN_POINT('Ctrl Pts',(367.842525719036,-68.6144358311211,-250.));
#1959=CARTESIAN_POINT('Ctrl Pts',(367.842525719036,-68.6144358311211,250.));
#1960=CARTESIAN_POINT('Ctrl Pts',(369.852332906736,-68.28426130846,-250.));
#1961=CARTESIAN_POINT('Ctrl Pts',(369.852332906736,-68.28426130846,250.));
#1962=CARTESIAN_POINT('Ctrl Pts',(371.855002571494,-67.9485724857722,-250.));
#1963=CARTESIAN_POINT('Ctrl Pts',(371.855002571494,-67.9485724857722,250.));
#1964=CARTESIAN_POINT('Ctrl Pts',(373.850428949367,-67.6072946154763,-250.));
#1965=CARTESIAN_POINT('Ctrl Pts',(373.850428949367,-67.6072946154763,250.));
#1966=CARTESIAN_POINT('Ctrl Pts',(375.838510414365,-67.2603589792405,-250.));
#1967=CARTESIAN_POINT('Ctrl Pts',(375.838510414365,-67.2603589792405,250.));
#1968=CARTESIAN_POINT('Ctrl Pts',(377.819153384538,-66.9077129993747,-250.));
#1969=CARTESIAN_POINT('Ctrl Pts',(377.819153384538,-66.9077129993747,250.));
#1970=CARTESIAN_POINT('Ctrl Pts',(379.792272465592,-66.5493233494787,-250.));
#1971=CARTESIAN_POINT('Ctrl Pts',(379.792272465592,-66.5493233494787,250.));
#1972=CARTESIAN_POINT('Ctrl Pts',(381.757784691796,-66.1851677635519,-250.));
#1973=CARTESIAN_POINT('Ctrl Pts',(381.757784691796,-66.1851677635519,250.));
#1974=CARTESIAN_POINT('Ctrl Pts',(383.715605019978,-65.8152294004778,-250.));
#1975=CARTESIAN_POINT('Ctrl Pts',(383.715605019978,-65.8152294004778,250.));
#1976=CARTESIAN_POINT('Ctrl Pts',(385.665641600688,-65.4394904023269,-250.));
#1977=CARTESIAN_POINT('Ctrl Pts',(385.665641600688,-65.4394904023269,250.));
#1978=CARTESIAN_POINT('Ctrl Pts',(387.607790476094,-65.0579252655374,-250.));
#1979=CARTESIAN_POINT('Ctrl Pts',(387.607790476094,-65.0579252655374,250.));
#1980=CARTESIAN_POINT('Ctrl Pts',(389.541932563596,-64.6704959181804,-250.));
#1981=CARTESIAN_POINT('Ctrl Pts',(389.541932563596,-64.6704959181804,250.));
#1982=CARTESIAN_POINT('Ctrl Pts',(391.467940190437,-64.2771545363979,-250.));
#1983=CARTESIAN_POINT('Ctrl Pts',(391.467940190437,-64.2771545363979,250.));
#1984=CARTESIAN_POINT('Ctrl Pts',(393.385682273226,-63.8778451862512,-250.));
#1985=CARTESIAN_POINT('Ctrl Pts',(393.385682273226,-63.8778451862512,250.));
#1986=CARTESIAN_POINT('Ctrl Pts',(395.29502986573,-63.4725059243948,-250.));
#1987=CARTESIAN_POINT('Ctrl Pts',(395.29502986573,-63.4725059243948,250.));
#1988=CARTESIAN_POINT('Ctrl Pts',(397.195861928249,-63.0610707066736,-250.));
#1989=CARTESIAN_POINT('Ctrl Pts',(397.195861928249,-63.0610707066736,250.));
#1990=CARTESIAN_POINT('Ctrl Pts',(399.088069906055,-62.6434713680052,-250.));
#1991=CARTESIAN_POINT('Ctrl Pts',(399.088069906055,-62.6434713680052,250.));
#1992=CARTESIAN_POINT('Ctrl Pts',(400.971551372542,-62.2196394051819,-250.));
#1993=CARTESIAN_POINT('Ctrl Pts',(400.971551372542,-62.2196394051819,250.));
#1994=CARTESIAN_POINT('Ctrl Pts',(402.846204595109,-61.7895078127887,-250.));
#1995=CARTESIAN_POINT('Ctrl Pts',(402.846204595109,-61.7895078127887,250.));
#1996=CARTESIAN_POINT('Ctrl Pts',(404.711922881126,-61.3530128512459,-250.));
#1997=CARTESIAN_POINT('Ctrl Pts',(404.711922881126,-61.3530128512459,250.));
#1998=CARTESIAN_POINT('Ctrl Pts',(406.568588705689,-60.9100959528794,-250.));
#1999=CARTESIAN_POINT('Ctrl Pts',(406.568588705689,-60.9100959528794,250.));
#2000=CARTESIAN_POINT('Ctrl Pts',(408.416068831921,-60.4607052515366,-250.));
#2001=CARTESIAN_POINT('Ctrl Pts',(408.416068831921,-60.4607052515366,250.));
#2002=CARTESIAN_POINT('Ctrl Pts',(410.254218761169,-60.0047936952148,-250.));
#2003=CARTESIAN_POINT('Ctrl Pts',(410.254218761169,-60.0047936952148,250.));
#2004=CARTESIAN_POINT('Ctrl Pts',(412.082886454073,-59.5423174876973,-250.));
#2005=CARTESIAN_POINT('Ctrl Pts',(412.082886454073,-59.5423174876973,250.));
#2006=CARTESIAN_POINT('Ctrl Pts',(413.901916162633,-59.0732343326086,-250.));
#2007=CARTESIAN_POINT('Ctrl Pts',(413.901916162633,-59.0732343326086,250.));
#2008=CARTESIAN_POINT('Ctrl Pts',(415.711152608725,-58.5975019292519,-250.));
#2009=CARTESIAN_POINT('Ctrl Pts',(415.711152608725,-58.5975019292519,250.));
#2010=CARTESIAN_POINT('Ctrl Pts',(417.510443824162,-58.1150758685271,-250.));
#2011=CARTESIAN_POINT('Ctrl Pts',(417.510443824162,-58.1150758685271,250.));
#2012=CARTESIAN_POINT('Ctrl Pts',(419.299638077525,-57.6259054945132,-250.));
#2013=CARTESIAN_POINT('Ctrl Pts',(419.299638077525,-57.6259054945132,250.));
#2014=CARTESIAN_POINT('Ctrl Pts',(421.078581558199,-57.1299297075505,-250.));
#2015=CARTESIAN_POINT('Ctrl Pts',(421.078581558199,-57.1299297075505,250.));
#2016=CARTESIAN_POINT('Ctrl Pts',(422.847115957788,-56.6270735063068,-250.));
#2017=CARTESIAN_POINT('Ctrl Pts',(422.847115957788,-56.6270735063068,250.));
#2018=CARTESIAN_POINT('Ctrl Pts',(424.605075633731,-56.1172425040145,-250.));
#2019=CARTESIAN_POINT('Ctrl Pts',(424.605075633731,-56.1172425040145,250.));
#2020=CARTESIAN_POINT('Ctrl Pts',(426.352286557536,-55.6003242317555,-250.));
#2021=CARTESIAN_POINT('Ctrl Pts',(426.352286557536,-55.6003242317555,250.));
#2022=CARTESIAN_POINT('Ctrl Pts',(428.08856826595,-55.0762001033896,-250.));
#2023=CARTESIAN_POINT('Ctrl Pts',(428.08856826595,-55.0762001033896,250.));
#2024=CARTESIAN_POINT('Ctrl Pts',(429.813735155317,-54.5447554744981,-250.));
#2025=CARTESIAN_POINT('Ctrl Pts',(429.813735155317,-54.5447554744981,250.));
#2026=CARTESIAN_POINT('Ctrl Pts',(431.527597948873,-54.005889262282,-250.));
#2027=CARTESIAN_POINT('Ctrl Pts',(431.527597948873,-54.005889262282,250.));
#2028=CARTESIAN_POINT('Ctrl Pts',(433.22996532004,-53.4595267830958,-250.));
#2029=CARTESIAN_POINT('Ctrl Pts',(433.22996532004,-53.4595267830958,250.));
#2030=CARTESIAN_POINT('Ctrl Pts',(434.920644241684,-52.9056150719357,-250.));
#2031=CARTESIAN_POINT('Ctrl Pts',(434.920644241684,-52.9056150719357,250.));
#2032=CARTESIAN_POINT('Ctrl Pts',(436.599439733831,-52.3441097650916,-250.));
#2033=CARTESIAN_POINT('Ctrl Pts',(436.599439733831,-52.3441097650916,250.));
#2034=CARTESIAN_POINT('Ctrl Pts',(438.266154736784,-51.7749648079317,-250.));
#2035=CARTESIAN_POINT('Ctrl Pts',(438.266154736784,-51.7749648079317,250.));
#2036=CARTESIAN_POINT('Ctrl Pts',(439.920590084258,-51.1981206670225,-250.));
#2037=CARTESIAN_POINT('Ctrl Pts',(439.920590084258,-51.1981206670225,250.));
#2038=CARTESIAN_POINT('Ctrl Pts',(441.562544021374,-50.6134940845286,-250.));
#2039=CARTESIAN_POINT('Ctrl Pts',(441.562544021374,-50.6134940845286,250.));
#2040=CARTESIAN_POINT('Ctrl Pts',(443.19180589455,-50.0209834812154,-250.));
#2041=CARTESIAN_POINT('Ctrl Pts',(443.19180589455,-50.0209834812154,250.));
#2042=CARTESIAN_POINT('Ctrl Pts',(444.808149644232,-49.4204737528212,-250.));
#2043=CARTESIAN_POINT('Ctrl Pts',(444.808149644232,-49.4204737528212,250.));
#2044=CARTESIAN_POINT('Ctrl Pts',(446.411328424429,-48.8118409295538,-250.));
#2045=CARTESIAN_POINT('Ctrl Pts',(446.411328424429,-48.8118409295538,250.));
#2046=CARTESIAN_POINT('Ctrl Pts',(448.001066175435,-48.1949577756707,-250.));
#2047=CARTESIAN_POINT('Ctrl Pts',(448.001066175435,-48.1949577756707,250.));
#2048=CARTESIAN_POINT('Ctrl Pts',(449.577061710172,-47.5696951333192,-250.));
#2049=CARTESIAN_POINT('Ctrl Pts',(449.577061710172,-47.5696951333192,250.));
#2050=CARTESIAN_POINT('Ctrl Pts',(451.13900272242,-46.9359198158886,-250.));
#2051=CARTESIAN_POINT('Ctrl Pts',(451.13900272242,-46.9359198158886,250.));
#2052=CARTESIAN_POINT('Ctrl Pts',(452.686576291896,-46.2934937512697,-250.));
#2053=CARTESIAN_POINT('Ctrl Pts',(452.686576291896,-46.2934937512697,250.));
#2054=CARTESIAN_POINT('Ctrl Pts',(454.219482232778,-45.6422720585331,-250.));
#2055=CARTESIAN_POINT('Ctrl Pts',(454.219482232778,-45.6422720585331,250.));
#2056=CARTESIAN_POINT('Ctrl Pts',(455.737441067109,-44.9821032064649,-250.));
#2057=CARTESIAN_POINT('Ctrl Pts',(455.737441067109,-44.9821032064649,250.));
#2058=CARTESIAN_POINT('Ctrl Pts',(457.240177873875,-44.3128382479383,-250.));
#2059=CARTESIAN_POINT('Ctrl Pts',(457.240177873875,-44.3128382479383,250.));
#2060=CARTESIAN_POINT('Ctrl Pts',(458.727408928581,-43.6343392652489,-250.));
#2061=CARTESIAN_POINT('Ctrl Pts',(458.727408928581,-43.6343392652489,250.));
#2062=CARTESIAN_POINT('Ctrl Pts',(460.198827790169,-42.9464873745872,-250.));
#2063=CARTESIAN_POINT('Ctrl Pts',(460.198827790169,-42.9464873745872,250.));
#2064=CARTESIAN_POINT('Ctrl Pts',(461.654090235325,-42.2491929158869,-250.));
#2065=CARTESIAN_POINT('Ctrl Pts',(461.654090235325,-42.2491929158869,250.));
#2066=CARTESIAN_POINT('Ctrl Pts',(463.092819388525,-41.5423740813802,-250.));
#2067=CARTESIAN_POINT('Ctrl Pts',(463.092819388525,-41.5423740813802,250.));
#2068=CARTESIAN_POINT('Ctrl Pts',(464.514613367679,-40.8259304286768,-250.));
#2069=CARTESIAN_POINT('Ctrl Pts',(464.514613367679,-40.8259304286768,250.));
#2070=CARTESIAN_POINT('Ctrl Pts',(465.919051562787,-40.0997214560067,-250.));
#2071=CARTESIAN_POINT('Ctrl Pts',(465.919051562787,-40.0997214560067,250.));
#2072=CARTESIAN_POINT('Ctrl Pts',(467.305702637817,-39.3635349566248,-250.));
#2073=CARTESIAN_POINT('Ctrl Pts',(467.305702637817,-39.3635349566248,250.));
#2074=CARTESIAN_POINT('Ctrl Pts',(468.674124791919,-38.6171110898093,-250.));
#2075=CARTESIAN_POINT('Ctrl Pts',(468.674124791919,-38.6171110898093,250.));
#2076=CARTESIAN_POINT('Ctrl Pts',(470.02386357003,-37.8601886272168,-250.));
#2077=CARTESIAN_POINT('Ctrl Pts',(470.02386357003,-37.8601886272168,250.));
#2078=CARTESIAN_POINT('Ctrl Pts',(471.354450240462,-37.0925388034468,-250.));
#2079=CARTESIAN_POINT('Ctrl Pts',(471.354450240462,-37.0925388034468,250.));
#2080=CARTESIAN_POINT('Ctrl Pts',(472.665400505509,-36.31401681624,-250.));
#2081=CARTESIAN_POINT('Ctrl Pts',(472.665400505509,-36.31401681624,250.));
#2082=CARTESIAN_POINT('Ctrl Pts',(473.956209926375,-35.5245366893196,-250.));
#2083=CARTESIAN_POINT('Ctrl Pts',(473.956209926375,-35.5245366893196,250.));
#2084=CARTESIAN_POINT('Ctrl Pts',(475.226347639337,-34.7240099448421,-250.));
#2085=CARTESIAN_POINT('Ctrl Pts',(475.226347639337,-34.7240099448421,250.));
#2086=CARTESIAN_POINT('Ctrl Pts',(476.475250834751,-33.9123013667109,-250.));
#2087=CARTESIAN_POINT('Ctrl Pts',(476.475250834751,-33.9123013667109,250.));
#2088=CARTESIAN_POINT('Ctrl Pts',(477.702318405353,-33.0891638911181,-250.));
#2089=CARTESIAN_POINT('Ctrl Pts',(477.702318405353,-33.0891638911181,250.));
#2090=CARTESIAN_POINT('Ctrl Pts',(478.906908182774,-32.2542740750426,-250.));
#2091=CARTESIAN_POINT('Ctrl Pts',(478.906908182774,-32.2542740750426,250.));
#2092=CARTESIAN_POINT('Ctrl Pts',(480.08833493032,-31.4072980057147,-250.));
#2093=CARTESIAN_POINT('Ctrl Pts',(480.08833493032,-31.4072980057147,250.));
#2094=CARTESIAN_POINT('Ctrl Pts',(481.245868576773,-30.5479453731818,-250.));
#2095=CARTESIAN_POINT('Ctrl Pts',(481.245868576773,-30.5479453731818,250.));
#2096=CARTESIAN_POINT('Ctrl Pts',(482.378731137825,-29.6760329874823,-250.));
#2097=CARTESIAN_POINT('Ctrl Pts',(482.378731137825,-29.6760329874823,250.));
#2098=CARTESIAN_POINT('Ctrl Pts',(483.486115820768,-28.7914415941559,-250.));
#2099=CARTESIAN_POINT('Ctrl Pts',(483.486115820768,-28.7914415941559,250.));
#2100=CARTESIAN_POINT('Ctrl Pts',(484.567204777429,-27.8940707004087,-250.));
#2101=CARTESIAN_POINT('Ctrl Pts',(484.567204777429,-27.8940707004087,250.));
#2102=CARTESIAN_POINT('Ctrl Pts',(485.621192450826,-26.9837884112359,-250.));
#2103=CARTESIAN_POINT('Ctrl Pts',(485.621192450826,-26.9837884112359,250.));
#2104=CARTESIAN_POINT('Ctrl Pts',(486.647290558976,-26.060400693256,-250.));
#2105=CARTESIAN_POINT('Ctrl Pts',(486.647290558976,-26.060400693256,250.));
#2106=CARTESIAN_POINT('Ctrl Pts',(487.644666293848,-25.1236853089084,-250.));
#2107=CARTESIAN_POINT('Ctrl Pts',(487.644666293848,-25.1236853089084,250.));
#2108=CARTESIAN_POINT('Ctrl Pts',(488.612399709244,-24.1734136555156,-250.));
#2109=CARTESIAN_POINT('Ctrl Pts',(488.612399709244,-24.1734136555156,250.));
#2110=CARTESIAN_POINT('Ctrl Pts',(489.549415957404,-23.2093795508148,-250.));
#2111=CARTESIAN_POINT('Ctrl Pts',(489.549415957404,-23.2093795508148,250.));
#2112=CARTESIAN_POINT('Ctrl Pts',(490.45451835123,-22.2314135033757,-250.));
#2113=CARTESIAN_POINT('Ctrl Pts',(490.45451835123,-22.2314135033757,250.));
#2114=CARTESIAN_POINT('Ctrl Pts',(491.326463184473,-21.23939126337,-250.));
#2115=CARTESIAN_POINT('Ctrl Pts',(491.326463184473,-21.23939126337,250.));
#2116=CARTESIAN_POINT('Ctrl Pts',(492.164028576913,-20.2332450401276,-250.));
#2117=CARTESIAN_POINT('Ctrl Pts',(492.164028576913,-20.2332450401276,250.));
#2118=CARTESIAN_POINT('Ctrl Pts',(492.966064966536,-19.2129709172764,-250.));
#2119=CARTESIAN_POINT('Ctrl Pts',(492.966064966536,-19.2129709172764,250.));
#2120=CARTESIAN_POINT('Ctrl Pts',(493.731438892985,-18.1786245521493,-250.));
#2121=CARTESIAN_POINT('Ctrl Pts',(493.731438892985,-18.1786245521493,250.));
#2122=CARTESIAN_POINT('Ctrl Pts',(494.458995154711,-17.1303175638761,-250.));
#2123=CARTESIAN_POINT('Ctrl Pts',(494.458995154711,-17.1303175638761,250.));
#2124=CARTESIAN_POINT('Ctrl Pts',(495.147506630497,-16.068215677875,-250.));
#2125=CARTESIAN_POINT('Ctrl Pts',(495.147506630497,-16.068215677875,250.));
#2126=CARTESIAN_POINT('Ctrl Pts',(495.795680377148,-14.9925260275802,-250.));
#2127=CARTESIAN_POINT('Ctrl Pts',(495.795680377148,-14.9925260275802,250.));
#2128=CARTESIAN_POINT('Ctrl Pts',(496.402176878099,-13.9034908526341,-250.));
#2129=CARTESIAN_POINT('Ctrl Pts',(496.402176878099,-13.9034908526341,250.));
#2130=CARTESIAN_POINT('Ctrl Pts',(496.965616073884,-12.8013623616947,-250.));
#2131=CARTESIAN_POINT('Ctrl Pts',(496.965616073884,-12.8013623616947,250.));
#2132=CARTESIAN_POINT('Ctrl Pts',(497.484623310107,-11.6864498444791,-250.));
#2133=CARTESIAN_POINT('Ctrl Pts',(497.484623310107,-11.6864498444791,250.));
#2134=CARTESIAN_POINT('Ctrl Pts',(497.957896379156,-10.5592026486126,-250.));
#2135=CARTESIAN_POINT('Ctrl Pts',(497.957896379156,-10.5592026486126,250.));
#2136=CARTESIAN_POINT('Ctrl Pts',(498.384279792981,-9.42031523280371,-250.));
#2137=CARTESIAN_POINT('Ctrl Pts',(498.384279792981,-9.42031523280371,250.));
#2138=CARTESIAN_POINT('Ctrl Pts',(498.762794247268,-8.27072176148038,-250.));
#2139=CARTESIAN_POINT('Ctrl Pts',(498.762794247268,-8.27072176148038,250.));
#2140=CARTESIAN_POINT('Ctrl Pts',(499.092584227392,-7.11140474656295,-250.));
#2141=CARTESIAN_POINT('Ctrl Pts',(499.092584227392,-7.11140474656295,250.));
#2142=CARTESIAN_POINT('Ctrl Pts',(499.37287538498,-5.94320988166873,-250.));
#2143=CARTESIAN_POINT('Ctrl Pts',(499.37287538498,-5.94320988166873,250.));
#2144=CARTESIAN_POINT('Ctrl Pts',(499.602951882534,-4.7667571580382,-250.));
#2145=CARTESIAN_POINT('Ctrl Pts',(499.602951882534,-4.7667571580382,250.));
#2146=CARTESIAN_POINT('Ctrl Pts',(499.782235489843,-3.58277714592352,-250.));
#2147=CARTESIAN_POINT('Ctrl Pts',(499.782235489843,-3.58277714592352,250.));
#2148=CARTESIAN_POINT('Ctrl Pts',(499.910354734678,-2.39239802662439,-250.));
#2149=CARTESIAN_POINT('Ctrl Pts',(499.910354734678,-2.39239802662439,250.));
#2150=CARTESIAN_POINT('Ctrl Pts',(499.987201131112,-1.19740580602022,-250.));
#2151=CARTESIAN_POINT('Ctrl Pts',(499.987201131112,-1.19740580602022,250.));
#2152=CARTESIAN_POINT('Ctrl Pts',(500.012800480496,-3.0591848498851E-13,
-250.));
#2153=CARTESIAN_POINT('Ctrl Pts',(500.012800480496,-3.0591848498851E-13,
250.));
#2154=CARTESIAN_POINT('Ctrl Pts',(499.987201131114,1.19740580601966,-250.));
#2155=CARTESIAN_POINT('Ctrl Pts',(499.987201131114,1.19740580601966,250.));
#2156=CARTESIAN_POINT('Ctrl Pts',(499.910354734679,2.39239802662394,-250.));
#2157=CARTESIAN_POINT('Ctrl Pts',(499.910354734679,2.39239802662394,250.));
#2158=CARTESIAN_POINT('Ctrl Pts',(499.782235489842,3.58277714592296,-250.));
#2159=CARTESIAN_POINT('Ctrl Pts',(499.782235489842,3.58277714592296,250.));
#2160=CARTESIAN_POINT('Ctrl Pts',(499.602951882535,4.76675715803747,-250.));
#2161=CARTESIAN_POINT('Ctrl Pts',(499.602951882535,4.76675715803747,250.));
#2162=CARTESIAN_POINT('Ctrl Pts',(499.372875384981,5.94320988166807,-250.));
#2163=CARTESIAN_POINT('Ctrl Pts',(499.372875384981,5.94320988166807,250.));
#2164=CARTESIAN_POINT('Ctrl Pts',(499.092584227392,7.11140474656241,-250.));
#2165=CARTESIAN_POINT('Ctrl Pts',(499.092584227392,7.11140474656241,250.));
#2166=CARTESIAN_POINT('Ctrl Pts',(498.762794247268,8.27072176147979,-250.));
#2167=CARTESIAN_POINT('Ctrl Pts',(498.762794247268,8.27072176147979,250.));
#2168=CARTESIAN_POINT('Ctrl Pts',(498.38427979298,9.42031523280302,-250.));
#2169=CARTESIAN_POINT('Ctrl Pts',(498.38427979298,9.42031523280302,250.));
#2170=CARTESIAN_POINT('Ctrl Pts',(497.957896379157,10.5592026486118,-250.));
#2171=CARTESIAN_POINT('Ctrl Pts',(497.957896379157,10.5592026486118,250.));
#2172=CARTESIAN_POINT('Ctrl Pts',(497.484623310107,11.6864498444787,-250.));
#2173=CARTESIAN_POINT('Ctrl Pts',(497.484623310107,11.6864498444787,250.));
#2174=CARTESIAN_POINT('Ctrl Pts',(496.965616073881,12.8013623616946,-250.));
#2175=CARTESIAN_POINT('Ctrl Pts',(496.965616073881,12.8013623616946,250.));
#2176=CARTESIAN_POINT('Ctrl Pts',(496.402176878096,13.9034908526339,-250.));
#2177=CARTESIAN_POINT('Ctrl Pts',(496.402176878096,13.9034908526339,250.));
#2178=CARTESIAN_POINT('Ctrl Pts',(495.79568037715,14.9925260275793,-250.));
#2179=CARTESIAN_POINT('Ctrl Pts',(495.79568037715,14.9925260275793,250.));
#2180=CARTESIAN_POINT('Ctrl Pts',(495.147506630504,16.0682156778736,-250.));
#2181=CARTESIAN_POINT('Ctrl Pts',(495.147506630504,16.0682156778736,250.));
#2182=CARTESIAN_POINT('Ctrl Pts',(494.458995154717,17.130317563875,-250.));
#2183=CARTESIAN_POINT('Ctrl Pts',(494.458995154717,17.130317563875,250.));
#2184=CARTESIAN_POINT('Ctrl Pts',(493.731438892984,18.1786245521489,-250.));
#2185=CARTESIAN_POINT('Ctrl Pts',(493.731438892984,18.1786245521489,250.));
#2186=CARTESIAN_POINT('Ctrl Pts',(492.966064966528,19.2129709172762,-250.));
#2187=CARTESIAN_POINT('Ctrl Pts',(492.966064966528,19.2129709172762,250.));
#2188=CARTESIAN_POINT('Ctrl Pts',(492.164028576904,20.2332450401272,-250.));
#2189=CARTESIAN_POINT('Ctrl Pts',(492.164028576904,20.2332450401272,250.));
#2190=CARTESIAN_POINT('Ctrl Pts',(491.326463184471,21.2393912633694,-250.));
#2191=CARTESIAN_POINT('Ctrl Pts',(491.326463184471,21.2393912633694,250.));
#2192=CARTESIAN_POINT('Ctrl Pts',(490.454518351239,22.2314135033751,-250.));
#2193=CARTESIAN_POINT('Ctrl Pts',(490.454518351239,22.2314135033751,250.));
#2194=CARTESIAN_POINT('Ctrl Pts',(489.549415957418,23.2093795508142,-250.));
#2195=CARTESIAN_POINT('Ctrl Pts',(489.549415957418,23.2093795508142,250.));
#2196=CARTESIAN_POINT('Ctrl Pts',(488.612399709251,24.173413655515,-250.));
#2197=CARTESIAN_POINT('Ctrl Pts',(488.612399709251,24.173413655515,250.));
#2198=CARTESIAN_POINT('Ctrl Pts',(487.644666293846,25.1236853089078,-250.));
#2199=CARTESIAN_POINT('Ctrl Pts',(487.644666293846,25.1236853089078,250.));
#2200=CARTESIAN_POINT('Ctrl Pts',(486.647290558967,26.0604006932556,-250.));
#2201=CARTESIAN_POINT('Ctrl Pts',(486.647290558967,26.0604006932556,250.));
#2202=CARTESIAN_POINT('Ctrl Pts',(485.621192450819,26.9837884112355,-250.));
#2203=CARTESIAN_POINT('Ctrl Pts',(485.621192450819,26.9837884112355,250.));
#2204=CARTESIAN_POINT('Ctrl Pts',(484.567204777428,27.8940707004083,-250.));
#2205=CARTESIAN_POINT('Ctrl Pts',(484.567204777428,27.8940707004083,250.));
#2206=CARTESIAN_POINT('Ctrl Pts',(483.486115820773,28.7914415941553,-250.));
#2207=CARTESIAN_POINT('Ctrl Pts',(483.486115820773,28.7914415941553,250.));
#2208=CARTESIAN_POINT('Ctrl Pts',(482.378731137832,29.6760329874817,-250.));
#2209=CARTESIAN_POINT('Ctrl Pts',(482.378731137832,29.6760329874817,250.));
#2210=CARTESIAN_POINT('Ctrl Pts',(481.245868576778,30.5479453731811,-250.));
#2211=CARTESIAN_POINT('Ctrl Pts',(481.245868576778,30.5479453731811,250.));
#2212=CARTESIAN_POINT('Ctrl Pts',(480.088334930321,31.4072980057142,-250.));
#2213=CARTESIAN_POINT('Ctrl Pts',(480.088334930321,31.4072980057142,250.));
#2214=CARTESIAN_POINT('Ctrl Pts',(478.90690818277,32.2542740750424,-250.));
#2215=CARTESIAN_POINT('Ctrl Pts',(478.90690818277,32.2542740750424,250.));
#2216=CARTESIAN_POINT('Ctrl Pts',(477.702318405348,33.0891638911178,-250.));
#2217=CARTESIAN_POINT('Ctrl Pts',(477.702318405348,33.0891638911178,250.));
#2218=CARTESIAN_POINT('Ctrl Pts',(476.475250834747,33.9123013667105,-250.));
#2219=CARTESIAN_POINT('Ctrl Pts',(476.475250834747,33.9123013667105,250.));
#2220=CARTESIAN_POINT('Ctrl Pts',(475.226347639339,34.7240099448416,-250.));
#2221=CARTESIAN_POINT('Ctrl Pts',(475.226347639339,34.7240099448416,250.));
#2222=CARTESIAN_POINT('Ctrl Pts',(473.956209926384,35.5245366893192,-250.));
#2223=CARTESIAN_POINT('Ctrl Pts',(473.956209926384,35.5245366893192,250.));
#2224=CARTESIAN_POINT('Ctrl Pts',(472.665400505521,36.3140168162398,-250.));
#2225=CARTESIAN_POINT('Ctrl Pts',(472.665400505521,36.3140168162398,250.));
#2226=CARTESIAN_POINT('Ctrl Pts',(471.354450240469,37.0925388034465,-250.));
#2227=CARTESIAN_POINT('Ctrl Pts',(471.354450240469,37.0925388034465,250.));
#2228=CARTESIAN_POINT('Ctrl Pts',(470.023863570028,37.8601886272163,-250.));
#2229=CARTESIAN_POINT('Ctrl Pts',(470.023863570028,37.8601886272163,250.));
#2230=CARTESIAN_POINT('Ctrl Pts',(468.674124791911,38.6171110898088,-250.));
#2231=CARTESIAN_POINT('Ctrl Pts',(468.674124791911,38.6171110898088,250.));
#2232=CARTESIAN_POINT('Ctrl Pts',(467.30570263781,39.3635349566243,-250.));
#2233=CARTESIAN_POINT('Ctrl Pts',(467.30570263781,39.3635349566243,250.));
#2234=CARTESIAN_POINT('Ctrl Pts',(465.919051562786,40.0997214560061,-250.));
#2235=CARTESIAN_POINT('Ctrl Pts',(465.919051562786,40.0997214560061,250.));
#2236=CARTESIAN_POINT('Ctrl Pts',(464.514613367681,40.8259304286764,-250.));
#2237=CARTESIAN_POINT('Ctrl Pts',(464.514613367681,40.8259304286764,250.));
#2238=CARTESIAN_POINT('Ctrl Pts',(463.092819388527,41.5423740813805,-250.));
#2239=CARTESIAN_POINT('Ctrl Pts',(463.092819388527,41.5423740813805,250.));
#2240=CARTESIAN_POINT('Ctrl Pts',(461.654090235326,42.2491929158874,-250.));
#2241=CARTESIAN_POINT('Ctrl Pts',(461.654090235326,42.2491929158874,250.));
#2242=CARTESIAN_POINT('Ctrl Pts',(460.19882779017,42.9464873745873,-250.));
#2243=CARTESIAN_POINT('Ctrl Pts',(460.19882779017,42.9464873745873,250.));
#2244=CARTESIAN_POINT('Ctrl Pts',(458.727408928582,43.6343392652483,-250.));
#2245=CARTESIAN_POINT('Ctrl Pts',(458.727408928582,43.6343392652483,250.));
#2246=CARTESIAN_POINT('Ctrl Pts',(457.240177873878,44.3128382479377,-250.));
#2247=CARTESIAN_POINT('Ctrl Pts',(457.240177873878,44.3128382479377,250.));
#2248=CARTESIAN_POINT('Ctrl Pts',(455.737441067114,44.9821032064646,-250.));
#2249=CARTESIAN_POINT('Ctrl Pts',(455.737441067114,44.9821032064646,250.));
#2250=CARTESIAN_POINT('Ctrl Pts',(454.219482232782,45.642272058533,-250.));
#2251=CARTESIAN_POINT('Ctrl Pts',(454.219482232782,45.642272058533,250.));
#2252=CARTESIAN_POINT('Ctrl Pts',(452.686576291897,46.2934937512695,-250.));
#2253=CARTESIAN_POINT('Ctrl Pts',(452.686576291897,46.2934937512695,250.));
#2254=CARTESIAN_POINT('Ctrl Pts',(451.139002722418,46.9359198158879,-250.));
#2255=CARTESIAN_POINT('Ctrl Pts',(451.139002722418,46.9359198158879,250.));
#2256=CARTESIAN_POINT('Ctrl Pts',(449.57706171017,47.5696951333183,-250.));
#2257=CARTESIAN_POINT('Ctrl Pts',(449.57706171017,47.5696951333183,250.));
#2258=CARTESIAN_POINT('Ctrl Pts',(448.001066175435,48.19495777567,-250.));
#2259=CARTESIAN_POINT('Ctrl Pts',(448.001066175435,48.19495777567,250.));
#2260=CARTESIAN_POINT('Ctrl Pts',(446.411328424431,48.8118409295533,-250.));
#2261=CARTESIAN_POINT('Ctrl Pts',(446.411328424431,48.8118409295533,250.));
#2262=CARTESIAN_POINT('Ctrl Pts',(444.808149644233,49.420473752821,-250.));
#2263=CARTESIAN_POINT('Ctrl Pts',(444.808149644233,49.420473752821,250.));
#2264=CARTESIAN_POINT('Ctrl Pts',(443.191805894549,50.0209834812155,-250.));
#2265=CARTESIAN_POINT('Ctrl Pts',(443.191805894549,50.0209834812155,250.));
#2266=CARTESIAN_POINT('Ctrl Pts',(441.562544021373,50.6134940845286,-250.));
#2267=CARTESIAN_POINT('Ctrl Pts',(441.562544021373,50.6134940845286,250.));
#2268=CARTESIAN_POINT('Ctrl Pts',(439.920590084258,51.1981206670222,-250.));
#2269=CARTESIAN_POINT('Ctrl Pts',(439.920590084258,51.1981206670222,250.));
#2270=CARTESIAN_POINT('Ctrl Pts',(438.266154736785,51.7749648079313,-250.));
#2271=CARTESIAN_POINT('Ctrl Pts',(438.266154736785,51.7749648079313,250.));
#2272=CARTESIAN_POINT('Ctrl Pts',(436.599439733832,52.3441097650915,-250.));
#2273=CARTESIAN_POINT('Ctrl Pts',(436.599439733832,52.3441097650915,250.));
#2274=CARTESIAN_POINT('Ctrl Pts',(434.920644241683,52.9056150719361,-250.));
#2275=CARTESIAN_POINT('Ctrl Pts',(434.920644241683,52.9056150719361,250.));
#2276=CARTESIAN_POINT('Ctrl Pts',(433.229965320038,53.4595267830967,-250.));
#2277=CARTESIAN_POINT('Ctrl Pts',(433.229965320038,53.4595267830967,250.));
#2278=CARTESIAN_POINT('Ctrl Pts',(431.527597948871,54.0058892622825,-250.));
#2279=CARTESIAN_POINT('Ctrl Pts',(431.527597948871,54.0058892622825,250.));
#2280=CARTESIAN_POINT('Ctrl Pts',(429.813735155319,54.5447554744975,-250.));
#2281=CARTESIAN_POINT('Ctrl Pts',(429.813735155319,54.5447554744975,250.));
#2282=CARTESIAN_POINT('Ctrl Pts',(428.088568265959,55.0762001033878,-250.));
#2283=CARTESIAN_POINT('Ctrl Pts',(428.088568265959,55.0762001033878,250.));
#2284=CARTESIAN_POINT('Ctrl Pts',(426.352286557548,55.600324231753,-250.));
#2285=CARTESIAN_POINT('Ctrl Pts',(426.352286557548,55.600324231753,250.));
#2286=CARTESIAN_POINT('Ctrl Pts',(424.605075633741,56.1172425040123,-250.));
#2287=CARTESIAN_POINT('Ctrl Pts',(424.605075633741,56.1172425040123,250.));
#2288=CARTESIAN_POINT('Ctrl Pts',(422.847115957791,56.6270735063059,-250.));
#2289=CARTESIAN_POINT('Ctrl Pts',(422.847115957791,56.6270735063059,250.));
#2290=CARTESIAN_POINT('Ctrl Pts',(421.078581558195,57.1299297075512,-250.));
#2291=CARTESIAN_POINT('Ctrl Pts',(421.078581558195,57.1299297075512,250.));
#2292=CARTESIAN_POINT('Ctrl Pts',(419.299638077518,57.6259054945153,-250.));
#2293=CARTESIAN_POINT('Ctrl Pts',(419.299638077518,57.6259054945153,250.));
#2294=CARTESIAN_POINT('Ctrl Pts',(417.510443824158,58.1150758685299,-250.));
#2295=CARTESIAN_POINT('Ctrl Pts',(417.510443824158,58.1150758685299,250.));
#2296=CARTESIAN_POINT('Ctrl Pts',(415.711152608725,58.5975019292541,-250.));
#2297=CARTESIAN_POINT('Ctrl Pts',(415.711152608725,58.5975019292541,250.));
#2298=CARTESIAN_POINT('Ctrl Pts',(413.901916162635,59.073234332609,-250.));
#2299=CARTESIAN_POINT('Ctrl Pts',(413.901916162635,59.073234332609,250.));
#2300=CARTESIAN_POINT('Ctrl Pts',(412.082886454073,59.5423174876952,-250.));
#2301=CARTESIAN_POINT('Ctrl Pts',(412.082886454073,59.5423174876952,250.));
#2302=CARTESIAN_POINT('Ctrl Pts',(410.254218761164,60.0047936952109,-250.));
#2303=CARTESIAN_POINT('Ctrl Pts',(410.254218761164,60.0047936952109,250.));
#2304=CARTESIAN_POINT('Ctrl Pts',(408.416068831913,60.4607052515322,-250.));
#2305=CARTESIAN_POINT('Ctrl Pts',(408.416068831913,60.4607052515322,250.));
#2306=CARTESIAN_POINT('Ctrl Pts',(406.568588705684,60.9100959528764,-250.));
#2307=CARTESIAN_POINT('Ctrl Pts',(406.568588705684,60.9100959528764,250.));
#2308=CARTESIAN_POINT('Ctrl Pts',(404.711922881125,61.3530128512454,-250.));
#2309=CARTESIAN_POINT('Ctrl Pts',(404.711922881125,61.3530128512454,250.));
#2310=CARTESIAN_POINT('Ctrl Pts',(402.846204595117,61.7895078127909,-250.));
#2311=CARTESIAN_POINT('Ctrl Pts',(402.846204595117,61.7895078127909,250.));
#2312=CARTESIAN_POINT('Ctrl Pts',(400.971551372557,62.2196394051857,-250.));
#2313=CARTESIAN_POINT('Ctrl Pts',(400.971551372557,62.2196394051857,250.));
#2314=CARTESIAN_POINT('Ctrl Pts',(399.088069906074,62.6434713680091,-250.));
#2315=CARTESIAN_POINT('Ctrl Pts',(399.088069906074,62.6434713680091,250.));
#2316=CARTESIAN_POINT('Ctrl Pts',(397.195861928264,63.0610707066759,-250.));
#2317=CARTESIAN_POINT('Ctrl Pts',(397.195861928264,63.0610707066759,250.));
#2318=CARTESIAN_POINT('Ctrl Pts',(395.295029865733,63.4725059243946,-250.));
#2319=CARTESIAN_POINT('Ctrl Pts',(395.295029865733,63.4725059243946,250.));
#2320=CARTESIAN_POINT('Ctrl Pts',(393.385682273216,63.8778451862494,-250.));
#2321=CARTESIAN_POINT('Ctrl Pts',(393.385682273216,63.8778451862494,250.));
#2322=CARTESIAN_POINT('Ctrl Pts',(391.467940190419,64.2771545363955,-250.));
#2323=CARTESIAN_POINT('Ctrl Pts',(391.467940190419,64.2771545363955,250.));
#2324=CARTESIAN_POINT('Ctrl Pts',(389.541932563579,64.6704959181786,-250.));
#2325=CARTESIAN_POINT('Ctrl Pts',(389.541932563579,64.6704959181786,250.));
#2326=CARTESIAN_POINT('Ctrl Pts',(387.607790476084,65.0579252655366,-250.));
#2327=CARTESIAN_POINT('Ctrl Pts',(387.607790476084,65.0579252655366,250.));
#2328=CARTESIAN_POINT('Ctrl Pts',(385.665641600687,65.4394904023269,-250.));
#2329=CARTESIAN_POINT('Ctrl Pts',(385.665641600687,65.4394904023269,250.));
#2330=CARTESIAN_POINT('Ctrl Pts',(383.715605019987,65.8152294004777,-250.));
#2331=CARTESIAN_POINT('Ctrl Pts',(383.715605019987,65.8152294004777,250.));
#2332=CARTESIAN_POINT('Ctrl Pts',(381.757784691808,66.1851677635512,-250.));
#2333=CARTESIAN_POINT('Ctrl Pts',(381.757784691808,66.1851677635512,250.));
#2334=CARTESIAN_POINT('Ctrl Pts',(379.7922724656,66.5493233494775,-250.));
#2335=CARTESIAN_POINT('Ctrl Pts',(379.7922724656,66.5493233494775,250.));
#2336=CARTESIAN_POINT('Ctrl Pts',(377.81915338454,66.9077129993735,-250.));
#2337=CARTESIAN_POINT('Ctrl Pts',(377.81915338454,66.9077129993735,250.));
#2338=CARTESIAN_POINT('Ctrl Pts',(375.838510414365,67.26035897924,-250.));
#2339=CARTESIAN_POINT('Ctrl Pts',(375.838510414365,67.26035897924,250.));
#2340=CARTESIAN_POINT('Ctrl Pts',(373.850428949369,67.6072946154766,-250.));
#2341=CARTESIAN_POINT('Ctrl Pts',(373.850428949369,67.6072946154766,250.));
#2342=CARTESIAN_POINT('Ctrl Pts',(371.855002571496,67.9485724857728,-250.));
#2343=CARTESIAN_POINT('Ctrl Pts',(371.855002571496,67.9485724857728,250.));
#2344=CARTESIAN_POINT('Ctrl Pts',(369.852332906741,68.2842613084605,-250.));
#2345=CARTESIAN_POINT('Ctrl Pts',(369.852332906741,68.2842613084605,250.));
#2346=CARTESIAN_POINT('Ctrl Pts',(367.842525719043,68.6144358311212,-250.));
#2347=CARTESIAN_POINT('Ctrl Pts',(367.842525719043,68.6144358311212,250.));
#2348=CARTESIAN_POINT('Ctrl Pts',(365.825688065604,68.9391684832295,-250.));
#2349=CARTESIAN_POINT('Ctrl Pts',(365.825688065604,68.9391684832295,250.));
#2350=CARTESIAN_POINT('Ctrl Pts',(363.801925177685,69.258521061745,-250.));
#2351=CARTESIAN_POINT('Ctrl Pts',(363.801925177685,69.258521061745,250.));
#2352=CARTESIAN_POINT('Ctrl Pts',(361.771337063928,69.5725345691981,-250.));
#2353=CARTESIAN_POINT('Ctrl Pts',(361.771337063928,69.5725345691981,250.));
#2354=CARTESIAN_POINT('Ctrl Pts',(359.7340165556,69.8812259836528,-250.));
#2355=CARTESIAN_POINT('Ctrl Pts',(359.7340165556,69.8812259836528,250.));
#2356=CARTESIAN_POINT('Ctrl Pts',(357.690050490872,70.1845995070213,-250.));
#2357=CARTESIAN_POINT('Ctrl Pts',(357.690050490872,70.1845995070213,250.));
#2358=CARTESIAN_POINT('Ctrl Pts',(355.63952022752,70.4826547194314,-250.));
#2359=CARTESIAN_POINT('Ctrl Pts',(355.63952022752,70.4826547194314,250.));
#2360=CARTESIAN_POINT('Ctrl Pts',(353.582502422366,70.775396001414,-250.));
#2361=CARTESIAN_POINT('Ctrl Pts',(353.582502422366,70.775396001414,250.));
#2362=CARTESIAN_POINT('Ctrl Pts',(351.519069701803,71.0628413444063,-250.));
#2363=CARTESIAN_POINT('Ctrl Pts',(351.519069701803,71.0628413444063,250.));
#2364=CARTESIAN_POINT('Ctrl Pts',(349.449291366167,71.3450316128687,-250.));
#2365=CARTESIAN_POINT('Ctrl Pts',(349.449291366167,71.3450316128687,250.));
#2366=CARTESIAN_POINT('Ctrl Pts',(347.37323481246,71.6220232895448,-250.));
#2367=CARTESIAN_POINT('Ctrl Pts',(347.37323481246,71.6220232895448,250.));
#2368=CARTESIAN_POINT('Ctrl Pts',(345.290966937572,71.8938812163513,-250.));
#2369=CARTESIAN_POINT('Ctrl Pts',(345.290966937572,71.8938812163513,250.));
#2370=CARTESIAN_POINT('Ctrl Pts',(343.20255562169,72.1606710287483,-250.));
#2371=CARTESIAN_POINT('Ctrl Pts',(343.20255562169,72.1606710287483,250.));
#2372=CARTESIAN_POINT('Ctrl Pts',(341.108071010484,72.4224524151898,-250.));
#2373=CARTESIAN_POINT('Ctrl Pts',(341.108071010484,72.4224524151898,250.));
#2374=CARTESIAN_POINT('Ctrl Pts',(339.007587299475,72.6792702948662,-250.));
#2375=CARTESIAN_POINT('Ctrl Pts',(339.007587299475,72.6792702948662,250.));
#2376=CARTESIAN_POINT('Ctrl Pts',(336.901182523664,72.9311542810968,-250.));
#2377=CARTESIAN_POINT('Ctrl Pts',(336.901182523664,72.9311542810968,250.));
#2378=CARTESIAN_POINT('Ctrl Pts',(334.788936781406,73.1781246511255,-250.));
#2379=CARTESIAN_POINT('Ctrl Pts',(334.788936781406,73.1781246511255,250.));
#2380=CARTESIAN_POINT('Ctrl Pts',(332.670930904065,73.4201964631907,-250.));
#2381=CARTESIAN_POINT('Ctrl Pts',(332.670930904065,73.4201964631907,250.));
#2382=CARTESIAN_POINT('Ctrl Pts',(330.547244952827,73.6573843922597,-250.));
#2383=CARTESIAN_POINT('Ctrl Pts',(330.547244952827,73.6573843922597,250.));
#2384=CARTESIAN_POINT('Ctrl Pts',(328.41795676501,73.8897073593665,-250.));
#2385=CARTESIAN_POINT('Ctrl Pts',(328.41795676501,73.8897073593665,250.));
#2386=CARTESIAN_POINT('Ctrl Pts',(326.283140548103,74.1171929611541,-250.));
#2387=CARTESIAN_POINT('Ctrl Pts',(326.283140548103,74.1171929611541,250.));
#2388=CARTESIAN_POINT('Ctrl Pts',(324.142867084806,74.3398747850544,-250.));
#2389=CARTESIAN_POINT('Ctrl Pts',(324.142867084806,74.3398747850544,250.));
#2390=CARTESIAN_POINT('Ctrl Pts',(321.997203873656,74.557790102818,-250.));
#2391=CARTESIAN_POINT('Ctrl Pts',(321.997203873656,74.557790102818,250.));
#2392=CARTESIAN_POINT('Ctrl Pts',(319.846215270497,74.7709773355893,-250.));
#2393=CARTESIAN_POINT('Ctrl Pts',(319.846215270497,74.7709773355893,250.));
#2394=CARTESIAN_POINT('Ctrl Pts',(317.689962683635,74.9794738089339,-250.));
#2395=CARTESIAN_POINT('Ctrl Pts',(317.689962683635,74.9794738089339,250.));
#2396=CARTESIAN_POINT('Ctrl Pts',(315.528504612931,75.1833129092305,-250.));
#2397=CARTESIAN_POINT('Ctrl Pts',(315.528504612931,75.1833129092305,250.));
#2398=CARTESIAN_POINT('Ctrl Pts',(313.361897268021,75.3825233146556,-250.));
#2399=CARTESIAN_POINT('Ctrl Pts',(313.361897268021,75.3825233146556,250.));
#2400=CARTESIAN_POINT('Ctrl Pts',(311.190195851225,75.5771305258035,-250.));
#2401=CARTESIAN_POINT('Ctrl Pts',(311.190195851225,75.5771305258035,250.));
#2402=CARTESIAN_POINT('Ctrl Pts',(309.013455643461,75.7671577874875,-250.));
#2403=CARTESIAN_POINT('Ctrl Pts',(309.013455643461,75.7671577874875,250.));
#2404=CARTESIAN_POINT('Ctrl Pts',(306.831733218294,75.9526272697911,-250.));
#2405=CARTESIAN_POINT('Ctrl Pts',(306.831733218294,75.9526272697911,250.));
#2406=CARTESIAN_POINT('Ctrl Pts',(304.645087489694,76.133561111862,-250.));
#2407=CARTESIAN_POINT('Ctrl Pts',(304.645087489694,76.133561111862,250.));
#2408=CARTESIAN_POINT('Ctrl Pts',(302.453581123969,76.3099825939316,-250.));
#2409=CARTESIAN_POINT('Ctrl Pts',(302.453581123969,76.3099825939316,250.));
#2410=CARTESIAN_POINT('Ctrl Pts',(300.257279204547,76.4819166309652,-250.));
#2411=CARTESIAN_POINT('Ctrl Pts',(300.257279204547,76.4819166309652,250.));
#2412=CARTESIAN_POINT('Ctrl Pts',(298.056247378908,76.6493901377242,-250.));
#2413=CARTESIAN_POINT('Ctrl Pts',(298.056247378908,76.6493901377242,250.));
#2414=CARTESIAN_POINT('Ctrl Pts',(295.850550160068,76.812432453556,-250.));
#2415=CARTESIAN_POINT('Ctrl Pts',(295.850550160068,76.812432453556,250.));
#2416=CARTESIAN_POINT('Ctrl Pts',(293.640249218576,76.9710757065947,-250.));
#2417=CARTESIAN_POINT('Ctrl Pts',(293.640249218576,76.9710757065947,250.));
#2418=CARTESIAN_POINT('Ctrl Pts',(291.425401547022,77.1253552883718,-250.));
#2419=CARTESIAN_POINT('Ctrl Pts',(291.425401547022,77.1253552883718,250.));
#2420=CARTESIAN_POINT('Ctrl Pts',(289.206058063745,77.2753100335966,-250.));
#2421=CARTESIAN_POINT('Ctrl Pts',(289.206058063745,77.2753100335966,250.));
#2422=CARTESIAN_POINT('Ctrl Pts',(286.982266101566,77.4209798645093,-250.));
#2423=CARTESIAN_POINT('Ctrl Pts',(286.982266101566,77.4209798645093,250.));
#2424=CARTESIAN_POINT('Ctrl Pts',(284.754071498849,77.5624037129195,-250.));
#2425=CARTESIAN_POINT('Ctrl Pts',(284.754071498849,77.5624037129195,250.));
#2426=CARTESIAN_POINT('Ctrl Pts',(282.521520932322,77.6996172372466,-250.));
#2427=CARTESIAN_POINT('Ctrl Pts',(282.521520932322,77.6996172372466,250.));
#2428=CARTESIAN_POINT('Ctrl Pts',(280.284663942927,77.8326508520738,-250.));
#2429=CARTESIAN_POINT('Ctrl Pts',(280.284663942927,77.8326508520738,250.));
#2430=CARTESIAN_POINT('Ctrl Pts',(278.0435555879,77.9615270777795,-250.));
#2431=CARTESIAN_POINT('Ctrl Pts',(278.0435555879,77.9615270777795,250.));
#2432=CARTESIAN_POINT('Ctrl Pts',(275.798257162425,78.0862600163637,-250.));
#2433=CARTESIAN_POINT('Ctrl Pts',(275.798257162425,78.0862600163637,250.));
#2434=CARTESIAN_POINT('Ctrl Pts',(273.548833007304,78.2068591535185,-250.));
#2435=CARTESIAN_POINT('Ctrl Pts',(273.548833007304,78.2068591535185,250.));
#2436=CARTESIAN_POINT('Ctrl Pts',(271.295348201155,78.3233321788431,-250.));
#2437=CARTESIAN_POINT('Ctrl Pts',(271.295348201155,78.3233321788431,250.));
#2438=CARTESIAN_POINT('Ctrl Pts',(269.037865782663,78.4356883350033,-250.));
#2439=CARTESIAN_POINT('Ctrl Pts',(269.037865782663,78.4356883350033,250.));
#2440=CARTESIAN_POINT('Ctrl Pts',(266.776444441738,78.5439412265639,-250.));
#2441=CARTESIAN_POINT('Ctrl Pts',(266.776444441738,78.5439412265639,250.));
#2442=CARTESIAN_POINT('Ctrl Pts',(264.51113534658,78.6481126377581,-250.));
#2443=CARTESIAN_POINT('Ctrl Pts',(264.51113534658,78.6481126377581,250.));
#2444=CARTESIAN_POINT('Ctrl Pts',(262.241981976189,78.7482328292057,-250.));
#2445=CARTESIAN_POINT('Ctrl Pts',(262.241981976189,78.7482328292057,250.));
#2446=CARTESIAN_POINT('Ctrl Pts',(259.969022910536,78.844337369508,-250.));
#2447=CARTESIAN_POINT('Ctrl Pts',(259.969022910536,78.844337369508,250.));
#2448=CARTESIAN_POINT('Ctrl Pts',(257.692293783475,78.9364649444635,-250.));
#2449=CARTESIAN_POINT('Ctrl Pts',(257.692293783475,78.9364649444635,250.));
#2450=CARTESIAN_POINT('Ctrl Pts',(255.411829653745,79.0246546851831,-250.));
#2451=CARTESIAN_POINT('Ctrl Pts',(255.411829653745,79.0246546851831,250.));
#2452=CARTESIAN_POINT('Ctrl Pts',(253.127667020802,79.1089438914435,-250.));
#2453=CARTESIAN_POINT('Ctrl Pts',(253.127667020802,79.1089438914435,250.));
#2454=CARTESIAN_POINT('Ctrl Pts',(250.839846435832,79.1893651097803,-250.));
#2455=CARTESIAN_POINT('Ctrl Pts',(250.839846435832,79.1893651097803,250.));
#2456=CARTESIAN_POINT('Ctrl Pts',(248.548412788191,79.2659457103355,-250.));
#2457=CARTESIAN_POINT('Ctrl Pts',(248.548412788191,79.2659457103355,250.));
#2458=CARTESIAN_POINT('Ctrl Pts',(246.253414165048,79.3387089913692,-250.));
#2459=CARTESIAN_POINT('Ctrl Pts',(246.253414165048,79.3387089913692,250.));
#2460=CARTESIAN_POINT('Ctrl Pts',(243.95490114303,79.4076748267681,-250.));
#2461=CARTESIAN_POINT('Ctrl Pts',(243.95490114303,79.4076748267681,250.));
#2462=CARTESIAN_POINT('Ctrl Pts',(241.652925895298,79.4728604970373,-250.));
#2463=CARTESIAN_POINT('Ctrl Pts',(241.652925895298,79.4728604970373,250.));
#2464=CARTESIAN_POINT('Ctrl Pts',(239.347541391953,79.5342814539466,-250.));
#2465=CARTESIAN_POINT('Ctrl Pts',(239.347541391953,79.5342814539466,250.));
#2466=CARTESIAN_POINT('Ctrl Pts',(237.038800524433,79.5919520822206,-250.));
#2467=CARTESIAN_POINT('Ctrl Pts',(237.038800524433,79.5919520822206,250.));
#2468=CARTESIAN_POINT('Ctrl Pts',(234.726755445043,79.6458866321086,-250.));
#2469=CARTESIAN_POINT('Ctrl Pts',(234.726755445043,79.6458866321086,250.));
#2470=CARTESIAN_POINT('Ctrl Pts',(232.411456987866,79.6961002658864,-250.));
#2471=CARTESIAN_POINT('Ctrl Pts',(232.411456987866,79.6961002658864,250.));
#2472=CARTESIAN_POINT('Ctrl Pts',(230.092954083276,79.7426100408593,-250.));
#2473=CARTESIAN_POINT('Ctrl Pts',(230.092954083276,79.7426100408593,250.));
#2474=CARTESIAN_POINT('Ctrl Pts',(227.77129313417,79.7854359782025,-250.));
#2475=CARTESIAN_POINT('Ctrl Pts',(227.77129313417,79.7854359782025,250.));
#2476=CARTESIAN_POINT('Ctrl Pts',(225.446517503806,79.8246019567136,-250.));
#2477=CARTESIAN_POINT('Ctrl Pts',(225.446517503806,79.8246019567136,250.));
#2478=CARTESIAN_POINT('Ctrl Pts',(223.118666713874,79.8601370329595,-250.));
#2479=CARTESIAN_POINT('Ctrl Pts',(223.118666713874,79.8601370329595,250.));
#2480=CARTESIAN_POINT('Ctrl Pts',(220.787777035421,79.8920747389461,-250.));
#2481=CARTESIAN_POINT('Ctrl Pts',(220.787777035421,79.8920747389461,250.));
#2482=CARTESIAN_POINT('Ctrl Pts',(218.453882765923,79.9204513926877,-250.));
#2483=CARTESIAN_POINT('Ctrl Pts',(218.453882765923,79.9204513926877,250.));
#2484=CARTESIAN_POINT('Ctrl Pts',(216.11701727236,79.9453047338796,-250.));
#2485=CARTESIAN_POINT('Ctrl Pts',(216.11701727236,79.9453047338796,250.));
#2486=CARTESIAN_POINT('Ctrl Pts',(213.777214170504,79.9666723935973,-250.));
#2487=CARTESIAN_POINT('Ctrl Pts',(213.777214170504,79.9666723935973,250.));
#2488=CARTESIAN_POINT('Ctrl Pts',(211.434508355038,79.9845905071458,-250.));
#2489=CARTESIAN_POINT('Ctrl Pts',(211.434508355038,79.9845905071458,250.));
#2490=CARTESIAN_POINT('Ctrl Pts',(209.088937322254,79.9990920843868,-250.));
#2491=CARTESIAN_POINT('Ctrl Pts',(209.088937322254,79.9990920843868,250.));
#2492=CARTESIAN_POINT('Ctrl Pts',(206.740541277525,80.0102063418537,-250.));
#2493=CARTESIAN_POINT('Ctrl Pts',(206.740541277525,80.0102063418537,250.));
#2494=CARTESIAN_POINT('Ctrl Pts',(204.389362530004,80.0179585756235,-250.));
#2495=CARTESIAN_POINT('Ctrl Pts',(204.389362530004,80.0179585756235,250.));
#2496=CARTESIAN_POINT('Ctrl Pts',(202.035445100282,80.0223699029299,-250.));
#2497=CARTESIAN_POINT('Ctrl Pts',(202.035445100282,80.0223699029299,250.));
#2498=CARTESIAN_POINT('Ctrl Pts',(199.678834248282,80.0234569856299,-250.));
#2499=CARTESIAN_POINT('Ctrl Pts',(199.678834248282,80.0234569856299,250.));
#2500=CARTESIAN_POINT('Ctrl Pts',(197.319576016062,80.0212319294245,-250.));
#2501=CARTESIAN_POINT('Ctrl Pts',(197.319576016062,80.0212319294245,250.));
#2502=CARTESIAN_POINT('Ctrl Pts',(194.957716812269,80.0157016901513,-250.));
#2503=CARTESIAN_POINT('Ctrl Pts',(194.957716812269,80.0157016901513,250.));
#2504=CARTESIAN_POINT('Ctrl Pts',(192.593302776637,80.006869423311,-250.));
#2505=CARTESIAN_POINT('Ctrl Pts',(192.593302776637,80.006869423311,250.));
#2506=CARTESIAN_POINT('Ctrl Pts',(190.226378924302,79.9947375852459,-250.));
#2507=CARTESIAN_POINT('Ctrl Pts',(190.226378924302,79.9947375852459,250.));
#2508=CARTESIAN_POINT('Ctrl Pts',(187.856988379738,79.9793104761581,-250.));
#2509=CARTESIAN_POINT('Ctrl Pts',(187.856988379738,79.9793104761581,250.));
#2510=CARTESIAN_POINT('Ctrl Pts',(185.485171514278,79.9605971564836,-250.));
#2511=CARTESIAN_POINT('Ctrl Pts',(185.485171514278,79.9605971564836,250.));
#2512=CARTESIAN_POINT('Ctrl Pts',(183.110965262801,79.9386138694068,-250.));
#2513=CARTESIAN_POINT('Ctrl Pts',(183.110965262801,79.9386138694068,250.));
#2514=CARTESIAN_POINT('Ctrl Pts',(180.734402026864,79.9133874907319,-250.));
#2515=CARTESIAN_POINT('Ctrl Pts',(180.734402026864,79.9133874907319,250.));
#2516=CARTESIAN_POINT('Ctrl Pts',(178.355509950418,79.8849556452445,-250.));
#2517=CARTESIAN_POINT('Ctrl Pts',(178.355509950418,79.8849556452445,250.));
#2518=CARTESIAN_POINT('Ctrl Pts',(175.974315309308,79.8533617278837,-250.));
#2519=CARTESIAN_POINT('Ctrl Pts',(175.974315309308,79.8533617278837,250.));
#2520=CARTESIAN_POINT('Ctrl Pts',(173.590844370736,79.8186511810734,-250.));
#2521=CARTESIAN_POINT('Ctrl Pts',(173.590844370736,79.8186511810734,250.));
#2522=CARTESIAN_POINT('Ctrl Pts',(171.205125529107,79.7808671584763,-250.));
#2523=CARTESIAN_POINT('Ctrl Pts',(171.205125529107,79.7808671584763,250.));
#2524=CARTESIAN_POINT('Ctrl Pts',(168.817191179842,79.7400466969071,-250.));
#2525=CARTESIAN_POINT('Ctrl Pts',(168.817191179842,79.7400466969071,250.));
#2526=CARTESIAN_POINT('Ctrl Pts',(166.427080051046,79.6962160799932,-250.));
#2527=CARTESIAN_POINT('Ctrl Pts',(166.427080051046,79.6962160799932,250.));
#2528=CARTESIAN_POINT('Ctrl Pts',(164.034838267313,79.6493883790551,-250.));
#2529=CARTESIAN_POINT('Ctrl Pts',(164.034838267313,79.6493883790551,250.));
#2530=CARTESIAN_POINT('Ctrl Pts',(161.640516019132,79.5995684947259,-250.));
#2531=CARTESIAN_POINT('Ctrl Pts',(161.640516019132,79.5995684947259,250.));
#2532=CARTESIAN_POINT('Ctrl Pts',(159.244164941576,79.5467569906637,-250.));
#2533=CARTESIAN_POINT('Ctrl Pts',(159.244164941576,79.5467569906637,250.));
#2534=CARTESIAN_POINT('Ctrl Pts',(156.84583520665,79.4909544118396,-250.));
#2535=CARTESIAN_POINT('Ctrl Pts',(156.84583520665,79.4909544118396,250.));
#2536=CARTESIAN_POINT('Ctrl Pts',(154.445572756291,79.4321653713953,-250.));
#2537=CARTESIAN_POINT('Ctrl Pts',(154.445572756291,79.4321653713953,250.));
#2538=CARTESIAN_POINT('Ctrl Pts',(152.043416430917,79.370402795763,-250.));
#2539=CARTESIAN_POINT('Ctrl Pts',(152.043416430917,79.370402795763,250.));
#2540=CARTESIAN_POINT('Ctrl Pts',(149.639395265177,79.3056919381888,-250.));
#2541=CARTESIAN_POINT('Ctrl Pts',(149.639395265177,79.3056919381888,250.));
#2542=CARTESIAN_POINT('Ctrl Pts',(147.233531558375,79.2380666471114,-250.));
#2543=CARTESIAN_POINT('Ctrl Pts',(147.233531558375,79.2380666471114,250.));
#2544=CARTESIAN_POINT('Ctrl Pts',(144.825843839256,79.1675657783293,-250.));
#2545=CARTESIAN_POINT('Ctrl Pts',(144.825843839256,79.1675657783293,250.));
#2546=CARTESIAN_POINT('Ctrl Pts',(142.416349825633,79.0942296065285,-250.));
#2547=CARTESIAN_POINT('Ctrl Pts',(142.416349825633,79.0942296065285,250.));
#2548=CARTESIAN_POINT('Ctrl Pts',(140.005069486711,79.0180961178172,-250.));
#2549=CARTESIAN_POINT('Ctrl Pts',(140.005069486711,79.0180961178172,250.));
#2550=CARTESIAN_POINT('Ctrl Pts',(137.592027825667,78.9391976329692,-250.));
#2551=CARTESIAN_POINT('Ctrl Pts',(137.592027825667,78.9391976329692,250.));
#2552=CARTESIAN_POINT('Ctrl Pts',(135.177258396861,78.8575565594422,-250.));
#2553=CARTESIAN_POINT('Ctrl Pts',(135.177258396861,78.8575565594422,250.));
#2554=CARTESIAN_POINT('Ctrl Pts',(132.760801881047,78.773187010155,-250.));
#2555=CARTESIAN_POINT('Ctrl Pts',(132.760801881047,78.773187010155,250.));
#2556=CARTESIAN_POINT('Ctrl Pts',(130.34270339253,78.6860979311626,-250.));
#2557=CARTESIAN_POINT('Ctrl Pts',(130.34270339253,78.6860979311626,250.));
#2558=CARTESIAN_POINT('Ctrl Pts',(127.923010257297,78.5962956629104,-250.));
#2559=CARTESIAN_POINT('Ctrl Pts',(127.923010257297,78.5962956629104,250.));
#2560=CARTESIAN_POINT('Ctrl Pts',(125.50176950496,78.5037868579162,-250.));
#2561=CARTESIAN_POINT('Ctrl Pts',(125.50176950496,78.5037868579162,250.));
#2562=CARTESIAN_POINT('Ctrl Pts',(123.07902569007,78.4085809685927,-250.));
#2563=CARTESIAN_POINT('Ctrl Pts',(123.07902569007,78.4085809685927,250.));
#2564=CARTESIAN_POINT('Ctrl Pts',(120.65481805976,78.310693606443,-250.));
#2565=CARTESIAN_POINT('Ctrl Pts',(120.65481805976,78.310693606443,250.));
#2566=CARTESIAN_POINT('Ctrl Pts',(118.229180089766,78.2101467256849,-250.));
#2567=CARTESIAN_POINT('Ctrl Pts',(118.229180089766,78.2101467256849,250.));
#2568=CARTESIAN_POINT('Ctrl Pts',(115.802141159763,78.1069659235256,-250.));
#2569=CARTESIAN_POINT('Ctrl Pts',(115.802141159763,78.1069659235256,250.));
#2570=CARTESIAN_POINT('Ctrl Pts',(113.373727628405,78.0011785672702,-250.));
#2571=CARTESIAN_POINT('Ctrl Pts',(113.373727628405,78.0011785672702,250.));
#2572=CARTESIAN_POINT('Ctrl Pts',(110.943964169058,77.8928115244775,-250.));
#2573=CARTESIAN_POINT('Ctrl Pts',(110.943964169058,77.8928115244775,250.));
#2574=CARTESIAN_POINT('Ctrl Pts',(108.512874959599,77.781889197673,-250.));
#2575=CARTESIAN_POINT('Ctrl Pts',(108.512874959599,77.781889197673,250.));
#2576=CARTESIAN_POINT('Ctrl Pts',(106.080485017198,77.6684311052398,-250.));
#2577=CARTESIAN_POINT('Ctrl Pts',(106.080485017198,77.6684311052398,250.));
#2578=CARTESIAN_POINT('Ctrl Pts',(103.646821215746,77.5524506576312,-250.));
#2579=CARTESIAN_POINT('Ctrl Pts',(103.646821215746,77.5524506576312,250.));
#2580=CARTESIAN_POINT('Ctrl Pts',(101.211912254821,77.4339580443951,-250.));
#2581=CARTESIAN_POINT('Ctrl Pts',(101.211912254821,77.4339580443951,250.));
#2582=CARTESIAN_POINT('Ctrl Pts',(98.7757887969225,77.3129624759605,-250.));
#2583=CARTESIAN_POINT('Ctrl Pts',(98.7757887969225,77.3129624759605,250.));
#2584=CARTESIAN_POINT('Ctrl Pts',(96.3384835338193,77.1894746560157,-250.));
#2585=CARTESIAN_POINT('Ctrl Pts',(96.3384835338193,77.1894746560157,250.));
#2586=CARTESIAN_POINT('Ctrl Pts',(93.9000312946005,77.0635092067189,-250.));
#2587=CARTESIAN_POINT('Ctrl Pts',(93.9000312946005,77.0635092067189,250.));
#2588=CARTESIAN_POINT('Ctrl Pts',(91.46046910876,76.9350869937171,-250.));
#2589=CARTESIAN_POINT('Ctrl Pts',(91.46046910876,76.9350869937171,250.));
#2590=CARTESIAN_POINT('Ctrl Pts',(89.0198363619535,76.8042378199956,-250.));
#2591=CARTESIAN_POINT('Ctrl Pts',(89.0198363619535,76.8042378199956,250.));
#2592=CARTESIAN_POINT('Ctrl Pts',(86.578173655574,76.6709974560738,-250.));
#2593=CARTESIAN_POINT('Ctrl Pts',(86.578173655574,76.6709974560738,250.));
#2594=CARTESIAN_POINT('Ctrl Pts',(84.1355215386607,76.5354041383815,-250.));
#2595=CARTESIAN_POINT('Ctrl Pts',(84.1355215386607,76.5354041383815,250.));
#2596=CARTESIAN_POINT('Ctrl Pts',(81.691919318756,76.3974953365652,-250.));
#2597=CARTESIAN_POINT('Ctrl Pts',(81.691919318756,76.3974953365652,250.));
#2598=CARTESIAN_POINT('Ctrl Pts',(79.2474037649983,76.2573042332574,-250.));
#2599=CARTESIAN_POINT('Ctrl Pts',(79.2474037649983,76.2573042332574,250.));
#2600=CARTESIAN_POINT('Ctrl Pts',(76.8020080310329,76.1148567330414,-250.));
#2601=CARTESIAN_POINT('Ctrl Pts',(76.8020080310329,76.1148567330414,250.));
#2602=CARTESIAN_POINT('Ctrl Pts',(74.3557600492906,75.9701672290377,-250.));
#2603=CARTESIAN_POINT('Ctrl Pts',(74.3557600492906,75.9701672290377,250.));
#2604=CARTESIAN_POINT('Ctrl Pts',(71.9086830782347,75.8232394038976,-250.));
#2605=CARTESIAN_POINT('Ctrl Pts',(71.9086830782347,75.8232394038976,250.));
#2606=CARTESIAN_POINT('Ctrl Pts',(69.4607978036076,75.6740706551891,-250.));
#2607=CARTESIAN_POINT('Ctrl Pts',(69.4607978036076,75.6740706551891,250.));
#2608=CARTESIAN_POINT('Ctrl Pts',(67.0121239638756,75.5226554206873,-250.));
#2609=CARTESIAN_POINT('Ctrl Pts',(67.0121239638756,75.5226554206873,250.));
#2610=CARTESIAN_POINT('Ctrl Pts',(64.5626822144995,75.3689890360257,-250.));
#2611=CARTESIAN_POINT('Ctrl Pts',(64.5626822144995,75.3689890360257,250.));
#2612=CARTESIAN_POINT('Ctrl Pts',(62.1124957910517,75.2130711815298,-250.));
#2613=CARTESIAN_POINT('Ctrl Pts',(62.1124957910517,75.2130711815298,250.));
#2614=CARTESIAN_POINT('Ctrl Pts',(59.6615924959059,75.0549099440045,-250.));
#2615=CARTESIAN_POINT('Ctrl Pts',(59.6615924959059,75.0549099440045,250.));
#2616=CARTESIAN_POINT('Ctrl Pts',(57.2100058130995,74.8945242592707,-250.));
#2617=CARTESIAN_POINT('Ctrl Pts',(57.2100058130995,74.8945242592707,250.));
#2618=CARTESIAN_POINT('Ctrl Pts',(54.7577729421405,74.7319406556188,-250.));
#2619=CARTESIAN_POINT('Ctrl Pts',(54.7577729421405,74.7319406556188,250.));
#2620=CARTESIAN_POINT('Ctrl Pts',(52.3049333098529,74.567190885076,-250.));
#2621=CARTESIAN_POINT('Ctrl Pts',(52.3049333098529,74.567190885076,250.));
#2622=CARTESIAN_POINT('Ctrl Pts',(49.8515269115973,74.4003092285739,-250.));
#2623=CARTESIAN_POINT('Ctrl Pts',(49.8515269115973,74.4003092285739,250.));
#2624=CARTESIAN_POINT('Ctrl Pts',(47.3975926871405,74.23132989059,-250.));
#2625=CARTESIAN_POINT('Ctrl Pts',(47.3975926871405,74.23132989059,250.));
#2626=CARTESIAN_POINT('Ctrl Pts',(44.9431669711762,74.060284471864,-250.));
#2627=CARTESIAN_POINT('Ctrl Pts',(44.9431669711762,74.060284471864,250.));
#2628=CARTESIAN_POINT('Ctrl Pts',(42.4882816739075,73.8871990991692,-250.));
#2629=CARTESIAN_POINT('Ctrl Pts',(42.4882816739075,73.8871990991692,250.));
#2630=CARTESIAN_POINT('Ctrl Pts',(40.032965125503,73.7120950075543,-250.));
#2631=CARTESIAN_POINT('Ctrl Pts',(40.032965125503,73.7120950075543,250.));
#2632=CARTESIAN_POINT('Ctrl Pts',(37.5772433374718,73.5349896571985,-250.));
#2633=CARTESIAN_POINT('Ctrl Pts',(37.5772433374718,73.5349896571985,250.));
#2634=CARTESIAN_POINT('Ctrl Pts',(35.1211410974355,73.3558976506819,-250.));
#2635=CARTESIAN_POINT('Ctrl Pts',(35.1211410974355,73.3558976506819,250.));
#2636=CARTESIAN_POINT('Ctrl Pts',(32.6646831782196,73.1748317591497,-250.));
#2637=CARTESIAN_POINT('Ctrl Pts',(32.6646831782196,73.1748317591497,250.));
#2638=CARTESIAN_POINT('Ctrl Pts',(30.2078953950374,72.9918038437969,-250.));
#2639=CARTESIAN_POINT('Ctrl Pts',(30.2078953950374,72.9918038437969,250.));
#2640=CARTESIAN_POINT('Ctrl Pts',(27.7508059815398,72.8068259651382,-250.));
#2641=CARTESIAN_POINT('Ctrl Pts',(27.7508059815398,72.8068259651382,250.));
#2642=CARTESIAN_POINT('Ctrl Pts',(25.2934458463212,72.6199108583548,-250.));
#2643=CARTESIAN_POINT('Ctrl Pts',(25.2934458463212,72.6199108583548,250.));
#2644=CARTESIAN_POINT('Ctrl Pts',(22.8358476335964,72.4310717371981,-250.));
#2645=CARTESIAN_POINT('Ctrl Pts',(22.8358476335964,72.4310717371981,250.));
#2646=CARTESIAN_POINT('Ctrl Pts',(20.378045103594,72.2403222766551,-250.));
#2647=CARTESIAN_POINT('Ctrl Pts',(20.378045103594,72.2403222766551,250.));
#2648=CARTESIAN_POINT('Ctrl Pts',(17.9200723775056,72.0476765209611,-250.));
#2649=CARTESIAN_POINT('Ctrl Pts',(17.9200723775056,72.0476765209611,250.));
#2650=CARTESIAN_POINT('Ctrl Pts',(15.4619632521548,71.8531488276734,-250.));
#2651=CARTESIAN_POINT('Ctrl Pts',(15.4619632521548,71.8531488276734,250.));
#2652=CARTESIAN_POINT('Ctrl Pts',(13.0037504567809,71.6567537865029,-250.));
#2653=CARTESIAN_POINT('Ctrl Pts',(13.0037504567809,71.6567537865029,250.));
#2654=CARTESIAN_POINT('Ctrl Pts',(10.5454650152886,71.4585061768523,-250.));
#2655=CARTESIAN_POINT('Ctrl Pts',(10.5454650152886,71.4585061768523,250.));
#2656=CARTESIAN_POINT('Ctrl Pts',(8.08713654764081,71.2584212333043,-250.));
#2657=CARTESIAN_POINT('Ctrl Pts',(8.08713654764081,71.2584212333043,250.));
#2658=CARTESIAN_POINT('Ctrl Pts',(5.6287934980111,71.0565148943272,-250.));
#2659=CARTESIAN_POINT('Ctrl Pts',(5.6287934980111,71.0565148943272,250.));
#2660=CARTESIAN_POINT('Ctrl Pts',(3.17046339136452,70.8528040437312,-250.));
#2661=CARTESIAN_POINT('Ctrl Pts',(3.17046339136452,70.8528040437312,250.));
#2662=CARTESIAN_POINT('Ctrl Pts',(0.712173076543468,70.647306786115,-250.));
#2663=CARTESIAN_POINT('Ctrl Pts',(0.712173076543468,70.647306786115,250.));
#2664=CARTESIAN_POINT('Ctrl Pts',(-1.74605102154421,70.4400426353673,-250.));
#2665=CARTESIAN_POINT('Ctrl Pts',(-1.74605102154421,70.4400426353673,250.));
#2666=CARTESIAN_POINT('Ctrl Pts',(-4.2041826622162,70.2310329260622,-250.));
#2667=CARTESIAN_POINT('Ctrl Pts',(-4.2041826622162,70.2310329260622,250.));
#2668=CARTESIAN_POINT('Ctrl Pts',(-6.6621954917566,70.0203000421446,-250.));
#2669=CARTESIAN_POINT('Ctrl Pts',(-6.6621954917566,70.0203000421446,250.));
#2670=CARTESIAN_POINT('Ctrl Pts',(-9.12006271913187,69.8078661669912,-250.));
#2671=CARTESIAN_POINT('Ctrl Pts',(-9.12006271913187,69.8078661669912,250.));
#2672=CARTESIAN_POINT('Ctrl Pts',(-11.5777568094939,69.5937522164057,-250.));
#2673=CARTESIAN_POINT('Ctrl Pts',(-11.5777568094939,69.5937522164057,250.));
#2674=CARTESIAN_POINT('Ctrl Pts',(-14.0352491502074,69.3779766344173,-250.));
#2675=CARTESIAN_POINT('Ctrl Pts',(-14.0352491502074,69.3779766344173,250.));
#2676=CARTESIAN_POINT('Ctrl Pts',(-16.4925097751703,69.1605543891416,-250.));
#2677=CARTESIAN_POINT('Ctrl Pts',(-16.4925097751703,69.1605543891416,250.));
#2678=CARTESIAN_POINT('Ctrl Pts',(-18.9495069514994,68.9414955408779,-250.));
#2679=CARTESIAN_POINT('Ctrl Pts',(-18.9495069514994,68.9414955408779,250.));
#2680=CARTESIAN_POINT('Ctrl Pts',(-21.406207197052,68.7208051224604,-250.));
#2681=CARTESIAN_POINT('Ctrl Pts',(-21.406207197052,68.7208051224604,250.));
#2682=CARTESIAN_POINT('Ctrl Pts',(-23.8625762416961,68.4984858837528,-250.));
#2683=CARTESIAN_POINT('Ctrl Pts',(-23.8625762416961,68.4984858837528,250.));
#2684=CARTESIAN_POINT('Ctrl Pts',(-26.3185797990292,68.2745404603571,-250.));
#2685=CARTESIAN_POINT('Ctrl Pts',(-26.3185797990292,68.2745404603571,250.));
#2686=CARTESIAN_POINT('Ctrl Pts',(-28.7741844069589,68.0489737534804,-250.));
#2687=CARTESIAN_POINT('Ctrl Pts',(-28.7741844069589,68.0489737534804,250.));
#2688=CARTESIAN_POINT('Ctrl Pts',(-31.2293582542447,67.8217952617182,-250.));
#2689=CARTESIAN_POINT('Ctrl Pts',(-31.2293582542447,67.8217952617182,250.));
#2690=CARTESIAN_POINT('Ctrl Pts',(-33.6840719768388,67.5930213342314,-250.));
#2691=CARTESIAN_POINT('Ctrl Pts',(-33.6840719768388,67.5930213342314,250.));
#2692=CARTESIAN_POINT('Ctrl Pts',(-36.138299565971,67.3626777281634,-250.));
#2693=CARTESIAN_POINT('Ctrl Pts',(-36.138299565971,67.3626777281634,250.));
#2694=CARTESIAN_POINT('Ctrl Pts',(-38.5920171264212,67.1307962868339,-250.));
#2695=CARTESIAN_POINT('Ctrl Pts',(-38.5920171264212,67.1307962868339,250.));
#2696=CARTESIAN_POINT('Ctrl Pts',(-41.0452014723013,66.8974111755996,-250.));
#2697=CARTESIAN_POINT('Ctrl Pts',(-41.0452014723013,66.8974111755996,250.));
#2698=CARTESIAN_POINT('Ctrl Pts',(-43.497828817813,66.6625553721288,-250.));
#2699=CARTESIAN_POINT('Ctrl Pts',(-43.497828817813,66.6625553721288,250.));
#2700=CARTESIAN_POINT('Ctrl Pts',(-45.949873346675,66.4262568375534,-250.));
#2701=CARTESIAN_POINT('Ctrl Pts',(-45.949873346675,66.4262568375534,250.));
#2702=CARTESIAN_POINT('Ctrl Pts',(-48.401306022935,66.1885353179394,-250.));
#2703=CARTESIAN_POINT('Ctrl Pts',(-48.401306022935,66.1885353179394,250.));
#2704=CARTESIAN_POINT('Ctrl Pts',(-50.8520928266806,65.9493976464091,-250.));
#2705=CARTESIAN_POINT('Ctrl Pts',(-50.8520928266806,65.9493976464091,250.));
#2706=CARTESIAN_POINT('Ctrl Pts',(-53.3021952349149,65.7088388970918,-250.));
#2707=CARTESIAN_POINT('Ctrl Pts',(-53.3021952349149,65.7088388970918,250.));
#2708=CARTESIAN_POINT('Ctrl Pts',(-55.7515725343481,65.4668483144084,-250.));
#2709=CARTESIAN_POINT('Ctrl Pts',(-55.7515725343481,65.4668483144084,250.));
#2710=CARTESIAN_POINT('Ctrl Pts',(-58.2001835926682,65.2234138294497,-250.));
#2711=CARTESIAN_POINT('Ctrl Pts',(-58.2001835926682,65.2234138294497,250.));
#2712=CARTESIAN_POINT('Ctrl Pts',(-60.6479888922753,64.9785272639631,-250.));
#2713=CARTESIAN_POINT('Ctrl Pts',(-60.6479888922753,64.9785272639631,250.));
#2714=CARTESIAN_POINT('Ctrl Pts',(-63.0949523593052,64.732188992519,-250.));
#2715=CARTESIAN_POINT('Ctrl Pts',(-63.0949523593052,64.732188992519,250.));
#2716=CARTESIAN_POINT('Ctrl Pts',(-65.5410435011635,64.4844134285419,-250.));
#2717=CARTESIAN_POINT('Ctrl Pts',(-65.5410435011635,64.4844134285419,250.));
#2718=CARTESIAN_POINT('Ctrl Pts',(-67.9862387505786,64.2352323855349,-250.));
#2719=CARTESIAN_POINT('Ctrl Pts',(-67.9862387505786,64.2352323855349,250.));
#2720=CARTESIAN_POINT('Ctrl Pts',(-70.430518920039,63.9846880291868,-250.));
#2721=CARTESIAN_POINT('Ctrl Pts',(-70.430518920039,63.9846880291868,250.));
#2722=CARTESIAN_POINT('Ctrl Pts',(-72.8738671415755,63.732827119286,-250.));
#2723=CARTESIAN_POINT('Ctrl Pts',(-72.8738671415755,63.732827119286,250.));
#2724=CARTESIAN_POINT('Ctrl Pts',(-75.3162666477628,63.4796948490641,-250.));
#2725=CARTESIAN_POINT('Ctrl Pts',(-75.3162666477628,63.4796948490641,250.));
#2726=CARTESIAN_POINT('Ctrl Pts',(-77.7576985534125,63.2253286338391,-250.));
#2727=CARTESIAN_POINT('Ctrl Pts',(-77.7576985534125,63.2253286338391,250.));
#2728=CARTESIAN_POINT('Ctrl Pts',(-80.1981397940869,62.9697524428825,-250.));
#2729=CARTESIAN_POINT('Ctrl Pts',(-80.1981397940869,62.9697524428825,250.));
#2730=CARTESIAN_POINT('Ctrl Pts',(-82.6375605851785,62.7129695298588,-250.));
#2731=CARTESIAN_POINT('Ctrl Pts',(-82.6375605851785,62.7129695298588,250.));
#2732=CARTESIAN_POINT('Ctrl Pts',(-85.0759254964592,62.4549672009019,-250.));
#2733=CARTESIAN_POINT('Ctrl Pts',(-85.0759254964592,62.4549672009019,250.));
#2734=CARTESIAN_POINT('Ctrl Pts',(-87.5131953303502,62.1957242926277,-250.));
#2735=CARTESIAN_POINT('Ctrl Pts',(-87.5131953303502,62.1957242926277,250.));
#2736=CARTESIAN_POINT('Ctrl Pts',(-89.9493287005552,61.9352175745195,-250.));
#2737=CARTESIAN_POINT('Ctrl Pts',(-89.9493287005552,61.9352175745195,250.));
#2738=CARTESIAN_POINT('Ctrl Pts',(-92.3842837877983,61.6734289223402,-250.));
#2739=CARTESIAN_POINT('Ctrl Pts',(-92.3842837877983,61.6734289223402,250.));
#2740=CARTESIAN_POINT('Ctrl Pts',(-94.818019900174,61.4103514177685,-250.));
#2741=CARTESIAN_POINT('Ctrl Pts',(-94.818019900174,61.4103514177685,250.));
#2742=CARTESIAN_POINT('Ctrl Pts',(-97.2504994110113,61.1459977367912,-250.));
#2743=CARTESIAN_POINT('Ctrl Pts',(-97.2504994110113,61.1459977367912,250.));
#2744=CARTESIAN_POINT('Ctrl Pts',(-99.6816884243048,60.8804006378499,-250.));
#2745=CARTESIAN_POINT('Ctrl Pts',(-99.6816884243048,60.8804006378499,250.));
#2746=CARTESIAN_POINT('Ctrl Pts',(-102.111555968736,60.613604233722,-250.));
#2747=CARTESIAN_POINT('Ctrl Pts',(-102.111555968736,60.613604233722,250.));
#2748=CARTESIAN_POINT('Ctrl Pts',(-104.540073571274,60.3456576959393,-250.));
#2749=CARTESIAN_POINT('Ctrl Pts',(-104.540073571274,60.3456576959393,250.));
#2750=CARTESIAN_POINT('Ctrl Pts',(-106.967214678502,60.0766078682151,-250.));
#2751=CARTESIAN_POINT('Ctrl Pts',(-106.967214678502,60.0766078682151,250.));
#2752=CARTESIAN_POINT('Ctrl Pts',(-109.392954138327,59.8064925806852,-250.));
#2753=CARTESIAN_POINT('Ctrl Pts',(-109.392954138327,59.8064925806852,250.));
#2754=CARTESIAN_POINT('Ctrl Pts',(-111.817267667174,59.5353331055727,-250.));
#2755=CARTESIAN_POINT('Ctrl Pts',(-111.817267667174,59.5353331055727,250.));
#2756=CARTESIAN_POINT('Ctrl Pts',(-114.24013129023,59.2631286147265,-250.));
#2757=CARTESIAN_POINT('Ctrl Pts',(-114.24013129023,59.2631286147265,250.));
#2758=CARTESIAN_POINT('Ctrl Pts',(-116.661520516439,58.9898641470935,-250.));
#2759=CARTESIAN_POINT('Ctrl Pts',(-116.661520516439,58.9898641470935,250.));
#2760=CARTESIAN_POINT('Ctrl Pts',(-119.081409532599,58.7155172558601,-250.));
#2761=CARTESIAN_POINT('Ctrl Pts',(-119.081409532599,58.7155172558601,250.));
#2762=CARTESIAN_POINT('Ctrl Pts',(-121.499770409763,58.4400650626688,-250.));
#2763=CARTESIAN_POINT('Ctrl Pts',(-121.499770409763,58.4400650626688,250.));
#2764=CARTESIAN_POINT('Ctrl Pts',(-123.916572259425,58.1634913652422,-250.));
#2765=CARTESIAN_POINT('Ctrl Pts',(-123.916572259425,58.1634913652422,250.));
#2766=CARTESIAN_POINT('Ctrl Pts',(-126.331780516876,57.885793190149,-250.));
#2767=CARTESIAN_POINT('Ctrl Pts',(-126.331780516876,57.885793190149,250.));
#2768=CARTESIAN_POINT('Ctrl Pts',(-128.745355891929,57.6069889831424,-250.));
#2769=CARTESIAN_POINT('Ctrl Pts',(-128.745355891929,57.6069889831424,250.));
#2770=CARTESIAN_POINT('Ctrl Pts',(-131.157255897091,57.3271138942722,-250.));
#2771=CARTESIAN_POINT('Ctrl Pts',(-131.157255897091,57.3271138942722,250.));
#2772=CARTESIAN_POINT('Ctrl Pts',(-133.567436923704,57.0462123673433,-250.));
#2773=CARTESIAN_POINT('Ctrl Pts',(-133.567436923704,57.0462123673433,250.));
#2774=CARTESIAN_POINT('Ctrl Pts',(-135.97585607942,56.7643318027748,-250.));
#2775=CARTESIAN_POINT('Ctrl Pts',(-135.97585607942,56.7643318027748,250.));
#2776=CARTESIAN_POINT('Ctrl Pts',(-138.382473235974,56.4815154547607,-250.));
#2777=CARTESIAN_POINT('Ctrl Pts',(-138.382473235974,56.4815154547607,250.));
#2778=CARTESIAN_POINT('Ctrl Pts',(-140.787252730547,56.1977963899707,-250.));
#2779=CARTESIAN_POINT('Ctrl Pts',(-140.787252730547,56.1977963899707,250.));
#2780=CARTESIAN_POINT('Ctrl Pts',(-143.190165852666,55.9131891686773,-250.));
#2781=CARTESIAN_POINT('Ctrl Pts',(-143.190165852666,55.9131891686773,250.));
#2782=CARTESIAN_POINT('Ctrl Pts',(-145.591190342733,55.6276900850051,-250.));
#2783=CARTESIAN_POINT('Ctrl Pts',(-145.591190342733,55.6276900850051,250.));
#2784=CARTESIAN_POINT('Ctrl Pts',(-147.990307315473,55.3412847512415,-250.));
#2785=CARTESIAN_POINT('Ctrl Pts',(-147.990307315473,55.3412847512415,250.));
#2786=CARTESIAN_POINT('Ctrl Pts',(-150.387498944711,55.0539535330043,-250.));
#2787=CARTESIAN_POINT('Ctrl Pts',(-150.387498944711,55.0539535330043,250.));
#2788=CARTESIAN_POINT('Ctrl Pts',(-152.782745758509,54.7656780400865,-250.));
#2789=CARTESIAN_POINT('Ctrl Pts',(-152.782745758509,54.7656780400865,250.));
#2790=CARTESIAN_POINT('Ctrl Pts',(-155.176024279701,54.4764467631886,-250.));
#2791=CARTESIAN_POINT('Ctrl Pts',(-155.176024279701,54.4764467631886,250.));
#2792=CARTESIAN_POINT('Ctrl Pts',(-157.567304087756,54.1862620464917,-250.));
#2793=CARTESIAN_POINT('Ctrl Pts',(-157.567304087756,54.1862620464917,250.));
#2794=CARTESIAN_POINT('Ctrl Pts',(-159.956546507453,53.8951433830115,-250.));
#2795=CARTESIAN_POINT('Ctrl Pts',(-159.956546507453,53.8951433830115,250.));
#2796=CARTESIAN_POINT('Ctrl Pts',(-162.343707626088,53.6031209695163,-250.));
#2797=CARTESIAN_POINT('Ctrl Pts',(-162.343707626088,53.6031209695163,250.));
#2798=CARTESIAN_POINT('Ctrl Pts',(-164.728740506507,53.3102310696675,-250.));
#2799=CARTESIAN_POINT('Ctrl Pts',(-164.728740506507,53.3102310696675,250.));
#2800=CARTESIAN_POINT('Ctrl Pts',(-167.111597729614,53.016510636182,-250.));
#2801=CARTESIAN_POINT('Ctrl Pts',(-167.111597729614,53.016510636182,250.));
#2802=CARTESIAN_POINT('Ctrl Pts',(-169.492233770388,52.7219923078315,-250.));
#2803=CARTESIAN_POINT('Ctrl Pts',(-169.492233770388,52.7219923078315,250.));
#2804=CARTESIAN_POINT('Ctrl Pts',(-171.870607506887,52.4266991063411,-250.));
#2805=CARTESIAN_POINT('Ctrl Pts',(-171.870607506887,52.4266991063411,250.));
#2806=CARTESIAN_POINT('Ctrl Pts',(-174.246684498705,52.1306396543606,-250.));
#2807=CARTESIAN_POINT('Ctrl Pts',(-174.246684498705,52.1306396543606,250.));
#2808=CARTESIAN_POINT('Ctrl Pts',(-176.620435153133,51.8338126597739,-250.));
#2809=CARTESIAN_POINT('Ctrl Pts',(-176.620435153133,51.8338126597739,250.));
#2810=CARTESIAN_POINT('Ctrl Pts',(-178.99183305969,51.5362110286667,-250.));
#2811=CARTESIAN_POINT('Ctrl Pts',(-178.99183305969,51.5362110286667,250.));
#2812=CARTESIAN_POINT('Ctrl Pts',(-181.360853275468,51.2378260701565,-250.));
#2813=CARTESIAN_POINT('Ctrl Pts',(-181.360853275468,51.2378260701565,250.));
#2814=CARTESIAN_POINT('Ctrl Pts',(-183.727470599788,50.9386517695174,-250.));
#2815=CARTESIAN_POINT('Ctrl Pts',(-183.727470599788,50.9386517695174,250.));
#2816=CARTESIAN_POINT('Ctrl Pts',(-186.091657927616,50.638688779938,-250.));
#2817=CARTESIAN_POINT('Ctrl Pts',(-186.091657927616,50.638688779938,250.));
#2818=CARTESIAN_POINT('Ctrl Pts',(-188.453384372469,50.3379492043339,-250.));
#2819=CARTESIAN_POINT('Ctrl Pts',(-188.453384372469,50.3379492043339,250.));
#2820=CARTESIAN_POINT('Ctrl Pts',(-190.812615561171,50.0364539413572,-250.));
#2821=CARTESIAN_POINT('Ctrl Pts',(-190.812615561171,50.0364539413572,250.));
#2822=CARTESIAN_POINT('Ctrl Pts',(-193.169314262394,49.7342288523061,-250.));
#2823=CARTESIAN_POINT('Ctrl Pts',(-193.169314262394,49.7342288523061,250.));
#2824=CARTESIAN_POINT('Ctrl Pts',(-195.523440898847,49.4313014091157,-250.));
#2825=CARTESIAN_POINT('Ctrl Pts',(-195.523440898847,49.4313014091157,250.));
#2826=CARTESIAN_POINT('Ctrl Pts',(-197.87495410604,49.1276969908684,-250.));
#2827=CARTESIAN_POINT('Ctrl Pts',(-197.87495410604,49.1276969908684,250.));
#2828=CARTESIAN_POINT('Ctrl Pts',(-200.223811276588,48.8234356793025,-250.));
#2829=CARTESIAN_POINT('Ctrl Pts',(-200.223811276588,48.8234356793025,250.));
#2830=CARTESIAN_POINT('Ctrl Pts',(-202.569969096388,48.5185279495143,-250.));
#2831=CARTESIAN_POINT('Ctrl Pts',(-202.569969096388,48.5185279495143,250.));
#2832=CARTESIAN_POINT('Ctrl Pts',(-204.913384171466,48.2129759228113,-250.));
#2833=CARTESIAN_POINT('Ctrl Pts',(-204.913384171466,48.2129759228113,250.));
#2834=CARTESIAN_POINT('Ctrl Pts',(-207.254013707598,47.9067769052532,-250.));
#2835=CARTESIAN_POINT('Ctrl Pts',(-207.254013707598,47.9067769052532,250.));
#2836=CARTESIAN_POINT('Ctrl Pts',(-209.591816151337,47.5999261323154,-250.));
#2837=CARTESIAN_POINT('Ctrl Pts',(-209.591816151337,47.5999261323154,250.));
#2838=CARTESIAN_POINT('Ctrl Pts',(-211.92675189449,47.2924199684494,-250.));
#2839=CARTESIAN_POINT('Ctrl Pts',(-211.92675189449,47.2924199684494,250.));
#2840=CARTESIAN_POINT('Ctrl Pts',(-214.258783841278,46.9842586225846,-250.));
#2841=CARTESIAN_POINT('Ctrl Pts',(-214.258783841278,46.9842586225846,250.));
#2842=CARTESIAN_POINT('Ctrl Pts',(-216.587878310332,46.6754497951369,-250.));
#2843=CARTESIAN_POINT('Ctrl Pts',(-216.587878310332,46.6754497951369,250.));
#2844=CARTESIAN_POINT('Ctrl Pts',(-218.914004551543,46.3660086739294,-250.));
#2845=CARTESIAN_POINT('Ctrl Pts',(-218.914004551543,46.3660086739294,250.));
#2846=CARTESIAN_POINT('Ctrl Pts',(-221.237133291716,46.055955414836,-250.));
#2847=CARTESIAN_POINT('Ctrl Pts',(-221.237133291716,46.055955414836,250.));
#2848=CARTESIAN_POINT('Ctrl Pts',(-223.557235588014,45.7453133896432,-250.));
#2849=CARTESIAN_POINT('Ctrl Pts',(-223.557235588014,45.7453133896432,250.));
#2850=CARTESIAN_POINT('Ctrl Pts',(-225.874281509516,45.4341070637252,-250.));
#2851=CARTESIAN_POINT('Ctrl Pts',(-225.874281509516,45.4341070637252,250.));
#2852=CARTESIAN_POINT('Ctrl Pts',(-228.188238996615,45.1223601572881,-250.));
#2853=CARTESIAN_POINT('Ctrl Pts',(-228.188238996615,45.1223601572881,250.));
#2854=CARTESIAN_POINT('Ctrl Pts',(-230.499072386041,44.8100933755158,-250.));
#2855=CARTESIAN_POINT('Ctrl Pts',(-230.499072386041,44.8100933755158,250.));
#2856=CARTESIAN_POINT('Ctrl Pts',(-232.806742119924,44.4973235698274,-250.));
#2857=CARTESIAN_POINT('Ctrl Pts',(-232.806742119924,44.4973235698274,250.));
#2858=CARTESIAN_POINT('Ctrl Pts',(-235.111205548729,44.1840641964726,-250.));
#2859=CARTESIAN_POINT('Ctrl Pts',(-235.111205548729,44.1840641964726,250.));
#2860=CARTESIAN_POINT('Ctrl Pts',(-237.412417437231,43.8703254342369,-250.));
#2861=CARTESIAN_POINT('Ctrl Pts',(-237.412417437231,43.8703254342369,250.));
#2862=CARTESIAN_POINT('Ctrl Pts',(-239.710330583251,43.5561144085565,-250.));
#2863=CARTESIAN_POINT('Ctrl Pts',(-239.710330583251,43.5561144085565,250.));
#2864=CARTESIAN_POINT('Ctrl Pts',(-242.0048964083,43.2414354464603,-250.));
#2865=CARTESIAN_POINT('Ctrl Pts',(-242.0048964083,43.2414354464603,250.));
#2866=CARTESIAN_POINT('Ctrl Pts',(-244.29606551027,42.9262901294752,-250.));
#2867=CARTESIAN_POINT('Ctrl Pts',(-244.29606551027,42.9262901294752,250.));
#2868=CARTESIAN_POINT('Ctrl Pts',(-246.583788432638,42.610678177347,-250.));
#2869=CARTESIAN_POINT('Ctrl Pts',(-246.583788432638,42.610678177347,250.));
#2870=CARTESIAN_POINT('Ctrl Pts',(-248.868016699326,42.2945992420602,-250.));
#2871=CARTESIAN_POINT('Ctrl Pts',(-248.868016699326,42.2945992420602,250.));
#2872=CARTESIAN_POINT('Ctrl Pts',(-251.148703739581,41.9780544117781,-250.));
#2873=CARTESIAN_POINT('Ctrl Pts',(-251.148703739581,41.9780544117781,250.));
#2874=CARTESIAN_POINT('Ctrl Pts',(-253.42580594018,41.6610479308562,-250.));
#2875=CARTESIAN_POINT('Ctrl Pts',(-253.42580594018,41.6610479308562,250.));
#2876=CARTESIAN_POINT('Ctrl Pts',(-255.699283452536,41.3435886015111,-250.));
#2877=CARTESIAN_POINT('Ctrl Pts',(-255.699283452536,41.3435886015111,250.));
#2878=CARTESIAN_POINT('Ctrl Pts',(-257.969101577483,41.0256918818999,-250.));
#2879=CARTESIAN_POINT('Ctrl Pts',(-257.969101577483,41.0256918818999,250.));
#2880=CARTESIAN_POINT('Ctrl Pts',(-260.235229981428,40.7073794128994,-250.));
#2881=CARTESIAN_POINT('Ctrl Pts',(-260.235229981428,40.7073794128994,250.));
#2882=CARTESIAN_POINT('Ctrl Pts',(-262.497639865059,40.3886761404487,-250.));
#2883=CARTESIAN_POINT('Ctrl Pts',(-262.497639865059,40.3886761404487,250.));
#2884=CARTESIAN_POINT('Ctrl Pts',(-264.756301757045,40.0696081485529,-250.));
#2885=CARTESIAN_POINT('Ctrl Pts',(-264.756301757045,40.0696081485529,250.));
#2886=CARTESIAN_POINT('Ctrl Pts',(-267.011182923483,39.75020010053,-250.));
#2887=CARTESIAN_POINT('Ctrl Pts',(-267.011182923483,39.75020010053,250.));
#2888=CARTESIAN_POINT('Ctrl Pts',(-269.262245239453,39.4304730817427,-250.));
#2889=CARTESIAN_POINT('Ctrl Pts',(-269.262245239453,39.4304730817427,250.));
#2890=CARTESIAN_POINT('Ctrl Pts',(-271.509442115479,39.1104416835604,-250.));
#2891=CARTESIAN_POINT('Ctrl Pts',(-271.509442115479,39.1104416835604,250.));
#2892=CARTESIAN_POINT('Ctrl Pts',(-273.752719259985,38.7901141033615,-250.));
#2893=CARTESIAN_POINT('Ctrl Pts',(-273.752719259985,38.7901141033615,250.));
#2894=CARTESIAN_POINT('Ctrl Pts',(-275.992017968853,38.4694942108688,-250.));
#2895=CARTESIAN_POINT('Ctrl Pts',(-275.992017968853,38.4694942108688,250.));
#2896=CARTESIAN_POINT('Ctrl Pts',(-278.227277611184,38.1485830093498,-250.));
#2897=CARTESIAN_POINT('Ctrl Pts',(-278.227277611184,38.1485830093498,250.));
#2898=CARTESIAN_POINT('Ctrl Pts',(-280.458438554744,37.8273803869094,-250.));
#2899=CARTESIAN_POINT('Ctrl Pts',(-280.458438554744,37.8273803869094,250.));
#2900=CARTESIAN_POINT('Ctrl Pts',(-282.685444651756,37.5058866495413,-250.));
#2901=CARTESIAN_POINT('Ctrl Pts',(-282.685444651756,37.5058866495413,250.));
#2902=CARTESIAN_POINT('Ctrl Pts',(-284.908246560445,37.184104389707,-250.));
#2903=CARTESIAN_POINT('Ctrl Pts',(-284.908246560445,37.184104389707,250.));
#2904=CARTESIAN_POINT('Ctrl Pts',(-287.126800636922,36.8620386903056,-250.));
#2905=CARTESIAN_POINT('Ctrl Pts',(-287.126800636922,36.8620386903056,250.));
#2906=CARTESIAN_POINT('Ctrl Pts',(-289.341066337761,36.53969677813,-250.));
#2907=CARTESIAN_POINT('Ctrl Pts',(-289.341066337761,36.53969677813,250.));
#2908=CARTESIAN_POINT('Ctrl Pts',(-291.551004125864,36.2170878603999,-250.));
#2909=CARTESIAN_POINT('Ctrl Pts',(-291.551004125864,36.2170878603999,250.));
#2910=CARTESIAN_POINT('Ctrl Pts',(-293.756573138562,35.8942228802995,-250.));
#2911=CARTESIAN_POINT('Ctrl Pts',(-293.756573138562,35.8942228802995,250.));
#2912=CARTESIAN_POINT('Ctrl Pts',(-295.957729022524,35.5711143180226,-250.));
#2913=CARTESIAN_POINT('Ctrl Pts',(-295.957729022524,35.5711143180226,250.));
#2914=CARTESIAN_POINT('Ctrl Pts',(-298.154421521636,35.2477759436356,-250.));
#2915=CARTESIAN_POINT('Ctrl Pts',(-298.154421521636,35.2477759436356,250.));
#2916=CARTESIAN_POINT('Ctrl Pts',(-300.346596036207,34.9242231708125,-250.));
#2917=CARTESIAN_POINT('Ctrl Pts',(-300.346596036207,34.9242231708125,250.));
#2918=CARTESIAN_POINT('Ctrl Pts',(-302.534195397501,34.6004734239538,-250.));
#2919=CARTESIAN_POINT('Ctrl Pts',(-302.534195397501,34.6004734239538,250.));
#2920=CARTESIAN_POINT('Ctrl Pts',(-304.717161599147,34.2765465392213,-250.));
#2921=CARTESIAN_POINT('Ctrl Pts',(-304.717161599147,34.2765465392213,250.));
#2922=CARTESIAN_POINT('Ctrl Pts',(-306.895437468657,33.9524650640741,-250.));
#2923=CARTESIAN_POINT('Ctrl Pts',(-306.895437468657,33.9524650640741,250.));
#2924=CARTESIAN_POINT('Ctrl Pts',(-309.068968551176,33.628254808873,-250.));
#2925=CARTESIAN_POINT('Ctrl Pts',(-309.068968551176,33.628254808873,250.));
#2926=CARTESIAN_POINT('Ctrl Pts',(-311.237704332691,33.3039446486366,-250.));
#2927=CARTESIAN_POINT('Ctrl Pts',(-311.237704332691,33.3039446486366,250.));
#2928=CARTESIAN_POINT('Ctrl Pts',(-313.401596640939,32.9795630192278,-250.));
#2929=CARTESIAN_POINT('Ctrl Pts',(-313.401596640939,32.9795630192278,250.));
#2930=CARTESIAN_POINT('Ctrl Pts',(-315.560598474989,32.6551350164159,-250.));
#2931=CARTESIAN_POINT('Ctrl Pts',(-315.560598474989,32.6551350164159,250.));
#2932=CARTESIAN_POINT('Ctrl Pts',(-317.714662629367,32.3306790053515,-250.));
#2933=CARTESIAN_POINT('Ctrl Pts',(-317.714662629367,32.3306790053515,250.));
#2934=CARTESIAN_POINT('Ctrl Pts',(-319.863740493319,32.0062040224074,-250.));
#2935=CARTESIAN_POINT('Ctrl Pts',(-319.863740493319,32.0062040224074,250.));
#2936=CARTESIAN_POINT('Ctrl Pts',(-322.007780557553,31.6817053881998,-250.));
#2937=CARTESIAN_POINT('Ctrl Pts',(-322.007780557553,31.6817053881998,250.));
#2938=CARTESIAN_POINT('Ctrl Pts',(-324.146727947658,31.3571671055908,-250.));
#2939=CARTESIAN_POINT('Ctrl Pts',(-324.146727947658,31.3571671055908,250.));
#2940=CARTESIAN_POINT('Ctrl Pts',(-326.280524823317,31.0325701165309,-250.));
#2941=CARTESIAN_POINT('Ctrl Pts',(-326.280524823317,31.0325701165309,250.));
#2942=CARTESIAN_POINT('Ctrl Pts',(-328.409110536961,30.7078988542867,-250.));
#2943=CARTESIAN_POINT('Ctrl Pts',(-328.409110536961,30.7078988542867,250.));
#2944=CARTESIAN_POINT('Ctrl Pts',(-330.532421885574,30.3831486156116,-250.));
#2945=CARTESIAN_POINT('Ctrl Pts',(-330.532421885574,30.3831486156116,250.));
#2946=CARTESIAN_POINT('Ctrl Pts',(-332.65039333537,30.0583322996702,-250.));
#2947=CARTESIAN_POINT('Ctrl Pts',(-332.65039333537,30.0583322996702,250.));
#2948=CARTESIAN_POINT('Ctrl Pts',(-334.762957223955,29.7334881785014,-250.));
#2949=CARTESIAN_POINT('Ctrl Pts',(-334.762957223955,29.7334881785014,250.));
#2950=CARTESIAN_POINT('Ctrl Pts',(-336.870044707458,29.4086701385952,-250.));
#2951=CARTESIAN_POINT('Ctrl Pts',(-336.870044707458,29.4086701385952,250.));
#2952=CARTESIAN_POINT('Ctrl Pts',(-338.971586731042,29.0839372162903,-250.));
#2953=CARTESIAN_POINT('Ctrl Pts',(-338.971586731042,29.0839372162903,250.));
#2954=CARTESIAN_POINT('Ctrl Pts',(-341.067515034759,28.7593428741657,-250.));
#2955=CARTESIAN_POINT('Ctrl Pts',(-341.067515034759,28.7593428741657,250.));
#2956=CARTESIAN_POINT('Ctrl Pts',(-343.157763044677,28.4349255511248,-250.));
#2957=CARTESIAN_POINT('Ctrl Pts',(-343.157763044677,28.4349255511248,250.));
#2958=CARTESIAN_POINT('Ctrl Pts',(-345.242267056735,28.110695825666,-250.));
#2959=CARTESIAN_POINT('Ctrl Pts',(-345.242267056735,28.110695825666,250.));
#2960=CARTESIAN_POINT('Ctrl Pts',(-347.320966413611,27.7866353164819,-250.));
#2961=CARTESIAN_POINT('Ctrl Pts',(-347.320966413611,27.7866353164819,250.));
#2962=CARTESIAN_POINT('Ctrl Pts',(-349.393802281502,27.4627119507761,-250.));
#2963=CARTESIAN_POINT('Ctrl Pts',(-349.393802281502,27.4627119507761,250.));
#2964=CARTESIAN_POINT('Ctrl Pts',(-351.460716769244,27.1388911947195,-250.));
#2965=CARTESIAN_POINT('Ctrl Pts',(-351.460716769244,27.1388911947195,250.));
#2966=CARTESIAN_POINT('Ctrl Pts',(-353.52165191057,26.8151489729777,-250.));
#2967=CARTESIAN_POINT('Ctrl Pts',(-353.52165191057,26.8151489729777,250.));
#2968=CARTESIAN_POINT('Ctrl Pts',(-355.576548701024,26.4914837379362,-250.));
#2969=CARTESIAN_POINT('Ctrl Pts',(-355.576548701024,26.4914837379362,250.));
#2970=CARTESIAN_POINT('Ctrl Pts',(-357.625346120447,26.1679292478627,-250.));
#2971=CARTESIAN_POINT('Ctrl Pts',(-357.625346120447,26.1679292478627,250.));
#2972=CARTESIAN_POINT('Ctrl Pts',(-359.667980108715,25.8445420941045,-250.));
#2973=CARTESIAN_POINT('Ctrl Pts',(-359.667980108715,25.8445420941045,250.));
#2974=CARTESIAN_POINT('Ctrl Pts',(-361.704382593841,25.5213892283871,-250.));
#2975=CARTESIAN_POINT('Ctrl Pts',(-361.704382593841,25.5213892283871,250.));
#2976=CARTESIAN_POINT('Ctrl Pts',(-363.734480388411,25.1985348785254,-250.));
#2977=CARTESIAN_POINT('Ctrl Pts',(-363.734480388411,25.1985348785254,250.));
#2978=CARTESIAN_POINT('Ctrl Pts',(-365.758194398113,24.8760291081443,-250.));
#2979=CARTESIAN_POINT('Ctrl Pts',(-365.758194398113,24.8760291081443,250.));
#2980=CARTESIAN_POINT('Ctrl Pts',(-367.775438052651,24.5538921907967,-250.));
#2981=CARTESIAN_POINT('Ctrl Pts',(-367.775438052651,24.5538921907967,250.));
#2982=CARTESIAN_POINT('Ctrl Pts',(-369.786119154014,24.2321175516256,-250.));
#2983=CARTESIAN_POINT('Ctrl Pts',(-369.786119154014,24.2321175516256,250.));
#2984=CARTESIAN_POINT('Ctrl Pts',(-371.790143578079,23.9106851120257,-250.));
#2985=CARTESIAN_POINT('Ctrl Pts',(-371.790143578079,23.9106851120257,250.));
#2986=CARTESIAN_POINT('Ctrl Pts',(-373.787418584349,23.5895718762077,-250.));
#2987=CARTESIAN_POINT('Ctrl Pts',(-373.787418584349,23.5895718762077,250.));
#2988=CARTESIAN_POINT('Ctrl Pts',(-375.777855898707,23.2687627075909,-250.));
#2989=CARTESIAN_POINT('Ctrl Pts',(-375.777855898707,23.2687627075909,250.));
#2990=CARTESIAN_POINT('Ctrl Pts',(-377.761375832301,22.9482633205818,-250.));
#2991=CARTESIAN_POINT('Ctrl Pts',(-377.761375832301,22.9482633205818,250.));
#2992=CARTESIAN_POINT('Ctrl Pts',(-379.737907756541,22.6281044870572,-250.));
#2993=CARTESIAN_POINT('Ctrl Pts',(-379.737907756541,22.6281044870572,250.));
#2994=CARTESIAN_POINT('Ctrl Pts',(-381.707383990049,22.3083299682669,-250.));
#2995=CARTESIAN_POINT('Ctrl Pts',(-381.707383990049,22.3083299682669,250.));
#2996=CARTESIAN_POINT('Ctrl Pts',(-383.669735020618,21.9889878581766,-250.));
#2997=CARTESIAN_POINT('Ctrl Pts',(-383.669735020618,21.9889878581766,250.));
#2998=CARTESIAN_POINT('Ctrl Pts',(-385.624884470584,21.670121031022,-250.));
#2999=CARTESIAN_POINT('Ctrl Pts',(-385.624884470584,21.670121031022,250.));
#3000=CARTESIAN_POINT('Ctrl Pts',(-387.572743512239,21.3517568515743,-250.));
#3001=CARTESIAN_POINT('Ctrl Pts',(-387.572743512239,21.3517568515743,250.));
#3002=CARTESIAN_POINT('Ctrl Pts',(-389.51320750617,21.0339005763511,-250.));
#3003=CARTESIAN_POINT('Ctrl Pts',(-389.51320750617,21.0339005763511,250.));
#3004=CARTESIAN_POINT('Ctrl Pts',(-391.446163335846,20.7165469684828,-250.));
#3005=CARTESIAN_POINT('Ctrl Pts',(-391.446163335846,20.7165469684828,250.));
#3006=CARTESIAN_POINT('Ctrl Pts',(-393.371495358149,20.3996895373307,-250.));
#3007=CARTESIAN_POINT('Ctrl Pts',(-393.371495358149,20.3996895373307,250.));
#3008=CARTESIAN_POINT('Ctrl Pts',(-395.289091707044,20.0833304034421,-250.));
#3009=CARTESIAN_POINT('Ctrl Pts',(-395.289091707044,20.0833304034421,250.));
#3010=CARTESIAN_POINT('Ctrl Pts',(-397.198850881361,19.7674905992578,-250.));
#3011=CARTESIAN_POINT('Ctrl Pts',(-397.198850881361,19.7674905992578,250.));
#3012=CARTESIAN_POINT('Ctrl Pts',(-399.100686955935,19.4522181567885,-250.));
#3013=CARTESIAN_POINT('Ctrl Pts',(-399.100686955935,19.4522181567885,250.));
#3014=CARTESIAN_POINT('Ctrl Pts',(-400.994521867098,19.1375753903734,-250.));
#3015=CARTESIAN_POINT('Ctrl Pts',(-400.994521867098,19.1375753903734,250.));
#3016=CARTESIAN_POINT('Ctrl Pts',(-402.880278730535,18.8236278078526,-250.));
#3017=CARTESIAN_POINT('Ctrl Pts',(-402.880278730535,18.8236278078526,250.));
#3018=CARTESIAN_POINT('Ctrl Pts',(-404.757874971385,18.5104328026197,-250.));
#3019=CARTESIAN_POINT('Ctrl Pts',(-404.757874971385,18.5104328026197,250.));
#3020=CARTESIAN_POINT('Ctrl Pts',(-406.627215050072,18.1980274955854,-250.));
#3021=CARTESIAN_POINT('Ctrl Pts',(-406.627215050072,18.1980274955854,250.));
#3022=CARTESIAN_POINT('Ctrl Pts',(-408.488184773582,17.8864196882326,-250.));
#3023=CARTESIAN_POINT('Ctrl Pts',(-408.488184773582,17.8864196882326,250.));
#3024=CARTESIAN_POINT('Ctrl Pts',(-410.340657190038,17.5756011206962,-250.));
#3025=CARTESIAN_POINT('Ctrl Pts',(-410.340657190038,17.5756011206962,250.));
#3026=CARTESIAN_POINT('Ctrl Pts',(-412.184497419556,17.2655588077124,-250.));
#3027=CARTESIAN_POINT('Ctrl Pts',(-412.184497419556,17.2655588077124,250.));
#3028=CARTESIAN_POINT('Ctrl Pts',(-414.01956762733,16.9562863503629,-250.));
#3029=CARTESIAN_POINT('Ctrl Pts',(-414.01956762733,16.9562863503629,250.));
#3030=CARTESIAN_POINT('Ctrl Pts',(-415.845732565543,16.6477970570338,-250.));
#3031=CARTESIAN_POINT('Ctrl Pts',(-415.845732565543,16.6477970570338,250.));
#3032=CARTESIAN_POINT('Ctrl Pts',(-417.662862890206,16.3401306422435,-250.));
#3033=CARTESIAN_POINT('Ctrl Pts',(-417.662862890206,16.3401306422435,250.));
#3034=CARTESIAN_POINT('Ctrl Pts',(-419.470831658108,16.0333408112238,-250.));
#3035=CARTESIAN_POINT('Ctrl Pts',(-419.470831658108,16.0333408112238,250.));
#3036=CARTESIAN_POINT('Ctrl Pts',(-421.269511943204,15.7274856904861,-250.));
#3037=CARTESIAN_POINT('Ctrl Pts',(-421.269511943204,15.7274856904861,250.));
#3038=CARTESIAN_POINT('Ctrl Pts',(-423.058774201094,15.4226182627335,-250.));
#3039=CARTESIAN_POINT('Ctrl Pts',(-423.058774201094,15.4226182627335,250.));
#3040=CARTESIAN_POINT('Ctrl Pts',(-424.838483278147,15.1187740579901,-250.));
#3041=CARTESIAN_POINT('Ctrl Pts',(-424.838483278147,15.1187740579901,250.));
#3042=CARTESIAN_POINT('Ctrl Pts',(-426.608497399397,14.8159708091088,-250.));
#3043=CARTESIAN_POINT('Ctrl Pts',(-426.608497399397,14.8159708091088,250.));
#3044=CARTESIAN_POINT('Ctrl Pts',(-428.368669263936,14.5142202516983,-250.));
#3045=CARTESIAN_POINT('Ctrl Pts',(-428.368669263936,14.5142202516983,250.));
#3046=CARTESIAN_POINT('Ctrl Pts',(-430.118846567346,14.2135369130603,-250.));
#3047=CARTESIAN_POINT('Ctrl Pts',(-430.118846567346,14.2135369130603,250.));
#3048=CARTESIAN_POINT('Ctrl Pts',(-431.858872750353,13.9139474846214,-250.));
#3049=CARTESIAN_POINT('Ctrl Pts',(-431.858872750353,13.9139474846214,250.));
#3050=CARTESIAN_POINT('Ctrl Pts',(-433.588587668706,13.6155016526654,-250.));
#3051=CARTESIAN_POINT('Ctrl Pts',(-433.588587668706,13.6155016526654,250.));
#3052=CARTESIAN_POINT('Ctrl Pts',(-435.307828304269,13.3182642311431,-250.));
#3053=CARTESIAN_POINT('Ctrl Pts',(-435.307828304269,13.3182642311431,250.));
#3054=CARTESIAN_POINT('Ctrl Pts',(-437.016429629475,13.0223036899102,-250.));
#3055=CARTESIAN_POINT('Ctrl Pts',(-437.016429629475,13.0223036899102,250.));
#3056=CARTESIAN_POINT('Ctrl Pts',(-438.71422509972,12.7276828525562,-250.));
#3057=CARTESIAN_POINT('Ctrl Pts',(-438.71422509972,12.7276828525562,250.));
#3058=CARTESIAN_POINT('Ctrl Pts',(-440.401048049227,12.4344465860683,-250.));
#3059=CARTESIAN_POINT('Ctrl Pts',(-440.401048049227,12.4344465860683,250.));
#3060=CARTESIAN_POINT('Ctrl Pts',(-442.076730233126,12.1426177134095,-250.));
#3061=CARTESIAN_POINT('Ctrl Pts',(-442.076730233126,12.1426177134095,250.));
#3062=CARTESIAN_POINT('Ctrl Pts',(-443.741094477899,11.8522096006052,-250.));
#3063=CARTESIAN_POINT('Ctrl Pts',(-443.741094477899,11.8522096006052,250.));
#3064=CARTESIAN_POINT('Ctrl Pts',(-445.393948429642,11.5632354232939,-250.));
#3065=CARTESIAN_POINT('Ctrl Pts',(-445.393948429642,11.5632354232939,250.));
#3066=CARTESIAN_POINT('Ctrl Pts',(-447.035078142445,11.2757184717471,-250.));
#3067=CARTESIAN_POINT('Ctrl Pts',(-447.035078142445,11.2757184717471,250.));
#3068=CARTESIAN_POINT('Ctrl Pts',(-448.66424097055,10.9897027905516,-250.));
#3069=CARTESIAN_POINT('Ctrl Pts',(-448.66424097055,10.9897027905516,250.));
#3070=CARTESIAN_POINT('Ctrl Pts',(-450.281176754205,10.7052461041175,-250.));
#3071=CARTESIAN_POINT('Ctrl Pts',(-450.281176754205,10.7052461041175,250.));
#3072=CARTESIAN_POINT('Ctrl Pts',(-451.885621108914,10.4224108599746,-250.));
#3073=CARTESIAN_POINT('Ctrl Pts',(-451.885621108914,10.4224108599746,250.));
#3074=CARTESIAN_POINT('Ctrl Pts',(-453.477316338167,10.1412570662578,-250.));
#3075=CARTESIAN_POINT('Ctrl Pts',(-453.477316338167,10.1412570662578,250.));
#3076=CARTESIAN_POINT('Ctrl Pts',(-455.056027329884,9.86183163695447,-250.));
#3077=CARTESIAN_POINT('Ctrl Pts',(-455.056027329884,9.86183163695447,250.));
#3078=CARTESIAN_POINT('Ctrl Pts',(-456.621534192243,9.5841739324547,-250.));
#3079=CARTESIAN_POINT('Ctrl Pts',(-456.621534192243,9.5841739324547,250.));
#3080=CARTESIAN_POINT('Ctrl Pts',(-458.173612775246,9.30833021015125,-250.));
#3081=CARTESIAN_POINT('Ctrl Pts',(-458.173612775246,9.30833021015125,250.));
#3082=CARTESIAN_POINT('Ctrl Pts',(-459.712020614663,9.03436331051932,-250.));
#3083=CARTESIAN_POINT('Ctrl Pts',(-459.712020614663,9.03436331051932,250.));
#3084=CARTESIAN_POINT('Ctrl Pts',(-461.236476822149,8.76236896809276,-250.));
#3085=CARTESIAN_POINT('Ctrl Pts',(-461.236476822149,8.76236896809276,250.));
#3086=CARTESIAN_POINT('Ctrl Pts',(-462.746660514068,8.49246954599405,-250.));
#3087=CARTESIAN_POINT('Ctrl Pts',(-462.746660514068,8.49246954599405,250.));
#3088=CARTESIAN_POINT('Ctrl Pts',(-464.242224673945,8.22478733894567,-250.));
#3089=CARTESIAN_POINT('Ctrl Pts',(-464.242224673945,8.22478733894567,250.));
#3090=CARTESIAN_POINT('Ctrl Pts',(-465.722804650202,7.95942673462462,-250.));
#3091=CARTESIAN_POINT('Ctrl Pts',(-465.722804650202,7.95942673462462,250.));
#3092=CARTESIAN_POINT('Ctrl Pts',(-467.188031264488,7.69644548026504,-250.));
#3093=CARTESIAN_POINT('Ctrl Pts',(-467.188031264488,7.69644548026504,250.));
#3094=CARTESIAN_POINT('Ctrl Pts',(-468.637531656763,7.43586212753533,-250.));
#3095=CARTESIAN_POINT('Ctrl Pts',(-468.637531656763,7.43586212753533,250.));
#3096=CARTESIAN_POINT('Ctrl Pts',(-470.070921710682,7.17769212337572,-250.));
#3097=CARTESIAN_POINT('Ctrl Pts',(-470.070921710682,7.17769212337572,250.));
#3098=CARTESIAN_POINT('Ctrl Pts',(-471.487800690865,6.92197260461613,-250.));
#3099=CARTESIAN_POINT('Ctrl Pts',(-471.487800690865,6.92197260461613,250.));
#3100=CARTESIAN_POINT('Ctrl Pts',(-472.887745404833,6.66879925326517,-250.));
#3101=CARTESIAN_POINT('Ctrl Pts',(-472.887745404833,6.66879925326517,250.));
#3102=CARTESIAN_POINT('Ctrl Pts',(-474.270301893608,6.41831203019309,-250.));
#3103=CARTESIAN_POINT('Ctrl Pts',(-474.270301893608,6.41831203019309,250.));
#3104=CARTESIAN_POINT('Ctrl Pts',(-475.634975998327,6.17066521774555,-250.));
#3105=CARTESIAN_POINT('Ctrl Pts',(-475.634975998327,6.17066521774555,250.));
#3106=CARTESIAN_POINT('Ctrl Pts',(-476.981224233646,5.92600156713475,-250.));
#3107=CARTESIAN_POINT('Ctrl Pts',(-476.981224233646,5.92600156713475,250.));
#3108=CARTESIAN_POINT('Ctrl Pts',(-478.308445006629,5.68442756748464,-250.));
#3109=CARTESIAN_POINT('Ctrl Pts',(-478.308445006629,5.68442756748464,250.));
#3110=CARTESIAN_POINT('Ctrl Pts',(-479.615997501612,5.44603823650508,-250.));
#3111=CARTESIAN_POINT('Ctrl Pts',(-479.615997501612,5.44603823650508,250.));
#3112=CARTESIAN_POINT('Ctrl Pts',(-480.903211848274,5.21093711147371,-250.));
#3113=CARTESIAN_POINT('Ctrl Pts',(-480.903211848274,5.21093711147371,250.));
#3114=CARTESIAN_POINT('Ctrl Pts',(-482.16941742313,4.97926107100596,-250.));
#3115=CARTESIAN_POINT('Ctrl Pts',(-482.16941742313,4.97926107100596,250.));
#3116=CARTESIAN_POINT('Ctrl Pts',(-483.413903149586,4.75118896704251,-250.));
#3117=CARTESIAN_POINT('Ctrl Pts',(-483.413903149586,4.75118896704251,250.));
#3118=CARTESIAN_POINT('Ctrl Pts',(-484.635849014355,4.52693543359588,-250.));
#3119=CARTESIAN_POINT('Ctrl Pts',(-484.635849014355,4.52693543359588,250.));
#3120=CARTESIAN_POINT('Ctrl Pts',(-485.83423673491,4.30675574228043,-250.));
#3121=CARTESIAN_POINT('Ctrl Pts',(-485.83423673491,4.30675574228043,250.));
#3122=CARTESIAN_POINT('Ctrl Pts',(-487.00785257556,4.09092724867867,-250.));
#3123=CARTESIAN_POINT('Ctrl Pts',(-487.00785257556,4.09092724867867,250.));
#3124=CARTESIAN_POINT('Ctrl Pts',(-488.15547582779,3.87969378694019,-250.));
#3125=CARTESIAN_POINT('Ctrl Pts',(-488.15547582779,3.87969378694019,250.));
#3126=CARTESIAN_POINT('Ctrl Pts',(-489.276113131893,3.67319465077466,-250.));
#3127=CARTESIAN_POINT('Ctrl Pts',(-489.276113131893,3.67319465077466,250.));
#3128=CARTESIAN_POINT('Ctrl Pts',(-490.36901379903,3.47145549309519,-250.));
#3129=CARTESIAN_POINT('Ctrl Pts',(-490.36901379903,3.47145549309519,250.));
#3130=CARTESIAN_POINT('Ctrl Pts',(-491.432957357795,3.27460680246877,-250.));
#3131=CARTESIAN_POINT('Ctrl Pts',(-491.432957357795,3.27460680246877,250.));
#3132=CARTESIAN_POINT('Ctrl Pts',(-492.465270508191,3.08315639451647,-250.));
#3133=CARTESIAN_POINT('Ctrl Pts',(-492.465270508191,3.08315639451647,250.));
#3134=CARTESIAN_POINT('Ctrl Pts',(-493.461899815148,2.8980214358579,-250.));
#3135=CARTESIAN_POINT('Ctrl Pts',(-493.461899815148,2.8980214358579,250.));
#3136=CARTESIAN_POINT('Ctrl Pts',(-494.419550859004,2.72003153455839,-250.));
#3137=CARTESIAN_POINT('Ctrl Pts',(-494.419550859004,2.72003153455839,250.));
#3138=CARTESIAN_POINT('Ctrl Pts',(-495.338629515776,2.54931189208131,-250.));
#3139=CARTESIAN_POINT('Ctrl Pts',(-495.338629515776,2.54931189208131,250.));
#3140=CARTESIAN_POINT('Ctrl Pts',(-496.220291027205,2.3857159628906,-250.));
#3141=CARTESIAN_POINT('Ctrl Pts',(-496.220291027205,2.3857159628906,250.));
#3142=CARTESIAN_POINT('Ctrl Pts',(-497.056495610677,2.23045004645972,-250.));
#3143=CARTESIAN_POINT('Ctrl Pts',(-497.056495610677,2.23045004645972,250.));
#3144=CARTESIAN_POINT('Ctrl Pts',(-497.827767844731,2.08647604680877,-250.));
#3145=CARTESIAN_POINT('Ctrl Pts',(-497.827767844731,2.08647604680877,250.));
#3146=CARTESIAN_POINT('Ctrl Pts',(-498.525751747938,1.95524782640097,-250.));
#3147=CARTESIAN_POINT('Ctrl Pts',(-498.525751747938,1.95524782640097,250.));
#3148=CARTESIAN_POINT('Ctrl Pts',(-499.176282994723,1.83324923740007,-250.));
#3149=CARTESIAN_POINT('Ctrl Pts',(-499.176282994723,1.83324923740007,250.));
#3150=CARTESIAN_POINT('Ctrl Pts',(-499.625523703612,1.74972142576035,-250.));
#3151=CARTESIAN_POINT('Ctrl Pts',(-499.625523703612,1.74972142576035,250.));
#3152=CARTESIAN_POINT('Ctrl Pts',(-499.855537039372,1.7069272822354,-250.));
#3153=CARTESIAN_POINT('Ctrl Pts',(-499.855537039372,1.7069272822354,250.));
#3154=CARTESIAN_POINT('Ctrl Pts',(-499.959957284888,1.68747107763334,-250.));
#3155=CARTESIAN_POINT('Ctrl Pts',(-499.959957284888,1.68747107763334,250.));
#3156=CARTESIAN_POINT('Ctrl Pts',(-500.,1.68000000000012,-250.));
#3157=CARTESIAN_POINT('Ctrl Pts',(-500.,1.68000000000012,250.));
#3158=CARTESIAN_POINT('Ctrl Pts',(-497.94615947976,-2.06406416171445,250.));
#3159=CARTESIAN_POINT('Ctrl Pts',(-497.919105673863,-2.0691343930261,250.));
#3160=CARTESIAN_POINT('Ctrl Pts',(-497.746745931975,-2.1014300133497,250.));
#3161=CARTESIAN_POINT('Ctrl Pts',(-497.420587882998,-2.16245726237354,250.));
#3162=CARTESIAN_POINT('Ctrl Pts',(-496.920549067263,-2.25569251112197,250.));
#3163=CARTESIAN_POINT('Ctrl Pts',(-496.220291027206,-2.38571596289019,250.));
#3164=CARTESIAN_POINT('Ctrl Pts',(-495.338629515776,-2.54931189208101,250.));
#3165=CARTESIAN_POINT('Ctrl Pts',(-494.419550859005,-2.72003153455797,250.));
#3166=CARTESIAN_POINT('Ctrl Pts',(-493.461899815148,-2.89802143585749,250.));
#3167=CARTESIAN_POINT('Ctrl Pts',(-492.465270508192,-3.08315639451615,250.));
#3168=CARTESIAN_POINT('Ctrl Pts',(-491.432957357796,-3.27460680246838,250.));
#3169=CARTESIAN_POINT('Ctrl Pts',(-490.369013799031,-3.4714554930947,250.));
#3170=CARTESIAN_POINT('Ctrl Pts',(-489.276113131892,-3.67319465077429,250.));
#3171=CARTESIAN_POINT('Ctrl Pts',(-488.15547582779,-3.87969378693974,250.));
#3172=CARTESIAN_POINT('Ctrl Pts',(-487.007852575562,-4.09092724867829,250.));
#3173=CARTESIAN_POINT('Ctrl Pts',(-485.834236734912,-4.30675574228013,250.));
#3174=CARTESIAN_POINT('Ctrl Pts',(-484.635849014356,-4.52693543359549,250.));
#3175=CARTESIAN_POINT('Ctrl Pts',(-483.413903149587,-4.75118896704198,250.));
#3176=CARTESIAN_POINT('Ctrl Pts',(-482.169417423133,-4.97926107100537,250.));
#3177=CARTESIAN_POINT('Ctrl Pts',(-480.903211848276,-5.21093711147317,250.));
#3178=CARTESIAN_POINT('Ctrl Pts',(-479.615997501613,-5.44603823650471,250.));
#3179=CARTESIAN_POINT('Ctrl Pts',(-478.30844500663,-5.68442756748437,250.));
#3180=CARTESIAN_POINT('Ctrl Pts',(-476.981224233648,-5.9260015671345,250.));
#3181=CARTESIAN_POINT('Ctrl Pts',(-475.634975998329,-6.17066521774516,250.));
#3182=CARTESIAN_POINT('Ctrl Pts',(-474.270301893608,-6.41831203019241,250.));
#3183=CARTESIAN_POINT('Ctrl Pts',(-472.887745404831,-6.66879925326409,250.));
#3184=CARTESIAN_POINT('Ctrl Pts',(-471.487800690863,-6.92197260461532,250.));
#3185=CARTESIAN_POINT('Ctrl Pts',(-470.070921710684,-7.17769212337538,250.));
#3186=CARTESIAN_POINT('Ctrl Pts',(-468.637531656771,-7.43586212753547,250.));
#3187=CARTESIAN_POINT('Ctrl Pts',(-467.188031264497,-7.69644548026526,250.));
#3188=CARTESIAN_POINT('Ctrl Pts',(-465.722804650208,-7.9594267346244,250.));
#3189=CARTESIAN_POINT('Ctrl Pts',(-464.242224673943,-8.22478733894494,250.));
#3190=CARTESIAN_POINT('Ctrl Pts',(-462.74666051406,-8.49246954599331,250.));
#3191=CARTESIAN_POINT('Ctrl Pts',(-461.236476822139,-8.76236896809205,250.));
#3192=CARTESIAN_POINT('Ctrl Pts',(-459.712020614659,-9.03436331051885,250.));
#3193=CARTESIAN_POINT('Ctrl Pts',(-458.173612775252,-9.30833021015082,250.));
#3194=CARTESIAN_POINT('Ctrl Pts',(-456.621534192257,-9.58417393245408,250.));
#3195=CARTESIAN_POINT('Ctrl Pts',(-455.056027329898,-9.86183163695373,250.));
#3196=CARTESIAN_POINT('Ctrl Pts',(-453.477316338175,-10.1412570662573,250.));
#3197=CARTESIAN_POINT('Ctrl Pts',(-451.885621108912,-10.4224108599742,250.));
#3198=CARTESIAN_POINT('Ctrl Pts',(-450.281176754195,-10.705246104117,250.));
#3199=CARTESIAN_POINT('Ctrl Pts',(-448.664240970541,-10.9897027905511,250.));
#3200=CARTESIAN_POINT('Ctrl Pts',(-447.03507814244,-11.2757184717468,250.));
#3201=CARTESIAN_POINT('Ctrl Pts',(-445.393948429644,-11.5632354232934,250.));
#3202=CARTESIAN_POINT('Ctrl Pts',(-443.741094477908,-11.8522096006046,250.));
#3203=CARTESIAN_POINT('Ctrl Pts',(-442.076730233137,-12.1426177134086,250.));
#3204=CARTESIAN_POINT('Ctrl Pts',(-440.401048049236,-12.434446586067,250.));
#3205=CARTESIAN_POINT('Ctrl Pts',(-438.714225099723,-12.7276828525554,250.));
#3206=CARTESIAN_POINT('Ctrl Pts',(-437.016429629473,-13.0223036899103,250.));
#3207=CARTESIAN_POINT('Ctrl Pts',(-435.307828304266,-13.3182642311442,250.));
#3208=CARTESIAN_POINT('Ctrl Pts',(-433.588587668703,-13.6155016526665,250.));
#3209=CARTESIAN_POINT('Ctrl Pts',(-431.858872750351,-13.9139474846216,250.));
#3210=CARTESIAN_POINT('Ctrl Pts',(-430.118846567349,-14.2135369130597,250.));
#3211=CARTESIAN_POINT('Ctrl Pts',(-428.36866926394,-14.5142202516968,250.));
#3212=CARTESIAN_POINT('Ctrl Pts',(-426.608497399403,-14.8159708091069,250.));
#3213=CARTESIAN_POINT('Ctrl Pts',(-424.838483278151,-15.1187740579885,250.));
#3214=CARTESIAN_POINT('Ctrl Pts',(-423.058774201096,-15.4226182627326,250.));
#3215=CARTESIAN_POINT('Ctrl Pts',(-421.269511943205,-15.727485690486,250.));
#3216=CARTESIAN_POINT('Ctrl Pts',(-419.470831658112,-16.0333408112241,250.));
#3217=CARTESIAN_POINT('Ctrl Pts',(-417.662862890209,-16.3401306422435,250.));
#3218=CARTESIAN_POINT('Ctrl Pts',(-415.845732565546,-16.6477970570334,250.));
#3219=CARTESIAN_POINT('Ctrl Pts',(-414.019567627331,-16.9562863503622,250.));
#3220=CARTESIAN_POINT('Ctrl Pts',(-412.184497419558,-17.2655588077121,250.));
#3221=CARTESIAN_POINT('Ctrl Pts',(-410.340657190042,-17.5756011206965,250.));
#3222=CARTESIAN_POINT('Ctrl Pts',(-408.488184773588,-17.8864196882331,250.));
#3223=CARTESIAN_POINT('Ctrl Pts',(-406.627215050077,-18.1980274955859,250.));
#3224=CARTESIAN_POINT('Ctrl Pts',(-404.757874971387,-18.5104328026194,250.));
#3225=CARTESIAN_POINT('Ctrl Pts',(-402.880278730533,-18.8236278078512,250.));
#3226=CARTESIAN_POINT('Ctrl Pts',(-400.994521867097,-19.1375753903714,250.));
#3227=CARTESIAN_POINT('Ctrl Pts',(-399.100686955937,-19.4522181567865,250.));
#3228=CARTESIAN_POINT('Ctrl Pts',(-397.198850881366,-19.7674905992563,250.));
#3229=CARTESIAN_POINT('Ctrl Pts',(-395.289091707048,-20.0833304034415,250.));
#3230=CARTESIAN_POINT('Ctrl Pts',(-393.371495358146,-20.3996895373309,250.));
#3231=CARTESIAN_POINT('Ctrl Pts',(-391.446163335836,-20.7165469684835,250.));
#3232=CARTESIAN_POINT('Ctrl Pts',(-389.513207506159,-21.0339005763524,250.));
#3233=CARTESIAN_POINT('Ctrl Pts',(-387.572743512233,-21.3517568515754,250.));
#3234=CARTESIAN_POINT('Ctrl Pts',(-385.624884470585,-21.6701210310219,250.));
#3235=CARTESIAN_POINT('Ctrl Pts',(-383.669735020625,-21.9889878581747,250.));
#3236=CARTESIAN_POINT('Ctrl Pts',(-381.707383990057,-22.3083299682634,250.));
#3237=CARTESIAN_POINT('Ctrl Pts',(-379.737907756546,-22.6281044870534,250.));
#3238=CARTESIAN_POINT('Ctrl Pts',(-377.761375832302,-22.9482633205794,250.));
#3239=CARTESIAN_POINT('Ctrl Pts',(-375.777855898708,-23.2687627075902,250.));
#3240=CARTESIAN_POINT('Ctrl Pts',(-373.787418584352,-23.5895718762078,250.));
#3241=CARTESIAN_POINT('Ctrl Pts',(-371.790143578086,-23.9106851120255,250.));
#3242=CARTESIAN_POINT('Ctrl Pts',(-369.786119154023,-24.2321175516245,250.));
#3243=CARTESIAN_POINT('Ctrl Pts',(-367.775438052657,-24.5538921907956,250.));
#3244=CARTESIAN_POINT('Ctrl Pts',(-365.758194398116,-24.8760291081434,250.));
#3245=CARTESIAN_POINT('Ctrl Pts',(-363.734480388412,-25.198534878525,250.));
#3246=CARTESIAN_POINT('Ctrl Pts',(-361.704382593845,-25.5213892283872,250.));
#3247=CARTESIAN_POINT('Ctrl Pts',(-359.667980108723,-25.8445420941046,250.));
#3248=CARTESIAN_POINT('Ctrl Pts',(-357.625346120457,-26.1679292478625,250.));
#3249=CARTESIAN_POINT('Ctrl Pts',(-355.576548701035,-26.4914837379357,250.));
#3250=CARTESIAN_POINT('Ctrl Pts',(-353.521651910573,-26.815148972977,250.));
#3251=CARTESIAN_POINT('Ctrl Pts',(-351.460716769234,-27.1388911947192,250.));
#3252=CARTESIAN_POINT('Ctrl Pts',(-349.393802281478,-27.4627119507764,250.));
#3253=CARTESIAN_POINT('Ctrl Pts',(-347.320966413583,-27.7866353164821,250.));
#3254=CARTESIAN_POINT('Ctrl Pts',(-345.242267056715,-28.1106958256661,250.));
#3255=CARTESIAN_POINT('Ctrl Pts',(-343.157763044674,-28.4349255511246,250.));
#3256=CARTESIAN_POINT('Ctrl Pts',(-341.06751503477,-28.7593428741648,250.));
#3257=CARTESIAN_POINT('Ctrl Pts',(-338.97158673106,-29.0839372162888,250.));
#3258=CARTESIAN_POINT('Ctrl Pts',(-336.870044707476,-29.4086701385935,250.));
#3259=CARTESIAN_POINT('Ctrl Pts',(-334.762957223968,-29.7334881784998,250.));
#3260=CARTESIAN_POINT('Ctrl Pts',(-332.650393335377,-30.0583322996689,250.));
#3261=CARTESIAN_POINT('Ctrl Pts',(-330.532421885575,-30.3831486156111,250.));
#3262=CARTESIAN_POINT('Ctrl Pts',(-328.409110536957,-30.7078988542872,250.));
#3263=CARTESIAN_POINT('Ctrl Pts',(-326.280524823309,-31.0325701165315,250.));
#3264=CARTESIAN_POINT('Ctrl Pts',(-324.146727947648,-31.3571671055909,250.));
#3265=CARTESIAN_POINT('Ctrl Pts',(-322.007780557544,-31.6817053881991,250.));
#3266=CARTESIAN_POINT('Ctrl Pts',(-319.863740493316,-32.0062040224064,250.));
#3267=CARTESIAN_POINT('Ctrl Pts',(-317.714662629373,-32.3306790053512,250.));
#3268=CARTESIAN_POINT('Ctrl Pts',(-315.560598475003,-32.655135016417,250.));
#3269=CARTESIAN_POINT('Ctrl Pts',(-313.401596640957,-32.9795630192298,250.));
#3270=CARTESIAN_POINT('Ctrl Pts',(-311.237704332708,-33.3039446486388,250.));
#3271=CARTESIAN_POINT('Ctrl Pts',(-309.068968551187,-33.6282548088745,250.));
#3272=CARTESIAN_POINT('Ctrl Pts',(-306.89543746866,-33.952465064074,250.));
#3273=CARTESIAN_POINT('Ctrl Pts',(-304.717161599143,-34.2765465392193,250.));
#3274=CARTESIAN_POINT('Ctrl Pts',(-302.534195397496,-34.6004734239502,250.));
#3275=CARTESIAN_POINT('Ctrl Pts',(-300.346596036204,-34.9242231708084,250.));
#3276=CARTESIAN_POINT('Ctrl Pts',(-298.154421521634,-35.2477759436323,250.));
#3277=CARTESIAN_POINT('Ctrl Pts',(-295.957729022523,-35.5711143180208,250.));
#3278=CARTESIAN_POINT('Ctrl Pts',(-293.756573138563,-35.8942228802994,250.));
#3279=CARTESIAN_POINT('Ctrl Pts',(-291.55100412587,-36.2170878604001,250.));
#3280=CARTESIAN_POINT('Ctrl Pts',(-289.341066337771,-36.5396967781295,250.));
#3281=CARTESIAN_POINT('Ctrl Pts',(-287.126800636935,-36.8620386903038,250.));
#3282=CARTESIAN_POINT('Ctrl Pts',(-284.908246560461,-37.1841043897046,250.));
#3283=CARTESIAN_POINT('Ctrl Pts',(-282.685444651768,-37.5058866495395,250.));
#3284=CARTESIAN_POINT('Ctrl Pts',(-280.458438554744,-37.8273803869093,250.));
#3285=CARTESIAN_POINT('Ctrl Pts',(-278.227277611164,-38.1485830093514,250.));
#3286=CARTESIAN_POINT('Ctrl Pts',(-275.992017968807,-38.4694942108708,250.));
#3287=CARTESIAN_POINT('Ctrl Pts',(-273.752719259923,-38.7901141033631,250.));
#3288=CARTESIAN_POINT('Ctrl Pts',(-271.509442115423,-39.1104416835609,250.));
#3289=CARTESIAN_POINT('Ctrl Pts',(-269.262245239428,-39.4304730817424,250.));
#3290=CARTESIAN_POINT('Ctrl Pts',(-267.011182923503,-39.7502001005293,250.));
#3291=CARTESIAN_POINT('Ctrl Pts',(-264.756301757105,-40.0696081485526,250.));
#3292=CARTESIAN_POINT('Ctrl Pts',(-262.497639865141,-40.3886761404491,250.));
#3293=CARTESIAN_POINT('Ctrl Pts',(-260.235229981505,-40.7073794129003,250.));
#3294=CARTESIAN_POINT('Ctrl Pts',(-257.969101577535,-41.0256918819007,250.));
#3295=CARTESIAN_POINT('Ctrl Pts',(-255.699283452554,-41.3435886015114,250.));
#3296=CARTESIAN_POINT('Ctrl Pts',(-253.425805940166,-41.6610479308551,250.));
#3297=CARTESIAN_POINT('Ctrl Pts',(-251.148703739548,-41.9780544117754,250.));
#3298=CARTESIAN_POINT('Ctrl Pts',(-248.868016699292,-42.2945992420565,250.));
#3299=CARTESIAN_POINT('Ctrl Pts',(-246.583788432616,-42.6106781773435,250.));
#3300=CARTESIAN_POINT('Ctrl Pts',(-244.296065510261,-42.9262901294728,250.));
#3301=CARTESIAN_POINT('Ctrl Pts',(-242.004896408301,-43.2414354464595,250.));
#3302=CARTESIAN_POINT('Ctrl Pts',(-239.710330583256,-43.5561144085566,250.));
#3303=CARTESIAN_POINT('Ctrl Pts',(-237.412417437239,-43.870325434237,250.));
#3304=CARTESIAN_POINT('Ctrl Pts',(-235.111205548741,-44.1840641964717,250.));
#3305=CARTESIAN_POINT('Ctrl Pts',(-232.806742119938,-44.4973235698259,250.));
#3306=CARTESIAN_POINT('Ctrl Pts',(-230.499072386056,-44.810093375514,250.));
#3307=CARTESIAN_POINT('Ctrl Pts',(-228.188238996625,-45.122360157287,250.));
#3308=CARTESIAN_POINT('Ctrl Pts',(-225.874281509512,-45.4341070637253,250.));
#3309=CARTESIAN_POINT('Ctrl Pts',(-223.55723558799,-45.7453133896447,250.));
#3310=CARTESIAN_POINT('Ctrl Pts',(-221.237133291677,-46.0559554148386,250.));
#3311=CARTESIAN_POINT('Ctrl Pts',(-218.914004551499,-46.3660086739326,250.));
#3312=CARTESIAN_POINT('Ctrl Pts',(-216.587878310299,-46.6754497951396,250.));
#3313=CARTESIAN_POINT('Ctrl Pts',(-214.258783841265,-46.9842586225857,250.));
#3314=CARTESIAN_POINT('Ctrl Pts',(-211.926751894503,-47.2924199684479,250.));
#3315=CARTESIAN_POINT('Ctrl Pts',(-209.591816151374,-47.5999261323112,250.));
#3316=CARTESIAN_POINT('Ctrl Pts',(-207.254013707652,-47.9067769052475,250.));
#3317=CARTESIAN_POINT('Ctrl Pts',(-204.913384171522,-48.2129759228055,250.));
#3318=CARTESIAN_POINT('Ctrl Pts',(-202.56996909643,-48.5185279495101,250.));
#3319=CARTESIAN_POINT('Ctrl Pts',(-200.223811276605,-48.8234356793007,250.));
#3320=CARTESIAN_POINT('Ctrl Pts',(-197.874954106034,-49.1276969908687,250.));
#3321=CARTESIAN_POINT('Ctrl Pts',(-195.523440898828,-49.4313014091168,250.));
#3322=CARTESIAN_POINT('Ctrl Pts',(-193.169314262371,-49.7342288523073,250.));
#3323=CARTESIAN_POINT('Ctrl Pts',(-190.812615561151,-50.0364539413577,250.));
#3324=CARTESIAN_POINT('Ctrl Pts',(-188.453384372455,-50.3379492043336,250.));
#3325=CARTESIAN_POINT('Ctrl Pts',(-186.091657927611,-50.6386887799374,250.));
#3326=CARTESIAN_POINT('Ctrl Pts',(-183.727470599791,-50.938651769517,250.));
#3327=CARTESIAN_POINT('Ctrl Pts',(-181.360853275481,-51.2378260701564,250.));
#3328=CARTESIAN_POINT('Ctrl Pts',(-178.99183305971,-51.5362110286672,250.));
#3329=CARTESIAN_POINT('Ctrl Pts',(-176.620435153154,-51.8338126597745,250.));
#3330=CARTESIAN_POINT('Ctrl Pts',(-174.24668449872,-52.1306396543612,250.));
#3331=CARTESIAN_POINT('Ctrl Pts',(-171.870607506894,-52.4266991063413,250.));
#3332=CARTESIAN_POINT('Ctrl Pts',(-169.492233770389,-52.721992307831,250.));
#3333=CARTESIAN_POINT('Ctrl Pts',(-167.111597729613,-53.0165106361812,250.));
#3334=CARTESIAN_POINT('Ctrl Pts',(-164.728740506508,-53.3102310696662,250.));
#3335=CARTESIAN_POINT('Ctrl Pts',(-162.34370762609,-53.6031209695151,250.));
#3336=CARTESIAN_POINT('Ctrl Pts',(-159.956546507451,-53.8951433830108,250.));
#3337=CARTESIAN_POINT('Ctrl Pts',(-157.567304087753,-54.1862620464916,250.));
#3338=CARTESIAN_POINT('Ctrl Pts',(-155.176024279701,-54.4764467631888,250.));
#3339=CARTESIAN_POINT('Ctrl Pts',(-152.782745758515,-54.7656780400853,250.));
#3340=CARTESIAN_POINT('Ctrl Pts',(-150.387498944724,-55.0539535330007,250.));
#3341=CARTESIAN_POINT('Ctrl Pts',(-147.99030731549,-55.3412847512359,250.));
#3342=CARTESIAN_POINT('Ctrl Pts',(-145.591190342748,-55.6276900849987,250.));
#3343=CARTESIAN_POINT('Ctrl Pts',(-143.190165852677,-55.9131891686724,250.));
#3344=CARTESIAN_POINT('Ctrl Pts',(-140.787252730553,-56.1977963899688,250.));
#3345=CARTESIAN_POINT('Ctrl Pts',(-138.382473235973,-56.4815154547617,250.));
#3346=CARTESIAN_POINT('Ctrl Pts',(-135.975856079413,-56.764331802778,250.));
#3347=CARTESIAN_POINT('Ctrl Pts',(-133.567436923693,-57.0462123673474,250.));
#3348=CARTESIAN_POINT('Ctrl Pts',(-131.157255897079,-57.3271138942758,250.));
#3349=CARTESIAN_POINT('Ctrl Pts',(-128.745355891918,-57.6069889831451,250.));
#3350=CARTESIAN_POINT('Ctrl Pts',(-126.331780516871,-57.8857931901501,250.));
#3351=CARTESIAN_POINT('Ctrl Pts',(-123.916572259429,-58.1634913652415,250.));
#3352=CARTESIAN_POINT('Ctrl Pts',(-121.499770409775,-58.4400650626665,250.));
#3353=CARTESIAN_POINT('Ctrl Pts',(-119.081409532612,-58.7155172558571,250.));
#3354=CARTESIAN_POINT('Ctrl Pts',(-116.661520516447,-58.9898641470902,250.));
#3355=CARTESIAN_POINT('Ctrl Pts',(-114.240131290232,-59.2631286147234,250.));
#3356=CARTESIAN_POINT('Ctrl Pts',(-111.817267667172,-59.5353331055705,250.));
#3357=CARTESIAN_POINT('Ctrl Pts',(-109.392954138326,-59.8064925806846,250.));
#3358=CARTESIAN_POINT('Ctrl Pts',(-106.967214678511,-60.0766078682163,250.));
#3359=CARTESIAN_POINT('Ctrl Pts',(-104.540073571302,-60.3456576959419,250.));
#3360=CARTESIAN_POINT('Ctrl Pts',(-102.111555968782,-60.6136042337244,250.));
#3361=CARTESIAN_POINT('Ctrl Pts',(-99.6816884243578,-60.8804006378509,250.));
#3362=CARTESIAN_POINT('Ctrl Pts',(-97.2504994110542,-61.1459977367907,250.));
#3363=CARTESIAN_POINT('Ctrl Pts',(-94.8180199001906,-61.4103514177673,250.));
#3364=CARTESIAN_POINT('Ctrl Pts',(-92.3842837877833,-61.6734289223403,250.));
#3365=CARTESIAN_POINT('Ctrl Pts',(-89.9493287005148,-61.9352175745225,250.));
#3366=CARTESIAN_POINT('Ctrl Pts',(-87.5131953302986,-62.1957242926336,250.));
#3367=CARTESIAN_POINT('Ctrl Pts',(-85.0759254964124,-62.4549672009096,250.));
#3368=CARTESIAN_POINT('Ctrl Pts',(-82.6375605851478,-62.712969529866,250.));
#3369=CARTESIAN_POINT('Ctrl Pts',(-80.1981397940761,-62.9697524428867,250.));
#3370=CARTESIAN_POINT('Ctrl Pts',(-77.7576985534185,-63.2253286338379,250.));
#3371=CARTESIAN_POINT('Ctrl Pts',(-75.3162666477801,-63.4796948490567,250.));
#3372=CARTESIAN_POINT('Ctrl Pts',(-72.8738671416001,-63.7328271192733,250.));
#3373=CARTESIAN_POINT('Ctrl Pts',(-70.4305189200691,-63.9846880291712,250.));
#3374=CARTESIAN_POINT('Ctrl Pts',(-67.9862387506079,-64.23523238552,250.));
#3375=CARTESIAN_POINT('Ctrl Pts',(-65.5410435011846,-64.4844134285316,250.));
#3376=CARTESIAN_POINT('Ctrl Pts',(-63.0949523593118,-64.7321889925169,250.));
#3377=CARTESIAN_POINT('Ctrl Pts',(-60.6479888922609,-64.9785272639704,250.));
#3378=CARTESIAN_POINT('Ctrl Pts',(-58.200183592632,-65.2234138294649,250.));
#3379=CARTESIAN_POINT('Ctrl Pts',(-55.7515725342974,-65.4668483144278,250.));
#3380=CARTESIAN_POINT('Ctrl Pts',(-53.3021952348658,-65.7088388971107,250.));
#3381=CARTESIAN_POINT('Ctrl Pts',(-50.852092826646,-65.9493976464225,250.));
#3382=CARTESIAN_POINT('Ctrl Pts',(-48.4013060229244,-66.1885353179441,250.));
#3383=CARTESIAN_POINT('Ctrl Pts',(-45.9498733466882,-66.4262568375488,250.));
#3384=CARTESIAN_POINT('Ctrl Pts',(-43.4978288178421,-66.6625553721164,250.));
#3385=CARTESIAN_POINT('Ctrl Pts',(-41.0452014723358,-66.8974111755823,250.));
#3386=CARTESIAN_POINT('Ctrl Pts',(-38.592017126448,-67.1307962868161,250.));
#3387=CARTESIAN_POINT('Ctrl Pts',(-36.1382995659837,-67.3626777281493,250.));
#3388=CARTESIAN_POINT('Ctrl Pts',(-33.6840719768411,-67.5930213342242,250.));
#3389=CARTESIAN_POINT('Ctrl Pts',(-31.2293582542445,-67.8217952617187,250.));
#3390=CARTESIAN_POINT('Ctrl Pts',(-28.7741844069648,-68.0489737534874,250.));
#3391=CARTESIAN_POINT('Ctrl Pts',(-26.3185797990458,-68.2745404603682,250.));
#3392=CARTESIAN_POINT('Ctrl Pts',(-23.8625762417192,-68.4984858837643,250.));
#3393=CARTESIAN_POINT('Ctrl Pts',(-21.4062071970743,-68.7208051224697,250.));
#3394=CARTESIAN_POINT('Ctrl Pts',(-18.9495069515144,-68.9414955408827,250.));
#3395=CARTESIAN_POINT('Ctrl Pts',(-16.492509775175,-69.160554389142,250.));
#3396=CARTESIAN_POINT('Ctrl Pts',(-14.0352491502027,-69.3779766344148,250.));
#3397=CARTESIAN_POINT('Ctrl Pts',(-11.5777568094826,-69.5937522164022,250.));
#3398=CARTESIAN_POINT('Ctrl Pts',(-9.12006271911605,-69.8078661669884,250.));
#3399=CARTESIAN_POINT('Ctrl Pts',(-6.66219549173878,-70.0203000421433,250.));
#3400=CARTESIAN_POINT('Ctrl Pts',(-4.20418266219798,-70.2310329260621,250.));
#3401=CARTESIAN_POINT('Ctrl Pts',(-1.74605102153192,-70.4400426353678,250.));
#3402=CARTESIAN_POINT('Ctrl Pts',(0.712173076538011,-70.6473067861146,250.));
#3403=CARTESIAN_POINT('Ctrl Pts',(3.17046339133174,-70.8528040437287,250.));
#3404=CARTESIAN_POINT('Ctrl Pts',(5.62879349795253,-71.0565148943218,250.));
#3405=CARTESIAN_POINT('Ctrl Pts',(8.08713654756962,-71.2584212332966,250.));
#3406=CARTESIAN_POINT('Ctrl Pts',(10.545465015223,-71.4585061768448,250.));
#3407=CARTESIAN_POINT('Ctrl Pts',(13.0037504567398,-71.6567537864976,250.));
#3408=CARTESIAN_POINT('Ctrl Pts',(15.4619632521497,-71.8531488276725,250.));
#3409=CARTESIAN_POINT('Ctrl Pts',(17.920072377536,-72.0476765209653,250.));
#3410=CARTESIAN_POINT('Ctrl Pts',(20.3780451036496,-72.2403222766633,250.));
#3411=CARTESIAN_POINT('Ctrl Pts',(22.8358476336603,-72.4310717372082,250.));
#3412=CARTESIAN_POINT('Ctrl Pts',(25.2934458463763,-72.6199108583643,250.));
#3413=CARTESIAN_POINT('Ctrl Pts',(27.7508059815722,-72.8068259651448,250.));
#3414=CARTESIAN_POINT('Ctrl Pts',(30.2078953950434,-72.9918038437989,250.));
#3415=CARTESIAN_POINT('Ctrl Pts',(32.6646831782069,-73.1748317591469,250.));
#3416=CARTESIAN_POINT('Ctrl Pts',(35.1211410974168,-73.3558976506753,250.));
#3417=CARTESIAN_POINT('Ctrl Pts',(37.5772433374568,-73.5349896571903,250.));
#3418=CARTESIAN_POINT('Ctrl Pts',(40.0329651254964,-73.7120950075466,250.));
#3419=CARTESIAN_POINT('Ctrl Pts',(42.488281673908,-73.8871990991641,250.));
#3420=CARTESIAN_POINT('Ctrl Pts',(44.9431669711796,-74.060284471862,250.));
#3421=CARTESIAN_POINT('Ctrl Pts',(47.3975926871396,-74.2313298905904,250.));
#3422=CARTESIAN_POINT('Ctrl Pts',(49.8515269115851,-74.4003092285752,250.));
#3423=CARTESIAN_POINT('Ctrl Pts',(52.3049333098271,-74.5671908850772,250.));
#3424=CARTESIAN_POINT('Ctrl Pts',(54.7577729421044,-74.7319406556194,250.));
#3425=CARTESIAN_POINT('Ctrl Pts',(57.2100058130653,-74.8945242592708,250.));
#3426=CARTESIAN_POINT('Ctrl Pts',(59.661592495883,-75.0549099440046,250.));
#3427=CARTESIAN_POINT('Ctrl Pts',(62.1124957910461,-75.2130711815295,250.));
#3428=CARTESIAN_POINT('Ctrl Pts',(64.5626822145115,-75.3689890360255,250.));
#3429=CARTESIAN_POINT('Ctrl Pts',(67.0121239639001,-75.5226554206875,250.));
#3430=CARTESIAN_POINT('Ctrl Pts',(69.4607978036358,-75.6740706551895,250.));
#3431=CARTESIAN_POINT('Ctrl Pts',(71.9086830782583,-75.8232394038975,250.));
#3432=CARTESIAN_POINT('Ctrl Pts',(74.3557600493045,-75.970167229037,250.));
#3433=CARTESIAN_POINT('Ctrl Pts',(76.8020080310354,-76.1148567330405,250.));
#3434=CARTESIAN_POINT('Ctrl Pts',(79.2474037649927,-76.2573042332575,250.));
#3435=CARTESIAN_POINT('Ctrl Pts',(81.6919193187474,-76.3974953365671,250.));
#3436=CARTESIAN_POINT('Ctrl Pts',(84.1355215386538,-76.5354041383851,250.));
#3437=CARTESIAN_POINT('Ctrl Pts',(86.5781736555692,-76.6709974560778,250.));
#3438=CARTESIAN_POINT('Ctrl Pts',(89.0198363619499,-76.8042378199986,250.));
#3439=CARTESIAN_POINT('Ctrl Pts',(91.4604691087557,-76.9350869937184,250.));
#3440=CARTESIAN_POINT('Ctrl Pts',(93.9000312945979,-77.0635092067184,250.));
#3441=CARTESIAN_POINT('Ctrl Pts',(96.3384835338244,-77.1894746560144,250.));
#3442=CARTESIAN_POINT('Ctrl Pts',(98.7757887969375,-77.3129624759595,250.));
#3443=CARTESIAN_POINT('Ctrl Pts',(101.211912254842,-77.4339580443949,250.));
#3444=CARTESIAN_POINT('Ctrl Pts',(103.646821215765,-77.5524506576314,250.));
#3445=CARTESIAN_POINT('Ctrl Pts',(106.08048501721,-77.6684311052395,250.));
#3446=CARTESIAN_POINT('Ctrl Pts',(108.5128749596,-77.7818891976725,250.));
#3447=CARTESIAN_POINT('Ctrl Pts',(110.943964169049,-77.8928115244778,250.));
#3448=CARTESIAN_POINT('Ctrl Pts',(113.373727628389,-78.0011785672716,250.));
#3449=CARTESIAN_POINT('Ctrl Pts',(115.802141159747,-78.1069659235282,250.));
#3450=CARTESIAN_POINT('Ctrl Pts',(118.229180089756,-78.2101467256877,250.));
#3451=CARTESIAN_POINT('Ctrl Pts',(120.654818059758,-78.3106936064452,250.));
#3452=CARTESIAN_POINT('Ctrl Pts',(123.079025690071,-78.4085809685932,250.));
#3453=CARTESIAN_POINT('Ctrl Pts',(125.501769504958,-78.5037868579154,250.));
#3454=CARTESIAN_POINT('Ctrl Pts',(127.923010257285,-78.5962956629092,250.));
#3455=CARTESIAN_POINT('Ctrl Pts',(130.342703392506,-78.6860979311613,250.));
#3456=CARTESIAN_POINT('Ctrl Pts',(132.760801881014,-78.7731870101539,250.));
#3457=CARTESIAN_POINT('Ctrl Pts',(135.177258396829,-78.8575565594412,250.));
#3458=CARTESIAN_POINT('Ctrl Pts',(137.592027825647,-78.9391976329686,250.));
#3459=CARTESIAN_POINT('Ctrl Pts',(140.005069486713,-79.0180961178171,250.));
#3460=CARTESIAN_POINT('Ctrl Pts',(142.416349825664,-79.0942296065294,250.));
#3461=CARTESIAN_POINT('Ctrl Pts',(144.825843839311,-79.1675657783319,250.));
#3462=CARTESIAN_POINT('Ctrl Pts',(147.233531558443,-79.2380666471161,250.));
#3463=CARTESIAN_POINT('Ctrl Pts',(149.63939526524,-79.3056919381944,250.));
#3464=CARTESIAN_POINT('Ctrl Pts',(152.043416430955,-79.3704027957671,250.));
#3465=CARTESIAN_POINT('Ctrl Pts',(154.44557275629,-79.4321653713956,250.));
#3466=CARTESIAN_POINT('Ctrl Pts',(156.845835206612,-79.4909544118347,250.));
#3467=CARTESIAN_POINT('Ctrl Pts',(159.244164941513,-79.5467569906541,250.));
#3468=CARTESIAN_POINT('Ctrl Pts',(161.640516019064,-79.599568494714,250.));
#3469=CARTESIAN_POINT('Ctrl Pts',(164.034838267258,-79.6493883790445,250.));
#3470=CARTESIAN_POINT('Ctrl Pts',(166.427080051015,-79.6962160799869,250.));
#3471=CARTESIAN_POINT('Ctrl Pts',(168.817191179837,-79.7400466969059,250.));
#3472=CARTESIAN_POINT('Ctrl Pts',(171.205125529122,-79.78086715848,250.));
#3473=CARTESIAN_POINT('Ctrl Pts',(173.59084437076,-79.8186511810807,250.));
#3474=CARTESIAN_POINT('Ctrl Pts',(175.974315309334,-79.8533617278919,250.));
#3475=CARTESIAN_POINT('Ctrl Pts',(178.355509950439,-79.884955645251,250.));
#3476=CARTESIAN_POINT('Ctrl Pts',(180.734402026875,-79.9133874907352,250.));
#3477=CARTESIAN_POINT('Ctrl Pts',(183.110965262802,-79.9386138694069,250.));
#3478=CARTESIAN_POINT('Ctrl Pts',(185.485171514272,-79.9605971564826,250.));
#3479=CARTESIAN_POINT('Ctrl Pts',(187.856988379728,-79.9793104761577,250.));
#3480=CARTESIAN_POINT('Ctrl Pts',(190.226378924294,-79.9947375852469,250.));
#3481=CARTESIAN_POINT('Ctrl Pts',(192.593302776633,-80.0068694233133,250.));
#3482=CARTESIAN_POINT('Ctrl Pts',(194.957716812266,-80.0157016901537,250.));
#3483=CARTESIAN_POINT('Ctrl Pts',(197.319576016061,-80.0212319294257,250.));
#3484=CARTESIAN_POINT('Ctrl Pts',(199.678834248281,-80.0234569856288,250.));
#3485=CARTESIAN_POINT('Ctrl Pts',(202.035445100281,-80.0223699029262,250.));
#3486=CARTESIAN_POINT('Ctrl Pts',(204.389362530004,-80.0179585756184,250.));
#3487=CARTESIAN_POINT('Ctrl Pts',(206.740541277527,-80.0102063418491,250.));
#3488=CARTESIAN_POINT('Ctrl Pts',(209.088937322257,-79.9990920843845,250.));
#3489=CARTESIAN_POINT('Ctrl Pts',(211.434508355041,-79.9845905071457,250.));
#3490=CARTESIAN_POINT('Ctrl Pts',(213.777214170501,-79.9666723935977,250.));
#3491=CARTESIAN_POINT('Ctrl Pts',(216.117017272346,-79.9453047338783,250.));
#3492=CARTESIAN_POINT('Ctrl Pts',(218.453882765898,-79.9204513926837,250.));
#3493=CARTESIAN_POINT('Ctrl Pts',(220.787777035393,-79.89207473894,250.));
#3494=CARTESIAN_POINT('Ctrl Pts',(223.11866671385,-79.8601370329531,250.));
#3495=CARTESIAN_POINT('Ctrl Pts',(225.446517503795,-79.82460195671,250.));
#3496=CARTESIAN_POINT('Ctrl Pts',(227.771293134174,-79.7854359782041,250.));
#3497=CARTESIAN_POINT('Ctrl Pts',(230.092954083291,-79.7426100408664,250.));
#3498=CARTESIAN_POINT('Ctrl Pts',(232.411456987884,-79.6961002658965,250.));
#3499=CARTESIAN_POINT('Ctrl Pts',(234.726755445057,-79.6458866321183,250.));
#3500=CARTESIAN_POINT('Ctrl Pts',(237.038800524438,-79.5919520822267,250.));
#3501=CARTESIAN_POINT('Ctrl Pts',(239.347541391952,-79.5342814539485,250.));
#3502=CARTESIAN_POINT('Ctrl Pts',(241.652925895296,-79.4728604970359,250.));
#3503=CARTESIAN_POINT('Ctrl Pts',(243.954901143034,-79.4076748267659,250.));
#3504=CARTESIAN_POINT('Ctrl Pts',(246.253414165061,-79.3387089913679,250.));
#3505=CARTESIAN_POINT('Ctrl Pts',(248.548412788211,-79.265945710336,250.));
#3506=CARTESIAN_POINT('Ctrl Pts',(250.839846435852,-79.1893651097818,250.));
#3507=CARTESIAN_POINT('Ctrl Pts',(253.127667020811,-79.1089438914447,250.));
#3508=CARTESIAN_POINT('Ctrl Pts',(255.411829653737,-79.0246546851825,250.));
#3509=CARTESIAN_POINT('Ctrl Pts',(257.692293783449,-78.9364649444607,250.));
#3510=CARTESIAN_POINT('Ctrl Pts',(259.969022910497,-78.8443373695033,250.));
#3511=CARTESIAN_POINT('Ctrl Pts',(262.241981976148,-78.7482328292006,250.));
#3512=CARTESIAN_POINT('Ctrl Pts',(264.511135346548,-78.648112637754,250.));
#3513=CARTESIAN_POINT('Ctrl Pts',(266.776444441725,-78.5439412265622,250.));
#3514=CARTESIAN_POINT('Ctrl Pts',(269.037865782673,-78.4356883350049,250.));
#3515=CARTESIAN_POINT('Ctrl Pts',(271.295348201188,-78.3233321788479,250.));
#3516=CARTESIAN_POINT('Ctrl Pts',(273.548833007348,-78.2068591535253,250.));
#3517=CARTESIAN_POINT('Ctrl Pts',(275.798257162467,-78.086260016371,250.));
#3518=CARTESIAN_POINT('Ctrl Pts',(278.043555587926,-77.9615270777849,250.));
#3519=CARTESIAN_POINT('Ctrl Pts',(280.284663942933,-77.8326508520754,250.));
#3520=CARTESIAN_POINT('Ctrl Pts',(282.521520932307,-77.6996172372438,250.));
#3521=CARTESIAN_POINT('Ctrl Pts',(284.754071498822,-77.5624037129131,250.));
#3522=CARTESIAN_POINT('Ctrl Pts',(286.982266101536,-77.4209798645015,250.));
#3523=CARTESIAN_POINT('Ctrl Pts',(289.206058063718,-77.2753100335896,250.));
#3524=CARTESIAN_POINT('Ctrl Pts',(291.425401547006,-77.1253552883678,250.));
#3525=CARTESIAN_POINT('Ctrl Pts',(293.640249218573,-76.9710757065945,250.));
#3526=CARTESIAN_POINT('Ctrl Pts',(295.850550160078,-76.812432453559,250.));
#3527=CARTESIAN_POINT('Ctrl Pts',(298.056247378928,-76.6493901377289,250.));
#3528=CARTESIAN_POINT('Ctrl Pts',(300.257279204573,-76.4819166309699,250.));
#3529=CARTESIAN_POINT('Ctrl Pts',(302.453581123995,-76.3099825939351,250.));
#3530=CARTESIAN_POINT('Ctrl Pts',(304.645087489709,-76.1335611118637,250.));
#3531=CARTESIAN_POINT('Ctrl Pts',(306.83173321829,-75.9526272697908,250.));
#3532=CARTESIAN_POINT('Ctrl Pts',(309.013455643434,-75.7671577874853,250.));
#3533=CARTESIAN_POINT('Ctrl Pts',(311.190195851183,-75.5771305258005,250.));
#3534=CARTESIAN_POINT('Ctrl Pts',(313.361897267978,-75.3825233146529,250.));
#3535=CARTESIAN_POINT('Ctrl Pts',(315.528504612901,-75.1833129092286,250.));
#3536=CARTESIAN_POINT('Ctrl Pts',(317.689962683627,-74.9794738089334,250.));
#3537=CARTESIAN_POINT('Ctrl Pts',(319.846215270506,-74.7709773355901,250.));
#3538=CARTESIAN_POINT('Ctrl Pts',(321.997203873672,-74.5577901028196,250.));
#3539=CARTESIAN_POINT('Ctrl Pts',(324.142867084824,-74.3398747850563,250.));
#3540=CARTESIAN_POINT('Ctrl Pts',(326.283140548118,-74.1171929611555,250.));
#3541=CARTESIAN_POINT('Ctrl Pts',(328.417956765019,-73.8897073593675,250.));
#3542=CARTESIAN_POINT('Ctrl Pts',(330.547244952826,-73.6573843922599,250.));
#3543=CARTESIAN_POINT('Ctrl Pts',(332.670930904055,-73.4201964631899,250.));
#3544=CARTESIAN_POINT('Ctrl Pts',(334.788936781393,-73.1781246511237,250.));
#3545=CARTESIAN_POINT('Ctrl Pts',(336.901182523655,-72.9311542810945,250.));
#3546=CARTESIAN_POINT('Ctrl Pts',(339.00758729947,-72.6792702948642,250.));
#3547=CARTESIAN_POINT('Ctrl Pts',(341.108071010483,-72.422452415189,250.));
#3548=CARTESIAN_POINT('Ctrl Pts',(343.202555621689,-72.1606710287491,250.));
#3549=CARTESIAN_POINT('Ctrl Pts',(345.290966937569,-71.8938812163538,250.));
#3550=CARTESIAN_POINT('Ctrl Pts',(347.373234812456,-71.6220232895485,250.));
#3551=CARTESIAN_POINT('Ctrl Pts',(349.449291366161,-71.345031612872,250.));
#3552=CARTESIAN_POINT('Ctrl Pts',(351.519069701797,-71.0628413444081,250.));
#3553=CARTESIAN_POINT('Ctrl Pts',(353.582502422365,-70.7753960014139,250.));
#3554=CARTESIAN_POINT('Ctrl Pts',(355.639520227524,-70.4826547194304,250.));
#3555=CARTESIAN_POINT('Ctrl Pts',(357.690050490883,-70.1845995070203,250.));
#3556=CARTESIAN_POINT('Ctrl Pts',(359.734016555614,-69.8812259836524,250.));
#3557=CARTESIAN_POINT('Ctrl Pts',(361.771337063937,-69.5725345691979,250.));
#3558=CARTESIAN_POINT('Ctrl Pts',(363.801925177685,-69.2585210617451,250.));
#3559=CARTESIAN_POINT('Ctrl Pts',(365.825688065599,-68.9391684832297,250.));
#3560=CARTESIAN_POINT('Ctrl Pts',(367.842525719036,-68.6144358311211,250.));
#3561=CARTESIAN_POINT('Ctrl Pts',(369.852332906736,-68.28426130846,250.));
#3562=CARTESIAN_POINT('Ctrl Pts',(371.855002571494,-67.9485724857722,250.));
#3563=CARTESIAN_POINT('Ctrl Pts',(373.850428949367,-67.6072946154763,250.));
#3564=CARTESIAN_POINT('Ctrl Pts',(375.838510414365,-67.2603589792405,250.));
#3565=CARTESIAN_POINT('Ctrl Pts',(377.819153384538,-66.9077129993747,250.));
#3566=CARTESIAN_POINT('Ctrl Pts',(379.792272465592,-66.5493233494787,250.));
#3567=CARTESIAN_POINT('Ctrl Pts',(381.757784691796,-66.1851677635519,250.));
#3568=CARTESIAN_POINT('Ctrl Pts',(383.715605019978,-65.8152294004778,250.));
#3569=CARTESIAN_POINT('Ctrl Pts',(385.665641600688,-65.4394904023269,250.));
#3570=CARTESIAN_POINT('Ctrl Pts',(387.607790476094,-65.0579252655374,250.));
#3571=CARTESIAN_POINT('Ctrl Pts',(389.541932563596,-64.6704959181804,250.));
#3572=CARTESIAN_POINT('Ctrl Pts',(391.467940190437,-64.2771545363979,250.));
#3573=CARTESIAN_POINT('Ctrl Pts',(393.385682273226,-63.8778451862512,250.));
#3574=CARTESIAN_POINT('Ctrl Pts',(395.29502986573,-63.4725059243948,250.));
#3575=CARTESIAN_POINT('Ctrl Pts',(397.195861928249,-63.0610707066736,250.));
#3576=CARTESIAN_POINT('Ctrl Pts',(399.088069906055,-62.6434713680052,250.));
#3577=CARTESIAN_POINT('Ctrl Pts',(400.971551372542,-62.2196394051819,250.));
#3578=CARTESIAN_POINT('Ctrl Pts',(402.846204595109,-61.7895078127887,250.));
#3579=CARTESIAN_POINT('Ctrl Pts',(404.711922881126,-61.3530128512459,250.));
#3580=CARTESIAN_POINT('Ctrl Pts',(406.568588705689,-60.9100959528794,250.));
#3581=CARTESIAN_POINT('Ctrl Pts',(408.416068831921,-60.4607052515366,250.));
#3582=CARTESIAN_POINT('Ctrl Pts',(410.254218761169,-60.0047936952148,250.));
#3583=CARTESIAN_POINT('Ctrl Pts',(412.082886454073,-59.5423174876973,250.));
#3584=CARTESIAN_POINT('Ctrl Pts',(413.901916162633,-59.0732343326086,250.));
#3585=CARTESIAN_POINT('Ctrl Pts',(415.711152608725,-58.5975019292519,250.));
#3586=CARTESIAN_POINT('Ctrl Pts',(417.510443824162,-58.1150758685271,250.));
#3587=CARTESIAN_POINT('Ctrl Pts',(419.299638077525,-57.6259054945132,250.));
#3588=CARTESIAN_POINT('Ctrl Pts',(421.078581558199,-57.1299297075505,250.));
#3589=CARTESIAN_POINT('Ctrl Pts',(422.847115957788,-56.6270735063068,250.));
#3590=CARTESIAN_POINT('Ctrl Pts',(424.605075633731,-56.1172425040145,250.));
#3591=CARTESIAN_POINT('Ctrl Pts',(426.352286557536,-55.6003242317555,250.));
#3592=CARTESIAN_POINT('Ctrl Pts',(428.08856826595,-55.0762001033896,250.));
#3593=CARTESIAN_POINT('Ctrl Pts',(429.813735155317,-54.5447554744981,250.));
#3594=CARTESIAN_POINT('Ctrl Pts',(431.527597948873,-54.005889262282,250.));
#3595=CARTESIAN_POINT('Ctrl Pts',(433.22996532004,-53.4595267830958,250.));
#3596=CARTESIAN_POINT('Ctrl Pts',(434.920644241684,-52.9056150719357,250.));
#3597=CARTESIAN_POINT('Ctrl Pts',(436.599439733831,-52.3441097650916,250.));
#3598=CARTESIAN_POINT('Ctrl Pts',(438.266154736784,-51.7749648079317,250.));
#3599=CARTESIAN_POINT('Ctrl Pts',(439.920590084258,-51.1981206670225,250.));
#3600=CARTESIAN_POINT('Ctrl Pts',(441.562544021374,-50.6134940845286,250.));
#3601=CARTESIAN_POINT('Ctrl Pts',(443.19180589455,-50.0209834812154,250.));
#3602=CARTESIAN_POINT('Ctrl Pts',(444.808149644232,-49.4204737528212,250.));
#3603=CARTESIAN_POINT('Ctrl Pts',(446.411328424429,-48.8118409295538,250.));
#3604=CARTESIAN_POINT('Ctrl Pts',(448.001066175435,-48.1949577756707,250.));
#3605=CARTESIAN_POINT('Ctrl Pts',(449.577061710172,-47.5696951333192,250.));
#3606=CARTESIAN_POINT('Ctrl Pts',(451.13900272242,-46.9359198158886,250.));
#3607=CARTESIAN_POINT('Ctrl Pts',(452.686576291896,-46.2934937512697,250.));
#3608=CARTESIAN_POINT('Ctrl Pts',(454.219482232778,-45.6422720585331,250.));
#3609=CARTESIAN_POINT('Ctrl Pts',(455.737441067109,-44.9821032064649,250.));
#3610=CARTESIAN_POINT('Ctrl Pts',(457.240177873875,-44.3128382479383,250.));
#3611=CARTESIAN_POINT('Ctrl Pts',(458.727408928581,-43.6343392652489,250.));
#3612=CARTESIAN_POINT('Ctrl Pts',(460.198827790169,-42.9464873745872,250.));
#3613=CARTESIAN_POINT('Ctrl Pts',(461.654090235325,-42.2491929158869,250.));
#3614=CARTESIAN_POINT('Ctrl Pts',(463.092819388525,-41.5423740813802,250.));
#3615=CARTESIAN_POINT('Ctrl Pts',(464.514613367679,-40.8259304286768,250.));
#3616=CARTESIAN_POINT('Ctrl Pts',(465.919051562787,-40.0997214560067,250.));
#3617=CARTESIAN_POINT('Ctrl Pts',(467.305702637817,-39.3635349566248,250.));
#3618=CARTESIAN_POINT('Ctrl Pts',(468.674124791919,-38.6171110898093,250.));
#3619=CARTESIAN_POINT('Ctrl Pts',(470.02386357003,-37.8601886272168,250.));
#3620=CARTESIAN_POINT('Ctrl Pts',(471.354450240462,-37.0925388034468,250.));
#3621=CARTESIAN_POINT('Ctrl Pts',(472.665400505509,-36.31401681624,250.));
#3622=CARTESIAN_POINT('Ctrl Pts',(473.956209926375,-35.5245366893196,250.));
#3623=CARTESIAN_POINT('Ctrl Pts',(475.226347639337,-34.7240099448421,250.));
#3624=CARTESIAN_POINT('Ctrl Pts',(476.475250834751,-33.9123013667109,250.));
#3625=CARTESIAN_POINT('Ctrl Pts',(477.702318405353,-33.0891638911181,250.));
#3626=CARTESIAN_POINT('Ctrl Pts',(478.906908182774,-32.2542740750426,250.));
#3627=CARTESIAN_POINT('Ctrl Pts',(480.08833493032,-31.4072980057147,250.));
#3628=CARTESIAN_POINT('Ctrl Pts',(481.245868576773,-30.5479453731818,250.));
#3629=CARTESIAN_POINT('Ctrl Pts',(482.378731137825,-29.6760329874823,250.));
#3630=CARTESIAN_POINT('Ctrl Pts',(483.486115820768,-28.7914415941559,250.));
#3631=CARTESIAN_POINT('Ctrl Pts',(484.567204777429,-27.8940707004087,250.));
#3632=CARTESIAN_POINT('Ctrl Pts',(485.621192450826,-26.9837884112359,250.));
#3633=CARTESIAN_POINT('Ctrl Pts',(486.647290558976,-26.060400693256,250.));
#3634=CARTESIAN_POINT('Ctrl Pts',(487.644666293848,-25.1236853089084,250.));
#3635=CARTESIAN_POINT('Ctrl Pts',(488.612399709244,-24.1734136555156,250.));
#3636=CARTESIAN_POINT('Ctrl Pts',(489.549415957404,-23.2093795508148,250.));
#3637=CARTESIAN_POINT('Ctrl Pts',(490.45451835123,-22.2314135033757,250.));
#3638=CARTESIAN_POINT('Ctrl Pts',(491.326463184473,-21.23939126337,250.));
#3639=CARTESIAN_POINT('Ctrl Pts',(492.164028576913,-20.2332450401276,250.));
#3640=CARTESIAN_POINT('Ctrl Pts',(492.966064966536,-19.2129709172764,250.));
#3641=CARTESIAN_POINT('Ctrl Pts',(493.731438892985,-18.1786245521493,250.));
#3642=CARTESIAN_POINT('Ctrl Pts',(494.458995154711,-17.1303175638761,250.));
#3643=CARTESIAN_POINT('Ctrl Pts',(495.147506630497,-16.068215677875,250.));
#3644=CARTESIAN_POINT('Ctrl Pts',(495.795680377148,-14.9925260275802,250.));
#3645=CARTESIAN_POINT('Ctrl Pts',(496.402176878099,-13.9034908526341,250.));
#3646=CARTESIAN_POINT('Ctrl Pts',(496.965616073884,-12.8013623616947,250.));
#3647=CARTESIAN_POINT('Ctrl Pts',(497.484623310107,-11.6864498444791,250.));
#3648=CARTESIAN_POINT('Ctrl Pts',(497.957896379156,-10.5592026486126,250.));
#3649=CARTESIAN_POINT('Ctrl Pts',(498.384279792981,-9.42031523280371,250.));
#3650=CARTESIAN_POINT('Ctrl Pts',(498.762794247268,-8.27072176148038,250.));
#3651=CARTESIAN_POINT('Ctrl Pts',(499.092584227392,-7.11140474656295,250.));
#3652=CARTESIAN_POINT('Ctrl Pts',(499.37287538498,-5.94320988166873,250.));
#3653=CARTESIAN_POINT('Ctrl Pts',(499.602951882534,-4.7667571580382,250.));
#3654=CARTESIAN_POINT('Ctrl Pts',(499.782235489843,-3.58277714592352,250.));
#3655=CARTESIAN_POINT('Ctrl Pts',(499.910354734678,-2.39239802662439,250.));
#3656=CARTESIAN_POINT('Ctrl Pts',(499.987201131112,-1.19740580602022,250.));
#3657=CARTESIAN_POINT('Ctrl Pts',(500.012800480496,-3.0591848498851E-13,
250.));
#3658=CARTESIAN_POINT('Ctrl Pts',(499.987201131114,1.19740580601966,250.));
#3659=CARTESIAN_POINT('Ctrl Pts',(499.910354734679,2.39239802662394,250.));
#3660=CARTESIAN_POINT('Ctrl Pts',(499.782235489842,3.58277714592296,250.));
#3661=CARTESIAN_POINT('Ctrl Pts',(499.602951882535,4.76675715803747,250.));
#3662=CARTESIAN_POINT('Ctrl Pts',(499.372875384981,5.94320988166807,250.));
#3663=CARTESIAN_POINT('Ctrl Pts',(499.092584227392,7.11140474656241,250.));
#3664=CARTESIAN_POINT('Ctrl Pts',(498.762794247268,8.27072176147979,250.));
#3665=CARTESIAN_POINT('Ctrl Pts',(498.38427979298,9.42031523280302,250.));
#3666=CARTESIAN_POINT('Ctrl Pts',(497.957896379157,10.5592026486118,250.));
#3667=CARTESIAN_POINT('Ctrl Pts',(497.484623310107,11.6864498444787,250.));
#3668=CARTESIAN_POINT('Ctrl Pts',(496.965616073881,12.8013623616946,250.));
#3669=CARTESIAN_POINT('Ctrl Pts',(496.402176878096,13.9034908526339,250.));
#3670=CARTESIAN_POINT('Ctrl Pts',(495.79568037715,14.9925260275793,250.));
#3671=CARTESIAN_POINT('Ctrl Pts',(495.147506630504,16.0682156778736,250.));
#3672=CARTESIAN_POINT('Ctrl Pts',(494.458995154717,17.130317563875,250.));
#3673=CARTESIAN_POINT('Ctrl Pts',(493.731438892984,18.1786245521489,250.));
#3674=CARTESIAN_POINT('Ctrl Pts',(492.966064966528,19.2129709172762,250.));
#3675=CARTESIAN_POINT('Ctrl Pts',(492.164028576904,20.2332450401272,250.));
#3676=CARTESIAN_POINT('Ctrl Pts',(491.326463184471,21.2393912633694,250.));
#3677=CARTESIAN_POINT('Ctrl Pts',(490.454518351239,22.2314135033751,250.));
#3678=CARTESIAN_POINT('Ctrl Pts',(489.549415957418,23.2093795508142,250.));
#3679=CARTESIAN_POINT('Ctrl Pts',(488.612399709251,24.173413655515,250.));
#3680=CARTESIAN_POINT('Ctrl Pts',(487.644666293846,25.1236853089078,250.));
#3681=CARTESIAN_POINT('Ctrl Pts',(486.647290558967,26.0604006932556,250.));
#3682=CARTESIAN_POINT('Ctrl Pts',(485.621192450819,26.9837884112355,250.));
#3683=CARTESIAN_POINT('Ctrl Pts',(484.567204777428,27.8940707004083,250.));
#3684=CARTESIAN_POINT('Ctrl Pts',(483.486115820773,28.7914415941553,250.));
#3685=CARTESIAN_POINT('Ctrl Pts',(482.378731137832,29.6760329874817,250.));
#3686=CARTESIAN_POINT('Ctrl Pts',(481.245868576778,30.5479453731811,250.));
#3687=CARTESIAN_POINT('Ctrl Pts',(480.088334930321,31.4072980057142,250.));
#3688=CARTESIAN_POINT('Ctrl Pts',(478.90690818277,32.2542740750424,250.));
#3689=CARTESIAN_POINT('Ctrl Pts',(477.702318405348,33.0891638911178,250.));
#3690=CARTESIAN_POINT('Ctrl Pts',(476.475250834747,33.9123013667105,250.));
#3691=CARTESIAN_POINT('Ctrl Pts',(475.226347639339,34.7240099448416,250.));
#3692=CARTESIAN_POINT('Ctrl Pts',(473.956209926384,35.5245366893192,250.));
#3693=CARTESIAN_POINT('Ctrl Pts',(472.665400505521,36.3140168162398,250.));
#3694=CARTESIAN_POINT('Ctrl Pts',(471.354450240469,37.0925388034465,250.));
#3695=CARTESIAN_POINT('Ctrl Pts',(470.023863570028,37.8601886272163,250.));
#3696=CARTESIAN_POINT('Ctrl Pts',(468.674124791911,38.6171110898088,250.));
#3697=CARTESIAN_POINT('Ctrl Pts',(467.30570263781,39.3635349566243,250.));
#3698=CARTESIAN_POINT('Ctrl Pts',(465.919051562786,40.0997214560061,250.));
#3699=CARTESIAN_POINT('Ctrl Pts',(464.514613367681,40.8259304286764,250.));
#3700=CARTESIAN_POINT('Ctrl Pts',(463.092819388527,41.5423740813805,250.));
#3701=CARTESIAN_POINT('Ctrl Pts',(461.654090235326,42.2491929158874,250.));
#3702=CARTESIAN_POINT('Ctrl Pts',(460.19882779017,42.9464873745873,250.));
#3703=CARTESIAN_POINT('Ctrl Pts',(458.727408928582,43.6343392652483,250.));
#3704=CARTESIAN_POINT('Ctrl Pts',(457.240177873878,44.3128382479377,250.));
#3705=CARTESIAN_POINT('Ctrl Pts',(455.737441067114,44.9821032064646,250.));
#3706=CARTESIAN_POINT('Ctrl Pts',(454.219482232782,45.642272058533,250.));
#3707=CARTESIAN_POINT('Ctrl Pts',(452.686576291897,46.2934937512695,250.));
#3708=CARTESIAN_POINT('Ctrl Pts',(451.139002722418,46.9359198158879,250.));
#3709=CARTESIAN_POINT('Ctrl Pts',(449.57706171017,47.5696951333183,250.));
#3710=CARTESIAN_POINT('Ctrl Pts',(448.001066175435,48.19495777567,250.));
#3711=CARTESIAN_POINT('Ctrl Pts',(446.411328424431,48.8118409295533,250.));
#3712=CARTESIAN_POINT('Ctrl Pts',(444.808149644233,49.420473752821,250.));
#3713=CARTESIAN_POINT('Ctrl Pts',(443.191805894549,50.0209834812155,250.));
#3714=CARTESIAN_POINT('Ctrl Pts',(441.562544021373,50.6134940845286,250.));
#3715=CARTESIAN_POINT('Ctrl Pts',(439.920590084258,51.1981206670222,250.));
#3716=CARTESIAN_POINT('Ctrl Pts',(438.266154736785,51.7749648079313,250.));
#3717=CARTESIAN_POINT('Ctrl Pts',(436.599439733832,52.3441097650915,250.));
#3718=CARTESIAN_POINT('Ctrl Pts',(434.920644241683,52.9056150719361,250.));
#3719=CARTESIAN_POINT('Ctrl Pts',(433.229965320038,53.4595267830967,250.));
#3720=CARTESIAN_POINT('Ctrl Pts',(431.527597948871,54.0058892622825,250.));
#3721=CARTESIAN_POINT('Ctrl Pts',(429.813735155319,54.5447554744975,250.));
#3722=CARTESIAN_POINT('Ctrl Pts',(428.088568265959,55.0762001033878,250.));
#3723=CARTESIAN_POINT('Ctrl Pts',(426.352286557548,55.600324231753,250.));
#3724=CARTESIAN_POINT('Ctrl Pts',(424.605075633741,56.1172425040123,250.));
#3725=CARTESIAN_POINT('Ctrl Pts',(422.847115957791,56.6270735063059,250.));
#3726=CARTESIAN_POINT('Ctrl Pts',(421.078581558195,57.1299297075512,250.));
#3727=CARTESIAN_POINT('Ctrl Pts',(419.299638077518,57.6259054945153,250.));
#3728=CARTESIAN_POINT('Ctrl Pts',(417.510443824158,58.1150758685299,250.));
#3729=CARTESIAN_POINT('Ctrl Pts',(415.711152608725,58.5975019292541,250.));
#3730=CARTESIAN_POINT('Ctrl Pts',(413.901916162635,59.073234332609,250.));
#3731=CARTESIAN_POINT('Ctrl Pts',(412.082886454073,59.5423174876952,250.));
#3732=CARTESIAN_POINT('Ctrl Pts',(410.254218761164,60.0047936952109,250.));
#3733=CARTESIAN_POINT('Ctrl Pts',(408.416068831913,60.4607052515322,250.));
#3734=CARTESIAN_POINT('Ctrl Pts',(406.568588705684,60.9100959528764,250.));
#3735=CARTESIAN_POINT('Ctrl Pts',(404.711922881125,61.3530128512454,250.));
#3736=CARTESIAN_POINT('Ctrl Pts',(402.846204595117,61.7895078127909,250.));
#3737=CARTESIAN_POINT('Ctrl Pts',(400.971551372557,62.2196394051857,250.));
#3738=CARTESIAN_POINT('Ctrl Pts',(399.088069906074,62.6434713680091,250.));
#3739=CARTESIAN_POINT('Ctrl Pts',(397.195861928264,63.0610707066759,250.));
#3740=CARTESIAN_POINT('Ctrl Pts',(395.295029865733,63.4725059243946,250.));
#3741=CARTESIAN_POINT('Ctrl Pts',(393.385682273216,63.8778451862494,250.));
#3742=CARTESIAN_POINT('Ctrl Pts',(391.467940190419,64.2771545363955,250.));
#3743=CARTESIAN_POINT('Ctrl Pts',(389.541932563579,64.6704959181786,250.));
#3744=CARTESIAN_POINT('Ctrl Pts',(387.607790476084,65.0579252655366,250.));
#3745=CARTESIAN_POINT('Ctrl Pts',(385.665641600687,65.4394904023269,250.));
#3746=CARTESIAN_POINT('Ctrl Pts',(383.715605019987,65.8152294004777,250.));
#3747=CARTESIAN_POINT('Ctrl Pts',(381.757784691808,66.1851677635512,250.));
#3748=CARTESIAN_POINT('Ctrl Pts',(379.7922724656,66.5493233494775,250.));
#3749=CARTESIAN_POINT('Ctrl Pts',(377.81915338454,66.9077129993735,250.));
#3750=CARTESIAN_POINT('Ctrl Pts',(375.838510414365,67.26035897924,250.));
#3751=CARTESIAN_POINT('Ctrl Pts',(373.850428949369,67.6072946154766,250.));
#3752=CARTESIAN_POINT('Ctrl Pts',(371.855002571496,67.9485724857728,250.));
#3753=CARTESIAN_POINT('Ctrl Pts',(369.852332906741,68.2842613084605,250.));
#3754=CARTESIAN_POINT('Ctrl Pts',(367.842525719043,68.6144358311212,250.));
#3755=CARTESIAN_POINT('Ctrl Pts',(365.825688065604,68.9391684832295,250.));
#3756=CARTESIAN_POINT('Ctrl Pts',(363.801925177685,69.258521061745,250.));
#3757=CARTESIAN_POINT('Ctrl Pts',(361.771337063928,69.5725345691981,250.));
#3758=CARTESIAN_POINT('Ctrl Pts',(359.7340165556,69.8812259836528,250.));
#3759=CARTESIAN_POINT('Ctrl Pts',(357.690050490872,70.1845995070213,250.));
#3760=CARTESIAN_POINT('Ctrl Pts',(355.63952022752,70.4826547194314,250.));
#3761=CARTESIAN_POINT('Ctrl Pts',(353.582502422366,70.775396001414,250.));
#3762=CARTESIAN_POINT('Ctrl Pts',(351.519069701803,71.0628413444063,250.));
#3763=CARTESIAN_POINT('Ctrl Pts',(349.449291366167,71.3450316128687,250.));
#3764=CARTESIAN_POINT('Ctrl Pts',(347.37323481246,71.6220232895448,250.));
#3765=CARTESIAN_POINT('Ctrl Pts',(345.290966937572,71.8938812163513,250.));
#3766=CARTESIAN_POINT('Ctrl Pts',(343.20255562169,72.1606710287483,250.));
#3767=CARTESIAN_POINT('Ctrl Pts',(341.108071010484,72.4224524151898,250.));
#3768=CARTESIAN_POINT('Ctrl Pts',(339.007587299475,72.6792702948662,250.));
#3769=CARTESIAN_POINT('Ctrl Pts',(336.901182523664,72.9311542810968,250.));
#3770=CARTESIAN_POINT('Ctrl Pts',(334.788936781406,73.1781246511255,250.));
#3771=CARTESIAN_POINT('Ctrl Pts',(332.670930904065,73.4201964631907,250.));
#3772=CARTESIAN_POINT('Ctrl Pts',(330.547244952827,73.6573843922597,250.));
#3773=CARTESIAN_POINT('Ctrl Pts',(328.41795676501,73.8897073593665,250.));
#3774=CARTESIAN_POINT('Ctrl Pts',(326.283140548103,74.1171929611541,250.));
#3775=CARTESIAN_POINT('Ctrl Pts',(324.142867084806,74.3398747850544,250.));
#3776=CARTESIAN_POINT('Ctrl Pts',(321.997203873656,74.557790102818,250.));
#3777=CARTESIAN_POINT('Ctrl Pts',(319.846215270497,74.7709773355893,250.));
#3778=CARTESIAN_POINT('Ctrl Pts',(317.689962683635,74.9794738089339,250.));
#3779=CARTESIAN_POINT('Ctrl Pts',(315.528504612931,75.1833129092305,250.));
#3780=CARTESIAN_POINT('Ctrl Pts',(313.361897268021,75.3825233146556,250.));
#3781=CARTESIAN_POINT('Ctrl Pts',(311.190195851225,75.5771305258035,250.));
#3782=CARTESIAN_POINT('Ctrl Pts',(309.013455643461,75.7671577874875,250.));
#3783=CARTESIAN_POINT('Ctrl Pts',(306.831733218294,75.9526272697911,250.));
#3784=CARTESIAN_POINT('Ctrl Pts',(304.645087489694,76.133561111862,250.));
#3785=CARTESIAN_POINT('Ctrl Pts',(302.453581123969,76.3099825939316,250.));
#3786=CARTESIAN_POINT('Ctrl Pts',(300.257279204547,76.4819166309652,250.));
#3787=CARTESIAN_POINT('Ctrl Pts',(298.056247378908,76.6493901377242,250.));
#3788=CARTESIAN_POINT('Ctrl Pts',(295.850550160068,76.812432453556,250.));
#3789=CARTESIAN_POINT('Ctrl Pts',(293.640249218576,76.9710757065947,250.));
#3790=CARTESIAN_POINT('Ctrl Pts',(291.425401547022,77.1253552883718,250.));
#3791=CARTESIAN_POINT('Ctrl Pts',(289.206058063745,77.2753100335966,250.));
#3792=CARTESIAN_POINT('Ctrl Pts',(286.982266101566,77.4209798645093,250.));
#3793=CARTESIAN_POINT('Ctrl Pts',(284.754071498849,77.5624037129195,250.));
#3794=CARTESIAN_POINT('Ctrl Pts',(282.521520932322,77.6996172372466,250.));
#3795=CARTESIAN_POINT('Ctrl Pts',(280.284663942927,77.8326508520738,250.));
#3796=CARTESIAN_POINT('Ctrl Pts',(278.0435555879,77.9615270777795,250.));
#3797=CARTESIAN_POINT('Ctrl Pts',(275.798257162425,78.0862600163637,250.));
#3798=CARTESIAN_POINT('Ctrl Pts',(273.548833007304,78.2068591535185,250.));
#3799=CARTESIAN_POINT('Ctrl Pts',(271.295348201155,78.3233321788431,250.));
#3800=CARTESIAN_POINT('Ctrl Pts',(269.037865782663,78.4356883350033,250.));
#3801=CARTESIAN_POINT('Ctrl Pts',(266.776444441738,78.5439412265639,250.));
#3802=CARTESIAN_POINT('Ctrl Pts',(264.51113534658,78.6481126377581,250.));
#3803=CARTESIAN_POINT('Ctrl Pts',(262.241981976189,78.7482328292057,250.));
#3804=CARTESIAN_POINT('Ctrl Pts',(259.969022910536,78.844337369508,250.));
#3805=CARTESIAN_POINT('Ctrl Pts',(257.692293783475,78.9364649444635,250.));
#3806=CARTESIAN_POINT('Ctrl Pts',(255.411829653745,79.0246546851831,250.));
#3807=CARTESIAN_POINT('Ctrl Pts',(253.127667020802,79.1089438914435,250.));
#3808=CARTESIAN_POINT('Ctrl Pts',(250.839846435832,79.1893651097803,250.));
#3809=CARTESIAN_POINT('Ctrl Pts',(248.548412788191,79.2659457103355,250.));
#3810=CARTESIAN_POINT('Ctrl Pts',(246.253414165048,79.3387089913692,250.));
#3811=CARTESIAN_POINT('Ctrl Pts',(243.95490114303,79.4076748267681,250.));
#3812=CARTESIAN_POINT('Ctrl Pts',(241.652925895298,79.4728604970373,250.));
#3813=CARTESIAN_POINT('Ctrl Pts',(239.347541391953,79.5342814539466,250.));
#3814=CARTESIAN_POINT('Ctrl Pts',(237.038800524433,79.5919520822206,250.));
#3815=CARTESIAN_POINT('Ctrl Pts',(234.726755445043,79.6458866321086,250.));
#3816=CARTESIAN_POINT('Ctrl Pts',(232.411456987866,79.6961002658864,250.));
#3817=CARTESIAN_POINT('Ctrl Pts',(230.092954083276,79.7426100408593,250.));
#3818=CARTESIAN_POINT('Ctrl Pts',(227.77129313417,79.7854359782025,250.));
#3819=CARTESIAN_POINT('Ctrl Pts',(225.446517503806,79.8246019567136,250.));
#3820=CARTESIAN_POINT('Ctrl Pts',(223.118666713874,79.8601370329595,250.));
#3821=CARTESIAN_POINT('Ctrl Pts',(220.787777035421,79.8920747389461,250.));
#3822=CARTESIAN_POINT('Ctrl Pts',(218.453882765923,79.9204513926877,250.));
#3823=CARTESIAN_POINT('Ctrl Pts',(216.11701727236,79.9453047338796,250.));
#3824=CARTESIAN_POINT('Ctrl Pts',(213.777214170504,79.9666723935973,250.));
#3825=CARTESIAN_POINT('Ctrl Pts',(211.434508355038,79.9845905071458,250.));
#3826=CARTESIAN_POINT('Ctrl Pts',(209.088937322254,79.9990920843868,250.));
#3827=CARTESIAN_POINT('Ctrl Pts',(206.740541277525,80.0102063418537,250.));
#3828=CARTESIAN_POINT('Ctrl Pts',(204.389362530004,80.0179585756235,250.));
#3829=CARTESIAN_POINT('Ctrl Pts',(202.035445100282,80.0223699029299,250.));
#3830=CARTESIAN_POINT('Ctrl Pts',(199.678834248282,80.0234569856299,250.));
#3831=CARTESIAN_POINT('Ctrl Pts',(197.319576016062,80.0212319294245,250.));
#3832=CARTESIAN_POINT('Ctrl Pts',(194.957716812269,80.0157016901513,250.));
#3833=CARTESIAN_POINT('Ctrl Pts',(192.593302776637,80.006869423311,250.));
#3834=CARTESIAN_POINT('Ctrl Pts',(190.226378924302,79.9947375852459,250.));
#3835=CARTESIAN_POINT('Ctrl Pts',(187.856988379738,79.9793104761581,250.));
#3836=CARTESIAN_POINT('Ctrl Pts',(185.485171514278,79.9605971564836,250.));
#3837=CARTESIAN_POINT('Ctrl Pts',(183.110965262801,79.9386138694068,250.));
#3838=CARTESIAN_POINT('Ctrl Pts',(180.734402026864,79.9133874907319,250.));
#3839=CARTESIAN_POINT('Ctrl Pts',(178.355509950418,79.8849556452445,250.));
#3840=CARTESIAN_POINT('Ctrl Pts',(175.974315309308,79.8533617278837,250.));
#3841=CARTESIAN_POINT('Ctrl Pts',(173.590844370736,79.8186511810734,250.));
#3842=CARTESIAN_POINT('Ctrl Pts',(171.205125529107,79.7808671584763,250.));
#3843=CARTESIAN_POINT('Ctrl Pts',(168.817191179842,79.7400466969071,250.));
#3844=CARTESIAN_POINT('Ctrl Pts',(166.427080051046,79.6962160799932,250.));
#3845=CARTESIAN_POINT('Ctrl Pts',(164.034838267313,79.6493883790551,250.));
#3846=CARTESIAN_POINT('Ctrl Pts',(161.640516019132,79.5995684947259,250.));
#3847=CARTESIAN_POINT('Ctrl Pts',(159.244164941576,79.5467569906637,250.));
#3848=CARTESIAN_POINT('Ctrl Pts',(156.84583520665,79.4909544118396,250.));
#3849=CARTESIAN_POINT('Ctrl Pts',(154.445572756291,79.4321653713953,250.));
#3850=CARTESIAN_POINT('Ctrl Pts',(152.043416430917,79.370402795763,250.));
#3851=CARTESIAN_POINT('Ctrl Pts',(149.639395265177,79.3056919381888,250.));
#3852=CARTESIAN_POINT('Ctrl Pts',(147.233531558375,79.2380666471114,250.));
#3853=CARTESIAN_POINT('Ctrl Pts',(144.825843839256,79.1675657783293,250.));
#3854=CARTESIAN_POINT('Ctrl Pts',(142.416349825633,79.0942296065285,250.));
#3855=CARTESIAN_POINT('Ctrl Pts',(140.005069486711,79.0180961178172,250.));
#3856=CARTESIAN_POINT('Ctrl Pts',(137.592027825667,78.9391976329692,250.));
#3857=CARTESIAN_POINT('Ctrl Pts',(135.177258396861,78.8575565594422,250.));
#3858=CARTESIAN_POINT('Ctrl Pts',(132.760801881047,78.773187010155,250.));
#3859=CARTESIAN_POINT('Ctrl Pts',(130.34270339253,78.6860979311626,250.));
#3860=CARTESIAN_POINT('Ctrl Pts',(127.923010257297,78.5962956629104,250.));
#3861=CARTESIAN_POINT('Ctrl Pts',(125.50176950496,78.5037868579162,250.));
#3862=CARTESIAN_POINT('Ctrl Pts',(123.07902569007,78.4085809685927,250.));
#3863=CARTESIAN_POINT('Ctrl Pts',(120.65481805976,78.310693606443,250.));
#3864=CARTESIAN_POINT('Ctrl Pts',(118.229180089766,78.2101467256849,250.));
#3865=CARTESIAN_POINT('Ctrl Pts',(115.802141159763,78.1069659235256,250.));
#3866=CARTESIAN_POINT('Ctrl Pts',(113.373727628405,78.0011785672702,250.));
#3867=CARTESIAN_POINT('Ctrl Pts',(110.943964169058,77.8928115244775,250.));
#3868=CARTESIAN_POINT('Ctrl Pts',(108.512874959599,77.781889197673,250.));
#3869=CARTESIAN_POINT('Ctrl Pts',(106.080485017198,77.6684311052398,250.));
#3870=CARTESIAN_POINT('Ctrl Pts',(103.646821215746,77.5524506576312,250.));
#3871=CARTESIAN_POINT('Ctrl Pts',(101.211912254821,77.4339580443951,250.));
#3872=CARTESIAN_POINT('Ctrl Pts',(98.7757887969225,77.3129624759605,250.));
#3873=CARTESIAN_POINT('Ctrl Pts',(96.3384835338193,77.1894746560157,250.));
#3874=CARTESIAN_POINT('Ctrl Pts',(93.9000312946005,77.0635092067189,250.));
#3875=CARTESIAN_POINT('Ctrl Pts',(91.46046910876,76.9350869937171,250.));
#3876=CARTESIAN_POINT('Ctrl Pts',(89.0198363619535,76.8042378199956,250.));
#3877=CARTESIAN_POINT('Ctrl Pts',(86.578173655574,76.6709974560738,250.));
#3878=CARTESIAN_POINT('Ctrl Pts',(84.1355215386607,76.5354041383815,250.));
#3879=CARTESIAN_POINT('Ctrl Pts',(81.691919318756,76.3974953365652,250.));
#3880=CARTESIAN_POINT('Ctrl Pts',(79.2474037649983,76.2573042332574,250.));
#3881=CARTESIAN_POINT('Ctrl Pts',(76.8020080310329,76.1148567330414,250.));
#3882=CARTESIAN_POINT('Ctrl Pts',(74.3557600492906,75.9701672290377,250.));
#3883=CARTESIAN_POINT('Ctrl Pts',(71.9086830782347,75.8232394038976,250.));
#3884=CARTESIAN_POINT('Ctrl Pts',(69.4607978036076,75.6740706551891,250.));
#3885=CARTESIAN_POINT('Ctrl Pts',(67.0121239638756,75.5226554206873,250.));
#3886=CARTESIAN_POINT('Ctrl Pts',(64.5626822144995,75.3689890360257,250.));
#3887=CARTESIAN_POINT('Ctrl Pts',(62.1124957910517,75.2130711815298,250.));
#3888=CARTESIAN_POINT('Ctrl Pts',(59.6615924959059,75.0549099440045,250.));
#3889=CARTESIAN_POINT('Ctrl Pts',(57.2100058130995,74.8945242592707,250.));
#3890=CARTESIAN_POINT('Ctrl Pts',(54.7577729421405,74.7319406556188,250.));
#3891=CARTESIAN_POINT('Ctrl Pts',(52.3049333098529,74.567190885076,250.));
#3892=CARTESIAN_POINT('Ctrl Pts',(49.8515269115973,74.4003092285739,250.));
#3893=CARTESIAN_POINT('Ctrl Pts',(47.3975926871405,74.23132989059,250.));
#3894=CARTESIAN_POINT('Ctrl Pts',(44.9431669711762,74.060284471864,250.));
#3895=CARTESIAN_POINT('Ctrl Pts',(42.4882816739075,73.8871990991692,250.));
#3896=CARTESIAN_POINT('Ctrl Pts',(40.032965125503,73.7120950075543,250.));
#3897=CARTESIAN_POINT('Ctrl Pts',(37.5772433374718,73.5349896571985,250.));
#3898=CARTESIAN_POINT('Ctrl Pts',(35.1211410974355,73.3558976506819,250.));
#3899=CARTESIAN_POINT('Ctrl Pts',(32.6646831782196,73.1748317591497,250.));
#3900=CARTESIAN_POINT('Ctrl Pts',(30.2078953950374,72.9918038437969,250.));
#3901=CARTESIAN_POINT('Ctrl Pts',(27.7508059815398,72.8068259651382,250.));
#3902=CARTESIAN_POINT('Ctrl Pts',(25.2934458463212,72.6199108583548,250.));
#3903=CARTESIAN_POINT('Ctrl Pts',(22.8358476335964,72.4310717371981,250.));
#3904=CARTESIAN_POINT('Ctrl Pts',(20.378045103594,72.2403222766551,250.));
#3905=CARTESIAN_POINT('Ctrl Pts',(17.9200723775056,72.0476765209611,250.));
#3906=CARTESIAN_POINT('Ctrl Pts',(15.4619632521548,71.8531488276734,250.));
#3907=CARTESIAN_POINT('Ctrl Pts',(13.0037504567809,71.6567537865029,250.));
#3908=CARTESIAN_POINT('Ctrl Pts',(10.5454650152886,71.4585061768523,250.));
#3909=CARTESIAN_POINT('Ctrl Pts',(8.08713654764081,71.2584212333043,250.));
#3910=CARTESIAN_POINT('Ctrl Pts',(5.6287934980111,71.0565148943272,250.));
#3911=CARTESIAN_POINT('Ctrl Pts',(3.17046339136452,70.8528040437312,250.));
#3912=CARTESIAN_POINT('Ctrl Pts',(0.712173076543468,70.647306786115,250.));
#3913=CARTESIAN_POINT('Ctrl Pts',(-1.74605102154421,70.4400426353673,250.));
#3914=CARTESIAN_POINT('Ctrl Pts',(-4.2041826622162,70.2310329260622,250.));
#3915=CARTESIAN_POINT('Ctrl Pts',(-6.6621954917566,70.0203000421446,250.));
#3916=CARTESIAN_POINT('Ctrl Pts',(-9.12006271913187,69.8078661669912,250.));
#3917=CARTESIAN_POINT('Ctrl Pts',(-11.5777568094939,69.5937522164057,250.));
#3918=CARTESIAN_POINT('Ctrl Pts',(-14.0352491502074,69.3779766344173,250.));
#3919=CARTESIAN_POINT('Ctrl Pts',(-16.4925097751703,69.1605543891416,250.));
#3920=CARTESIAN_POINT('Ctrl Pts',(-18.9495069514994,68.9414955408779,250.));
#3921=CARTESIAN_POINT('Ctrl Pts',(-21.406207197052,68.7208051224604,250.));
#3922=CARTESIAN_POINT('Ctrl Pts',(-23.8625762416961,68.4984858837528,250.));
#3923=CARTESIAN_POINT('Ctrl Pts',(-26.3185797990292,68.2745404603571,250.));
#3924=CARTESIAN_POINT('Ctrl Pts',(-28.7741844069589,68.0489737534804,250.));
#3925=CARTESIAN_POINT('Ctrl Pts',(-31.2293582542447,67.8217952617182,250.));
#3926=CARTESIAN_POINT('Ctrl Pts',(-33.6840719768388,67.5930213342314,250.));
#3927=CARTESIAN_POINT('Ctrl Pts',(-36.138299565971,67.3626777281634,250.));
#3928=CARTESIAN_POINT('Ctrl Pts',(-38.5920171264212,67.1307962868339,250.));
#3929=CARTESIAN_POINT('Ctrl Pts',(-41.0452014723013,66.8974111755996,250.));
#3930=CARTESIAN_POINT('Ctrl Pts',(-43.497828817813,66.6625553721288,250.));
#3931=CARTESIAN_POINT('Ctrl Pts',(-45.949873346675,66.4262568375534,250.));
#3932=CARTESIAN_POINT('Ctrl Pts',(-48.401306022935,66.1885353179394,250.));
#3933=CARTESIAN_POINT('Ctrl Pts',(-50.8520928266806,65.9493976464091,250.));
#3934=CARTESIAN_POINT('Ctrl Pts',(-53.3021952349149,65.7088388970918,250.));
#3935=CARTESIAN_POINT('Ctrl Pts',(-55.7515725343481,65.4668483144084,250.));
#3936=CARTESIAN_POINT('Ctrl Pts',(-58.2001835926682,65.2234138294497,250.));
#3937=CARTESIAN_POINT('Ctrl Pts',(-60.6479888922753,64.9785272639631,250.));
#3938=CARTESIAN_POINT('Ctrl Pts',(-63.0949523593052,64.732188992519,250.));
#3939=CARTESIAN_POINT('Ctrl Pts',(-65.5410435011635,64.4844134285419,250.));
#3940=CARTESIAN_POINT('Ctrl Pts',(-67.9862387505786,64.2352323855349,250.));
#3941=CARTESIAN_POINT('Ctrl Pts',(-70.430518920039,63.9846880291868,250.));
#3942=CARTESIAN_POINT('Ctrl Pts',(-72.8738671415755,63.732827119286,250.));
#3943=CARTESIAN_POINT('Ctrl Pts',(-75.3162666477628,63.4796948490641,250.));
#3944=CARTESIAN_POINT('Ctrl Pts',(-77.7576985534125,63.2253286338391,250.));
#3945=CARTESIAN_POINT('Ctrl Pts',(-80.1981397940869,62.9697524428825,250.));
#3946=CARTESIAN_POINT('Ctrl Pts',(-82.6375605851785,62.7129695298588,250.));
#3947=CARTESIAN_POINT('Ctrl Pts',(-85.0759254964592,62.4549672009019,250.));
#3948=CARTESIAN_POINT('Ctrl Pts',(-87.5131953303502,62.1957242926277,250.));
#3949=CARTESIAN_POINT('Ctrl Pts',(-89.9493287005552,61.9352175745195,250.));
#3950=CARTESIAN_POINT('Ctrl Pts',(-92.3842837877983,61.6734289223402,250.));
#3951=CARTESIAN_POINT('Ctrl Pts',(-94.818019900174,61.4103514177685,250.));
#3952=CARTESIAN_POINT('Ctrl Pts',(-97.2504994110113,61.1459977367912,250.));
#3953=CARTESIAN_POINT('Ctrl Pts',(-99.6816884243048,60.8804006378499,250.));
#3954=CARTESIAN_POINT('Ctrl Pts',(-102.111555968736,60.613604233722,250.));
#3955=CARTESIAN_POINT('Ctrl Pts',(-104.540073571274,60.3456576959393,250.));
#3956=CARTESIAN_POINT('Ctrl Pts',(-106.967214678502,60.0766078682151,250.));
#3957=CARTESIAN_POINT('Ctrl Pts',(-109.392954138327,59.8064925806852,250.));
#3958=CARTESIAN_POINT('Ctrl Pts',(-111.817267667174,59.5353331055727,250.));
#3959=CARTESIAN_POINT('Ctrl Pts',(-114.24013129023,59.2631286147265,250.));
#3960=CARTESIAN_POINT('Ctrl Pts',(-116.661520516439,58.9898641470935,250.));
#3961=CARTESIAN_POINT('Ctrl Pts',(-119.081409532599,58.7155172558601,250.));
#3962=CARTESIAN_POINT('Ctrl Pts',(-121.499770409763,58.4400650626688,250.));
#3963=CARTESIAN_POINT('Ctrl Pts',(-123.916572259425,58.1634913652422,250.));
#3964=CARTESIAN_POINT('Ctrl Pts',(-126.331780516876,57.885793190149,250.));
#3965=CARTESIAN_POINT('Ctrl Pts',(-128.745355891929,57.6069889831424,250.));
#3966=CARTESIAN_POINT('Ctrl Pts',(-131.157255897091,57.3271138942722,250.));
#3967=CARTESIAN_POINT('Ctrl Pts',(-133.567436923704,57.0462123673433,250.));
#3968=CARTESIAN_POINT('Ctrl Pts',(-135.97585607942,56.7643318027748,250.));
#3969=CARTESIAN_POINT('Ctrl Pts',(-138.382473235974,56.4815154547607,250.));
#3970=CARTESIAN_POINT('Ctrl Pts',(-140.787252730547,56.1977963899707,250.));
#3971=CARTESIAN_POINT('Ctrl Pts',(-143.190165852666,55.9131891686773,250.));
#3972=CARTESIAN_POINT('Ctrl Pts',(-145.591190342733,55.6276900850051,250.));
#3973=CARTESIAN_POINT('Ctrl Pts',(-147.990307315473,55.3412847512415,250.));
#3974=CARTESIAN_POINT('Ctrl Pts',(-150.387498944711,55.0539535330043,250.));
#3975=CARTESIAN_POINT('Ctrl Pts',(-152.782745758509,54.7656780400865,250.));
#3976=CARTESIAN_POINT('Ctrl Pts',(-155.176024279701,54.4764467631886,250.));
#3977=CARTESIAN_POINT('Ctrl Pts',(-157.567304087756,54.1862620464917,250.));
#3978=CARTESIAN_POINT('Ctrl Pts',(-159.956546507453,53.8951433830115,250.));
#3979=CARTESIAN_POINT('Ctrl Pts',(-162.343707626088,53.6031209695163,250.));
#3980=CARTESIAN_POINT('Ctrl Pts',(-164.728740506507,53.3102310696675,250.));
#3981=CARTESIAN_POINT('Ctrl Pts',(-167.111597729614,53.016510636182,250.));
#3982=CARTESIAN_POINT('Ctrl Pts',(-169.492233770388,52.7219923078315,250.));
#3983=CARTESIAN_POINT('Ctrl Pts',(-171.870607506887,52.4266991063411,250.));
#3984=CARTESIAN_POINT('Ctrl Pts',(-174.246684498705,52.1306396543606,250.));
#3985=CARTESIAN_POINT('Ctrl Pts',(-176.620435153133,51.8338126597739,250.));
#3986=CARTESIAN_POINT('Ctrl Pts',(-178.99183305969,51.5362110286667,250.));
#3987=CARTESIAN_POINT('Ctrl Pts',(-181.360853275468,51.2378260701565,250.));
#3988=CARTESIAN_POINT('Ctrl Pts',(-183.727470599788,50.9386517695174,250.));
#3989=CARTESIAN_POINT('Ctrl Pts',(-186.091657927616,50.638688779938,250.));
#3990=CARTESIAN_POINT('Ctrl Pts',(-188.453384372469,50.3379492043339,250.));
#3991=CARTESIAN_POINT('Ctrl Pts',(-190.812615561171,50.0364539413572,250.));
#3992=CARTESIAN_POINT('Ctrl Pts',(-193.169314262394,49.7342288523061,250.));
#3993=CARTESIAN_POINT('Ctrl Pts',(-195.523440898847,49.4313014091157,250.));
#3994=CARTESIAN_POINT('Ctrl Pts',(-197.87495410604,49.1276969908684,250.));
#3995=CARTESIAN_POINT('Ctrl Pts',(-200.223811276588,48.8234356793025,250.));
#3996=CARTESIAN_POINT('Ctrl Pts',(-202.569969096388,48.5185279495143,250.));
#3997=CARTESIAN_POINT('Ctrl Pts',(-204.913384171466,48.2129759228113,250.));
#3998=CARTESIAN_POINT('Ctrl Pts',(-207.254013707598,47.9067769052532,250.));
#3999=CARTESIAN_POINT('Ctrl Pts',(-209.591816151337,47.5999261323154,250.));
#4000=CARTESIAN_POINT('Ctrl Pts',(-211.92675189449,47.2924199684494,250.));
#4001=CARTESIAN_POINT('Ctrl Pts',(-214.258783841278,46.9842586225846,250.));
#4002=CARTESIAN_POINT('Ctrl Pts',(-216.587878310332,46.6754497951369,250.));
#4003=CARTESIAN_POINT('Ctrl Pts',(-218.914004551543,46.3660086739294,250.));
#4004=CARTESIAN_POINT('Ctrl Pts',(-221.237133291716,46.055955414836,250.));
#4005=CARTESIAN_POINT('Ctrl Pts',(-223.557235588014,45.7453133896432,250.));
#4006=CARTESIAN_POINT('Ctrl Pts',(-225.874281509516,45.4341070637252,250.));
#4007=CARTESIAN_POINT('Ctrl Pts',(-228.188238996615,45.1223601572881,250.));
#4008=CARTESIAN_POINT('Ctrl Pts',(-230.499072386041,44.8100933755158,250.));
#4009=CARTESIAN_POINT('Ctrl Pts',(-232.806742119924,44.4973235698274,250.));
#4010=CARTESIAN_POINT('Ctrl Pts',(-235.111205548729,44.1840641964726,250.));
#4011=CARTESIAN_POINT('Ctrl Pts',(-237.412417437231,43.8703254342369,250.));
#4012=CARTESIAN_POINT('Ctrl Pts',(-239.710330583251,43.5561144085565,250.));
#4013=CARTESIAN_POINT('Ctrl Pts',(-242.0048964083,43.2414354464603,250.));
#4014=CARTESIAN_POINT('Ctrl Pts',(-244.29606551027,42.9262901294752,250.));
#4015=CARTESIAN_POINT('Ctrl Pts',(-246.583788432638,42.610678177347,250.));
#4016=CARTESIAN_POINT('Ctrl Pts',(-248.868016699326,42.2945992420602,250.));
#4017=CARTESIAN_POINT('Ctrl Pts',(-251.148703739581,41.9780544117781,250.));
#4018=CARTESIAN_POINT('Ctrl Pts',(-253.42580594018,41.6610479308562,250.));
#4019=CARTESIAN_POINT('Ctrl Pts',(-255.699283452536,41.3435886015111,250.));
#4020=CARTESIAN_POINT('Ctrl Pts',(-257.969101577483,41.0256918818999,250.));
#4021=CARTESIAN_POINT('Ctrl Pts',(-260.235229981428,40.7073794128994,250.));
#4022=CARTESIAN_POINT('Ctrl Pts',(-262.497639865059,40.3886761404487,250.));
#4023=CARTESIAN_POINT('Ctrl Pts',(-264.756301757045,40.0696081485529,250.));
#4024=CARTESIAN_POINT('Ctrl Pts',(-267.011182923483,39.75020010053,250.));
#4025=CARTESIAN_POINT('Ctrl Pts',(-269.262245239453,39.4304730817427,250.));
#4026=CARTESIAN_POINT('Ctrl Pts',(-271.509442115479,39.1104416835604,250.));
#4027=CARTESIAN_POINT('Ctrl Pts',(-273.752719259985,38.7901141033615,250.));
#4028=CARTESIAN_POINT('Ctrl Pts',(-275.992017968853,38.4694942108688,250.));
#4029=CARTESIAN_POINT('Ctrl Pts',(-278.227277611184,38.1485830093498,250.));
#4030=CARTESIAN_POINT('Ctrl Pts',(-280.458438554744,37.8273803869094,250.));
#4031=CARTESIAN_POINT('Ctrl Pts',(-282.685444651756,37.5058866495413,250.));
#4032=CARTESIAN_POINT('Ctrl Pts',(-284.908246560445,37.184104389707,250.));
#4033=CARTESIAN_POINT('Ctrl Pts',(-287.126800636922,36.8620386903056,250.));
#4034=CARTESIAN_POINT('Ctrl Pts',(-289.341066337761,36.53969677813,250.));
#4035=CARTESIAN_POINT('Ctrl Pts',(-291.551004125864,36.2170878603999,250.));
#4036=CARTESIAN_POINT('Ctrl Pts',(-293.756573138562,35.8942228802995,250.));
#4037=CARTESIAN_POINT('Ctrl Pts',(-295.957729022524,35.5711143180226,250.));
#4038=CARTESIAN_POINT('Ctrl Pts',(-298.154421521636,35.2477759436356,250.));
#4039=CARTESIAN_POINT('Ctrl Pts',(-300.346596036207,34.9242231708125,250.));
#4040=CARTESIAN_POINT('Ctrl Pts',(-302.534195397501,34.6004734239538,250.));
#4041=CARTESIAN_POINT('Ctrl Pts',(-304.717161599147,34.2765465392213,250.));
#4042=CARTESIAN_POINT('Ctrl Pts',(-306.895437468657,33.9524650640741,250.));
#4043=CARTESIAN_POINT('Ctrl Pts',(-309.068968551176,33.628254808873,250.));
#4044=CARTESIAN_POINT('Ctrl Pts',(-311.237704332691,33.3039446486366,250.));
#4045=CARTESIAN_POINT('Ctrl Pts',(-313.401596640939,32.9795630192278,250.));
#4046=CARTESIAN_POINT('Ctrl Pts',(-315.560598474989,32.6551350164159,250.));
#4047=CARTESIAN_POINT('Ctrl Pts',(-317.714662629367,32.3306790053515,250.));
#4048=CARTESIAN_POINT('Ctrl Pts',(-319.863740493319,32.0062040224074,250.));
#4049=CARTESIAN_POINT('Ctrl Pts',(-322.007780557553,31.6817053881998,250.));
#4050=CARTESIAN_POINT('Ctrl Pts',(-324.146727947658,31.3571671055908,250.));
#4051=CARTESIAN_POINT('Ctrl Pts',(-326.280524823317,31.0325701165309,250.));
#4052=CARTESIAN_POINT('Ctrl Pts',(-328.409110536961,30.7078988542867,250.));
#4053=CARTESIAN_POINT('Ctrl Pts',(-330.532421885574,30.3831486156116,250.));
#4054=CARTESIAN_POINT('Ctrl Pts',(-332.65039333537,30.0583322996702,250.));
#4055=CARTESIAN_POINT('Ctrl Pts',(-334.762957223955,29.7334881785014,250.));
#4056=CARTESIAN_POINT('Ctrl Pts',(-336.870044707458,29.4086701385952,250.));
#4057=CARTESIAN_POINT('Ctrl Pts',(-338.971586731042,29.0839372162903,250.));
#4058=CARTESIAN_POINT('Ctrl Pts',(-341.067515034759,28.7593428741657,250.));
#4059=CARTESIAN_POINT('Ctrl Pts',(-343.157763044677,28.4349255511248,250.));
#4060=CARTESIAN_POINT('Ctrl Pts',(-345.242267056735,28.110695825666,250.));
#4061=CARTESIAN_POINT('Ctrl Pts',(-347.320966413611,27.7866353164819,250.));
#4062=CARTESIAN_POINT('Ctrl Pts',(-349.393802281502,27.4627119507761,250.));
#4063=CARTESIAN_POINT('Ctrl Pts',(-351.460716769244,27.1388911947195,250.));
#4064=CARTESIAN_POINT('Ctrl Pts',(-353.52165191057,26.8151489729777,250.));
#4065=CARTESIAN_POINT('Ctrl Pts',(-355.576548701024,26.4914837379362,250.));
#4066=CARTESIAN_POINT('Ctrl Pts',(-357.625346120447,26.1679292478627,250.));
#4067=CARTESIAN_POINT('Ctrl Pts',(-359.667980108715,25.8445420941045,250.));
#4068=CARTESIAN_POINT('Ctrl Pts',(-361.704382593841,25.5213892283871,250.));
#4069=CARTESIAN_POINT('Ctrl Pts',(-363.734480388411,25.1985348785254,250.));
#4070=CARTESIAN_POINT('Ctrl Pts',(-365.758194398113,24.8760291081443,250.));
#4071=CARTESIAN_POINT('Ctrl Pts',(-367.775438052651,24.5538921907967,250.));
#4072=CARTESIAN_POINT('Ctrl Pts',(-369.786119154014,24.2321175516256,250.));
#4073=CARTESIAN_POINT('Ctrl Pts',(-371.790143578079,23.9106851120257,250.));
#4074=CARTESIAN_POINT('Ctrl Pts',(-373.787418584349,23.5895718762077,250.));
#4075=CARTESIAN_POINT('Ctrl Pts',(-375.777855898707,23.2687627075909,250.));
#4076=CARTESIAN_POINT('Ctrl Pts',(-377.761375832301,22.9482633205818,250.));
#4077=CARTESIAN_POINT('Ctrl Pts',(-379.737907756541,22.6281044870572,250.));
#4078=CARTESIAN_POINT('Ctrl Pts',(-381.707383990049,22.3083299682669,250.));
#4079=CARTESIAN_POINT('Ctrl Pts',(-383.669735020618,21.9889878581766,250.));
#4080=CARTESIAN_POINT('Ctrl Pts',(-385.624884470584,21.670121031022,250.));
#4081=CARTESIAN_POINT('Ctrl Pts',(-387.572743512239,21.3517568515743,250.));
#4082=CARTESIAN_POINT('Ctrl Pts',(-389.51320750617,21.0339005763511,250.));
#4083=CARTESIAN_POINT('Ctrl Pts',(-391.446163335846,20.7165469684828,250.));
#4084=CARTESIAN_POINT('Ctrl Pts',(-393.371495358149,20.3996895373307,250.));
#4085=CARTESIAN_POINT('Ctrl Pts',(-395.289091707044,20.0833304034421,250.));
#4086=CARTESIAN_POINT('Ctrl Pts',(-397.198850881361,19.7674905992578,250.));
#4087=CARTESIAN_POINT('Ctrl Pts',(-399.100686955935,19.4522181567885,250.));
#4088=CARTESIAN_POINT('Ctrl Pts',(-400.994521867098,19.1375753903734,250.));
#4089=CARTESIAN_POINT('Ctrl Pts',(-402.880278730535,18.8236278078526,250.));
#4090=CARTESIAN_POINT('Ctrl Pts',(-404.757874971385,18.5104328026197,250.));
#4091=CARTESIAN_POINT('Ctrl Pts',(-406.627215050072,18.1980274955854,250.));
#4092=CARTESIAN_POINT('Ctrl Pts',(-408.488184773582,17.8864196882326,250.));
#4093=CARTESIAN_POINT('Ctrl Pts',(-410.340657190038,17.5756011206962,250.));
#4094=CARTESIAN_POINT('Ctrl Pts',(-412.184497419556,17.2655588077124,250.));
#4095=CARTESIAN_POINT('Ctrl Pts',(-414.01956762733,16.9562863503629,250.));
#4096=CARTESIAN_POINT('Ctrl Pts',(-415.845732565543,16.6477970570338,250.));
#4097=CARTESIAN_POINT('Ctrl Pts',(-417.662862890206,16.3401306422435,250.));
#4098=CARTESIAN_POINT('Ctrl Pts',(-419.470831658108,16.0333408112238,250.));
#4099=CARTESIAN_POINT('Ctrl Pts',(-421.269511943204,15.7274856904861,250.));
#4100=CARTESIAN_POINT('Ctrl Pts',(-423.058774201094,15.4226182627335,250.));
#4101=CARTESIAN_POINT('Ctrl Pts',(-424.838483278147,15.1187740579901,250.));
#4102=CARTESIAN_POINT('Ctrl Pts',(-426.608497399397,14.8159708091088,250.));
#4103=CARTESIAN_POINT('Ctrl Pts',(-428.368669263936,14.5142202516983,250.));
#4104=CARTESIAN_POINT('Ctrl Pts',(-430.118846567346,14.2135369130603,250.));
#4105=CARTESIAN_POINT('Ctrl Pts',(-431.858872750353,13.9139474846214,250.));
#4106=CARTESIAN_POINT('Ctrl Pts',(-433.588587668706,13.6155016526654,250.));
#4107=CARTESIAN_POINT('Ctrl Pts',(-435.307828304269,13.3182642311431,250.));
#4108=CARTESIAN_POINT('Ctrl Pts',(-437.016429629475,13.0223036899102,250.));
#4109=CARTESIAN_POINT('Ctrl Pts',(-438.71422509972,12.7276828525562,250.));
#4110=CARTESIAN_POINT('Ctrl Pts',(-440.401048049227,12.4344465860683,250.));
#4111=CARTESIAN_POINT('Ctrl Pts',(-442.076730233126,12.1426177134095,250.));
#4112=CARTESIAN_POINT('Ctrl Pts',(-443.741094477899,11.8522096006052,250.));
#4113=CARTESIAN_POINT('Ctrl Pts',(-445.393948429642,11.5632354232939,250.));
#4114=CARTESIAN_POINT('Ctrl Pts',(-447.035078142445,11.2757184717471,250.));
#4115=CARTESIAN_POINT('Ctrl Pts',(-448.66424097055,10.9897027905516,250.));
#4116=CARTESIAN_POINT('Ctrl Pts',(-450.281176754205,10.7052461041175,250.));
#4117=CARTESIAN_POINT('Ctrl Pts',(-451.885621108914,10.4224108599746,250.));
#4118=CARTESIAN_POINT('Ctrl Pts',(-453.477316338167,10.1412570662578,250.));
#4119=CARTESIAN_POINT('Ctrl Pts',(-455.056027329884,9.86183163695447,250.));
#4120=CARTESIAN_POINT('Ctrl Pts',(-456.621534192243,9.5841739324547,250.));
#4121=CARTESIAN_POINT('Ctrl Pts',(-458.173612775246,9.30833021015125,250.));
#4122=CARTESIAN_POINT('Ctrl Pts',(-459.712020614663,9.03436331051932,250.));
#4123=CARTESIAN_POINT('Ctrl Pts',(-461.236476822149,8.76236896809276,250.));
#4124=CARTESIAN_POINT('Ctrl Pts',(-462.746660514068,8.49246954599405,250.));
#4125=CARTESIAN_POINT('Ctrl Pts',(-464.242224673945,8.22478733894567,250.));
#4126=CARTESIAN_POINT('Ctrl Pts',(-465.722804650202,7.95942673462462,250.));
#4127=CARTESIAN_POINT('Ctrl Pts',(-467.188031264488,7.69644548026504,250.));
#4128=CARTESIAN_POINT('Ctrl Pts',(-468.637531656763,7.43586212753533,250.));
#4129=CARTESIAN_POINT('Ctrl Pts',(-470.070921710682,7.17769212337572,250.));
#4130=CARTESIAN_POINT('Ctrl Pts',(-471.487800690865,6.92197260461613,250.));
#4131=CARTESIAN_POINT('Ctrl Pts',(-472.887745404833,6.66879925326517,250.));
#4132=CARTESIAN_POINT('Ctrl Pts',(-474.270301893608,6.41831203019309,250.));
#4133=CARTESIAN_POINT('Ctrl Pts',(-475.634975998327,6.17066521774555,250.));
#4134=CARTESIAN_POINT('Ctrl Pts',(-476.981224233646,5.92600156713475,250.));
#4135=CARTESIAN_POINT('Ctrl Pts',(-478.308445006629,5.68442756748464,250.));
#4136=CARTESIAN_POINT('Ctrl Pts',(-479.615997501612,5.44603823650508,250.));
#4137=CARTESIAN_POINT('Ctrl Pts',(-480.903211848274,5.21093711147371,250.));
#4138=CARTESIAN_POINT('Ctrl Pts',(-482.16941742313,4.97926107100596,250.));
#4139=CARTESIAN_POINT('Ctrl Pts',(-483.413903149586,4.75118896704251,250.));
#4140=CARTESIAN_POINT('Ctrl Pts',(-484.635849014355,4.52693543359588,250.));
#4141=CARTESIAN_POINT('Ctrl Pts',(-485.83423673491,4.30675574228043,250.));
#4142=CARTESIAN_POINT('Ctrl Pts',(-487.00785257556,4.09092724867867,250.));
#4143=CARTESIAN_POINT('Ctrl Pts',(-488.15547582779,3.87969378694019,250.));
#4144=CARTESIAN_POINT('Ctrl Pts',(-489.276113131893,3.67319465077466,250.));
#4145=CARTESIAN_POINT('Ctrl Pts',(-490.36901379903,3.47145549309519,250.));
#4146=CARTESIAN_POINT('Ctrl Pts',(-491.432957357795,3.27460680246877,250.));
#4147=CARTESIAN_POINT('Ctrl Pts',(-492.465270508191,3.08315639451647,250.));
#4148=CARTESIAN_POINT('Ctrl Pts',(-493.461899815148,2.8980214358579,250.));
#4149=CARTESIAN_POINT('Ctrl Pts',(-494.419550859004,2.72003153455839,250.));
#4150=CARTESIAN_POINT('Ctrl Pts',(-495.338629515776,2.54931189208131,250.));
#4151=CARTESIAN_POINT('Ctrl Pts',(-496.220291027205,2.3857159628906,250.));
#4152=CARTESIAN_POINT('Ctrl Pts',(-496.920549067262,2.25569251112235,250.));
#4153=CARTESIAN_POINT('Ctrl Pts',(-497.420587882997,2.16245726237388,250.));
#4154=CARTESIAN_POINT('Ctrl Pts',(-497.746745931975,2.10143001335001,250.));
#4155=CARTESIAN_POINT('Ctrl Pts',(-497.919105673863,2.06913439302638,250.));
#4156=CARTESIAN_POINT('Ctrl Pts',(-497.94615947976,2.06406416171472,250.));
#4157=CARTESIAN_POINT('Origin',(0.00640024024797015,5.6843418860808E-13,
250.));
#4158=UNCERTAINTY_MEASURE_WITH_UNIT(LENGTH_MEASURE(0.01),#4162,
'DISTANCE_ACCURACY_VALUE',
'Maximum model space distance between geometric entities at asserted c
onnectivities');
#4159=UNCERTAINTY_MEASURE_WITH_UNIT(LENGTH_MEASURE(0.01),#4162,
'DISTANCE_ACCURACY_VALUE',
'Maximum model space distance between geometric entities at asserted c
onnectivities');
#4160=(
GEOMETRIC_REPRESENTATION_CONTEXT(3)
GLOBAL_UNCERTAINTY_ASSIGNED_CONTEXT((#4158))
GLOBAL_UNIT_ASSIGNED_CONTEXT((#4162,#4164,#4165))
REPRESENTATION_CONTEXT('','3D')
);
#4161=(
GEOMETRIC_REPRESENTATION_CONTEXT(3)
GLOBAL_UNCERTAINTY_ASSIGNED_CONTEXT((#4159))
GLOBAL_UNIT_ASSIGNED_CONTEXT((#4162,#4164,#4165))
REPRESENTATION_CONTEXT('','3D')
);
#4162=(
LENGTH_UNIT()
NAMED_UNIT(*)
SI_UNIT(.MILLI.,.METRE.)
);
#4163=(
LENGTH_UNIT()
NAMED_UNIT(*)
SI_UNIT($,.METRE.)
);
#4164=(
NAMED_UNIT(*)
PLANE_ANGLE_UNIT()
SI_UNIT($,.RADIAN.)
);
#4165=(
NAMED_UNIT(*)
SI_UNIT($,.STERADIAN.)
SOLID_ANGLE_UNIT()
);
#4166=SHAPE_DEFINITION_REPRESENTATION(#4167,#4168);
#4167=PRODUCT_DEFINITION_SHAPE('',$,#4170);
#4168=SHAPE_REPRESENTATION('',(#72),#4160);
#4169=PRODUCT_DEFINITION_CONTEXT('part definition',#4174,'design');
#4170=PRODUCT_DEFINITION('(Unsaved)','(Unsaved)',#4171,#4169);
#4171=PRODUCT_DEFINITION_FORMATION('',$,#4176);
#4172=PRODUCT_RELATED_PRODUCT_CATEGORY('(Unsaved)','(Unsaved)',(#4176));
#4173=APPLICATION_PROTOCOL_DEFINITION('international standard',
'automotive_design',2009,#4174);
#4174=APPLICATION_CONTEXT(
'Core Data for Automotive Mechanical Design Process');
#4175=PRODUCT_CONTEXT('part definition',#4174,'mechanical');
#4176=PRODUCT('(Unsaved)','(Unsaved)',$,(#4175));
#4177=PRESENTATION_STYLE_ASSIGNMENT((#4178));
#4178=SURFACE_STYLE_USAGE(.BOTH.,#4179);
#4179=SURFACE_SIDE_STYLE('',(#4180));
#4180=SURFACE_STYLE_FILL_AREA(#4181);
#4181=FILL_AREA_STYLE('Steel - Satin',(#4182));
#4182=FILL_AREA_STYLE_COLOUR('Steel - Satin',#4183);
#4183=COLOUR_RGB('Steel - Satin',0.627450980392157,0.627450980392157,0.627450980392157);
ENDSEC;
END-ISO-10303-21;
