ISO-10303-21;
HEADER;
/* Generated by software containing ST-Developer
 * from STEP Tools, Inc. (www.steptools.com) 
 */

FILE_DESCRIPTION(
/* description */ (''),
/* implementation_level */ '2;1');

FILE_NAME(
/* name */ 'naca0012_1m.step',
/* time_stamp */ '2026-07-16T10:59:18-04:00',
/* author */ (''),
/* organization */ (''),
/* preprocessor_version */ 'ST-DEVELOPER v20.1',
/* originating_system */ 'Autodesk Translation Framework v14.21.0.0',
/* authorisation */ '');

FILE_SCHEMA (('AUTOMOTIVE_DESIGN { 1 0 10303 214 3 1 1 }'));
ENDSEC;

DATA;
#10=MECHANICAL_DESIGN_GEOMETRIC_PRESENTATION_REPRESENTATION('',(#13),#4127);
#11=SHAPE_REPRESENTATION_RELATIONSHIP('SRR','None',#4134,#12);
#12=ADVANCED_BREP_SHAPE_REPRESENTATION('',(#14),#4126);
#13=STYLED_ITEM('',(#4143),#14);
#14=MANIFOLD_SOLID_BREP('Body1',#63);
#15=(
BOUNDED_SURFACE()
B_SPLINE_SURFACE(5,1,((#1102,#1103),(#1104,#1105),(#1106,#1107),(#1108,
#1109),(#1110,#1111),(#1112,#1113),(#1114,#1115),(#1116,#1117),(#1118,#1119),
(#1120,#1121),(#1122,#1123),(#1124,#1125),(#1126,#1127),(#1128,#1129),(#1130,
#1131),(#1132,#1133),(#1134,#1135),(#1136,#1137),(#1138,#1139),(#1140,#1141),
(#1142,#1143),(#1144,#1145),(#1146,#1147),(#1148,#1149),(#1150,#1151),(#1152,
#1153),(#1154,#1155),(#1156,#1157),(#1158,#1159),(#1160,#1161),(#1162,#1163),
(#1164,#1165),(#1166,#1167),(#1168,#1169),(#1170,#1171),(#1172,#1173),(#1174,
#1175),(#1176,#1177),(#1178,#1179),(#1180,#1181),(#1182,#1183),(#1184,#1185),
(#1186,#1187),(#1188,#1189),(#1190,#1191),(#1192,#1193),(#1194,#1195),(#1196,
#1197),(#1198,#1199),(#1200,#1201),(#1202,#1203),(#1204,#1205),(#1206,#1207),
(#1208,#1209),(#1210,#1211),(#1212,#1213),(#1214,#1215),(#1216,#1217),(#1218,
#1219),(#1220,#1221),(#1222,#1223),(#1224,#1225),(#1226,#1227),(#1228,#1229),
(#1230,#1231),(#1232,#1233),(#1234,#1235),(#1236,#1237),(#1238,#1239),(#1240,
#1241),(#1242,#1243),(#1244,#1245),(#1246,#1247),(#1248,#1249),(#1250,#1251),
(#1252,#1253),(#1254,#1255),(#1256,#1257),(#1258,#1259),(#1260,#1261),(#1262,
#1263),(#1264,#1265),(#1266,#1267),(#1268,#1269),(#1270,#1271),(#1272,#1273),
(#1274,#1275),(#1276,#1277),(#1278,#1279),(#1280,#1281),(#1282,#1283),(#1284,
#1285),(#1286,#1287),(#1288,#1289),(#1290,#1291),(#1292,#1293),(#1294,#1295),
(#1296,#1297),(#1298,#1299),(#1300,#1301),(#1302,#1303),(#1304,#1305),(#1306,
#1307),(#1308,#1309),(#1310,#1311),(#1312,#1313),(#1314,#1315),(#1316,#1317),
(#1318,#1319),(#1320,#1321),(#1322,#1323),(#1324,#1325),(#1326,#1327),(#1328,
#1329),(#1330,#1331),(#1332,#1333),(#1334,#1335),(#1336,#1337),(#1338,#1339),
(#1340,#1341),(#1342,#1343),(#1344,#1345),(#1346,#1347),(#1348,#1349),(#1350,
#1351),(#1352,#1353),(#1354,#1355),(#1356,#1357),(#1358,#1359),(#1360,#1361),
(#1362,#1363),(#1364,#1365),(#1366,#1367),(#1368,#1369),(#1370,#1371),(#1372,
#1373),(#1374,#1375),(#1376,#1377),(#1378,#1379),(#1380,#1381),(#1382,#1383),
(#1384,#1385),(#1386,#1387),(#1388,#1389),(#1390,#1391),(#1392,#1393),(#1394,
#1395),(#1396,#1397),(#1398,#1399),(#1400,#1401),(#1402,#1403),(#1404,#1405),
(#1406,#1407),(#1408,#1409),(#1410,#1411),(#1412,#1413),(#1414,#1415),(#1416,
#1417),(#1418,#1419),(#1420,#1421),(#1422,#1423),(#1424,#1425),(#1426,#1427),
(#1428,#1429),(#1430,#1431),(#1432,#1433),(#1434,#1435),(#1436,#1437),(#1438,
#1439),(#1440,#1441),(#1442,#1443),(#1444,#1445),(#1446,#1447),(#1448,#1449),
(#1450,#1451),(#1452,#1453),(#1454,#1455),(#1456,#1457),(#1458,#1459),(#1460,
#1461),(#1462,#1463),(#1464,#1465),(#1466,#1467),(#1468,#1469),(#1470,#1471),
(#1472,#1473),(#1474,#1475),(#1476,#1477),(#1478,#1479),(#1480,#1481),(#1482,
#1483),(#1484,#1485),(#1486,#1487),(#1488,#1489),(#1490,#1491),(#1492,#1493),
(#1494,#1495),(#1496,#1497),(#1498,#1499),(#1500,#1501),(#1502,#1503),(#1504,
#1505),(#1506,#1507),(#1508,#1509),(#1510,#1511),(#1512,#1513),(#1514,#1515),
(#1516,#1517),(#1518,#1519),(#1520,#1521),(#1522,#1523),(#1524,#1525),(#1526,
#1527),(#1528,#1529),(#1530,#1531),(#1532,#1533),(#1534,#1535),(#1536,#1537),
(#1538,#1539),(#1540,#1541),(#1542,#1543),(#1544,#1545),(#1546,#1547),(#1548,
#1549),(#1550,#1551),(#1552,#1553),(#1554,#1555),(#1556,#1557),(#1558,#1559),
(#1560,#1561),(#1562,#1563),(#1564,#1565),(#1566,#1567),(#1568,#1569),(#1570,
#1571),(#1572,#1573),(#1574,#1575),(#1576,#1577),(#1578,#1579),(#1580,#1581),
(#1582,#1583),(#1584,#1585),(#1586,#1587),(#1588,#1589),(#1590,#1591),(#1592,
#1593),(#1594,#1595),(#1596,#1597),(#1598,#1599),(#1600,#1601),(#1602,#1603),
(#1604,#1605),(#1606,#1607),(#1608,#1609),(#1610,#1611),(#1612,#1613),(#1614,
#1615),(#1616,#1617),(#1618,#1619),(#1620,#1621),(#1622,#1623),(#1624,#1625),
(#1626,#1627),(#1628,#1629),(#1630,#1631),(#1632,#1633),(#1634,#1635),(#1636,
#1637),(#1638,#1639),(#1640,#1641),(#1642,#1643),(#1644,#1645),(#1646,#1647),
(#1648,#1649),(#1650,#1651),(#1652,#1653),(#1654,#1655),(#1656,#1657),(#1658,
#1659),(#1660,#1661),(#1662,#1663),(#1664,#1665),(#1666,#1667),(#1668,#1669),
(#1670,#1671),(#1672,#1673),(#1674,#1675),(#1676,#1677),(#1678,#1679),(#1680,
#1681),(#1682,#1683),(#1684,#1685),(#1686,#1687),(#1688,#1689),(#1690,#1691),
(#1692,#1693),(#1694,#1695),(#1696,#1697),(#1698,#1699),(#1700,#1701),(#1702,
#1703),(#1704,#1705),(#1706,#1707),(#1708,#1709),(#1710,#1711),(#1712,#1713),
(#1714,#1715),(#1716,#1717),(#1718,#1719),(#1720,#1721),(#1722,#1723),(#1724,
#1725),(#1726,#1727),(#1728,#1729),(#1730,#1731),(#1732,#1733),(#1734,#1735),
(#1736,#1737),(#1738,#1739),(#1740,#1741),(#1742,#1743),(#1744,#1745),(#1746,
#1747),(#1748,#1749),(#1750,#1751),(#1752,#1753),(#1754,#1755),(#1756,#1757),
(#1758,#1759),(#1760,#1761),(#1762,#1763),(#1764,#1765),(#1766,#1767),(#1768,
#1769),(#1770,#1771),(#1772,#1773),(#1774,#1775),(#1776,#1777),(#1778,#1779),
(#1780,#1781),(#1782,#1783),(#1784,#1785),(#1786,#1787),(#1788,#1789),(#1790,
#1791),(#1792,#1793),(#1794,#1795),(#1796,#1797),(#1798,#1799),(#1800,#1801),
(#1802,#1803),(#1804,#1805),(#1806,#1807),(#1808,#1809),(#1810,#1811),(#1812,
#1813),(#1814,#1815),(#1816,#1817),(#1818,#1819),(#1820,#1821),(#1822,#1823),
(#1824,#1825),(#1826,#1827),(#1828,#1829),(#1830,#1831),(#1832,#1833),(#1834,
#1835),(#1836,#1837),(#1838,#1839),(#1840,#1841),(#1842,#1843),(#1844,#1845),
(#1846,#1847),(#1848,#1849),(#1850,#1851),(#1852,#1853),(#1854,#1855),(#1856,
#1857),(#1858,#1859),(#1860,#1861),(#1862,#1863),(#1864,#1865),(#1866,#1867),
(#1868,#1869),(#1870,#1871),(#1872,#1873),(#1874,#1875),(#1876,#1877),(#1878,
#1879),(#1880,#1881),(#1882,#1883),(#1884,#1885),(#1886,#1887),(#1888,#1889),
(#1890,#1891),(#1892,#1893),(#1894,#1895),(#1896,#1897),(#1898,#1899),(#1900,
#1901),(#1902,#1903),(#1904,#1905),(#1906,#1907),(#1908,#1909),(#1910,#1911),
(#1912,#1913),(#1914,#1915),(#1916,#1917),(#1918,#1919),(#1920,#1921),(#1922,
#1923),(#1924,#1925),(#1926,#1927),(#1928,#1929),(#1930,#1931),(#1932,#1933),
(#1934,#1935),(#1936,#1937),(#1938,#1939),(#1940,#1941),(#1942,#1943),(#1944,
#1945),(#1946,#1947),(#1948,#1949),(#1950,#1951),(#1952,#1953),(#1954,#1955),
(#1956,#1957),(#1958,#1959),(#1960,#1961),(#1962,#1963),(#1964,#1965),(#1966,
#1967),(#1968,#1969),(#1970,#1971),(#1972,#1973),(#1974,#1975),(#1976,#1977),
(#1978,#1979),(#1980,#1981),(#1982,#1983),(#1984,#1985),(#1986,#1987),(#1988,
#1989),(#1990,#1991),(#1992,#1993),(#1994,#1995),(#1996,#1997),(#1998,#1999),
(#2000,#2001),(#2002,#2003),(#2004,#2005),(#2006,#2007),(#2008,#2009),(#2010,
#2011),(#2012,#2013),(#2014,#2015),(#2016,#2017),(#2018,#2019),(#2020,#2021),
(#2022,#2023),(#2024,#2025),(#2026,#2027),(#2028,#2029),(#2030,#2031),(#2032,
#2033),(#2034,#2035),(#2036,#2037),(#2038,#2039),(#2040,#2041),(#2042,#2043),
(#2044,#2045),(#2046,#2047),(#2048,#2049),(#2050,#2051),(#2052,#2053),(#2054,
#2055),(#2056,#2057),(#2058,#2059),(#2060,#2061),(#2062,#2063),(#2064,#2065),
(#2066,#2067),(#2068,#2069),(#2070,#2071),(#2072,#2073),(#2074,#2075),(#2076,
#2077),(#2078,#2079),(#2080,#2081),(#2082,#2083),(#2084,#2085),(#2086,#2087),
(#2088,#2089),(#2090,#2091),(#2092,#2093),(#2094,#2095),(#2096,#2097),(#2098,
#2099),(#2100,#2101),(#2102,#2103),(#2104,#2105),(#2106,#2107),(#2108,#2109),
(#2110,#2111),(#2112,#2113),(#2114,#2115),(#2116,#2117),(#2118,#2119),(#2120,
#2121),(#2122,#2123),(#2124,#2125),(#2126,#2127),(#2128,#2129),(#2130,#2131),
(#2132,#2133),(#2134,#2135),(#2136,#2137),(#2138,#2139),(#2140,#2141),(#2142,
#2143),(#2144,#2145),(#2146,#2147),(#2148,#2149),(#2150,#2151),(#2152,#2153),
(#2154,#2155),(#2156,#2157),(#2158,#2159),(#2160,#2161),(#2162,#2163),(#2164,
#2165),(#2166,#2167),(#2168,#2169),(#2170,#2171),(#2172,#2173),(#2174,#2175),
(#2176,#2177),(#2178,#2179),(#2180,#2181),(#2182,#2183),(#2184,#2185),(#2186,
#2187),(#2188,#2189),(#2190,#2191),(#2192,#2193),(#2194,#2195),(#2196,#2197),
(#2198,#2199),(#2200,#2201),(#2202,#2203),(#2204,#2205),(#2206,#2207),(#2208,
#2209),(#2210,#2211),(#2212,#2213),(#2214,#2215),(#2216,#2217),(#2218,#2219),
(#2220,#2221),(#2222,#2223),(#2224,#2225),(#2226,#2227),(#2228,#2229),(#2230,
#2231),(#2232,#2233),(#2234,#2235),(#2236,#2237),(#2238,#2239),(#2240,#2241),
(#2242,#2243),(#2244,#2245),(#2246,#2247),(#2248,#2249),(#2250,#2251),(#2252,
#2253),(#2254,#2255),(#2256,#2257),(#2258,#2259),(#2260,#2261),(#2262,#2263),
(#2264,#2265),(#2266,#2267),(#2268,#2269),(#2270,#2271),(#2272,#2273),(#2274,
#2275),(#2276,#2277),(#2278,#2279),(#2280,#2281),(#2282,#2283),(#2284,#2285),
(#2286,#2287),(#2288,#2289),(#2290,#2291),(#2292,#2293),(#2294,#2295),(#2296,
#2297),(#2298,#2299),(#2300,#2301),(#2302,#2303),(#2304,#2305),(#2306,#2307),
(#2308,#2309),(#2310,#2311),(#2312,#2313),(#2314,#2315),(#2316,#2317),(#2318,
#2319),(#2320,#2321),(#2322,#2323),(#2324,#2325),(#2326,#2327),(#2328,#2329),
(#2330,#2331),(#2332,#2333),(#2334,#2335),(#2336,#2337),(#2338,#2339),(#2340,
#2341),(#2342,#2343),(#2344,#2345),(#2346,#2347),(#2348,#2349),(#2350,#2351),
(#2352,#2353),(#2354,#2355),(#2356,#2357),(#2358,#2359),(#2360,#2361),(#2362,
#2363),(#2364,#2365),(#2366,#2367),(#2368,#2369),(#2370,#2371),(#2372,#2373),
(#2374,#2375),(#2376,#2377),(#2378,#2379),(#2380,#2381),(#2382,#2383),(#2384,
#2385),(#2386,#2387),(#2388,#2389),(#2390,#2391),(#2392,#2393),(#2394,#2395),
(#2396,#2397),(#2398,#2399),(#2400,#2401),(#2402,#2403),(#2404,#2405),(#2406,
#2407),(#2408,#2409),(#2410,#2411),(#2412,#2413),(#2414,#2415),(#2416,#2417),
(#2418,#2419),(#2420,#2421),(#2422,#2423),(#2424,#2425),(#2426,#2427),(#2428,
#2429),(#2430,#2431),(#2432,#2433),(#2434,#2435),(#2436,#2437),(#2438,#2439),
(#2440,#2441),(#2442,#2443),(#2444,#2445),(#2446,#2447),(#2448,#2449),(#2450,
#2451),(#2452,#2453),(#2454,#2455),(#2456,#2457),(#2458,#2459),(#2460,#2461),
(#2462,#2463),(#2464,#2465),(#2466,#2467),(#2468,#2469),(#2470,#2471),(#2472,
#2473),(#2474,#2475),(#2476,#2477),(#2478,#2479),(#2480,#2481),(#2482,#2483),
(#2484,#2485),(#2486,#2487),(#2488,#2489),(#2490,#2491),(#2492,#2493),(#2494,
#2495),(#2496,#2497),(#2498,#2499),(#2500,#2501),(#2502,#2503),(#2504,#2505),
(#2506,#2507),(#2508,#2509),(#2510,#2511),(#2512,#2513),(#2514,#2515),(#2516,
#2517),(#2518,#2519),(#2520,#2521),(#2522,#2523),(#2524,#2525),(#2526,#2527),
(#2528,#2529),(#2530,#2531),(#2532,#2533),(#2534,#2535),(#2536,#2537),(#2538,
#2539),(#2540,#2541),(#2542,#2543),(#2544,#2545),(#2546,#2547),(#2548,#2549),
(#2550,#2551),(#2552,#2553),(#2554,#2555),(#2556,#2557),(#2558,#2559),(#2560,
#2561),(#2562,#2563),(#2564,#2565),(#2566,#2567),(#2568,#2569),(#2570,#2571),
(#2572,#2573),(#2574,#2575),(#2576,#2577),(#2578,#2579),(#2580,#2581),(#2582,
#2583),(#2584,#2585),(#2586,#2587),(#2588,#2589),(#2590,#2591),(#2592,#2593),
(#2594,#2595),(#2596,#2597),(#2598,#2599),(#2600,#2601),(#2602,#2603),(#2604,
#2605),(#2606,#2607),(#2608,#2609),(#2610,#2611),(#2612,#2613),(#2614,#2615),
(#2616,#2617),(#2618,#2619),(#2620,#2621),(#2622,#2623),(#2624,#2625),(#2626,
#2627),(#2628,#2629),(#2630,#2631),(#2632,#2633),(#2634,#2635),(#2636,#2637),
(#2638,#2639),(#2640,#2641),(#2642,#2643),(#2644,#2645),(#2646,#2647),(#2648,
#2649),(#2650,#2651),(#2652,#2653),(#2654,#2655),(#2656,#2657),(#2658,#2659),
(#2660,#2661),(#2662,#2663),(#2664,#2665),(#2666,#2667),(#2668,#2669),(#2670,
#2671),(#2672,#2673),(#2674,#2675),(#2676,#2677),(#2678,#2679),(#2680,#2681),
(#2682,#2683),(#2684,#2685),(#2686,#2687),(#2688,#2689),(#2690,#2691),(#2692,
#2693),(#2694,#2695),(#2696,#2697),(#2698,#2699),(#2700,#2701),(#2702,#2703),
(#2704,#2705),(#2706,#2707),(#2708,#2709),(#2710,#2711),(#2712,#2713),(#2714,
#2715),(#2716,#2717),(#2718,#2719),(#2720,#2721),(#2722,#2723),(#2724,#2725),
(#2726,#2727),(#2728,#2729),(#2730,#2731),(#2732,#2733),(#2734,#2735),(#2736,
#2737),(#2738,#2739),(#2740,#2741),(#2742,#2743),(#2744,#2745),(#2746,#2747),
(#2748,#2749),(#2750,#2751),(#2752,#2753),(#2754,#2755),(#2756,#2757),(#2758,
#2759),(#2760,#2761),(#2762,#2763),(#2764,#2765),(#2766,#2767),(#2768,#2769),
(#2770,#2771),(#2772,#2773),(#2774,#2775),(#2776,#2777),(#2778,#2779),(#2780,
#2781),(#2782,#2783),(#2784,#2785),(#2786,#2787),(#2788,#2789),(#2790,#2791),
(#2792,#2793),(#2794,#2795),(#2796,#2797),(#2798,#2799),(#2800,#2801),(#2802,
#2803),(#2804,#2805),(#2806,#2807),(#2808,#2809),(#2810,#2811),(#2812,#2813),
(#2814,#2815),(#2816,#2817),(#2818,#2819),(#2820,#2821),(#2822,#2823),(#2824,
#2825),(#2826,#2827),(#2828,#2829),(#2830,#2831),(#2832,#2833),(#2834,#2835),
(#2836,#2837),(#2838,#2839),(#2840,#2841),(#2842,#2843),(#2844,#2845),(#2846,
#2847),(#2848,#2849),(#2850,#2851),(#2852,#2853),(#2854,#2855),(#2856,#2857),
(#2858,#2859),(#2860,#2861),(#2862,#2863),(#2864,#2865),(#2866,#2867),(#2868,
#2869),(#2870,#2871),(#2872,#2873),(#2874,#2875),(#2876,#2877),(#2878,#2879),
(#2880,#2881),(#2882,#2883),(#2884,#2885),(#2886,#2887),(#2888,#2889),(#2890,
#2891),(#2892,#2893),(#2894,#2895),(#2896,#2897),(#2898,#2899),(#2900,#2901),
(#2902,#2903),(#2904,#2905),(#2906,#2907),(#2908,#2909),(#2910,#2911),(#2912,
#2913),(#2914,#2915),(#2916,#2917),(#2918,#2919),(#2920,#2921),(#2922,#2923),
(#2924,#2925),(#2926,#2927),(#2928,#2929),(#2930,#2931),(#2932,#2933),(#2934,
#2935),(#2936,#2937),(#2938,#2939),(#2940,#2941),(#2942,#2943),(#2944,#2945),
(#2946,#2947),(#2948,#2949),(#2950,#2951),(#2952,#2953),(#2954,#2955),(#2956,
#2957),(#2958,#2959),(#2960,#2961),(#2962,#2963),(#2964,#2965),(#2966,#2967),
(#2968,#2969),(#2970,#2971),(#2972,#2973),(#2974,#2975),(#2976,#2977),(#2978,
#2979),(#2980,#2981),(#2982,#2983),(#2984,#2985),(#2986,#2987),(#2988,#2989),
(#2990,#2991),(#2992,#2993),(#2994,#2995),(#2996,#2997),(#2998,#2999),(#3000,
#3001),(#3002,#3003),(#3004,#3005),(#3006,#3007),(#3008,#3009),(#3010,#3011),
(#3012,#3013),(#3014,#3015),(#3016,#3017),(#3018,#3019),(#3020,#3021),(#3022,
#3023),(#3024,#3025),(#3026,#3027),(#3028,#3029),(#3030,#3031),(#3032,#3033),
(#3034,#3035),(#3036,#3037),(#3038,#3039),(#3040,#3041),(#3042,#3043),(#3044,
#3045),(#3046,#3047),(#3048,#3049),(#3050,#3051),(#3052,#3053),(#3054,#3055),
(#3056,#3057),(#3058,#3059),(#3060,#3061),(#3062,#3063),(#3064,#3065),(#3066,
#3067),(#3068,#3069),(#3070,#3071),(#3072,#3073),(#3074,#3075),(#3076,#3077),
(#3078,#3079),(#3080,#3081),(#3082,#3083),(#3084,#3085),(#3086,#3087),(#3088,
#3089),(#3090,#3091),(#3092,#3093),(#3094,#3095),(#3096,#3097),(#3098,#3099),
(#3100,#3101),(#3102,#3103),(#3104,#3105),(#3106,#3107),(#3108,#3109),(#3110,
#3111)),.UNSPECIFIED.,.F.,.F.,.F.)
B_SPLINE_SURFACE_WITH_KNOTS((6,1,1,1,1,1,1,1,1,1,1,1,1,1,1,1,1,1,1,1,1,
1,1,1,1,1,1,1,1,1,1,1,1,1,1,1,1,1,1,1,1,1,1,1,1,1,1,1,1,1,1,1,1,1,1,1,1,
1,1,1,1,1,1,1,1,1,1,1,1,1,1,1,1,1,1,1,1,1,1,1,1,1,1,1,1,1,1,1,1,1,1,1,1,
1,1,1,1,1,1,1,1,1,1,1,1,1,1,1,1,1,1,1,1,1,1,1,1,1,1,1,1,1,1,1,1,1,1,1,1,
1,1,1,1,1,1,1,1,1,1,1,1,1,1,1,1,1,1,1,1,1,1,1,1,1,1,1,1,1,1,1,1,1,1,1,1,
1,1,1,1,1,1,1,1,1,1,1,1,1,1,1,1,1,1,1,1,1,1,1,1,1,1,1,1,1,1,1,1,1,1,1,1,
1,1,1,1,1,1,1,1,1,1,1,1,1,1,1,1,1,1,1,1,1,1,1,1,1,1,1,1,1,1,1,1,1,1,1,1,
1,1,1,1,1,1,1,1,1,1,1,1,1,1,1,1,1,1,1,1,1,1,1,1,1,1,1,1,1,1,1,1,1,1,1,1,
1,1,1,1,1,1,1,1,1,1,1,1,1,1,1,1,1,1,1,1,1,1,1,1,1,1,1,1,1,1,1,1,1,1,1,1,
1,1,1,1,1,1,1,1,1,1,1,1,1,1,1,1,1,1,1,1,1,1,1,1,1,1,1,1,1,1,1,1,1,1,1,1,
1,1,1,1,1,1,1,1,1,1,1,1,1,1,1,1,1,1,1,1,1,1,1,1,1,1,1,1,1,1,1,1,1,1,1,1,
1,1,1,1,1,1,1,1,1,1,1,1,1,1,1,1,1,1,1,1,1,1,1,1,1,1,1,1,1,1,1,1,1,1,1,1,
1,1,1,1,1,1,1,1,1,1,1,1,1,1,1,1,1,1,1,1,1,1,1,1,1,1,1,1,1,1,1,1,1,1,1,1,
1,1,1,1,1,1,1,1,1,1,1,1,1,1,1,1,1,1,1,1,1,1,1,1,1,1,1,1,1,1,1,1,1,1,1,1,
1,1,1,1,1,1,1,1,1,1,1,1,1,1,1,1,1,1,1,1,1,1,1,1,1,1,1,1,1,1,1,1,1,1,1,1,
1,1,1,1,1,1,1,1,1,1,1,1,1,1,1,1,1,1,1,1,1,1,1,1,1,1,1,1,1,1,1,1,1,1,1,1,
1,1,1,1,1,1,1,1,1,1,1,1,1,1,1,1,1,1,1,1,1,1,1,1,1,1,1,1,1,1,1,1,1,1,1,1,
1,1,1,1,1,1,1,1,1,1,1,1,1,1,1,1,1,1,1,1,1,1,1,1,1,1,1,1,1,1,1,1,1,1,1,1,
1,1,1,1,1,1,1,1,1,1,1,1,1,1,1,1,1,1,1,1,1,1,1,1,1,1,1,1,1,1,1,1,1,1,1,1,
1,1,1,1,1,1,1,1,1,1,1,1,1,1,1,1,1,1,1,1,1,1,1,1,1,1,1,1,1,1,1,1,1,1,1,1,
1,1,1,1,1,1,1,1,1,1,1,1,1,1,1,1,1,1,1,1,1,1,1,1,1,1,1,1,1,1,1,1,1,1,1,1,
1,1,1,1,1,1,1,1,1,1,1,1,1,1,1,1,1,1,1,1,1,1,1,1,1,1,1,1,1,1,1,1,1,1,1,1,
1,1,1,1,1,1,1,1,1,1,1,1,1,1,1,1,1,1,1,1,1,1,1,1,1,1,1,1,1,1,1,1,1,1,1,1,
1,1,1,1,1,1,1,1,1,1,1,1,1,1,1,1,1,1,1,1,1,1,1,1,1,1,1,1,1,1,1,1,1,1,1,1,
1,1,1,1,1,1,1,1,1,1,1,1,1,1,1,1,1,1,1,1,1,1,1,1,1,1,1,1,1,1,1,1,1,1,1,1,
1,1,1,1,1,1,1,1,1,1,1,1,1,1,1,1,1,1,1,1,1,1,1,1,1,1,1,1,1,1,1,1,1,1,1,1,
1,1,1,1,1,1,1,1,1,1,1,1,1,1,1,1,1,1,1,1,1,1,1,1,1,1,1,1,1,1,1,1,1,1,1,1,
1,1,1,1,1,1,1,1,1,1,1,1,1,1,1,1,1,1,1,1,1,1,1,1,1,1,1,1,1,1,1,1,1,1,1,1,
1,1,1,1,1,1,1,6),(2,2),(-1.,-0.999000000000001,-0.998000000000001,-0.997000000000001,
-0.996000000000001,-0.995000000000001,-0.994000000000001,-0.993000000000001,
-0.992000000000001,-0.991000000000001,-0.990000000000001,-0.989000000000001,
-0.988000000000001,-0.987000000000001,-0.986000000000001,-0.985000000000001,
-0.984000000000001,-0.983000000000001,-0.982000000000001,-0.981000000000001,
-0.980000000000001,-0.979000000000001,-0.978000000000001,-0.977000000000001,
-0.976000000000001,-0.975000000000001,-0.974000000000001,-0.973000000000001,
-0.972000000000001,-0.971000000000001,-0.970000000000001,-0.969000000000001,
-0.968000000000001,-0.967000000000001,-0.966000000000001,-0.965000000000001,
-0.964000000000001,-0.963000000000001,-0.962000000000001,-0.961000000000001,
-0.960000000000001,-0.959000000000001,-0.958000000000001,-0.957000000000001,
-0.956000000000001,-0.955000000000001,-0.954000000000001,-0.953000000000001,
-0.952000000000001,-0.951000000000001,-0.950000000000001,-0.949000000000001,
-0.948000000000001,-0.947000000000001,-0.946000000000001,-0.945000000000001,
-0.944000000000001,-0.943000000000001,-0.942000000000001,-0.941000000000001,
-0.940000000000001,-0.939000000000001,-0.938000000000001,-0.937000000000001,
-0.936000000000001,-0.935000000000001,-0.934000000000001,-0.933000000000001,
-0.932000000000001,-0.931000000000001,-0.930000000000001,-0.929000000000001,
-0.928000000000001,-0.927000000000001,-0.926000000000001,-0.925000000000001,
-0.924000000000001,-0.923000000000001,-0.922000000000001,-0.921000000000001,
-0.920000000000001,-0.919000000000001,-0.918000000000001,-0.917000000000001,
-0.916000000000001,-0.915000000000001,-0.914000000000001,-0.913000000000001,
-0.912000000000001,-0.911000000000001,-0.910000000000001,-0.909000000000001,
-0.908000000000001,-0.907000000000001,-0.906000000000001,-0.905000000000001,
-0.904000000000001,-0.903000000000001,-0.902000000000001,-0.901000000000001,
-0.900000000000001,-0.899000000000001,-0.898000000000001,-0.897000000000001,
-0.896000000000001,-0.895000000000001,-0.894000000000001,-0.893000000000001,
-0.892000000000001,-0.891000000000001,-0.890000000000001,-0.889000000000001,
-0.888000000000001,-0.887000000000001,-0.886000000000001,-0.885000000000001,
-0.884000000000001,-0.883000000000001,-0.882000000000001,-0.881000000000001,
-0.880000000000001,-0.879000000000001,-0.878000000000001,-0.877000000000001,
-0.876000000000001,-0.875000000000001,-0.874000000000001,-0.873000000000001,
-0.872000000000001,-0.871000000000001,-0.870000000000001,-0.869000000000001,
-0.868000000000001,-0.867000000000001,-0.866000000000001,-0.865000000000001,
-0.864000000000001,-0.863000000000001,-0.862000000000001,-0.861000000000001,
-0.860000000000001,-0.859000000000001,-0.858000000000001,-0.857000000000001,
-0.856000000000001,-0.855000000000001,-0.854000000000001,-0.853000000000001,
-0.852000000000001,-0.851000000000001,-0.850000000000001,-0.849000000000001,
-0.848000000000001,-0.847000000000001,-0.846000000000001,-0.845000000000001,
-0.844000000000001,-0.843000000000001,-0.842000000000001,-0.841000000000001,
-0.840000000000001,-0.839000000000001,-0.838000000000001,-0.837000000000001,
-0.836000000000001,-0.835000000000001,-0.834000000000001,-0.833000000000001,
-0.832000000000001,-0.831000000000001,-0.830000000000001,-0.829000000000001,
-0.828000000000001,-0.827000000000001,-0.826000000000001,-0.825000000000001,
-0.824000000000001,-0.823000000000001,-0.822000000000001,-0.821000000000001,
-0.820000000000001,-0.819000000000001,-0.818000000000001,-0.817000000000001,
-0.816000000000001,-0.815000000000001,-0.814000000000001,-0.813000000000001,
-0.812000000000001,-0.811000000000001,-0.810000000000001,-0.809000000000001,
-0.808000000000001,-0.807000000000001,-0.806000000000001,-0.805000000000001,
-0.804000000000001,-0.803000000000001,-0.802000000000001,-0.801000000000001,
-0.800000000000001,-0.799000000000001,-0.798000000000001,-0.797000000000001,
-0.796000000000001,-0.795000000000001,-0.794000000000001,-0.793000000000001,
-0.792000000000001,-0.791000000000001,-0.790000000000001,-0.789000000000001,
-0.788000000000001,-0.787000000000001,-0.786000000000001,-0.785000000000001,
-0.784000000000001,-0.783000000000001,-0.782000000000001,-0.781000000000001,
-0.780000000000001,-0.779000000000001,-0.778000000000001,-0.777000000000001,
-0.776000000000001,-0.775000000000001,-0.774000000000001,-0.773000000000001,
-0.772000000000001,-0.771000000000001,-0.770000000000001,-0.769000000000001,
-0.768000000000001,-0.767000000000001,-0.766000000000001,-0.765000000000001,
-0.764000000000001,-0.763000000000001,-0.762000000000001,-0.761000000000001,
-0.760000000000001,-0.759000000000001,-0.758000000000001,-0.757000000000001,
-0.756000000000001,-0.755000000000001,-0.754000000000001,-0.753000000000001,
-0.752000000000001,-0.751000000000001,-0.750000000000001,-0.749000000000001,
-0.748000000000001,-0.747000000000001,-0.746000000000001,-0.745000000000001,
-0.744000000000001,-0.743000000000001,-0.742000000000001,-0.741000000000001,
-0.740000000000001,-0.739000000000001,-0.738000000000001,-0.737000000000001,
-0.736000000000001,-0.735000000000001,-0.734000000000001,-0.733000000000001,
-0.732000000000001,-0.731000000000001,-0.730000000000001,-0.729000000000001,
-0.728000000000001,-0.727000000000001,-0.726000000000001,-0.725000000000001,
-0.724000000000001,-0.723000000000001,-0.722000000000001,-0.721000000000001,
-0.720000000000001,-0.719000000000001,-0.718000000000001,-0.717000000000001,
-0.716000000000001,-0.715000000000001,-0.714000000000001,-0.713000000000001,
-0.712000000000001,-0.711000000000001,-0.710000000000001,-0.709000000000001,
-0.708000000000001,-0.707000000000001,-0.706000000000001,-0.705000000000001,
-0.704000000000001,-0.703000000000001,-0.702000000000001,-0.701000000000001,
-0.700000000000001,-0.699000000000001,-0.698000000000001,-0.697000000000001,
-0.696000000000001,-0.695000000000001,-0.694000000000001,-0.693000000000001,
-0.692000000000001,-0.691000000000001,-0.690000000000001,-0.689000000000001,
-0.688000000000001,-0.687,-0.686,-0.685,-0.684,-0.683,-0.682,-0.681,-0.68,
-0.679,-0.678,-0.677,-0.676,-0.675,-0.674,-0.673,-0.672,-0.671,-0.67,-0.669,
-0.668,-0.667,-0.666,-0.665,-0.664,-0.663,-0.662,-0.661,-0.66,-0.659,-0.658,
-0.657,-0.656,-0.655,-0.654,-0.653,-0.652,-0.651,-0.65,-0.649,-0.648,-0.647,
-0.646,-0.645,-0.644,-0.643,-0.642,-0.641,-0.64,-0.639,-0.638,-0.637,-0.636,
-0.635,-0.634,-0.633,-0.632,-0.631,-0.63,-0.629,-0.628,-0.627,-0.626,-0.625,
-0.624,-0.623,-0.622,-0.621,-0.62,-0.619,-0.618,-0.617,-0.616,-0.615,-0.614,
-0.613,-0.612,-0.611,-0.61,-0.609,-0.608,-0.607,-0.606,-0.605,-0.604,-0.603,
-0.602,-0.601,-0.6,-0.599,-0.598,-0.597,-0.596,-0.595,-0.594,-0.593,-0.592,
-0.591,-0.59,-0.589,-0.588,-0.587,-0.586,-0.585,-0.584,-0.583,-0.582,-0.581,
-0.58,-0.579,-0.578,-0.577,-0.576,-0.575,-0.574,-0.573,-0.572,-0.571,-0.57,
-0.569,-0.568,-0.567,-0.566,-0.565,-0.564,-0.563,-0.562,-0.561,-0.56,-0.559,
-0.558,-0.557,-0.556,-0.555,-0.554,-0.553,-0.552,-0.551,-0.55,-0.549,-0.548,
-0.547,-0.546,-0.545,-0.544,-0.543,-0.542,-0.541,-0.54,-0.539,-0.538,-0.537,
-0.536,-0.535,-0.534,-0.533,-0.532,-0.531,-0.53,-0.529,-0.528,-0.527,-0.526,
-0.525,-0.524,-0.523,-0.522,-0.521,-0.52,-0.519,-0.518,-0.517,-0.516,-0.515,
-0.514,-0.513,-0.512,-0.511,-0.51,-0.509,-0.508,-0.507,-0.506,-0.505,-0.504,
-0.503,-0.502,-0.501,-0.5,-0.499,-0.498,-0.497,-0.496,-0.495,-0.494,-0.493,
-0.492,-0.491,-0.49,-0.489,-0.488,-0.487,-0.486,-0.485,-0.484,-0.483,-0.482,
-0.481,-0.48,-0.479,-0.478,-0.477,-0.476,-0.475,-0.474,-0.473,-0.472,-0.471,
-0.47,-0.469,-0.468,-0.467,-0.466,-0.465,-0.464,-0.463,-0.462,-0.461,-0.46,
-0.459,-0.458,-0.457,-0.456,-0.455,-0.454,-0.453,-0.452,-0.451,-0.45,-0.449,
-0.448,-0.447,-0.446,-0.445,-0.444,-0.443,-0.442,-0.441,-0.44,-0.439,-0.438,
-0.437,-0.436,-0.435,-0.434,-0.433,-0.432,-0.431,-0.43,-0.429,-0.428,-0.427,
-0.426,-0.425,-0.424,-0.423,-0.422,-0.421,-0.42,-0.419,-0.418,-0.417,-0.416,
-0.415,-0.414,-0.413,-0.412,-0.411,-0.41,-0.409,-0.408,-0.407,-0.406,-0.405,
-0.404,-0.403,-0.402,-0.401,-0.4,-0.399,-0.398,-0.397,-0.396,-0.395,-0.394,
-0.393,-0.392,-0.391,-0.39,-0.389,-0.388,-0.387,-0.386,-0.385,-0.384,-0.383,
-0.382,-0.381,-0.38,-0.379,-0.378,-0.377,-0.376,-0.375,-0.374,-0.373,-0.372,
-0.371,-0.37,-0.369,-0.368,-0.367,-0.366,-0.365,-0.364,-0.363,-0.362,-0.361,
-0.36,-0.359,-0.358,-0.357,-0.356,-0.355,-0.354,-0.353,-0.352,-0.351,-0.35,
-0.349,-0.348,-0.347,-0.346,-0.345,-0.344,-0.343,-0.342,-0.341,-0.34,-0.339,
-0.338,-0.337,-0.336,-0.335,-0.334,-0.333,-0.332,-0.331,-0.33,-0.329,-0.328,
-0.327,-0.326,-0.325,-0.324,-0.323,-0.322,-0.321,-0.32,-0.319,-0.318,-0.317,
-0.316,-0.315,-0.314,-0.313,-0.312,-0.311,-0.31,-0.309,-0.308,-0.307,-0.306,
-0.305,-0.304,-0.303,-0.302,-0.301,-0.3,-0.299,-0.298,-0.297,-0.296,-0.295,
-0.294,-0.293,-0.292,-0.291,-0.29,-0.289,-0.288,-0.287,-0.286,-0.285,-0.284,
-0.283,-0.282,-0.281,-0.28,-0.279,-0.278,-0.277,-0.276,-0.275,-0.274,-0.273,
-0.272,-0.271,-0.27,-0.269,-0.268,-0.267,-0.266,-0.265,-0.264,-0.263,-0.262,
-0.261,-0.26,-0.259,-0.258,-0.257,-0.256,-0.255,-0.254,-0.253,-0.252,-0.251,
-0.25,-0.249,-0.248,-0.247,-0.246,-0.245,-0.244,-0.243,-0.242,-0.241,-0.24,
-0.239,-0.238,-0.237,-0.236,-0.235,-0.234,-0.233,-0.232,-0.231,-0.23,-0.229,
-0.228,-0.227,-0.226,-0.225,-0.224,-0.223,-0.222,-0.221,-0.22,-0.219,-0.218,
-0.217,-0.216,-0.215,-0.214,-0.213,-0.212,-0.211,-0.21,-0.209,-0.208,-0.207,
-0.206,-0.205,-0.204,-0.203,-0.202,-0.201,-0.2,-0.199,-0.198,-0.197,-0.196,
-0.195,-0.194,-0.193,-0.192,-0.191,-0.19,-0.189,-0.188,-0.187,-0.186,-0.185,
-0.184,-0.183,-0.182,-0.181,-0.18,-0.179,-0.178,-0.177,-0.176,-0.175,-0.174,
-0.173,-0.172,-0.171,-0.17,-0.169,-0.168,-0.167,-0.166,-0.165,-0.164,-0.163,
-0.162,-0.161,-0.16,-0.159,-0.158,-0.157,-0.156,-0.155,-0.154,-0.153,-0.152,
-0.151,-0.15,-0.149,-0.148,-0.147,-0.146,-0.145,-0.144,-0.143,-0.142,-0.141,
-0.14,-0.139,-0.138,-0.137,-0.136,-0.135,-0.134,-0.133,-0.132,-0.131,-0.13,
-0.129,-0.128,-0.127,-0.126,-0.125,-0.124,-0.123,-0.122,-0.121,-0.12,-0.119,
-0.118,-0.117,-0.116,-0.115,-0.114,-0.113,-0.112,-0.111,-0.11,-0.109,-0.108,
-0.107,-0.106,-0.105,-0.104,-0.103,-0.102,-0.101,-0.1,-0.0990000000000001,
-0.0980000000000001,-0.0970000000000001,-0.0960000000000001,-0.0950000000000001,
-0.0940000000000001,-0.0930000000000001,-0.0920000000000001,-0.0910000000000001,
-0.0900000000000001,-0.0890000000000001,-0.0880000000000001,-0.0870000000000001,
-0.0860000000000001,-0.0850000000000001,-0.0840000000000001,-0.0830000000000001,
-0.0820000000000001,-0.0810000000000001,-0.0800000000000001,-0.0790000000000001,
-0.0780000000000001,-0.0770000000000001,-0.0760000000000001,-0.0750000000000001,
-0.0740000000000001,-0.0730000000000001,-0.0720000000000001,-0.071,-0.07,
-0.069,-0.068,-0.067,-0.066,-0.065,-0.064,-0.063,-0.062,-0.061,-0.06,-0.059,
-0.058,-0.057,-0.056,-0.055,-0.054,-0.053,-0.052,-0.051,-0.05,-0.049,-0.048,
-0.047,-0.046,-0.045,-0.044,-0.043,-0.042,-0.041,-0.04,-0.039,-0.038,-0.037,
-0.036,-0.035,-0.034,-0.033,-0.032,-0.031,-0.03,-0.029,-0.028,-0.027,-0.026,
-0.025,-0.024,-0.023,-0.022,-0.021,-0.02,-0.019,-0.018,-0.017,-0.016,-0.015,
-0.014,-0.013,-0.012,-0.011,-0.01,-0.009,-0.008,-0.007,-0.006,-0.005,-0.004,
-0.003,-0.002,-0.001,0.),(-50.,50.),.UNSPECIFIED.)
GEOMETRIC_REPRESENTATION_ITEM()
RATIONAL_B_SPLINE_SURFACE(((1.,1.),(1.,1.),(1.,1.),(1.,1.),(1.,1.),(1.,
1.),(1.,1.),(1.,1.),(1.,1.),(1.,1.),(1.,1.),(1.,1.),(1.,1.),(1.,1.),(1.,
1.),(1.,1.),(1.,1.),(1.,1.),(1.,1.),(1.,1.),(1.,1.),(1.,1.),(1.,1.),(1.,
1.),(1.,1.),(1.,1.),(1.,1.),(1.,1.),(1.,1.),(1.,1.),(1.,1.),(1.,1.),(1.,
1.),(1.,1.),(1.,1.),(1.,1.),(1.,1.),(1.,1.),(1.,1.),(1.,1.),(1.,1.),(1.,
1.),(1.,1.),(1.,1.),(1.,1.),(1.,1.),(1.,1.),(1.,1.),(1.,1.),(1.,1.),(1.,
1.),(1.,1.),(1.,1.),(1.,1.),(1.,1.),(1.,1.),(1.,1.),(1.,1.),(1.,1.),(1.,
1.),(1.,1.),(1.,1.),(1.,1.),(1.,1.),(1.,1.),(1.,1.),(1.,1.),(1.,1.),(1.,
1.),(1.,1.),(1.,1.),(1.,1.),(1.,1.),(1.,1.),(1.,1.),(1.,1.),(1.,1.),(1.,
1.),(1.,1.),(1.,1.),(1.,1.),(1.,1.),(1.,1.),(1.,1.),(1.,1.),(1.,1.),(1.,
1.),(1.,1.),(1.,1.),(1.,1.),(1.,1.),(1.,1.),(1.,1.),(1.,1.),(1.,1.),(1.,
1.),(1.,1.),(1.,1.),(1.,1.),(1.,1.),(1.,1.),(1.,1.),(1.,1.),(1.,1.),(1.,
1.),(1.,1.),(1.,1.),(1.,1.),(1.,1.),(1.,1.),(1.,1.),(1.,1.),(1.,1.),(1.,
1.),(1.,1.),(1.,1.),(1.,1.),(1.,1.),(1.,1.),(1.,1.),(1.,1.),(1.,1.),(1.,
1.),(1.,1.),(1.,1.),(1.,1.),(1.,1.),(1.,1.),(1.,1.),(1.,1.),(1.,1.),(1.,
1.),(1.,1.),(1.,1.),(1.,1.),(1.,1.),(1.,1.),(1.,1.),(1.,1.),(1.,1.),(1.,
1.),(1.,1.),(1.,1.),(1.,1.),(1.,1.),(1.,1.),(1.,1.),(1.,1.),(1.,1.),(1.,
1.),(1.,1.),(1.,1.),(1.,1.),(1.,1.),(1.,1.),(1.,1.),(1.,1.),(1.,1.),(1.,
1.),(1.,1.),(1.,1.),(1.,1.),(1.,1.),(1.,1.),(1.,1.),(1.,1.),(1.,1.),(1.,
1.),(1.,1.),(1.,1.),(1.,1.),(1.,1.),(1.,1.),(1.,1.),(1.,1.),(1.,1.),(1.,
1.),(1.,1.),(1.,1.),(1.,1.),(1.,1.),(1.,1.),(1.,1.),(1.,1.),(1.,1.),(1.,
1.),(1.,1.),(1.,1.),(1.,1.),(1.,1.),(1.,1.),(1.,1.),(1.,1.),(1.,1.),(1.,
1.),(1.,1.),(1.,1.),(1.,1.),(1.,1.),(1.,1.),(1.,1.),(1.,1.),(1.,1.),(1.,
1.),(1.,1.),(1.,1.),(1.,1.),(1.,1.),(1.,1.),(1.,1.),(1.,1.),(1.,1.),(1.,
1.),(1.,1.),(1.,1.),(1.,1.),(1.,1.),(1.,1.),(1.,1.),(1.,1.),(1.,1.),(1.,
1.),(1.,1.),(1.,1.),(1.,1.),(1.,1.),(1.,1.),(1.,1.),(1.,1.),(1.,1.),(1.,
1.),(1.,1.),(1.,1.),(1.,1.),(1.,1.),(1.,1.),(1.,1.),(1.,1.),(1.,1.),(1.,
1.),(1.,1.),(1.,1.),(1.,1.),(1.,1.),(1.,1.),(1.,1.),(1.,1.),(1.,1.),(1.,
1.),(1.,1.),(1.,1.),(1.,1.),(1.,1.),(1.,1.),(1.,1.),(1.,1.),(1.,1.),(1.,
1.),(1.,1.),(1.,1.),(1.,1.),(1.,1.),(1.,1.),(1.,1.),(1.,1.),(1.,1.),(1.,
1.),(1.,1.),(1.,1.),(1.,1.),(1.,1.),(1.,1.),(1.,1.),(1.,1.),(1.,1.),(1.,
1.),(1.,1.),(1.,1.),(1.,1.),(1.,1.),(1.,1.),(1.,1.),(1.,1.),(1.,1.),(1.,
1.),(1.,1.),(1.,1.),(1.,1.),(1.,1.),(1.,1.),(1.,1.),(1.,1.),(1.,1.),(1.,
1.),(1.,1.),(1.,1.),(1.,1.),(1.,1.),(1.,1.),(1.,1.),(1.,1.),(1.,1.),(1.,
1.),(1.,1.),(1.,1.),(1.,1.),(1.,1.),(1.,1.),(1.,1.),(1.,1.),(1.,1.),(1.,
1.),(1.,1.),(1.,1.),(1.,1.),(1.,1.),(1.,1.),(1.,1.),(1.,1.),(1.,1.),(1.,
1.),(1.,1.),(1.,1.),(1.,1.),(1.,1.),(1.,1.),(1.,1.),(1.,1.),(1.,1.),(1.,
1.),(1.,1.),(1.,1.),(1.,1.),(1.,1.),(1.,1.),(1.,1.),(1.,1.),(1.,1.),(1.,
1.),(1.,1.),(1.,1.),(1.,1.),(1.,1.),(1.,1.),(1.,1.),(1.,1.),(1.,1.),(1.,
1.),(1.,1.),(1.,1.),(1.,1.),(1.,1.),(1.,1.),(1.,1.),(1.,1.),(1.,1.),(1.,
1.),(1.,1.),(1.,1.),(1.,1.),(1.,1.),(1.,1.),(1.,1.),(1.,1.),(1.,1.),(1.,
1.),(1.,1.),(1.,1.),(1.,1.),(1.,1.),(1.,1.),(1.,1.),(1.,1.),(1.,1.),(1.,
1.),(1.,1.),(1.,1.),(1.,1.),(1.,1.),(1.,1.),(1.,1.),(1.,1.),(1.,1.),(1.,
1.),(1.,1.),(1.,1.),(1.,1.),(1.,1.),(1.,1.),(1.,1.),(1.,1.),(1.,1.),(1.,
1.),(1.,1.),(1.,1.),(1.,1.),(1.,1.),(1.,1.),(1.,1.),(1.,1.),(1.,1.),(1.,
1.),(1.,1.),(1.,1.),(1.,1.),(1.,1.),(1.,1.),(1.,1.),(1.,1.),(1.,1.),(1.,
1.),(1.,1.),(1.,1.),(1.,1.),(1.,1.),(1.,1.),(1.,1.),(1.,1.),(1.,1.),(1.,
1.),(1.,1.),(1.,1.),(1.,1.),(1.,1.),(1.,1.),(1.,1.),(1.,1.),(1.,1.),(1.,
1.),(1.,1.),(1.,1.),(1.,1.),(1.,1.),(1.,1.),(1.,1.),(1.,1.),(1.,1.),(1.,
1.),(1.,1.),(1.,1.),(1.,1.),(1.,1.),(1.,1.),(1.,1.),(1.,1.),(1.,1.),(1.,
1.),(1.,1.),(1.,1.),(1.,1.),(1.,1.),(1.,1.),(1.,1.),(1.,1.),(1.,1.),(1.,
1.),(1.,1.),(1.,1.),(1.,1.),(1.,1.),(1.,1.),(1.,1.),(1.,1.),(1.,1.),(1.,
1.),(1.,1.),(1.,1.),(1.,1.),(1.,1.),(1.,1.),(1.,1.),(1.,1.),(1.,1.),(1.,
1.),(1.,1.),(1.,1.),(1.,1.),(1.,1.),(1.,1.),(1.,1.),(1.,1.),(1.,1.),(1.,
1.),(1.,1.),(1.,1.),(1.,1.),(1.,1.),(1.,1.),(1.,1.),(1.,1.),(1.,1.),(1.,
1.),(1.,1.),(1.,1.),(1.,1.),(1.,1.),(1.,1.),(1.,1.),(1.,1.),(1.,1.),(1.,
1.),(1.,1.),(1.,1.),(1.,1.),(1.,1.),(1.,1.),(1.,1.),(1.,1.),(1.,1.),(1.,
1.),(1.,1.),(1.,1.),(1.,1.),(1.,1.),(1.,1.),(1.,1.),(1.,1.),(1.,1.),(1.,
1.),(1.,1.),(1.,1.),(1.,1.),(1.,1.),(1.,1.),(1.,1.),(1.,1.),(1.,1.),(1.,
1.),(1.,1.),(1.,1.),(1.,1.),(1.,1.),(1.,1.),(1.,1.),(1.,1.),(1.,1.),(1.,
1.),(1.,1.),(1.,1.),(1.,1.),(1.,1.),(1.,1.),(1.,1.),(1.,1.),(1.,1.),(1.,
1.),(1.,1.),(1.,1.),(1.,1.),(1.,1.),(1.,1.),(1.,1.),(1.,1.),(1.,1.),(1.,
1.),(1.,1.),(1.,1.),(1.,1.),(1.,1.),(1.,1.),(1.,1.),(1.,1.),(1.,1.),(1.,
1.),(1.,1.),(1.,1.),(1.,1.),(1.,1.),(1.,1.),(1.,1.),(1.,1.),(1.,1.),(1.,
1.),(1.,1.),(1.,1.),(1.,1.),(1.,1.),(1.,1.),(1.,1.),(1.,1.),(1.,1.),(1.,
1.),(1.,1.),(1.,1.),(1.,1.),(1.,1.),(1.,1.),(1.,1.),(1.,1.),(1.,1.),(1.,
1.),(1.,1.),(1.,1.),(1.,1.),(1.,1.),(1.,1.),(1.,1.),(1.,1.),(1.,1.),(1.,
1.),(1.,1.),(1.,1.),(1.,1.),(1.,1.),(1.,1.),(1.,1.),(1.,1.),(1.,1.),(1.,
1.),(1.,1.),(1.,1.),(1.,1.),(1.,1.),(1.,1.),(1.,1.),(1.,1.),(1.,1.),(1.,
1.),(1.,1.),(1.,1.),(1.,1.),(1.,1.),(1.,1.),(1.,1.),(1.,1.),(1.,1.),(1.,
1.),(1.,1.),(1.,1.),(1.,1.),(1.,1.),(1.,1.),(1.,1.),(1.,1.),(1.,1.),(1.,
1.),(1.,1.),(1.,1.),(1.,1.),(1.,1.),(1.,1.),(1.,1.),(1.,1.),(1.,1.),(1.,
1.),(1.,1.),(1.,1.),(1.,1.),(1.,1.),(1.,1.),(1.,1.),(1.,1.),(1.,1.),(1.,
1.),(1.,1.),(1.,1.),(1.,1.),(1.,1.),(1.,1.),(1.,1.),(1.,1.),(1.,1.),(1.,
1.),(1.,1.),(1.,1.),(1.,1.),(1.,1.),(1.,1.),(1.,1.),(1.,1.),(1.,1.),(1.,
1.),(1.,1.),(1.,1.),(1.,1.),(1.,1.),(1.,1.),(1.,1.),(1.,1.),(1.,1.),(1.,
1.),(1.,1.),(1.,1.),(1.,1.),(1.,1.),(1.,1.),(1.,1.),(1.,1.),(1.,1.),(1.,
1.),(1.,1.),(1.,1.),(1.,1.),(1.,1.),(1.,1.),(1.,1.),(1.,1.),(1.,1.),(1.,
1.),(1.,1.),(1.,1.),(1.,1.),(1.,1.),(1.,1.),(1.,1.),(1.,1.),(1.,1.),(1.,
1.),(1.,1.),(1.,1.),(1.,1.),(1.,1.),(1.,1.),(1.,1.),(1.,1.),(1.,1.),(1.,
1.),(1.,1.),(1.,1.),(1.,1.),(1.,1.),(1.,1.),(1.,1.),(1.,1.),(1.,1.),(1.,
1.),(1.,1.),(1.,1.),(1.,1.),(1.,1.),(1.,1.),(1.,1.),(1.,1.),(1.,1.),(1.,
1.),(1.,1.),(1.,1.),(1.,1.),(1.,1.),(1.,1.),(1.,1.),(1.,1.),(1.,1.),(1.,
1.),(1.,1.),(1.,1.),(1.,1.),(1.,1.),(1.,1.),(1.,1.),(1.,1.),(1.,1.),(1.,
1.),(1.,1.),(1.,1.),(1.,1.),(1.,1.),(1.,1.),(1.,1.),(1.,1.),(1.,1.),(1.,
1.),(1.,1.),(1.,1.),(1.,1.),(1.,1.),(1.,1.),(1.,1.),(1.,1.),(1.,1.),(1.,
1.),(1.,1.),(1.,1.),(1.,1.),(1.,1.),(1.,1.),(1.,1.),(1.,1.),(1.,1.),(1.,
1.),(1.,1.),(1.,1.),(1.,1.),(1.,1.),(1.,1.),(1.,1.),(1.,1.),(1.,1.),(1.,
1.),(1.,1.),(1.,1.),(1.,1.),(1.,1.),(1.,1.),(1.,1.),(1.,1.),(1.,1.),(1.,
1.),(1.,1.),(1.,1.),(1.,1.),(1.,1.),(1.,1.),(1.,1.),(1.,1.),(1.,1.),(1.,
1.),(1.,1.),(1.,1.),(1.,1.),(1.,1.),(1.,1.),(1.,1.),(1.,1.),(1.,1.),(1.,
1.),(1.,1.),(1.,1.),(1.,1.),(1.,1.),(1.,1.),(1.,1.),(1.,1.),(1.,1.),(1.,
1.),(1.,1.),(1.,1.),(1.,1.),(1.,1.),(1.,1.),(1.,1.),(1.,1.),(1.,1.),(1.,
1.),(1.,1.),(1.,1.),(1.,1.),(1.,1.),(1.,1.),(1.,1.),(1.,1.),(1.,1.),(1.,
1.),(1.,1.),(1.,1.),(1.,1.),(1.,1.),(1.,1.),(1.,1.),(1.,1.),(1.,1.),(1.,
1.),(1.,1.),(1.,1.),(1.,1.),(1.,1.),(1.,1.),(1.,1.),(1.,1.),(1.,1.),(1.,
1.),(1.,1.),(1.,1.),(1.,1.),(1.,1.),(1.,1.),(1.,1.),(1.,1.),(1.,1.),(1.,
1.),(1.,1.),(1.,1.),(1.,1.),(1.,1.),(1.,1.),(1.,1.),(1.,1.),(1.,1.),(1.,
1.),(1.,1.),(1.,1.),(1.,1.),(1.,1.),(1.,1.),(1.,1.),(1.,1.),(1.,1.),(1.,
1.),(1.,1.),(1.,1.),(1.,1.),(1.,1.),(1.,1.),(1.,1.),(1.,1.),(1.,1.),(1.,
1.),(1.,1.),(1.,1.),(1.,1.),(1.,1.),(1.,1.),(1.,1.),(1.,1.),(1.,1.),(1.,
1.),(1.,1.),(1.,1.),(1.,1.),(1.,1.),(1.,1.),(1.,1.),(1.,1.),(1.,1.),(1.,
1.),(1.,1.),(1.,1.),(1.,1.),(1.,1.),(1.,1.),(1.,1.),(1.,1.),(1.,1.),(1.,
1.),(1.,1.),(1.,1.),(1.,1.),(1.,1.),(1.,1.),(1.,1.),(1.,1.),(1.,1.),(1.,
1.),(1.,1.),(1.,1.),(1.,1.),(1.,1.),(1.,1.),(1.,1.),(1.,1.),(1.,1.),(1.,
1.),(1.,1.),(1.,1.),(1.,1.),(1.,1.),(1.,1.),(1.,1.),(1.,1.),(1.,1.),(1.,
1.),(1.,1.),(1.,1.),(1.,1.),(1.,1.),(1.,1.),(1.,1.),(1.,1.),(1.,1.),(1.,
1.),(1.,1.),(1.,1.),(1.,1.),(1.,1.),(1.,1.),(1.,1.),(1.,1.),(1.,1.),(1.,
1.),(1.,1.),(1.,1.),(1.,1.),(1.,1.),(1.,1.),(1.,1.),(1.,1.),(1.,1.),(1.,
1.),(1.,1.),(1.,1.),(1.,1.),(1.,1.),(1.,1.),(1.,1.),(1.,1.),(1.,1.),(1.,
1.),(1.,1.),(1.,1.),(1.,1.),(1.,1.),(1.,1.),(1.,1.),(1.,1.),(1.,1.),(1.,
1.),(1.,1.),(1.,1.),(1.,1.),(1.,1.),(1.,1.),(1.,1.),(1.,1.),(1.,1.),(1.,
1.)))
REPRESENTATION_ITEM('')
SURFACE()
);
#16=FACE_OUTER_BOUND('',#20,.T.);
#17=FACE_OUTER_BOUND('',#21,.T.);
#18=FACE_OUTER_BOUND('',#22,.T.);
#19=FACE_OUTER_BOUND('',#23,.T.);
#20=EDGE_LOOP('',(#44,#45));
#21=EDGE_LOOP('',(#46,#47,#48,#49));
#22=EDGE_LOOP('',(#50,#51,#52,#53));
#23=EDGE_LOOP('',(#54,#55));
#24=(
BOUNDED_CURVE()
B_SPLINE_CURVE(5,(#97,#98,#99,#100,#101,#102,#103,#104,#105,#106,#107,#108,
#109,#110,#111,#112,#113,#114,#115,#116,#117,#118,#119,#120,#121,#122,#123,
#124,#125,#126,#127,#128,#129,#130,#131,#132,#133,#134,#135,#136,#137,#138,
#139,#140,#141,#142,#143,#144,#145,#146,#147,#148,#149,#150,#151,#152,#153,
#154,#155,#156,#157,#158,#159,#160,#161,#162,#163,#164,#165,#166,#167,#168,
#169,#170,#171,#172,#173,#174,#175,#176,#177,#178,#179,#180,#181,#182,#183,
#184,#185,#186,#187,#188,#189,#190,#191,#192,#193,#194,#195,#196,#197,#198,
#199,#200,#201,#202,#203,#204,#205,#206,#207,#208,#209,#210,#211,#212,#213,
#214,#215,#216,#217,#218,#219,#220,#221,#222,#223,#224,#225,#226,#227,#228,
#229,#230,#231,#232,#233,#234,#235,#236,#237,#238,#239,#240,#241,#242,#243,
#244,#245,#246,#247,#248,#249,#250,#251,#252,#253,#254,#255,#256,#257,#258,
#259,#260,#261,#262,#263,#264,#265,#266,#267,#268,#269,#270,#271,#272,#273,
#274,#275,#276,#277,#278,#279,#280,#281,#282,#283,#284,#285,#286,#287,#288,
#289,#290,#291,#292,#293,#294,#295,#296,#297,#298,#299,#300,#301,#302,#303,
#304,#305,#306,#307,#308,#309,#310,#311,#312,#313,#314,#315,#316,#317,#318,
#319,#320,#321,#322,#323,#324,#325,#326,#327,#328,#329,#330,#331,#332,#333,
#334,#335,#336,#337,#338,#339,#340,#341,#342,#343,#344,#345,#346,#347,#348,
#349,#350,#351,#352,#353,#354,#355,#356,#357,#358,#359,#360,#361,#362,#363,
#364,#365,#366,#367,#368,#369,#370,#371,#372,#373,#374,#375,#376,#377,#378,
#379,#380,#381,#382,#383,#384,#385,#386,#387,#388,#389,#390,#391,#392,#393,
#394,#395,#396,#397,#398,#399,#400,#401,#402,#403,#404,#405,#406,#407,#408,
#409,#410,#411,#412,#413,#414,#415,#416,#417,#418,#419,#420,#421,#422,#423,
#424,#425,#426,#427,#428,#429,#430,#431,#432,#433,#434,#435,#436,#437,#438,
#439,#440,#441,#442,#443,#444,#445,#446,#447,#448,#449,#450,#451,#452,#453,
#454,#455,#456,#457,#458,#459,#460,#461,#462,#463,#464,#465,#466,#467,#468,
#469,#470,#471,#472,#473,#474,#475,#476,#477,#478,#479,#480,#481,#482,#483,
#484,#485,#486,#487,#488,#489,#490,#491,#492,#493,#494,#495,#496,#497,#498,
#499,#500,#501,#502,#503,#504,#505,#506,#507,#508,#509,#510,#511,#512,#513,
#514,#515,#516,#517,#518,#519,#520,#521,#522,#523,#524,#525,#526,#527,#528,
#529,#530,#531,#532,#533,#534,#535,#536,#537,#538,#539,#540,#541,#542,#543,
#544,#545,#546,#547,#548,#549,#550,#551,#552,#553,#554,#555,#556,#557,#558,
#559,#560,#561,#562,#563,#564,#565,#566,#567,#568,#569,#570,#571,#572,#573,
#574,#575,#576,#577,#578,#579,#580,#581,#582,#583,#584,#585,#586,#587,#588,
#589,#590,#591,#592,#593,#594,#595,#596,#597,#598,#599,#600,#601,#602,#603,
#604,#605,#606,#607,#608,#609,#610,#611,#612,#613,#614,#615,#616,#617,#618,
#619,#620,#621,#622,#623,#624,#625,#626,#627,#628,#629,#630,#631,#632,#633,
#634,#635,#636,#637,#638,#639,#640,#641,#642,#643,#644,#645,#646,#647,#648,
#649,#650,#651,#652,#653,#654,#655,#656,#657,#658,#659,#660,#661,#662,#663,
#664,#665,#666,#667,#668,#669,#670,#671,#672,#673,#674,#675,#676,#677,#678,
#679,#680,#681,#682,#683,#684,#685,#686,#687,#688,#689,#690,#691,#692,#693,
#694,#695,#696,#697,#698,#699,#700,#701,#702,#703,#704,#705,#706,#707,#708,
#709,#710,#711,#712,#713,#714,#715,#716,#717,#718,#719,#720,#721,#722,#723,
#724,#725,#726,#727,#728,#729,#730,#731,#732,#733,#734,#735,#736,#737,#738,
#739,#740,#741,#742,#743,#744,#745,#746,#747,#748,#749,#750,#751,#752,#753,
#754,#755,#756,#757,#758,#759,#760,#761,#762,#763,#764,#765,#766,#767,#768,
#769,#770,#771,#772,#773,#774,#775,#776,#777,#778,#779,#780,#781,#782,#783,
#784,#785,#786,#787,#788,#789,#790,#791,#792,#793,#794,#795,#796,#797,#798,
#799,#800,#801,#802,#803,#804,#805,#806,#807,#808,#809,#810,#811,#812,#813,
#814,#815,#816,#817,#818,#819,#820,#821,#822,#823,#824,#825,#826,#827,#828,
#829,#830,#831,#832,#833,#834,#835,#836,#837,#838,#839,#840,#841,#842,#843,
#844,#845,#846,#847,#848,#849,#850,#851,#852,#853,#854,#855,#856,#857,#858,
#859,#860,#861,#862,#863,#864,#865,#866,#867,#868,#869,#870,#871,#872,#873,
#874,#875,#876,#877,#878,#879,#880,#881,#882,#883,#884,#885,#886,#887,#888,
#889,#890,#891,#892,#893,#894,#895,#896,#897,#898,#899,#900,#901,#902,#903,
#904,#905,#906,#907,#908,#909,#910,#911,#912,#913,#914,#915,#916,#917,#918,
#919,#920,#921,#922,#923,#924,#925,#926,#927,#928,#929,#930,#931,#932,#933,
#934,#935,#936,#937,#938,#939,#940,#941,#942,#943,#944,#945,#946,#947,#948,
#949,#950,#951,#952,#953,#954,#955,#956,#957,#958,#959,#960,#961,#962,#963,
#964,#965,#966,#967,#968,#969,#970,#971,#972,#973,#974,#975,#976,#977,#978,
#979,#980,#981,#982,#983,#984,#985,#986,#987,#988,#989,#990,#991,#992,#993,
#994,#995,#996,#997,#998,#999,#1000,#1001,#1002,#1003,#1004,#1005,#1006,
#1007,#1008,#1009,#1010,#1011,#1012,#1013,#1014,#1015,#1016,#1017,#1018,
#1019,#1020,#1021,#1022,#1023,#1024,#1025,#1026,#1027,#1028,#1029,#1030,
#1031,#1032,#1033,#1034,#1035,#1036,#1037,#1038,#1039,#1040,#1041,#1042,
#1043,#1044,#1045,#1046,#1047,#1048,#1049,#1050,#1051,#1052,#1053,#1054,
#1055,#1056,#1057,#1058,#1059,#1060,#1061,#1062,#1063,#1064,#1065,#1066,
#1067,#1068,#1069,#1070,#1071,#1072,#1073,#1074,#1075,#1076,#1077,#1078,
#1079,#1080,#1081,#1082,#1083,#1084,#1085,#1086,#1087,#1088,#1089,#1090,
#1091,#1092,#1093,#1094,#1095,#1096,#1097,#1098,#1099,#1100,#1101),
 .UNSPECIFIED.,.F.,.F.)
B_SPLINE_CURVE_WITH_KNOTS((6,1,1,1,1,1,1,1,1,1,1,1,1,1,1,1,1,1,1,1,1,1,
1,1,1,1,1,1,1,1,1,1,1,1,1,1,1,1,1,1,1,1,1,1,1,1,1,1,1,1,1,1,1,1,1,1,1,1,
1,1,1,1,1,1,1,1,1,1,1,1,1,1,1,1,1,1,1,1,1,1,1,1,1,1,1,1,1,1,1,1,1,1,1,1,
1,1,1,1,1,1,1,1,1,1,1,1,1,1,1,1,1,1,1,1,1,1,1,1,1,1,1,1,1,1,1,1,1,1,1,1,
1,1,1,1,1,1,1,1,1,1,1,1,1,1,1,1,1,1,1,1,1,1,1,1,1,1,1,1,1,1,1,1,1,1,1,1,
1,1,1,1,1,1,1,1,1,1,1,1,1,1,1,1,1,1,1,1,1,1,1,1,1,1,1,1,1,1,1,1,1,1,1,1,
1,1,1,1,1,1,1,1,1,1,1,1,1,1,1,1,1,1,1,1,1,1,1,1,1,1,1,1,1,1,1,1,1,1,1,1,
1,1,1,1,1,1,1,1,1,1,1,1,1,1,1,1,1,1,1,1,1,1,1,1,1,1,1,1,1,1,1,1,1,1,1,1,
1,1,1,1,1,1,1,1,1,1,1,1,1,1,1,1,1,1,1,1,1,1,1,1,1,1,1,1,1,1,1,1,1,1,1,1,
1,1,1,1,1,1,1,1,1,1,1,1,1,1,1,1,1,1,1,1,1,1,1,1,1,1,1,1,1,1,1,1,1,1,1,1,
1,1,1,1,1,1,1,1,1,1,1,1,1,1,1,1,1,1,1,1,1,1,1,1,1,1,1,1,1,1,1,1,1,1,1,1,
1,1,1,1,1,1,1,1,1,1,1,1,1,1,1,1,1,1,1,1,1,1,1,1,1,1,1,1,1,1,1,1,1,1,1,1,
1,1,1,1,1,1,1,1,1,1,1,1,1,1,1,1,1,1,1,1,1,1,1,1,1,1,1,1,1,1,1,1,1,1,1,1,
1,1,1,1,1,1,1,1,1,1,1,1,1,1,1,1,1,1,1,1,1,1,1,1,1,1,1,1,1,1,1,1,1,1,1,1,
1,1,1,1,1,1,1,1,1,1,1,1,1,1,1,1,1,1,1,1,1,1,1,1,1,1,1,1,1,1,1,1,1,1,1,1,
1,1,1,1,1,1,1,1,1,1,1,1,1,1,1,1,1,1,1,1,1,1,1,1,1,1,1,1,1,1,1,1,1,1,1,1,
1,1,1,1,1,1,1,1,1,1,1,1,1,1,1,1,1,1,1,1,1,1,1,1,1,1,1,1,1,1,1,1,1,1,1,1,
1,1,1,1,1,1,1,1,1,1,1,1,1,1,1,1,1,1,1,1,1,1,1,1,1,1,1,1,1,1,1,1,1,1,1,1,
1,1,1,1,1,1,1,1,1,1,1,1,1,1,1,1,1,1,1,1,1,1,1,1,1,1,1,1,1,1,1,1,1,1,1,1,
1,1,1,1,1,1,1,1,1,1,1,1,1,1,1,1,1,1,1,1,1,1,1,1,1,1,1,1,1,1,1,1,1,1,1,1,
1,1,1,1,1,1,1,1,1,1,1,1,1,1,1,1,1,1,1,1,1,1,1,1,1,1,1,1,1,1,1,1,1,1,1,1,
1,1,1,1,1,1,1,1,1,1,1,1,1,1,1,1,1,1,1,1,1,1,1,1,1,1,1,1,1,1,1,1,1,1,1,1,
1,1,1,1,1,1,1,1,1,1,1,1,1,1,1,1,1,1,1,1,1,1,1,1,1,1,1,1,1,1,1,1,1,1,1,1,
1,1,1,1,1,1,1,1,1,1,1,1,1,1,1,1,1,1,1,1,1,1,1,1,1,1,1,1,1,1,1,1,1,1,1,1,
1,1,1,1,1,1,1,1,1,1,1,1,1,1,1,1,1,1,1,1,1,1,1,1,1,1,1,1,1,1,1,1,1,1,1,1,
1,1,1,1,1,1,1,1,1,1,1,1,1,1,1,1,1,1,1,1,1,1,1,1,1,1,1,1,1,1,1,1,1,1,1,1,
1,1,1,1,1,1,1,1,1,1,1,1,1,1,1,1,1,1,1,1,1,1,1,1,1,1,1,1,1,1,1,1,1,1,1,1,
1,1,1,1,1,1,1,1,1,1,1,1,1,1,1,1,1,1,1,1,1,1,1,1,1,1,1,1,1,1,1,1,1,1,1,1,
1,1,1,1,1,1,6),(0.,0.001,0.002,0.003,0.004,0.005,0.006,0.007,0.008,0.009,
0.01,0.011,0.012,0.013,0.014,0.015,0.016,0.017,0.018,0.019,0.02,0.021,0.022,
0.023,0.024,0.025,0.026,0.027,0.028,0.029,0.03,0.031,0.032,0.033,0.034,
0.035,0.036,0.037,0.038,0.039,0.04,0.041,0.042,0.043,0.044,0.045,0.046,
0.047,0.048,0.049,0.05,0.051,0.052,0.053,0.054,0.055,0.056,0.057,0.058,
0.059,0.06,0.061,0.062,0.063,0.064,0.065,0.066,0.067,0.068,0.069,0.07,0.071,
0.0720000000000001,0.0730000000000001,0.0740000000000001,0.0750000000000001,
0.0760000000000001,0.0770000000000001,0.0780000000000001,0.0790000000000001,
0.0800000000000001,0.0810000000000001,0.0820000000000001,0.0830000000000001,
0.0840000000000001,0.0850000000000001,0.0860000000000001,0.0870000000000001,
0.0880000000000001,0.0890000000000001,0.0900000000000001,0.0910000000000001,
0.0920000000000001,0.0930000000000001,0.0940000000000001,0.0950000000000001,
0.0960000000000001,0.0970000000000001,0.0980000000000001,0.0990000000000001,
0.1,0.101,0.102,0.103,0.104,0.105,0.106,0.107,0.108,0.109,0.11,0.111,0.112,
0.113,0.114,0.115,0.116,0.117,0.118,0.119,0.12,0.121,0.122,0.123,0.124,
0.125,0.126,0.127,0.128,0.129,0.13,0.131,0.132,0.133,0.134,0.135,0.136,
0.137,0.138,0.139,0.14,0.141,0.142,0.143,0.144,0.145,0.146,0.147,0.148,
0.149,0.15,0.151,0.152,0.153,0.154,0.155,0.156,0.157,0.158,0.159,0.16,0.161,
0.162,0.163,0.164,0.165,0.166,0.167,0.168,0.169,0.17,0.171,0.172,0.173,
0.174,0.175,0.176,0.177,0.178,0.179,0.18,0.181,0.182,0.183,0.184,0.185,
0.186,0.187,0.188,0.189,0.19,0.191,0.192,0.193,0.194,0.195,0.196,0.197,
0.198,0.199,0.2,0.201,0.202,0.203,0.204,0.205,0.206,0.207,0.208,0.209,0.21,
0.211,0.212,0.213,0.214,0.215,0.216,0.217,0.218,0.219,0.22,0.221,0.222,
0.223,0.224,0.225,0.226,0.227,0.228,0.229,0.23,0.231,0.232,0.233,0.234,
0.235,0.236,0.237,0.238,0.239,0.24,0.241,0.242,0.243,0.244,0.245,0.246,
0.247,0.248,0.249,0.25,0.251,0.252,0.253,0.254,0.255,0.256,0.257,0.258,
0.259,0.26,0.261,0.262,0.263,0.264,0.265,0.266,0.267,0.268,0.269,0.27,0.271,
0.272,0.273,0.274,0.275,0.276,0.277,0.278,0.279,0.28,0.281,0.282,0.283,
0.284,0.285,0.286,0.287,0.288,0.289,0.29,0.291,0.292,0.293,0.294,0.295,
0.296,0.297,0.298,0.299,0.3,0.301,0.302,0.303,0.304,0.305,0.306,0.307,0.308,
0.309,0.31,0.311,0.312,0.313,0.314,0.315,0.316,0.317,0.318,0.319,0.32,0.321,
0.322,0.323,0.324,0.325,0.326,0.327,0.328,0.329,0.33,0.331,0.332,0.333,
0.334,0.335,0.336,0.337,0.338,0.339,0.34,0.341,0.342,0.343,0.344,0.345,
0.346,0.347,0.348,0.349,0.35,0.351,0.352,0.353,0.354,0.355,0.356,0.357,
0.358,0.359,0.36,0.361,0.362,0.363,0.364,0.365,0.366,0.367,0.368,0.369,
0.37,0.371,0.372,0.373,0.374,0.375,0.376,0.377,0.378,0.379,0.38,0.381,0.382,
0.383,0.384,0.385,0.386,0.387,0.388,0.389,0.39,0.391,0.392,0.393,0.394,
0.395,0.396,0.397,0.398,0.399,0.4,0.401,0.402,0.403,0.404,0.405,0.406,0.407,
0.408,0.409,0.41,0.411,0.412,0.413,0.414,0.415,0.416,0.417,0.418,0.419,
0.42,0.421,0.422,0.423,0.424,0.425,0.426,0.427,0.428,0.429,0.43,0.431,0.432,
0.433,0.434,0.435,0.436,0.437,0.438,0.439,0.44,0.441,0.442,0.443,0.444,
0.445,0.446,0.447,0.448,0.449,0.45,0.451,0.452,0.453,0.454,0.455,0.456,
0.457,0.458,0.459,0.46,0.461,0.462,0.463,0.464,0.465,0.466,0.467,0.468,
0.469,0.47,0.471,0.472,0.473,0.474,0.475,0.476,0.477,0.478,0.479,0.48,0.481,
0.482,0.483,0.484,0.485,0.486,0.487,0.488,0.489,0.49,0.491,0.492,0.493,
0.494,0.495,0.496,0.497,0.498,0.499,0.5,0.501,0.502,0.503,0.504,0.505,0.506,
0.507,0.508,0.509,0.51,0.511,0.512,0.513,0.514,0.515,0.516,0.517,0.518,
0.519,0.52,0.521,0.522,0.523,0.524,0.525,0.526,0.527,0.528,0.529,0.53,0.531,
0.532,0.533,0.534,0.535,0.536,0.537,0.538,0.539,0.54,0.541,0.542,0.543,
0.544,0.545,0.546,0.547,0.548,0.549,0.55,0.551,0.552,0.553,0.554,0.555,
0.556,0.557,0.558,0.559,0.56,0.561,0.562,0.563,0.564,0.565,0.566,0.567,
0.568,0.569,0.57,0.571,0.572,0.573,0.574,0.575,0.576,0.577,0.578,0.579,
0.58,0.581,0.582,0.583,0.584,0.585,0.586,0.587,0.588,0.589,0.59,0.591,0.592,
0.593,0.594,0.595,0.596,0.597,0.598,0.599,0.6,0.601,0.602,0.603,0.604,0.605,
0.606,0.607,0.608,0.609,0.61,0.611,0.612,0.613,0.614,0.615,0.616,0.617,
0.618,0.619,0.62,0.621,0.622,0.623,0.624,0.625,0.626,0.627,0.628,0.629,
0.63,0.631,0.632,0.633,0.634,0.635,0.636,0.637,0.638,0.639,0.64,0.641,0.642,
0.643,0.644,0.645,0.646,0.647,0.648,0.649,0.65,0.651,0.652,0.653,0.654,
0.655,0.656,0.657,0.658,0.659,0.66,0.661,0.662,0.663,0.664,0.665,0.666,
0.667,0.668,0.669,0.67,0.671,0.672,0.673,0.674,0.675,0.676,0.677,0.678,
0.679,0.68,0.681,0.682,0.683,0.684,0.685,0.686,0.687,0.688000000000001,
0.689000000000001,0.690000000000001,0.691000000000001,0.692000000000001,
0.693000000000001,0.694000000000001,0.695000000000001,0.696000000000001,
0.697000000000001,0.698000000000001,0.699000000000001,0.700000000000001,
0.701000000000001,0.702000000000001,0.703000000000001,0.704000000000001,
0.705000000000001,0.706000000000001,0.707000000000001,0.708000000000001,
0.709000000000001,0.710000000000001,0.711000000000001,0.712000000000001,
0.713000000000001,0.714000000000001,0.715000000000001,0.716000000000001,
0.717000000000001,0.718000000000001,0.719000000000001,0.720000000000001,
0.721000000000001,0.722000000000001,0.723000000000001,0.724000000000001,
0.725000000000001,0.726000000000001,0.727000000000001,0.728000000000001,
0.729000000000001,0.730000000000001,0.731000000000001,0.732000000000001,
0.733000000000001,0.734000000000001,0.735000000000001,0.736000000000001,
0.737000000000001,0.738000000000001,0.739000000000001,0.740000000000001,
0.741000000000001,0.742000000000001,0.743000000000001,0.744000000000001,
0.745000000000001,0.746000000000001,0.747000000000001,0.748000000000001,
0.749000000000001,0.750000000000001,0.751000000000001,0.752000000000001,
0.753000000000001,0.754000000000001,0.755000000000001,0.756000000000001,
0.757000000000001,0.758000000000001,0.759000000000001,0.760000000000001,
0.761000000000001,0.762000000000001,0.763000000000001,0.764000000000001,
0.765000000000001,0.766000000000001,0.767000000000001,0.768000000000001,
0.769000000000001,0.770000000000001,0.771000000000001,0.772000000000001,
0.773000000000001,0.774000000000001,0.775000000000001,0.776000000000001,
0.777000000000001,0.778000000000001,0.779000000000001,0.780000000000001,
0.781000000000001,0.782000000000001,0.783000000000001,0.784000000000001,
0.785000000000001,0.786000000000001,0.787000000000001,0.788000000000001,
0.789000000000001,0.790000000000001,0.791000000000001,0.792000000000001,
0.793000000000001,0.794000000000001,0.795000000000001,0.796000000000001,
0.797000000000001,0.798000000000001,0.799000000000001,0.800000000000001,
0.801000000000001,0.802000000000001,0.803000000000001,0.804000000000001,
0.805000000000001,0.806000000000001,0.807000000000001,0.808000000000001,
0.809000000000001,0.810000000000001,0.811000000000001,0.812000000000001,
0.813000000000001,0.814000000000001,0.815000000000001,0.816000000000001,
0.817000000000001,0.818000000000001,0.819000000000001,0.820000000000001,
0.821000000000001,0.822000000000001,0.823000000000001,0.824000000000001,
0.825000000000001,0.826000000000001,0.827000000000001,0.828000000000001,
0.829000000000001,0.830000000000001,0.831000000000001,0.832000000000001,
0.833000000000001,0.834000000000001,0.835000000000001,0.836000000000001,
0.837000000000001,0.838000000000001,0.839000000000001,0.840000000000001,
0.841000000000001,0.842000000000001,0.843000000000001,0.844000000000001,
0.845000000000001,0.846000000000001,0.847000000000001,0.848000000000001,
0.849000000000001,0.850000000000001,0.851000000000001,0.852000000000001,
0.853000000000001,0.854000000000001,0.855000000000001,0.856000000000001,
0.857000000000001,0.858000000000001,0.859000000000001,0.860000000000001,
0.861000000000001,0.862000000000001,0.863000000000001,0.864000000000001,
0.865000000000001,0.866000000000001,0.867000000000001,0.868000000000001,
0.869000000000001,0.870000000000001,0.871000000000001,0.872000000000001,
0.873000000000001,0.874000000000001,0.875000000000001,0.876000000000001,
0.877000000000001,0.878000000000001,0.879000000000001,0.880000000000001,
0.881000000000001,0.882000000000001,0.883000000000001,0.884000000000001,
0.885000000000001,0.886000000000001,0.887000000000001,0.888000000000001,
0.889000000000001,0.890000000000001,0.891000000000001,0.892000000000001,
0.893000000000001,0.894000000000001,0.895000000000001,0.896000000000001,
0.897000000000001,0.898000000000001,0.899000000000001,0.900000000000001,
0.901000000000001,0.902000000000001,0.903000000000001,0.904000000000001,
0.905000000000001,0.906000000000001,0.907000000000001,0.908000000000001,
0.909000000000001,0.910000000000001,0.911000000000001,0.912000000000001,
0.913000000000001,0.914000000000001,0.915000000000001,0.916000000000001,
0.917000000000001,0.918000000000001,0.919000000000001,0.920000000000001,
0.921000000000001,0.922000000000001,0.923000000000001,0.924000000000001,
0.925000000000001,0.926000000000001,0.927000000000001,0.928000000000001,
0.929000000000001,0.930000000000001,0.931000000000001,0.932000000000001,
0.933000000000001,0.934000000000001,0.935000000000001,0.936000000000001,
0.937000000000001,0.938000000000001,0.939000000000001,0.940000000000001,
0.941000000000001,0.942000000000001,0.943000000000001,0.944000000000001,
0.945000000000001,0.946000000000001,0.947000000000001,0.948000000000001,
0.949000000000001,0.950000000000001,0.951000000000001,0.952000000000001,
0.953000000000001,0.954000000000001,0.955000000000001,0.956000000000001,
0.957000000000001,0.958000000000001,0.959000000000001,0.960000000000001,
0.961000000000001,0.962000000000001,0.963000000000001,0.964000000000001,
0.965000000000001,0.966000000000001,0.967000000000001,0.968000000000001,
0.969000000000001,0.970000000000001,0.971000000000001,0.972000000000001,
0.973000000000001,0.974000000000001,0.975000000000001,0.976000000000001,
0.977000000000001,0.978000000000001,0.979000000000001,0.980000000000001,
0.981000000000001,0.982000000000001,0.983000000000001,0.984000000000001,
0.985000000000001,0.986000000000001,0.987000000000001,0.988000000000001,
0.989000000000001,0.990000000000001,0.991000000000001,0.992000000000001,
0.993000000000001,0.994000000000001,0.995000000000001,0.996000000000001,
0.997000000000001,0.998000000000001,0.999000000000001,1.),.UNSPECIFIED.)
CURVE()
GEOMETRIC_REPRESENTATION_ITEM()
RATIONAL_B_SPLINE_CURVE((1.,1.,1.,1.,1.,1.,1.,1.,1.,1.,1.,1.,1.,1.,1.,1.,
1.,1.,1.,1.,1.,1.,1.,1.,1.,1.,1.,1.,1.,1.,1.,1.,1.,1.,1.,1.,1.,1.,1.,1.,
1.,1.,1.,1.,1.,1.,1.,1.,1.,1.,1.,1.,1.,1.,1.,1.,1.,1.,1.,1.,1.,1.,1.,1.,
1.,1.,1.,1.,1.,1.,1.,1.,1.,1.,1.,1.,1.,1.,1.,1.,1.,1.,1.,1.,1.,1.,1.,1.,
1.,1.,1.,1.,1.,1.,1.,1.,1.,1.,1.,1.,1.,1.,1.,1.,1.,1.,1.,1.,1.,1.,1.,1.,
1.,1.,1.,1.,1.,1.,1.,1.,1.,1.,1.,1.,1.,1.,1.,1.,1.,1.,1.,1.,1.,1.,1.,1.,
1.,1.,1.,1.,1.,1.,1.,1.,1.,1.,1.,1.,1.,1.,1.,1.,1.,1.,1.,1.,1.,1.,1.,1.,
1.,1.,1.,1.,1.,1.,1.,1.,1.,1.,1.,1.,1.,1.,1.,1.,1.,1.,1.,1.,1.,1.,1.,1.,
1.,1.,1.,1.,1.,1.,1.,1.,1.,1.,1.,1.,1.,1.,1.,1.,1.,1.,1.,1.,1.,1.,1.,1.,
1.,1.,1.,1.,1.,1.,1.,1.,1.,1.,1.,1.,1.,1.,1.,1.,1.,1.,1.,1.,1.,1.,1.,1.,
1.,1.,1.,1.,1.,1.,1.,1.,1.,1.,1.,1.,1.,1.,1.,1.,1.,1.,1.,1.,1.,1.,1.,1.,
1.,1.,1.,1.,1.,1.,1.,1.,1.,1.,1.,1.,1.,1.,1.,1.,1.,1.,1.,1.,1.,1.,1.,1.,
1.,1.,1.,1.,1.,1.,1.,1.,1.,1.,1.,1.,1.,1.,1.,1.,1.,1.,1.,1.,1.,1.,1.,1.,
1.,1.,1.,1.,1.,1.,1.,1.,1.,1.,1.,1.,1.,1.,1.,1.,1.,1.,1.,1.,1.,1.,1.,1.,
1.,1.,1.,1.,1.,1.,1.,1.,1.,1.,1.,1.,1.,1.,1.,1.,1.,1.,1.,1.,1.,1.,1.,1.,
1.,1.,1.,1.,1.,1.,1.,1.,1.,1.,1.,1.,1.,1.,1.,1.,1.,1.,1.,1.,1.,1.,1.,1.,
1.,1.,1.,1.,1.,1.,1.,1.,1.,1.,1.,1.,1.,1.,1.,1.,1.,1.,1.,1.,1.,1.,1.,1.,
1.,1.,1.,1.,1.,1.,1.,1.,1.,1.,1.,1.,1.,1.,1.,1.,1.,1.,1.,1.,1.,1.,1.,1.,
1.,1.,1.,1.,1.,1.,1.,1.,1.,1.,1.,1.,1.,1.,1.,1.,1.,1.,1.,1.,1.,1.,1.,1.,
1.,1.,1.,1.,1.,1.,1.,1.,1.,1.,1.,1.,1.,1.,1.,1.,1.,1.,1.,1.,1.,1.,1.,1.,
1.,1.,1.,1.,1.,1.,1.,1.,1.,1.,1.,1.,1.,1.,1.,1.,1.,1.,1.,1.,1.,1.,1.,1.,
1.,1.,1.,1.,1.,1.,1.,1.,1.,1.,1.,1.,1.,1.,1.,1.,1.,1.,1.,1.,1.,1.,1.,1.,
1.,1.,1.,1.,1.,1.,1.,1.,1.,1.,1.,1.,1.,1.,1.,1.,1.,1.,1.,1.,1.,1.,1.,1.,
1.,1.,1.,1.,1.,1.,1.,1.,1.,1.,1.,1.,1.,1.,1.,1.,1.,1.,1.,1.,1.,1.,1.,1.,
1.,1.,1.,1.,1.,1.,1.,1.,1.,1.,1.,1.,1.,1.,1.,1.,1.,1.,1.,1.,1.,1.,1.,1.,
1.,1.,1.,1.,1.,1.,1.,1.,1.,1.,1.,1.,1.,1.,1.,1.,1.,1.,1.,1.,1.,1.,1.,1.,
1.,1.,1.,1.,1.,1.,1.,1.,1.,1.,1.,1.,1.,1.,1.,1.,1.,1.,1.,1.,1.,1.,1.,1.,
1.,1.,1.,1.,1.,1.,1.,1.,1.,1.,1.,1.,1.,1.,1.,1.,1.,1.,1.,1.,1.,1.,1.,1.,
1.,1.,1.,1.,1.,1.,1.,1.,1.,1.,1.,1.,1.,1.,1.,1.,1.,1.,1.,1.,1.,1.,1.,1.,
1.,1.,1.,1.,1.,1.,1.,1.,1.,1.,1.,1.,1.,1.,1.,1.,1.,1.,1.,1.,1.,1.,1.,1.,
1.,1.,1.,1.,1.,1.,1.,1.,1.,1.,1.,1.,1.,1.,1.,1.,1.,1.,1.,1.,1.,1.,1.,1.,
1.,1.,1.,1.,1.,1.,1.,1.,1.,1.,1.,1.,1.,1.,1.,1.,1.,1.,1.,1.,1.,1.,1.,1.,
1.,1.,1.,1.,1.,1.,1.,1.,1.,1.,1.,1.,1.,1.,1.,1.,1.,1.,1.,1.,1.,1.,1.,1.,
1.,1.,1.,1.,1.,1.,1.,1.,1.,1.,1.,1.,1.,1.,1.,1.,1.,1.,1.,1.,1.,1.,1.,1.,
1.,1.,1.,1.,1.,1.,1.,1.,1.,1.,1.,1.,1.,1.,1.,1.,1.,1.,1.,1.,1.,1.,1.,1.,
1.,1.,1.,1.,1.,1.,1.,1.,1.,1.,1.,1.,1.,1.,1.,1.,1.,1.,1.,1.,1.,1.,1.,1.,
1.,1.,1.,1.,1.,1.,1.,1.,1.,1.,1.,1.,1.,1.,1.,1.,1.,1.,1.,1.,1.,1.,1.,1.,
1.,1.,1.,1.,1.,1.,1.,1.,1.,1.,1.,1.,1.,1.,1.,1.,1.,1.,1.,1.,1.,1.,1.,1.,
1.,1.,1.,1.,1.,1.,1.,1.,1.,1.,1.,1.,1.,1.,1.,1.,1.,1.,1.,1.,1.,1.,1.,1.,
1.,1.,1.,1.,1.,1.,1.,1.,1.,1.,1.,1.,1.,1.,1.,1.,1.,1.,1.,1.,1.,1.,1.,1.,
1.,1.,1.,1.,1.,1.,1.,1.,1.,1.,1.,1.,1.,1.,1.,1.,1.,1.,1.,1.,1.,1.,1.,1.,
1.,1.,1.,1.,1.,1.,1.,1.,1.,1.,1.,1.,1.,1.,1.,1.,1.,1.,1.,1.,1.,1.,1.,1.,
1.,1.,1.,1.,1.))
REPRESENTATION_ITEM('')
);
#25=(
BOUNDED_CURVE()
B_SPLINE_CURVE(5,(#3115,#3116,#3117,#3118,#3119,#3120,#3121,#3122,#3123,
#3124,#3125,#3126,#3127,#3128,#3129,#3130,#3131,#3132,#3133,#3134,#3135,
#3136,#3137,#3138,#3139,#3140,#3141,#3142,#3143,#3144,#3145,#3146,#3147,
#3148,#3149,#3150,#3151,#3152,#3153,#3154,#3155,#3156,#3157,#3158,#3159,
#3160,#3161,#3162,#3163,#3164,#3165,#3166,#3167,#3168,#3169,#3170,#3171,
#3172,#3173,#3174,#3175,#3176,#3177,#3178,#3179,#3180,#3181,#3182,#3183,
#3184,#3185,#3186,#3187,#3188,#3189,#3190,#3191,#3192,#3193,#3194,#3195,
#3196,#3197,#3198,#3199,#3200,#3201,#3202,#3203,#3204,#3205,#3206,#3207,
#3208,#3209,#3210,#3211,#3212,#3213,#3214,#3215,#3216,#3217,#3218,#3219,
#3220,#3221,#3222,#3223,#3224,#3225,#3226,#3227,#3228,#3229,#3230,#3231,
#3232,#3233,#3234,#3235,#3236,#3237,#3238,#3239,#3240,#3241,#3242,#3243,
#3244,#3245,#3246,#3247,#3248,#3249,#3250,#3251,#3252,#3253,#3254,#3255,
#3256,#3257,#3258,#3259,#3260,#3261,#3262,#3263,#3264,#3265,#3266,#3267,
#3268,#3269,#3270,#3271,#3272,#3273,#3274,#3275,#3276,#3277,#3278,#3279,
#3280,#3281,#3282,#3283,#3284,#3285,#3286,#3287,#3288,#3289,#3290,#3291,
#3292,#3293,#3294,#3295,#3296,#3297,#3298,#3299,#3300,#3301,#3302,#3303,
#3304,#3305,#3306,#3307,#3308,#3309,#3310,#3311,#3312,#3313,#3314,#3315,
#3316,#3317,#3318,#3319,#3320,#3321,#3322,#3323,#3324,#3325,#3326,#3327,
#3328,#3329,#3330,#3331,#3332,#3333,#3334,#3335,#3336,#3337,#3338,#3339,
#3340,#3341,#3342,#3343,#3344,#3345,#3346,#3347,#3348,#3349,#3350,#3351,
#3352,#3353,#3354,#3355,#3356,#3357,#3358,#3359,#3360,#3361,#3362,#3363,
#3364,#3365,#3366,#3367,#3368,#3369,#3370,#3371,#3372,#3373,#3374,#3375,
#3376,#3377,#3378,#3379,#3380,#3381,#3382,#3383,#3384,#3385,#3386,#3387,
#3388,#3389,#3390,#3391,#3392,#3393,#3394,#3395,#3396,#3397,#3398,#3399,
#3400,#3401,#3402,#3403,#3404,#3405,#3406,#3407,#3408,#3409,#3410,#3411,
#3412,#3413,#3414,#3415,#3416,#3417,#3418,#3419,#3420,#3421,#3422,#3423,
#3424,#3425,#3426,#3427,#3428,#3429,#3430,#3431,#3432,#3433,#3434,#3435,
#3436,#3437,#3438,#3439,#3440,#3441,#3442,#3443,#3444,#3445,#3446,#3447,
#3448,#3449,#3450,#3451,#3452,#3453,#3454,#3455,#3456,#3457,#3458,#3459,
#3460,#3461,#3462,#3463,#3464,#3465,#3466,#3467,#3468,#3469,#3470,#3471,
#3472,#3473,#3474,#3475,#3476,#3477,#3478,#3479,#3480,#3481,#3482,#3483,
#3484,#3485,#3486,#3487,#3488,#3489,#3490,#3491,#3492,#3493,#3494,#3495,
#3496,#3497,#3498,#3499,#3500,#3501,#3502,#3503,#3504,#3505,#3506,#3507,
#3508,#3509,#3510,#3511,#3512,#3513,#3514,#3515,#3516,#3517,#3518,#3519,
#3520,#3521,#3522,#3523,#3524,#3525,#3526,#3527,#3528,#3529,#3530,#3531,
#3532,#3533,#3534,#3535,#3536,#3537,#3538,#3539,#3540,#3541,#3542,#3543,
#3544,#3545,#3546,#3547,#3548,#3549,#3550,#3551,#3552,#3553,#3554,#3555,
#3556,#3557,#3558,#3559,#3560,#3561,#3562,#3563,#3564,#3565,#3566,#3567,
#3568,#3569,#3570,#3571,#3572,#3573,#3574,#3575,#3576,#3577,#3578,#3579,
#3580,#3581,#3582,#3583,#3584,#3585,#3586,#3587,#3588,#3589,#3590,#3591,
#3592,#3593,#3594,#3595,#3596,#3597,#3598,#3599,#3600,#3601,#3602,#3603,
#3604,#3605,#3606,#3607,#3608,#3609,#3610,#3611,#3612,#3613,#3614,#3615,
#3616,#3617,#3618,#3619,#3620,#3621,#3622,#3623,#3624,#3625,#3626,#3627,
#3628,#3629,#3630,#3631,#3632,#3633,#3634,#3635,#3636,#3637,#3638,#3639,
#3640,#3641,#3642,#3643,#3644,#3645,#3646,#3647,#3648,#3649,#3650,#3651,
#3652,#3653,#3654,#3655,#3656,#3657,#3658,#3659,#3660,#3661,#3662,#3663,
#3664,#3665,#3666,#3667,#3668,#3669,#3670,#3671,#3672,#3673,#3674,#3675,
#3676,#3677,#3678,#3679,#3680,#3681,#3682,#3683,#3684,#3685,#3686,#3687,
#3688,#3689,#3690,#3691,#3692,#3693,#3694,#3695,#3696,#3697,#3698,#3699,
#3700,#3701,#3702,#3703,#3704,#3705,#3706,#3707,#3708,#3709,#3710,#3711,
#3712,#3713,#3714,#3715,#3716,#3717,#3718,#3719,#3720,#3721,#3722,#3723,
#3724,#3725,#3726,#3727,#3728,#3729,#3730,#3731,#3732,#3733,#3734,#3735,
#3736,#3737,#3738,#3739,#3740,#3741,#3742,#3743,#3744,#3745,#3746,#3747,
#3748,#3749,#3750,#3751,#3752,#3753,#3754,#3755,#3756,#3757,#3758,#3759,
#3760,#3761,#3762,#3763,#3764,#3765,#3766,#3767,#3768,#3769,#3770,#3771,
#3772,#3773,#3774,#3775,#3776,#3777,#3778,#3779,#3780,#3781,#3782,#3783,
#3784,#3785,#3786,#3787,#3788,#3789,#3790,#3791,#3792,#3793,#3794,#3795,
#3796,#3797,#3798,#3799,#3800,#3801,#3802,#3803,#3804,#3805,#3806,#3807,
#3808,#3809,#3810,#3811,#3812,#3813,#3814,#3815,#3816,#3817,#3818,#3819,
#3820,#3821,#3822,#3823,#3824,#3825,#3826,#3827,#3828,#3829,#3830,#3831,
#3832,#3833,#3834,#3835,#3836,#3837,#3838,#3839,#3840,#3841,#3842,#3843,
#3844,#3845,#3846,#3847,#3848,#3849,#3850,#3851,#3852,#3853,#3854,#3855,
#3856,#3857,#3858,#3859,#3860,#3861,#3862,#3863,#3864,#3865,#3866,#3867,
#3868,#3869,#3870,#3871,#3872,#3873,#3874,#3875,#3876,#3877,#3878,#3879,
#3880,#3881,#3882,#3883,#3884,#3885,#3886,#3887,#3888,#3889,#3890,#3891,
#3892,#3893,#3894,#3895,#3896,#3897,#3898,#3899,#3900,#3901,#3902,#3903,
#3904,#3905,#3906,#3907,#3908,#3909,#3910,#3911,#3912,#3913,#3914,#3915,
#3916,#3917,#3918,#3919,#3920,#3921,#3922,#3923,#3924,#3925,#3926,#3927,
#3928,#3929,#3930,#3931,#3932,#3933,#3934,#3935,#3936,#3937,#3938,#3939,
#3940,#3941,#3942,#3943,#3944,#3945,#3946,#3947,#3948,#3949,#3950,#3951,
#3952,#3953,#3954,#3955,#3956,#3957,#3958,#3959,#3960,#3961,#3962,#3963,
#3964,#3965,#3966,#3967,#3968,#3969,#3970,#3971,#3972,#3973,#3974,#3975,
#3976,#3977,#3978,#3979,#3980,#3981,#3982,#3983,#3984,#3985,#3986,#3987,
#3988,#3989,#3990,#3991,#3992,#3993,#3994,#3995,#3996,#3997,#3998,#3999,
#4000,#4001,#4002,#4003,#4004,#4005,#4006,#4007,#4008,#4009,#4010,#4011,
#4012,#4013,#4014,#4015,#4016,#4017,#4018,#4019,#4020,#4021,#4022,#4023,
#4024,#4025,#4026,#4027,#4028,#4029,#4030,#4031,#4032,#4033,#4034,#4035,
#4036,#4037,#4038,#4039,#4040,#4041,#4042,#4043,#4044,#4045,#4046,#4047,
#4048,#4049,#4050,#4051,#4052,#4053,#4054,#4055,#4056,#4057,#4058,#4059,
#4060,#4061,#4062,#4063,#4064,#4065,#4066,#4067,#4068,#4069,#4070,#4071,
#4072,#4073,#4074,#4075,#4076,#4077,#4078,#4079,#4080,#4081,#4082,#4083,
#4084,#4085,#4086,#4087,#4088,#4089,#4090,#4091,#4092,#4093,#4094,#4095,
#4096,#4097,#4098,#4099,#4100,#4101,#4102,#4103,#4104,#4105,#4106,#4107,
#4108,#4109,#4110,#4111,#4112,#4113,#4114,#4115,#4116,#4117,#4118,#4119),
 .UNSPECIFIED.,.F.,.F.)
B_SPLINE_CURVE_WITH_KNOTS((6,1,1,1,1,1,1,1,1,1,1,1,1,1,1,1,1,1,1,1,1,1,
1,1,1,1,1,1,1,1,1,1,1,1,1,1,1,1,1,1,1,1,1,1,1,1,1,1,1,1,1,1,1,1,1,1,1,1,
1,1,1,1,1,1,1,1,1,1,1,1,1,1,1,1,1,1,1,1,1,1,1,1,1,1,1,1,1,1,1,1,1,1,1,1,
1,1,1,1,1,1,1,1,1,1,1,1,1,1,1,1,1,1,1,1,1,1,1,1,1,1,1,1,1,1,1,1,1,1,1,1,
1,1,1,1,1,1,1,1,1,1,1,1,1,1,1,1,1,1,1,1,1,1,1,1,1,1,1,1,1,1,1,1,1,1,1,1,
1,1,1,1,1,1,1,1,1,1,1,1,1,1,1,1,1,1,1,1,1,1,1,1,1,1,1,1,1,1,1,1,1,1,1,1,
1,1,1,1,1,1,1,1,1,1,1,1,1,1,1,1,1,1,1,1,1,1,1,1,1,1,1,1,1,1,1,1,1,1,1,1,
1,1,1,1,1,1,1,1,1,1,1,1,1,1,1,1,1,1,1,1,1,1,1,1,1,1,1,1,1,1,1,1,1,1,1,1,
1,1,1,1,1,1,1,1,1,1,1,1,1,1,1,1,1,1,1,1,1,1,1,1,1,1,1,1,1,1,1,1,1,1,1,1,
1,1,1,1,1,1,1,1,1,1,1,1,1,1,1,1,1,1,1,1,1,1,1,1,1,1,1,1,1,1,1,1,1,1,1,1,
1,1,1,1,1,1,1,1,1,1,1,1,1,1,1,1,1,1,1,1,1,1,1,1,1,1,1,1,1,1,1,1,1,1,1,1,
1,1,1,1,1,1,1,1,1,1,1,1,1,1,1,1,1,1,1,1,1,1,1,1,1,1,1,1,1,1,1,1,1,1,1,1,
1,1,1,1,1,1,1,1,1,1,1,1,1,1,1,1,1,1,1,1,1,1,1,1,1,1,1,1,1,1,1,1,1,1,1,1,
1,1,1,1,1,1,1,1,1,1,1,1,1,1,1,1,1,1,1,1,1,1,1,1,1,1,1,1,1,1,1,1,1,1,1,1,
1,1,1,1,1,1,1,1,1,1,1,1,1,1,1,1,1,1,1,1,1,1,1,1,1,1,1,1,1,1,1,1,1,1,1,1,
1,1,1,1,1,1,1,1,1,1,1,1,1,1,1,1,1,1,1,1,1,1,1,1,1,1,1,1,1,1,1,1,1,1,1,1,
1,1,1,1,1,1,1,1,1,1,1,1,1,1,1,1,1,1,1,1,1,1,1,1,1,1,1,1,1,1,1,1,1,1,1,1,
1,1,1,1,1,1,1,1,1,1,1,1,1,1,1,1,1,1,1,1,1,1,1,1,1,1,1,1,1,1,1,1,1,1,1,1,
1,1,1,1,1,1,1,1,1,1,1,1,1,1,1,1,1,1,1,1,1,1,1,1,1,1,1,1,1,1,1,1,1,1,1,1,
1,1,1,1,1,1,1,1,1,1,1,1,1,1,1,1,1,1,1,1,1,1,1,1,1,1,1,1,1,1,1,1,1,1,1,1,
1,1,1,1,1,1,1,1,1,1,1,1,1,1,1,1,1,1,1,1,1,1,1,1,1,1,1,1,1,1,1,1,1,1,1,1,
1,1,1,1,1,1,1,1,1,1,1,1,1,1,1,1,1,1,1,1,1,1,1,1,1,1,1,1,1,1,1,1,1,1,1,1,
1,1,1,1,1,1,1,1,1,1,1,1,1,1,1,1,1,1,1,1,1,1,1,1,1,1,1,1,1,1,1,1,1,1,1,1,
1,1,1,1,1,1,1,1,1,1,1,1,1,1,1,1,1,1,1,1,1,1,1,1,1,1,1,1,1,1,1,1,1,1,1,1,
1,1,1,1,1,1,1,1,1,1,1,1,1,1,1,1,1,1,1,1,1,1,1,1,1,1,1,1,1,1,1,1,1,1,1,1,
1,1,1,1,1,1,1,1,1,1,1,1,1,1,1,1,1,1,1,1,1,1,1,1,1,1,1,1,1,1,1,1,1,1,1,1,
1,1,1,1,1,1,1,1,1,1,1,1,1,1,1,1,1,1,1,1,1,1,1,1,1,1,1,1,1,1,1,1,1,1,1,1,
1,1,1,1,1,1,1,1,1,1,1,1,1,1,1,1,1,1,1,1,1,1,1,1,1,1,1,1,1,1,1,1,1,1,1,1,
1,1,1,1,1,1,6),(-1.,-0.999000000000001,-0.998000000000001,-0.997000000000001,
-0.996000000000001,-0.995000000000001,-0.994000000000001,-0.993000000000001,
-0.992000000000001,-0.991000000000001,-0.990000000000001,-0.989000000000001,
-0.988000000000001,-0.987000000000001,-0.986000000000001,-0.985000000000001,
-0.984000000000001,-0.983000000000001,-0.982000000000001,-0.981000000000001,
-0.980000000000001,-0.979000000000001,-0.978000000000001,-0.977000000000001,
-0.976000000000001,-0.975000000000001,-0.974000000000001,-0.973000000000001,
-0.972000000000001,-0.971000000000001,-0.970000000000001,-0.969000000000001,
-0.968000000000001,-0.967000000000001,-0.966000000000001,-0.965000000000001,
-0.964000000000001,-0.963000000000001,-0.962000000000001,-0.961000000000001,
-0.960000000000001,-0.959000000000001,-0.958000000000001,-0.957000000000001,
-0.956000000000001,-0.955000000000001,-0.954000000000001,-0.953000000000001,
-0.952000000000001,-0.951000000000001,-0.950000000000001,-0.949000000000001,
-0.948000000000001,-0.947000000000001,-0.946000000000001,-0.945000000000001,
-0.944000000000001,-0.943000000000001,-0.942000000000001,-0.941000000000001,
-0.940000000000001,-0.939000000000001,-0.938000000000001,-0.937000000000001,
-0.936000000000001,-0.935000000000001,-0.934000000000001,-0.933000000000001,
-0.932000000000001,-0.931000000000001,-0.930000000000001,-0.929000000000001,
-0.928000000000001,-0.927000000000001,-0.926000000000001,-0.925000000000001,
-0.924000000000001,-0.923000000000001,-0.922000000000001,-0.921000000000001,
-0.920000000000001,-0.919000000000001,-0.918000000000001,-0.917000000000001,
-0.916000000000001,-0.915000000000001,-0.914000000000001,-0.913000000000001,
-0.912000000000001,-0.911000000000001,-0.910000000000001,-0.909000000000001,
-0.908000000000001,-0.907000000000001,-0.906000000000001,-0.905000000000001,
-0.904000000000001,-0.903000000000001,-0.902000000000001,-0.901000000000001,
-0.900000000000001,-0.899000000000001,-0.898000000000001,-0.897000000000001,
-0.896000000000001,-0.895000000000001,-0.894000000000001,-0.893000000000001,
-0.892000000000001,-0.891000000000001,-0.890000000000001,-0.889000000000001,
-0.888000000000001,-0.887000000000001,-0.886000000000001,-0.885000000000001,
-0.884000000000001,-0.883000000000001,-0.882000000000001,-0.881000000000001,
-0.880000000000001,-0.879000000000001,-0.878000000000001,-0.877000000000001,
-0.876000000000001,-0.875000000000001,-0.874000000000001,-0.873000000000001,
-0.872000000000001,-0.871000000000001,-0.870000000000001,-0.869000000000001,
-0.868000000000001,-0.867000000000001,-0.866000000000001,-0.865000000000001,
-0.864000000000001,-0.863000000000001,-0.862000000000001,-0.861000000000001,
-0.860000000000001,-0.859000000000001,-0.858000000000001,-0.857000000000001,
-0.856000000000001,-0.855000000000001,-0.854000000000001,-0.853000000000001,
-0.852000000000001,-0.851000000000001,-0.850000000000001,-0.849000000000001,
-0.848000000000001,-0.847000000000001,-0.846000000000001,-0.845000000000001,
-0.844000000000001,-0.843000000000001,-0.842000000000001,-0.841000000000001,
-0.840000000000001,-0.839000000000001,-0.838000000000001,-0.837000000000001,
-0.836000000000001,-0.835000000000001,-0.834000000000001,-0.833000000000001,
-0.832000000000001,-0.831000000000001,-0.830000000000001,-0.829000000000001,
-0.828000000000001,-0.827000000000001,-0.826000000000001,-0.825000000000001,
-0.824000000000001,-0.823000000000001,-0.822000000000001,-0.821000000000001,
-0.820000000000001,-0.819000000000001,-0.818000000000001,-0.817000000000001,
-0.816000000000001,-0.815000000000001,-0.814000000000001,-0.813000000000001,
-0.812000000000001,-0.811000000000001,-0.810000000000001,-0.809000000000001,
-0.808000000000001,-0.807000000000001,-0.806000000000001,-0.805000000000001,
-0.804000000000001,-0.803000000000001,-0.802000000000001,-0.801000000000001,
-0.800000000000001,-0.799000000000001,-0.798000000000001,-0.797000000000001,
-0.796000000000001,-0.795000000000001,-0.794000000000001,-0.793000000000001,
-0.792000000000001,-0.791000000000001,-0.790000000000001,-0.789000000000001,
-0.788000000000001,-0.787000000000001,-0.786000000000001,-0.785000000000001,
-0.784000000000001,-0.783000000000001,-0.782000000000001,-0.781000000000001,
-0.780000000000001,-0.779000000000001,-0.778000000000001,-0.777000000000001,
-0.776000000000001,-0.775000000000001,-0.774000000000001,-0.773000000000001,
-0.772000000000001,-0.771000000000001,-0.770000000000001,-0.769000000000001,
-0.768000000000001,-0.767000000000001,-0.766000000000001,-0.765000000000001,
-0.764000000000001,-0.763000000000001,-0.762000000000001,-0.761000000000001,
-0.760000000000001,-0.759000000000001,-0.758000000000001,-0.757000000000001,
-0.756000000000001,-0.755000000000001,-0.754000000000001,-0.753000000000001,
-0.752000000000001,-0.751000000000001,-0.750000000000001,-0.749000000000001,
-0.748000000000001,-0.747000000000001,-0.746000000000001,-0.745000000000001,
-0.744000000000001,-0.743000000000001,-0.742000000000001,-0.741000000000001,
-0.740000000000001,-0.739000000000001,-0.738000000000001,-0.737000000000001,
-0.736000000000001,-0.735000000000001,-0.734000000000001,-0.733000000000001,
-0.732000000000001,-0.731000000000001,-0.730000000000001,-0.729000000000001,
-0.728000000000001,-0.727000000000001,-0.726000000000001,-0.725000000000001,
-0.724000000000001,-0.723000000000001,-0.722000000000001,-0.721000000000001,
-0.720000000000001,-0.719000000000001,-0.718000000000001,-0.717000000000001,
-0.716000000000001,-0.715000000000001,-0.714000000000001,-0.713000000000001,
-0.712000000000001,-0.711000000000001,-0.710000000000001,-0.709000000000001,
-0.708000000000001,-0.707000000000001,-0.706000000000001,-0.705000000000001,
-0.704000000000001,-0.703000000000001,-0.702000000000001,-0.701000000000001,
-0.700000000000001,-0.699000000000001,-0.698000000000001,-0.697000000000001,
-0.696000000000001,-0.695000000000001,-0.694000000000001,-0.693000000000001,
-0.692000000000001,-0.691000000000001,-0.690000000000001,-0.689000000000001,
-0.688000000000001,-0.687,-0.686,-0.685,-0.684,-0.683,-0.682,-0.681,-0.68,
-0.679,-0.678,-0.677,-0.676,-0.675,-0.674,-0.673,-0.672,-0.671,-0.67,-0.669,
-0.668,-0.667,-0.666,-0.665,-0.664,-0.663,-0.662,-0.661,-0.66,-0.659,-0.658,
-0.657,-0.656,-0.655,-0.654,-0.653,-0.652,-0.651,-0.65,-0.649,-0.648,-0.647,
-0.646,-0.645,-0.644,-0.643,-0.642,-0.641,-0.64,-0.639,-0.638,-0.637,-0.636,
-0.635,-0.634,-0.633,-0.632,-0.631,-0.63,-0.629,-0.628,-0.627,-0.626,-0.625,
-0.624,-0.623,-0.622,-0.621,-0.62,-0.619,-0.618,-0.617,-0.616,-0.615,-0.614,
-0.613,-0.612,-0.611,-0.61,-0.609,-0.608,-0.607,-0.606,-0.605,-0.604,-0.603,
-0.602,-0.601,-0.6,-0.599,-0.598,-0.597,-0.596,-0.595,-0.594,-0.593,-0.592,
-0.591,-0.59,-0.589,-0.588,-0.587,-0.586,-0.585,-0.584,-0.583,-0.582,-0.581,
-0.58,-0.579,-0.578,-0.577,-0.576,-0.575,-0.574,-0.573,-0.572,-0.571,-0.57,
-0.569,-0.568,-0.567,-0.566,-0.565,-0.564,-0.563,-0.562,-0.561,-0.56,-0.559,
-0.558,-0.557,-0.556,-0.555,-0.554,-0.553,-0.552,-0.551,-0.55,-0.549,-0.548,
-0.547,-0.546,-0.545,-0.544,-0.543,-0.542,-0.541,-0.54,-0.539,-0.538,-0.537,
-0.536,-0.535,-0.534,-0.533,-0.532,-0.531,-0.53,-0.529,-0.528,-0.527,-0.526,
-0.525,-0.524,-0.523,-0.522,-0.521,-0.52,-0.519,-0.518,-0.517,-0.516,-0.515,
-0.514,-0.513,-0.512,-0.511,-0.51,-0.509,-0.508,-0.507,-0.506,-0.505,-0.504,
-0.503,-0.502,-0.501,-0.5,-0.499,-0.498,-0.497,-0.496,-0.495,-0.494,-0.493,
-0.492,-0.491,-0.49,-0.489,-0.488,-0.487,-0.486,-0.485,-0.484,-0.483,-0.482,
-0.481,-0.48,-0.479,-0.478,-0.477,-0.476,-0.475,-0.474,-0.473,-0.472,-0.471,
-0.47,-0.469,-0.468,-0.467,-0.466,-0.465,-0.464,-0.463,-0.462,-0.461,-0.46,
-0.459,-0.458,-0.457,-0.456,-0.455,-0.454,-0.453,-0.452,-0.451,-0.45,-0.449,
-0.448,-0.447,-0.446,-0.445,-0.444,-0.443,-0.442,-0.441,-0.44,-0.439,-0.438,
-0.437,-0.436,-0.435,-0.434,-0.433,-0.432,-0.431,-0.43,-0.429,-0.428,-0.427,
-0.426,-0.425,-0.424,-0.423,-0.422,-0.421,-0.42,-0.419,-0.418,-0.417,-0.416,
-0.415,-0.414,-0.413,-0.412,-0.411,-0.41,-0.409,-0.408,-0.407,-0.406,-0.405,
-0.404,-0.403,-0.402,-0.401,-0.4,-0.399,-0.398,-0.397,-0.396,-0.395,-0.394,
-0.393,-0.392,-0.391,-0.39,-0.389,-0.388,-0.387,-0.386,-0.385,-0.384,-0.383,
-0.382,-0.381,-0.38,-0.379,-0.378,-0.377,-0.376,-0.375,-0.374,-0.373,-0.372,
-0.371,-0.37,-0.369,-0.368,-0.367,-0.366,-0.365,-0.364,-0.363,-0.362,-0.361,
-0.36,-0.359,-0.358,-0.357,-0.356,-0.355,-0.354,-0.353,-0.352,-0.351,-0.35,
-0.349,-0.348,-0.347,-0.346,-0.345,-0.344,-0.343,-0.342,-0.341,-0.34,-0.339,
-0.338,-0.337,-0.336,-0.335,-0.334,-0.333,-0.332,-0.331,-0.33,-0.329,-0.328,
-0.327,-0.326,-0.325,-0.324,-0.323,-0.322,-0.321,-0.32,-0.319,-0.318,-0.317,
-0.316,-0.315,-0.314,-0.313,-0.312,-0.311,-0.31,-0.309,-0.308,-0.307,-0.306,
-0.305,-0.304,-0.303,-0.302,-0.301,-0.3,-0.299,-0.298,-0.297,-0.296,-0.295,
-0.294,-0.293,-0.292,-0.291,-0.29,-0.289,-0.288,-0.287,-0.286,-0.285,-0.284,
-0.283,-0.282,-0.281,-0.28,-0.279,-0.278,-0.277,-0.276,-0.275,-0.274,-0.273,
-0.272,-0.271,-0.27,-0.269,-0.268,-0.267,-0.266,-0.265,-0.264,-0.263,-0.262,
-0.261,-0.26,-0.259,-0.258,-0.257,-0.256,-0.255,-0.254,-0.253,-0.252,-0.251,
-0.25,-0.249,-0.248,-0.247,-0.246,-0.245,-0.244,-0.243,-0.242,-0.241,-0.24,
-0.239,-0.238,-0.237,-0.236,-0.235,-0.234,-0.233,-0.232,-0.231,-0.23,-0.229,
-0.228,-0.227,-0.226,-0.225,-0.224,-0.223,-0.222,-0.221,-0.22,-0.219,-0.218,
-0.217,-0.216,-0.215,-0.214,-0.213,-0.212,-0.211,-0.21,-0.209,-0.208,-0.207,
-0.206,-0.205,-0.204,-0.203,-0.202,-0.201,-0.2,-0.199,-0.198,-0.197,-0.196,
-0.195,-0.194,-0.193,-0.192,-0.191,-0.19,-0.189,-0.188,-0.187,-0.186,-0.185,
-0.184,-0.183,-0.182,-0.181,-0.18,-0.179,-0.178,-0.177,-0.176,-0.175,-0.174,
-0.173,-0.172,-0.171,-0.17,-0.169,-0.168,-0.167,-0.166,-0.165,-0.164,-0.163,
-0.162,-0.161,-0.16,-0.159,-0.158,-0.157,-0.156,-0.155,-0.154,-0.153,-0.152,
-0.151,-0.15,-0.149,-0.148,-0.147,-0.146,-0.145,-0.144,-0.143,-0.142,-0.141,
-0.14,-0.139,-0.138,-0.137,-0.136,-0.135,-0.134,-0.133,-0.132,-0.131,-0.13,
-0.129,-0.128,-0.127,-0.126,-0.125,-0.124,-0.123,-0.122,-0.121,-0.12,-0.119,
-0.118,-0.117,-0.116,-0.115,-0.114,-0.113,-0.112,-0.111,-0.11,-0.109,-0.108,
-0.107,-0.106,-0.105,-0.104,-0.103,-0.102,-0.101,-0.1,-0.0990000000000001,
-0.0980000000000001,-0.0970000000000001,-0.0960000000000001,-0.0950000000000001,
-0.0940000000000001,-0.0930000000000001,-0.0920000000000001,-0.0910000000000001,
-0.0900000000000001,-0.0890000000000001,-0.0880000000000001,-0.0870000000000001,
-0.0860000000000001,-0.0850000000000001,-0.0840000000000001,-0.0830000000000001,
-0.0820000000000001,-0.0810000000000001,-0.0800000000000001,-0.0790000000000001,
-0.0780000000000001,-0.0770000000000001,-0.0760000000000001,-0.0750000000000001,
-0.0740000000000001,-0.0730000000000001,-0.0720000000000001,-0.071,-0.07,
-0.069,-0.068,-0.067,-0.066,-0.065,-0.064,-0.063,-0.062,-0.061,-0.06,-0.059,
-0.058,-0.057,-0.056,-0.055,-0.054,-0.053,-0.052,-0.051,-0.05,-0.049,-0.048,
-0.047,-0.046,-0.045,-0.044,-0.043,-0.042,-0.041,-0.04,-0.039,-0.038,-0.037,
-0.036,-0.035,-0.034,-0.033,-0.032,-0.031,-0.03,-0.029,-0.028,-0.027,-0.026,
-0.025,-0.024,-0.023,-0.022,-0.021,-0.02,-0.019,-0.018,-0.017,-0.016,-0.015,
-0.014,-0.013,-0.012,-0.011,-0.01,-0.009,-0.008,-0.007,-0.006,-0.005,-0.004,
-0.003,-0.002,-0.001,0.),.UNSPECIFIED.)
CURVE()
GEOMETRIC_REPRESENTATION_ITEM()
RATIONAL_B_SPLINE_CURVE((1.,1.,1.,1.,1.,1.,1.,1.,1.,1.,1.,1.,1.,1.,1.,1.,
1.,1.,1.,1.,1.,1.,1.,1.,1.,1.,1.,1.,1.,1.,1.,1.,1.,1.,1.,1.,1.,1.,1.,1.,
1.,1.,1.,1.,1.,1.,1.,1.,1.,1.,1.,1.,1.,1.,1.,1.,1.,1.,1.,1.,1.,1.,1.,1.,
1.,1.,1.,1.,1.,1.,1.,1.,1.,1.,1.,1.,1.,1.,1.,1.,1.,1.,1.,1.,1.,1.,1.,1.,
1.,1.,1.,1.,1.,1.,1.,1.,1.,1.,1.,1.,1.,1.,1.,1.,1.,1.,1.,1.,1.,1.,1.,1.,
1.,1.,1.,1.,1.,1.,1.,1.,1.,1.,1.,1.,1.,1.,1.,1.,1.,1.,1.,1.,1.,1.,1.,1.,
1.,1.,1.,1.,1.,1.,1.,1.,1.,1.,1.,1.,1.,1.,1.,1.,1.,1.,1.,1.,1.,1.,1.,1.,
1.,1.,1.,1.,1.,1.,1.,1.,1.,1.,1.,1.,1.,1.,1.,1.,1.,1.,1.,1.,1.,1.,1.,1.,
1.,1.,1.,1.,1.,1.,1.,1.,1.,1.,1.,1.,1.,1.,1.,1.,1.,1.,1.,1.,1.,1.,1.,1.,
1.,1.,1.,1.,1.,1.,1.,1.,1.,1.,1.,1.,1.,1.,1.,1.,1.,1.,1.,1.,1.,1.,1.,1.,
1.,1.,1.,1.,1.,1.,1.,1.,1.,1.,1.,1.,1.,1.,1.,1.,1.,1.,1.,1.,1.,1.,1.,1.,
1.,1.,1.,1.,1.,1.,1.,1.,1.,1.,1.,1.,1.,1.,1.,1.,1.,1.,1.,1.,1.,1.,1.,1.,
1.,1.,1.,1.,1.,1.,1.,1.,1.,1.,1.,1.,1.,1.,1.,1.,1.,1.,1.,1.,1.,1.,1.,1.,
1.,1.,1.,1.,1.,1.,1.,1.,1.,1.,1.,1.,1.,1.,1.,1.,1.,1.,1.,1.,1.,1.,1.,1.,
1.,1.,1.,1.,1.,1.,1.,1.,1.,1.,1.,1.,1.,1.,1.,1.,1.,1.,1.,1.,1.,1.,1.,1.,
1.,1.,1.,1.,1.,1.,1.,1.,1.,1.,1.,1.,1.,1.,1.,1.,1.,1.,1.,1.,1.,1.,1.,1.,
1.,1.,1.,1.,1.,1.,1.,1.,1.,1.,1.,1.,1.,1.,1.,1.,1.,1.,1.,1.,1.,1.,1.,1.,
1.,1.,1.,1.,1.,1.,1.,1.,1.,1.,1.,1.,1.,1.,1.,1.,1.,1.,1.,1.,1.,1.,1.,1.,
1.,1.,1.,1.,1.,1.,1.,1.,1.,1.,1.,1.,1.,1.,1.,1.,1.,1.,1.,1.,1.,1.,1.,1.,
1.,1.,1.,1.,1.,1.,1.,1.,1.,1.,1.,1.,1.,1.,1.,1.,1.,1.,1.,1.,1.,1.,1.,1.,
1.,1.,1.,1.,1.,1.,1.,1.,1.,1.,1.,1.,1.,1.,1.,1.,1.,1.,1.,1.,1.,1.,1.,1.,
1.,1.,1.,1.,1.,1.,1.,1.,1.,1.,1.,1.,1.,1.,1.,1.,1.,1.,1.,1.,1.,1.,1.,1.,
1.,1.,1.,1.,1.,1.,1.,1.,1.,1.,1.,1.,1.,1.,1.,1.,1.,1.,1.,1.,1.,1.,1.,1.,
1.,1.,1.,1.,1.,1.,1.,1.,1.,1.,1.,1.,1.,1.,1.,1.,1.,1.,1.,1.,1.,1.,1.,1.,
1.,1.,1.,1.,1.,1.,1.,1.,1.,1.,1.,1.,1.,1.,1.,1.,1.,1.,1.,1.,1.,1.,1.,1.,
1.,1.,1.,1.,1.,1.,1.,1.,1.,1.,1.,1.,1.,1.,1.,1.,1.,1.,1.,1.,1.,1.,1.,1.,
1.,1.,1.,1.,1.,1.,1.,1.,1.,1.,1.,1.,1.,1.,1.,1.,1.,1.,1.,1.,1.,1.,1.,1.,
1.,1.,1.,1.,1.,1.,1.,1.,1.,1.,1.,1.,1.,1.,1.,1.,1.,1.,1.,1.,1.,1.,1.,1.,
1.,1.,1.,1.,1.,1.,1.,1.,1.,1.,1.,1.,1.,1.,1.,1.,1.,1.,1.,1.,1.,1.,1.,1.,
1.,1.,1.,1.,1.,1.,1.,1.,1.,1.,1.,1.,1.,1.,1.,1.,1.,1.,1.,1.,1.,1.,1.,1.,
1.,1.,1.,1.,1.,1.,1.,1.,1.,1.,1.,1.,1.,1.,1.,1.,1.,1.,1.,1.,1.,1.,1.,1.,
1.,1.,1.,1.,1.,1.,1.,1.,1.,1.,1.,1.,1.,1.,1.,1.,1.,1.,1.,1.,1.,1.,1.,1.,
1.,1.,1.,1.,1.,1.,1.,1.,1.,1.,1.,1.,1.,1.,1.,1.,1.,1.,1.,1.,1.,1.,1.,1.,
1.,1.,1.,1.,1.,1.,1.,1.,1.,1.,1.,1.,1.,1.,1.,1.,1.,1.,1.,1.,1.,1.,1.,1.,
1.,1.,1.,1.,1.,1.,1.,1.,1.,1.,1.,1.,1.,1.,1.,1.,1.,1.,1.,1.,1.,1.,1.,1.,
1.,1.,1.,1.,1.,1.,1.,1.,1.,1.,1.,1.,1.,1.,1.,1.,1.,1.,1.,1.,1.,1.,1.,1.,
1.,1.,1.,1.,1.,1.,1.,1.,1.,1.,1.,1.,1.,1.,1.,1.,1.,1.,1.,1.,1.,1.,1.,1.,
1.,1.,1.,1.,1.,1.,1.,1.,1.,1.,1.,1.,1.,1.,1.,1.,1.,1.,1.,1.,1.,1.,1.,1.,
1.,1.,1.,1.,1.,1.,1.,1.,1.,1.,1.,1.,1.,1.,1.,1.,1.,1.,1.,1.,1.,1.,1.,1.,
1.,1.,1.,1.,1.,1.,1.,1.,1.,1.,1.,1.,1.,1.,1.,1.,1.,1.,1.,1.,1.,1.,1.,1.,
1.,1.,1.,1.,1.,1.,1.,1.,1.,1.,1.,1.,1.,1.,1.,1.,1.,1.,1.,1.,1.,1.,1.,1.,
1.,1.,1.,1.,1.,1.,1.,1.,1.,1.,1.,1.,1.,1.,1.,1.,1.,1.,1.,1.,1.,1.,1.,1.,
1.,1.,1.,1.,1.))
REPRESENTATION_ITEM('')
);
#26=LINE('',#96,#30);
#27=LINE('',#3113,#31);
#28=LINE('',#4120,#32);
#29=LINE('',#4122,#33);
#30=VECTOR('',#84,10.);
#31=VECTOR('',#85,10.);
#32=VECTOR('',#86,10.);
#33=VECTOR('',#89,10.);
#34=VERTEX_POINT('',#94);
#35=VERTEX_POINT('',#95);
#36=VERTEX_POINT('',#3112);
#37=VERTEX_POINT('',#3114);
#38=EDGE_CURVE('',#34,#35,#26,.T.);
#39=EDGE_CURVE('',#35,#34,#24,.T.);
#40=EDGE_CURVE('',#36,#35,#27,.T.);
#41=EDGE_CURVE('',#37,#36,#25,.T.);
#42=EDGE_CURVE('',#34,#37,#28,.T.);
#43=EDGE_CURVE('',#36,#37,#29,.T.);
#44=ORIENTED_EDGE('',*,*,#38,.T.);
#45=ORIENTED_EDGE('',*,*,#39,.T.);
#46=ORIENTED_EDGE('',*,*,#40,.F.);
#47=ORIENTED_EDGE('',*,*,#41,.F.);
#48=ORIENTED_EDGE('',*,*,#42,.F.);
#49=ORIENTED_EDGE('',*,*,#39,.F.);
#50=ORIENTED_EDGE('',*,*,#42,.T.);
#51=ORIENTED_EDGE('',*,*,#43,.F.);
#52=ORIENTED_EDGE('',*,*,#40,.T.);
#53=ORIENTED_EDGE('',*,*,#38,.F.);
#54=ORIENTED_EDGE('',*,*,#43,.T.);
#55=ORIENTED_EDGE('',*,*,#41,.T.);
#56=PLANE('',#77);
#57=PLANE('',#78);
#58=PLANE('',#79);
#59=ADVANCED_FACE('',(#16),#56,.F.);
#60=ADVANCED_FACE('',(#17),#15,.T.);
#61=ADVANCED_FACE('',(#18),#57,.T.);
#62=ADVANCED_FACE('',(#19),#58,.T.);
#63=CLOSED_SHELL('',(#59,#60,#61,#62));
#64=DERIVED_UNIT_ELEMENT(#66,1.);
#65=DERIVED_UNIT_ELEMENT(#4129,-3.);
#66=(
MASS_UNIT()
NAMED_UNIT(*)
SI_UNIT(.KILO.,.GRAM.)
);
#67=DERIVED_UNIT((#64,#65));
#68=MEASURE_REPRESENTATION_ITEM('density measure',
POSITIVE_RATIO_MEASURE(7850.),#67);
#69=PROPERTY_DEFINITION_REPRESENTATION(#74,#71);
#70=PROPERTY_DEFINITION_REPRESENTATION(#75,#72);
#71=REPRESENTATION('material name',(#73),#4126);
#72=REPRESENTATION('density',(#68),#4126);
#73=DESCRIPTIVE_REPRESENTATION_ITEM('Steel','Steel');
#74=PROPERTY_DEFINITION('material property','material name',#4136);
#75=PROPERTY_DEFINITION('material property','density of part',#4136);
#76=AXIS2_PLACEMENT_3D('',#92,#80,#81);
#77=AXIS2_PLACEMENT_3D('',#93,#82,#83);
#78=AXIS2_PLACEMENT_3D('',#4121,#87,#88);
#79=AXIS2_PLACEMENT_3D('',#4123,#90,#91);
#80=DIRECTION('axis',(0.,0.,1.));
#81=DIRECTION('refdir',(1.,0.,0.));
#82=DIRECTION('center_axis',(0.,0.,1.));
#83=DIRECTION('ref_axis',(1.,0.,0.));
#84=DIRECTION('',(0.,1.,0.));
#85=DIRECTION('',(0.,0.,-1.));
#86=DIRECTION('',(0.,0.,1.));
#87=DIRECTION('center_axis',(-1.,0.,0.));
#88=DIRECTION('ref_axis',(0.,-1.,0.));
#89=DIRECTION('',(0.,-1.,0.));
#90=DIRECTION('center_axis',(0.,0.,1.));
#91=DIRECTION('ref_axis',(1.,0.,0.));
#92=CARTESIAN_POINT('',(0.,0.,0.));
#93=CARTESIAN_POINT('Origin',(0.00839816778338331,1.3944401189292E-12,-500.));
#94=CARTESIAN_POINT('',(-500.,-1.25999999999988,-500.));
#95=CARTESIAN_POINT('',(-500.,1.26000000000012,-500.));
#96=CARTESIAN_POINT('',(-500.,1.26000000000012,-500.));
#97=CARTESIAN_POINT('Ctrl Pts',(-500.,1.26000000000012,-500.));
#98=CARTESIAN_POINT('Ctrl Pts',(-499.960172049728,1.26579604789698,-500.));
#99=CARTESIAN_POINT('Ctrl Pts',(-499.856400803058,1.28061837272794,-500.));
#100=CARTESIAN_POINT('Ctrl Pts',(-499.628044652568,1.31258638886703,-500.));
#101=CARTESIAN_POINT('Ctrl Pts',(-499.18210905576,1.37419228472986,-500.));
#102=CARTESIAN_POINT('Ctrl Pts',(-498.535145891599,1.46470737565809,-500.));
#103=CARTESIAN_POINT('Ctrl Pts',(-497.841353281875,1.56265273532792,-500.));
#104=CARTESIAN_POINT('Ctrl Pts',(-497.075290918777,1.67015971515311,-500.));
#105=CARTESIAN_POINT('Ctrl Pts',(-496.244475398507,1.78597571799706,-500.));
#106=CARTESIAN_POINT('Ctrl Pts',(-495.368158499171,1.90782347643392,-500.));
#107=CARTESIAN_POINT('Ctrl Pts',(-494.454692435899,2.03489286568873,-500.));
#108=CARTESIAN_POINT('Ctrl Pts',(-493.503098115252,2.16747899017725,-500.));
#109=CARTESIAN_POINT('Ctrl Pts',(-492.512838769303,2.30557125302498,-500.));
#110=CARTESIAN_POINT('Ctrl Pts',(-491.487057150603,2.4484333699486,-500.));
#111=CARTESIAN_POINT('Ctrl Pts',(-490.429758261145,2.59522729683241,-500.));
#112=CARTESIAN_POINT('Ctrl Pts',(-489.34368508104,2.74555320044217,-500.));
#113=CARTESIAN_POINT('Ctrl Pts',(-488.230095160576,2.89942468601527,-500.));
#114=CARTESIAN_POINT('Ctrl Pts',(-487.089743559473,3.05693823099037,-500.));
#115=CARTESIAN_POINT('Ctrl Pts',(-485.923578577506,3.21799373782671,-500.));
#116=CARTESIAN_POINT('Ctrl Pts',(-484.732793898068,3.38231643928277,-500.));
#117=CARTESIAN_POINT('Ctrl Pts',(-483.518585397391,3.54958887167987,-500.));
#118=CARTESIAN_POINT('Ctrl Pts',(-482.28197715063,3.71956378012898,-500.));
#119=CARTESIAN_POINT('Ctrl Pts',(-481.023792481625,3.89209164688477,-500.));
#120=CARTESIAN_POINT('Ctrl Pts',(-479.744745892535,4.06708421594034,-500.));
#121=CARTESIAN_POINT('Ctrl Pts',(-478.445503422163,4.24449871128643,-500.));
#122=CARTESIAN_POINT('Ctrl Pts',(-477.126730398577,4.42431326902252,-500.));
#123=CARTESIAN_POINT('Ctrl Pts',(-475.789064240634,4.60650351678988,-500.));
#124=CARTESIAN_POINT('Ctrl Pts',(-474.433105197793,4.79102049000308,-500.));
#125=CARTESIAN_POINT('Ctrl Pts',(-473.059397283095,4.97776235008074,-500.));
#126=CARTESIAN_POINT('Ctrl Pts',(-471.668433973583,5.16659407390503,-500.));
#127=CARTESIAN_POINT('Ctrl Pts',(-470.260667422876,5.35737692597701,-500.));
#128=CARTESIAN_POINT('Ctrl Pts',(-468.836516686082,5.54999633087544,-500.));
#129=CARTESIAN_POINT('Ctrl Pts',(-467.396376071723,5.74438536988476,-500.));
#130=CARTESIAN_POINT('Ctrl Pts',(-465.940622223986,5.94050215942622,-500.));
#131=CARTESIAN_POINT('Ctrl Pts',(-464.469620660006,6.1383134812444,-500.));
#132=CARTESIAN_POINT('Ctrl Pts',(-462.983734068721,6.3377730482831,-500.));
#133=CARTESIAN_POINT('Ctrl Pts',(-461.483324887418,6.53881144025925,-500.));
#134=CARTESIAN_POINT('Ctrl Pts',(-459.968741760235,6.74135548953678,-500.));
#135=CARTESIAN_POINT('Ctrl Pts',(-458.440310122791,6.94534077766375,-500.));
#136=CARTESIAN_POINT('Ctrl Pts',(-456.898318785638,7.15072995864217,-500.));
#137=CARTESIAN_POINT('Ctrl Pts',(-455.343015761161,7.35751870332373,-500.));
#138=CARTESIAN_POINT('Ctrl Pts',(-453.77462709388,7.56571136308158,-500.));
#139=CARTESIAN_POINT('Ctrl Pts',(-452.193370852731,7.77530317245309,-500.));
#140=CARTESIAN_POINT('Ctrl Pts',(-450.599474208419,7.98625790320711,-500.));
#141=CARTESIAN_POINT('Ctrl Pts',(-448.99318581017,8.198493118477,-500.));
#142=CARTESIAN_POINT('Ctrl Pts',(-447.37476282171,8.41190736777804,-500.));
#143=CARTESIAN_POINT('Ctrl Pts',(-445.744460320567,8.62640376915967,-500.));
#144=CARTESIAN_POINT('Ctrl Pts',(-444.102520355464,8.84191335613646,-500.));
#145=CARTESIAN_POINT('Ctrl Pts',(-442.449159687986,9.05842275318827,-500.));
#146=CARTESIAN_POINT('Ctrl Pts',(-440.784573272955,9.27595489145206,-500.));
#147=CARTESIAN_POINT('Ctrl Pts',(-439.108940501294,9.49454058630937,-500.));
#148=CARTESIAN_POINT('Ctrl Pts',(-437.422430175488,9.71419612887672,-500.));
#149=CARTESIAN_POINT('Ctrl Pts',(-435.725206708334,9.93489173570238,-500.));
#150=CARTESIAN_POINT('Ctrl Pts',(-434.017433278336,10.1565479782477,-500.));
#151=CARTESIAN_POINT('Ctrl Pts',(-432.299271242267,10.3790678458184,-500.));
#152=CARTESIAN_POINT('Ctrl Pts',(-430.570880485317,10.6023606064263,-500.));
#153=CARTESIAN_POINT('Ctrl Pts',(-428.832419352143,10.8263676015632,-500.));
#154=CARTESIAN_POINT('Ctrl Pts',(-427.084044864084,11.0510908975105,-500.));
#155=CARTESIAN_POINT('Ctrl Pts',(-425.325911329533,11.2765723783532,-500.));
#156=CARTESIAN_POINT('Ctrl Pts',(-423.558168725024,11.5028658316154,-500.));
#157=CARTESIAN_POINT('Ctrl Pts',(-421.780961298706,11.7300129843773,-500.));
#158=CARTESIAN_POINT('Ctrl Pts',(-419.994425748901,11.9580145443498,-500.));
#159=CARTESIAN_POINT('Ctrl Pts',(-418.19869058801,12.1868135227358,-500.));
#160=CARTESIAN_POINT('Ctrl Pts',(-416.393879751837,12.4163226691169,-500.));
#161=CARTESIAN_POINT('Ctrl Pts',(-414.580115774761,12.6464462458163,-500.));
#162=CARTESIAN_POINT('Ctrl Pts',(-412.757522690132,12.8771018608621,-500.));
#163=CARTESIAN_POINT('Ctrl Pts',(-410.926230116153,13.1082474534266,-500.));
#164=CARTESIAN_POINT('Ctrl Pts',(-409.08637297192,13.3398872898858,-500.));
#165=CARTESIAN_POINT('Ctrl Pts',(-407.238085474603,13.5720495083016,-500.));
#166=CARTESIAN_POINT('Ctrl Pts',(-405.381496238766,13.8047699137619,-500.));
#167=CARTESIAN_POINT('Ctrl Pts',(-403.516723616208,14.0380750420755,-500.));
#168=CARTESIAN_POINT('Ctrl Pts',(-401.643869247815,14.2719611152193,-500.));
#169=CARTESIAN_POINT('Ctrl Pts',(-399.763019289058,14.5063929086173,-500.));
#170=CARTESIAN_POINT('Ctrl Pts',(-397.874252253831,14.741320256712,-500.));
#171=CARTESIAN_POINT('Ctrl Pts',(-395.977645331284,14.9766902510823,-500.));
#172=CARTESIAN_POINT('Ctrl Pts',(-394.073280590298,15.2124597239651,-500.));
#173=CARTESIAN_POINT('Ctrl Pts',(-392.161253047647,15.4486112527139,-500.));
#174=CARTESIAN_POINT('Ctrl Pts',(-390.241670520952,15.6851527842267,-500.));
#175=CARTESIAN_POINT('Ctrl Pts',(-388.314646168224,15.92210261017,-500.));
#176=CARTESIAN_POINT('Ctrl Pts',(-386.38029281874,16.1594778509156,-500.));
#177=CARTESIAN_POINT('Ctrl Pts',(-384.438717141511,16.3972828333878,-500.));
#178=CARTESIAN_POINT('Ctrl Pts',(-382.490012495931,16.6354942824439,-500.));
#179=CARTESIAN_POINT('Ctrl Pts',(-380.534257355167,16.8740595347621,-500.));
#180=CARTESIAN_POINT('Ctrl Pts',(-378.571521690375,17.1129131866246,-500.));
#181=CARTESIAN_POINT('Ctrl Pts',(-376.601871501034,17.351989553427,-500.));
#182=CARTESIAN_POINT('Ctrl Pts',(-374.62537386464,17.5912360727895,-500.));
#183=CARTESIAN_POINT('Ctrl Pts',(-372.642102313345,17.8306280891418,-500.));
#184=CARTESIAN_POINT('Ctrl Pts',(-370.652140380883,18.0701775508651,-500.));
#185=CARTESIAN_POINT('Ctrl Pts',(-368.655577575834,18.3099170770748,-500.));
#186=CARTESIAN_POINT('Ctrl Pts',(-366.652506554504,18.549887959007,-500.));
#187=CARTESIAN_POINT('Ctrl Pts',(-364.643019791066,18.7901264115802,-500.));
#188=CARTESIAN_POINT('Ctrl Pts',(-362.627206536534,19.0306510510625,-500.));
#189=CARTESIAN_POINT('Ctrl Pts',(-360.605149452463,19.2714485569654,-500.));
#190=CARTESIAN_POINT('Ctrl Pts',(-358.576925044908,19.5124828498696,-500.));
#191=CARTESIAN_POINT('Ctrl Pts',(-356.542604385264,19.7537057882523,-500.));
#192=CARTESIAN_POINT('Ctrl Pts',(-354.502253709449,19.9950677934469,-500.));
#193=CARTESIAN_POINT('Ctrl Pts',(-352.455935111957,20.2365274338999,-500.));
#194=CARTESIAN_POINT('Ctrl Pts',(-350.403707091248,20.478064107298,-500.));
#195=CARTESIAN_POINT('Ctrl Pts',(-348.345625605808,20.7196783884221,-500.));
#196=CARTESIAN_POINT('Ctrl Pts',(-346.281745551702,20.9613817724346,-500.));
#197=CARTESIAN_POINT('Ctrl Pts',(-344.212122131602,21.2031893542146,-500.));
#198=CARTESIAN_POINT('Ctrl Pts',(-342.136812246924,21.4451114264072,-500.));
#199=CARTESIAN_POINT('Ctrl Pts',(-340.055875930433,21.6871452496406,-500.));
#200=CARTESIAN_POINT('Ctrl Pts',(-337.969377617697,21.9292675834588,-500.));
#201=CARTESIAN_POINT('Ctrl Pts',(-335.877384761414,22.1714430950992,-500.));
#202=CARTESIAN_POINT('Ctrl Pts',(-333.779966608719,22.4136316547446,-500.));
#203=CARTESIAN_POINT('Ctrl Pts',(-331.677192888806,22.6557964439628,-500.));
#204=CARTESIAN_POINT('Ctrl Pts',(-329.569132602591,22.8979108283606,-500.));
#205=CARTESIAN_POINT('Ctrl Pts',(-327.455852610505,23.1399679622381,-500.));
#206=CARTESIAN_POINT('Ctrl Pts',(-325.337416944026,23.3819803214379,-500.));
#207=CARTESIAN_POINT('Ctrl Pts',(-323.213886782225,23.6239697946429,-500.));
#208=CARTESIAN_POINT('Ctrl Pts',(-321.085320253884,23.8659604610596,-500.));
#209=CARTESIAN_POINT('Ctrl Pts',(-318.951772291996,24.1079700859514,-500.));
#210=CARTESIAN_POINT('Ctrl Pts',(-316.813294510141,24.3500025914529,-500.));
#211=CARTESIAN_POINT('Ctrl Pts',(-314.669934951399,24.5920389708134,-500.));
#212=CARTESIAN_POINT('Ctrl Pts',(-312.521739402332,24.8340435872937,-500.));
#213=CARTESIAN_POINT('Ctrl Pts',(-310.368752872773,25.0759721379451,-500.));
#214=CARTESIAN_POINT('Ctrl Pts',(-308.211021052031,25.3177791654671,-500.));
#215=CARTESIAN_POINT('Ctrl Pts',(-306.04859169473,25.5594254492095,-500.));
#216=CARTESIAN_POINT('Ctrl Pts',(-303.881516228493,25.8008861902622,-500.));
#217=CARTESIAN_POINT('Ctrl Pts',(-301.709850685004,26.0421566083022,-500.));
#218=CARTESIAN_POINT('Ctrl Pts',(-299.533653425423,26.2832452578895,-500.));
#219=CARTESIAN_POINT('Ctrl Pts',(-297.352983349876,26.5241691114014,-500.));
#220=CARTESIAN_POINT('Ctrl Pts',(-295.167897825998,26.7649477874359,-500.));
#221=CARTESIAN_POINT('Ctrl Pts',(-292.978450949223,27.0055985256679,-500.));
#222=CARTESIAN_POINT('Ctrl Pts',(-290.784691142386,27.2461299069782,-500.));
#223=CARTESIAN_POINT('Ctrl Pts',(-288.586660911503,27.4865394799848,-500.));
#224=CARTESIAN_POINT('Ctrl Pts',(-286.384399672516,27.7268168365573,-500.));
#225=CARTESIAN_POINT('Ctrl Pts',(-284.177945775931,27.9669453472818,-500.));
#226=CARTESIAN_POINT('Ctrl Pts',(-281.967338975438,28.206904477309,-500.));
#227=CARTESIAN_POINT('Ctrl Pts',(-279.752622429973,28.446671764501,-500.));
#228=CARTESIAN_POINT('Ctrl Pts',(-277.533845598277,28.6862251661803,-500.));
#229=CARTESIAN_POINT('Ctrl Pts',(-275.311063658996,28.925544256088,-500.));
#230=CARTESIAN_POINT('Ctrl Pts',(-273.08433447591,29.1646106749094,-500.));
#231=CARTESIAN_POINT('Ctrl Pts',(-270.853716334329,29.4034087728217,-500.));
#232=CARTESIAN_POINT('Ctrl Pts',(-268.619265251827,29.6419262287502,-500.));
#233=CARTESIAN_POINT('Ctrl Pts',(-266.381032722166,29.8801545500787,-500.));
#234=CARTESIAN_POINT('Ctrl Pts',(-264.139062634157,30.1180899539758,-500.));
#235=CARTESIAN_POINT('Ctrl Pts',(-261.893392037031,30.3557322734035,-500.));
#236=CARTESIAN_POINT('Ctrl Pts',(-259.644053608313,30.5930829565741,-500.));
#237=CARTESIAN_POINT('Ctrl Pts',(-257.391077551441,30.830143396428,-500.));
#238=CARTESIAN_POINT('Ctrl Pts',(-255.134493791941,31.0669130338268,-500.));
#239=CARTESIAN_POINT('Ctrl Pts',(-252.874333902379,31.3033877652815,-500.));
#240=CARTESIAN_POINT('Ctrl Pts',(-250.610633511779,31.5395576861136,-500.));
#241=CARTESIAN_POINT('Ctrl Pts',(-248.343432253351,31.7754084038188,-500.));
#242=CARTESIAN_POINT('Ctrl Pts',(-246.072772851611,32.0109236433652,-500.));
#243=CARTESIAN_POINT('Ctrl Pts',(-243.798700491596,32.2460873748053,-500.));
#244=CARTESIAN_POINT('Ctrl Pts',(-241.52126207012,32.4808862594412,-500.));
#245=CARTESIAN_POINT('Ctrl Pts',(-239.240505498263,32.7153116812887,-500.));
#246=CARTESIAN_POINT('Ctrl Pts',(-236.956478980472,32.9493626702875,-500.));
#247=CARTESIAN_POINT('Ctrl Pts',(-234.669230305814,33.1830441868175,-500.));
#248=CARTESIAN_POINT('Ctrl Pts',(-232.378806123844,33.4163636315685,-500.));
#249=CARTESIAN_POINT('Ctrl Pts',(-230.085251247223,33.6493280030318,-500.));
#250=CARTESIAN_POINT('Ctrl Pts',(-227.788607895857,33.8819406313946,-500.));
#251=CARTESIAN_POINT('Ctrl Pts',(-225.488915076275,34.114198451747,-500.));
#252=CARTESIAN_POINT('Ctrl Pts',(-223.186207623654,34.346088139209,-500.));
#253=CARTESIAN_POINT('Ctrl Pts',(-220.880516818193,34.5775873709863,-500.));
#254=CARTESIAN_POINT('Ctrl Pts',(-218.571871817147,34.8086687231811,-500.));
#255=CARTESIAN_POINT('Ctrl Pts',(-216.260300811523,35.0393026851874,-500.));
#256=CARTESIAN_POINT('Ctrl Pts',(-213.945832341849,35.2694611717017,-500.));
#257=CARTESIAN_POINT('Ctrl Pts',(-211.628496441655,35.4991205159998,-500.));
#258=CARTESIAN_POINT('Ctrl Pts',(-209.30832611384,35.7282654456504,-500.));
#259=CARTESIAN_POINT('Ctrl Pts',(-206.985357576557,35.9568894424709,-500.));
#260=CARTESIAN_POINT('Ctrl Pts',(-204.659629500637,36.1849921281609,-500.));
#261=CARTESIAN_POINT('Ctrl Pts',(-202.331182531409,36.4125775096478,-500.));
#262=CARTESIAN_POINT('Ctrl Pts',(-200.000058697478,36.6396518366048,-500.));
#263=CARTESIAN_POINT('Ctrl Pts',(-197.666300859375,36.8662217058799,-500.));
#264=CARTESIAN_POINT('Ctrl Pts',(-195.329952161989,37.0922918630813,-500.));
#265=CARTESIAN_POINT('Ctrl Pts',(-192.991055410816,37.3178638220702,-500.));
#266=CARTESIAN_POINT('Ctrl Pts',(-190.649652295667,37.5429357288095,-500.));
#267=CARTESIAN_POINT('Ctrl Pts',(-188.305782664512,37.767501954157,-500.));
#268=CARTESIAN_POINT('Ctrl Pts',(-185.959483747444,37.9915527615114,-500.));
#269=CARTESIAN_POINT('Ctrl Pts',(-183.610789470115,38.2150740210332,-500.));
#270=CARTESIAN_POINT('Ctrl Pts',(-181.25972956564,38.4380467158086,-500.));
#271=CARTESIAN_POINT('Ctrl Pts',(-178.906329267049,38.660447106865,-500.));
#272=CARTESIAN_POINT('Ctrl Pts',(-176.550611585233,38.8822498807941,-500.));
#273=CARTESIAN_POINT('Ctrl Pts',(-174.192599231521,39.1034308881295,-500.));
#274=CARTESIAN_POINT('Ctrl Pts',(-171.83231666893,39.3239700258215,-500.));
#275=CARTESIAN_POINT('Ctrl Pts',(-169.469792130718,39.5438540933371,-500.));
#276=CARTESIAN_POINT('Ctrl Pts',(-167.105059600815,39.7630795775253,-500.));
#277=CARTESIAN_POINT('Ctrl Pts',(-164.738160954138,39.9816556954303,-500.));
#278=CARTESIAN_POINT('Ctrl Pts',(-162.369143246968,40.1995997185717,-500.));
#279=CARTESIAN_POINT('Ctrl Pts',(-159.998055778108,40.4169319261263,-500.));
#280=CARTESIAN_POINT('Ctrl Pts',(-157.624947295042,40.6336708051263,-500.));
#281=CARTESIAN_POINT('Ctrl Pts',(-155.249863000969,40.8498278952499,-500.));
#282=CARTESIAN_POINT('Ctrl Pts',(-152.872841969453,41.0654033727863,-500.));
#283=CARTESIAN_POINT('Ctrl Pts',(-150.493913562224,41.2803798205641,-500.));
#284=CARTESIAN_POINT('Ctrl Pts',(-148.113098806664,41.4947250321386,-500.));
#285=CARTESIAN_POINT('Ctrl Pts',(-145.730413966852,41.7083988187977,-500.));
#286=CARTESIAN_POINT('Ctrl Pts',(-143.34587336118,41.9213584306231,-500.));
#287=CARTESIAN_POINT('Ctrl Pts',(-140.959492607501,42.1335647867868,-500.));
#288=CARTESIAN_POINT('Ctrl Pts',(-138.571291420553,42.3449878196116,-500.));
#289=CARTESIAN_POINT('Ctrl Pts',(-136.181297246003,42.5556135135038,-500.));
#290=CARTESIAN_POINT('Ctrl Pts',(-133.789546281243,42.765445618341,-500.));
#291=CARTESIAN_POINT('Ctrl Pts',(-131.396080309835,42.9744988194903,-500.));
#292=CARTESIAN_POINT('Ctrl Pts',(-129.000944510192,43.1827938987613,-500.));
#293=CARTESIAN_POINT('Ctrl Pts',(-126.604184860364,43.390352064997,-500.));
#294=CARTESIAN_POINT('Ctrl Pts',(-124.205845742338,43.5971897058248,-500.));
#295=CARTESIAN_POINT('Ctrl Pts',(-121.805967396933,43.8033128014607,-500.));
#296=CARTESIAN_POINT('Ctrl Pts',(-119.404583623085,44.0087119274859,-500.));
#297=CARTESIAN_POINT('Ctrl Pts',(-117.001723230227,44.2133664551331,-500.));
#298=CARTESIAN_POINT('Ctrl Pts',(-114.597411318725,44.4172483419909,-500.));
#299=CARTESIAN_POINT('Ctrl Pts',(-112.191670612029,44.620326017596,-500.));
#300=CARTESIAN_POINT('Ctrl Pts',(-109.78452279586,44.8225683622691,-500.));
#301=CARTESIAN_POINT('Ctrl Pts',(-107.375989786515,45.0239483334703,-500.));
#302=CARTESIAN_POINT('Ctrl Pts',(-104.966095203147,45.2244475430089,-500.));
#303=CARTESIAN_POINT('Ctrl Pts',(-102.554864761123,45.4240558415661,-500.));
#304=CARTESIAN_POINT('Ctrl Pts',(-100.14232623498,45.6227688751194,-500.));
#305=CARTESIAN_POINT('Ctrl Pts',(-97.7285095501074,45.8205863176236,-500.));
#306=CARTESIAN_POINT('Ctrl Pts',(-95.3134468443166,46.017509777833,-500.));
#307=CARTESIAN_POINT('Ctrl Pts',(-92.8971724878616,46.2135409481519,-500.));
#308=CARTESIAN_POINT('Ctrl Pts',(-90.4797232532851,46.4086794018998,-500.));
#309=CARTESIAN_POINT('Ctrl Pts',(-88.0611379823869,46.6029213646318,-500.));
#310=CARTESIAN_POINT('Ctrl Pts',(-85.6414561815778,46.7962604900349,-500.));
#311=CARTESIAN_POINT('Ctrl Pts',(-83.2207168360117,46.9886882219438,-500.));
#312=CARTESIAN_POINT('Ctrl Pts',(-80.7989571455619,47.1801943201468,-500.));
#313=CARTESIAN_POINT('Ctrl Pts',(-78.3762112730565,47.3707673191735,-500.));
#314=CARTESIAN_POINT('Ctrl Pts',(-75.9525091370276,47.5603950089306,-500.));
#315=CARTESIAN_POINT('Ctrl Pts',(-73.5278750497473,47.749064924909,-500.));
#316=CARTESIAN_POINT('Ctrl Pts',(-71.1023293680628,47.9367644216435,-500.));
#317=CARTESIAN_POINT('Ctrl Pts',(-68.6758903583982,48.1234807139616,-500.));
#318=CARTESIAN_POINT('Ctrl Pts',(-66.2485759470245,48.3092009352088,-500.));
#319=CARTESIAN_POINT('Ctrl Pts',(-63.8204056021456,48.4939121767145,-500.));
#320=CARTESIAN_POINT('Ctrl Pts',(-61.3914019651817,48.6776015622883,-500.));
#321=CARTESIAN_POINT('Ctrl Pts',(-58.9615930716411,48.8602562407175,-500.));
#322=CARTESIAN_POINT('Ctrl Pts',(-56.5310123476478,49.0418636881329,-500.));
#323=CARTESIAN_POINT('Ctrl Pts',(-54.0996966041728,49.2224122932483,-500.));
#324=CARTESIAN_POINT('Ctrl Pts',(-51.6676845958644,49.4018918569896,-500.));
#325=CARTESIAN_POINT('Ctrl Pts',(-49.2350153335397,49.5802941420633,-500.));
#326=CARTESIAN_POINT('Ctrl Pts',(-46.8017265367799,49.7576133669106,-500.));
#327=CARTESIAN_POINT('Ctrl Pts',(-44.3678529440038,49.9338468049947,-500.));
#328=CARTESIAN_POINT('Ctrl Pts',(-41.9334249215649,50.1089951043305,-500.));
#329=CARTESIAN_POINT('Ctrl Pts',(-39.4984696808365,50.2830600744759,-500.));
#330=CARTESIAN_POINT('Ctrl Pts',(-37.0630122906523,50.4560426530794,-500.));
#331=CARTESIAN_POINT('Ctrl Pts',(-34.6270767506941,50.6279408634896,-500.));
#332=CARTESIAN_POINT('Ctrl Pts',(-32.1906870775322,50.7987476407926,-500.));
#333=CARTESIAN_POINT('Ctrl Pts',(-29.7538682950573,50.9684490309539,-500.));
#334=CARTESIAN_POINT('Ctrl Pts',(-27.3166476953314,51.1370214241662,-500.));
#335=CARTESIAN_POINT('Ctrl Pts',(-24.8790547633036,51.304433494746,-500.));
#336=CARTESIAN_POINT('Ctrl Pts',(-22.4411204711813,51.4706503743291,-500.));
#337=CARTESIAN_POINT('Ctrl Pts',(-20.0028767767094,51.6356370710811,-500.));
#338=CARTESIAN_POINT('Ctrl Pts',(-17.5643560277344,51.7993623045149,-500.));
#339=CARTESIAN_POINT('Ctrl Pts',(-15.1255904277239,51.9618019254985,-500.));
#340=CARTESIAN_POINT('Ctrl Pts',(-12.6866114252069,52.1229430828495,-500.));
#341=CARTESIAN_POINT('Ctrl Pts',(-10.2474492912778,52.2827863006837,-500.));
#342=CARTESIAN_POINT('Ctrl Pts',(-7.80813330955274,52.4413406031205,-500.));
#343=CARTESIAN_POINT('Ctrl Pts',(-5.36869186537638,52.5986197515975,-500.));
#344=CARTESIAN_POINT('Ctrl Pts',(-2.9291525763807,52.7546381014294,-500.));
#345=CARTESIAN_POINT('Ctrl Pts',(-0.489542401268276,52.909406492312,-500.));
#346=CARTESIAN_POINT('Ctrl Pts',(1.95011223236999,53.0629284256853,-500.));
#347=CARTESIAN_POINT('Ctrl Pts',(4.38978533379331,53.2151953307696,-500.));
#348=CARTESIAN_POINT('Ctrl Pts',(6.82945103809887,53.3661884002913,-500.));
#349=CARTESIAN_POINT('Ctrl Pts',(9.26908323965536,53.5158820083821,-500.));
#350=CARTESIAN_POINT('Ctrl Pts',(11.7086552539336,53.6642465498959,-500.));
#351=CARTESIAN_POINT('Ctrl Pts',(14.1481394463071,53.8112516055334,-500.));
#352=CARTESIAN_POINT('Ctrl Pts',(16.5875069240461,53.9568687741021,-500.));
#353=CARTESIAN_POINT('Ctrl Pts',(19.0267270819997,54.1010751169437,-500.));
#354=CARTESIAN_POINT('Ctrl Pts',(21.465767618251,54.24385473584,-500.));
#355=CARTESIAN_POINT('Ctrl Pts',(23.904595398581,54.3851970059487,-500.));
#356=CARTESIAN_POINT('Ctrl Pts',(26.3431771356204,54.5250955479474,-500.));
#357=CARTESIAN_POINT('Ctrl Pts',(28.7814801362746,54.6635469057335,-500.));
#358=CARTESIAN_POINT('Ctrl Pts',(31.2194730339175,54.8005493453226,-500.));
#359=CARTESIAN_POINT('Ctrl Pts',(33.6571264942497,54.9361016126188,-500.));
#360=CARTESIAN_POINT('Ctrl Pts',(36.0944140218944,55.0702016795076,-500.));
#361=CARTESIAN_POINT('Ctrl Pts',(38.5313109384905,55.2028460290583,-500.));
#362=CARTESIAN_POINT('Ctrl Pts',(40.9677932144568,55.3340289681239,-500.));
#363=CARTESIAN_POINT('Ctrl Pts',(43.4038363826209,55.4637419601022,-500.));
#364=CARTESIAN_POINT('Ctrl Pts',(45.8394143522688,55.5919728807591,-500.));
#365=CARTESIAN_POINT('Ctrl Pts',(48.2744984173246,55.7187054664082,-500.));
#366=CARTESIAN_POINT('Ctrl Pts',(50.7090558067942,55.8439182853878,-500.));
#367=CARTESIAN_POINT('Ctrl Pts',(53.143049915399,55.9675854764727,-500.));
#368=CARTESIAN_POINT('Ctrl Pts',(55.5764422085983,56.0896792535109,-500.));
#369=CARTESIAN_POINT('Ctrl Pts',(58.0091936664084,56.2101719202634,-500.));
#370=CARTESIAN_POINT('Ctrl Pts',(60.4412664308437,56.3290381082076,-500.));
#371=CARTESIAN_POINT('Ctrl Pts',(62.8726253312636,56.4462568663621,-500.));
#372=CARTESIAN_POINT('Ctrl Pts',(65.3032395451698,56.5618139395074,-500.));
#373=CARTESIAN_POINT('Ctrl Pts',(67.7330839634327,56.6757036086845,-500.));
#374=CARTESIAN_POINT('Ctrl Pts',(70.1621372863495,56.7879256348075,-500.));
#375=CARTESIAN_POINT('Ctrl Pts',(72.590380327367,56.8984825067195,-500.));
#376=CARTESIAN_POINT('Ctrl Pts',(75.0177942686772,57.0073766348603,-500.));
#377=CARTESIAN_POINT('Ctrl Pts',(77.4443588678224,57.1146074294125,-500.));
#378=CARTESIAN_POINT('Ctrl Pts',(79.8700508477528,57.2201687523263,-500.));
#379=CARTESIAN_POINT('Ctrl Pts',(82.2948417943218,57.3240453824759,-500.));
#380=CARTESIAN_POINT('Ctrl Pts',(84.7186985075116,57.4262143894051,-500.));
#381=CARTESIAN_POINT('Ctrl Pts',(87.1415844667297,57.5266487527072,-500.));
#382=CARTESIAN_POINT('Ctrl Pts',(89.5634609315081,57.6253202161123,-500.));
#383=CARTESIAN_POINT('Ctrl Pts',(91.984288214904,57.7222025696342,-500.));
#384=CARTESIAN_POINT('Ctrl Pts',(94.4040268340206,57.8172744939098,-500.));
#385=CARTESIAN_POINT('Ctrl Pts',(96.822638831135,57.9105232064189,-500.));
#386=CARTESIAN_POINT('Ctrl Pts',(99.2400886399395,58.0019457761206,-500.));
#387=CARTESIAN_POINT('Ctrl Pts',(101.656342848912,58.0915446989279,-500.));
#388=CARTESIAN_POINT('Ctrl Pts',(104.071370177538,58.1793245632067,-500.));
#389=CARTESIAN_POINT('Ctrl Pts',(106.485141364477,58.2652883087392,-500.));
#390=CARTESIAN_POINT('Ctrl Pts',(108.897629101673,58.3494335996748,-500.));
#391=CARTESIAN_POINT('Ctrl Pts',(111.308807929049,58.4317492888792,-500.));
#392=CARTESIAN_POINT('Ctrl Pts',(113.71865419986,58.5122114616844,-500.));
#393=CARTESIAN_POINT('Ctrl Pts',(116.127144921123,58.5907871918351,-500.));
#394=CARTESIAN_POINT('Ctrl Pts',(118.534256494732,58.667438903835,-500.));
#395=CARTESIAN_POINT('Ctrl Pts',(120.939963533156,58.7421284245193,-500.));
#396=CARTESIAN_POINT('Ctrl Pts',(123.34423755629,58.8148213709609,-500.));
#397=CARTESIAN_POINT('Ctrl Pts',(125.74704594302,58.8854909157092,-500.));
#398=CARTESIAN_POINT('Ctrl Pts',(128.148350263315,58.9541230168943,-500.));
#399=CARTESIAN_POINT('Ctrl Pts',(130.548107158332,59.0207156675221,-500.));
#400=CARTESIAN_POINT('Ctrl Pts',(132.94627103087,59.0852739220254,-500.));
#401=CARTESIAN_POINT('Ctrl Pts',(135.342796167201,59.1478062160683,-500.));
#402=CARTESIAN_POINT('Ctrl Pts',(137.737639169482,59.2083200474614,-500.));
#403=CARTESIAN_POINT('Ctrl Pts',(140.130761079069,59.2668181753169,-500.));
#404=CARTESIAN_POINT('Ctrl Pts',(142.522130056461,59.3232940079763,-500.));
#405=CARTESIAN_POINT('Ctrl Pts',(144.911722478064,59.377729205878,-500.));
#406=CARTESIAN_POINT('Ctrl Pts',(147.299519491542,59.430097585314,-500.));
#407=CARTESIAN_POINT('Ctrl Pts',(149.68550437622,59.4803679054231,-500.));
#408=CARTESIAN_POINT('Ctrl Pts',(152.069659591925,59.5285070905748,-500.));
#409=CARTESIAN_POINT('Ctrl Pts',(154.45196394652,59.574483279197,-500.));
#410=CARTESIAN_POINT('Ctrl Pts',(156.832389745999,59.6182689183853,-500.));
#411=CARTESIAN_POINT('Ctrl Pts',(159.210899858931,59.659843918428,-500.));
#412=CARTESIAN_POINT('Ctrl Pts',(161.587450304197,59.6991941946508,-500.));
#413=CARTESIAN_POINT('Ctrl Pts',(163.961992988512,59.7363100936288,-500.));
#414=CARTESIAN_POINT('Ctrl Pts',(166.334478343254,59.7711848766266,-500.));
#415=CARTESIAN_POINT('Ctrl Pts',(168.704858106183,59.8038131466103,-500.));
#416=CARTESIAN_POINT('Ctrl Pts',(171.073087801659,59.8341893748616,-500.));
#417=CARTESIAN_POINT('Ctrl Pts',(173.439129964569,59.8623061915797,-500.));
#418=CARTESIAN_POINT('Ctrl Pts',(175.802953373079,59.8881539264176,-500.));
#419=CARTESIAN_POINT('Ctrl Pts',(178.164530777014,59.9117206055258,-500.));
#420=CARTESIAN_POINT('Ctrl Pts',(180.523837146474,59.9329918144335,-500.));
#421=CARTESIAN_POINT('Ctrl Pts',(182.880847639306,59.9519505838231,-500.));
#422=CARTESIAN_POINT('Ctrl Pts',(185.23553583823,59.968577342241,-500.));
#423=CARTESIAN_POINT('Ctrl Pts',(187.587871503838,59.9828496502045,-500.));
#424=CARTESIAN_POINT('Ctrl Pts',(189.937819989019,59.9947427802499,-500.));
#425=CARTESIAN_POINT('Ctrl Pts',(192.285343305458,60.004231172701,-500.));
#426=CARTESIAN_POINT('Ctrl Pts',(194.630400742075,60.011289630883,-500.));
#427=CARTESIAN_POINT('Ctrl Pts',(196.972949671618,60.0158946734896,-500.));
#428=CARTESIAN_POINT('Ctrl Pts',(199.312946264714,60.0180257026757,-500.));
#429=CARTESIAN_POINT('Ctrl Pts',(201.650346272607,60.0176665343162,-500.));
#430=CARTESIAN_POINT('Ctrl Pts',(203.985105685765,60.0148058404662,-500.));
#431=CARTESIAN_POINT('Ctrl Pts',(206.317181158351,60.0094351513116,-500.));
#432=CARTESIAN_POINT('Ctrl Pts',(208.646530471509,60.0015473632869,-500.));
#433=CARTESIAN_POINT('Ctrl Pts',(210.973112996235,59.9911350167288,-500.));
#434=CARTESIAN_POINT('Ctrl Pts',(213.296890122108,59.9781887382367,-500.));
#435=CARTESIAN_POINT('Ctrl Pts',(215.617825782657,59.9626954538667,-500.));
#436=CARTESIAN_POINT('Ctrl Pts',(217.935886693127,59.944637176174,-500.));
#437=CARTESIAN_POINT('Ctrl Pts',(220.251041124757,59.9239926068923,-500.));
#438=CARTESIAN_POINT('Ctrl Pts',(222.563257871599,59.9007383739203,-500.));
#439=CARTESIAN_POINT('Ctrl Pts',(224.872505135569,59.8748504188589,-500.));
#440=CARTESIAN_POINT('Ctrl Pts',(227.178749462416,59.8463053003132,-500.));
#441=CARTESIAN_POINT('Ctrl Pts',(229.481954617609,59.8150815811696,-500.));
#442=CARTESIAN_POINT('Ctrl Pts',(231.782080597321,59.7811610430461,-500.));
#443=CARTESIAN_POINT('Ctrl Pts',(234.079084272705,59.7445278566607,-500.));
#444=CARTESIAN_POINT('Ctrl Pts',(236.372919928928,59.7051678841167,-500.));
#445=CARTESIAN_POINT('Ctrl Pts',(238.663539843656,59.6630679301153,-500.));
#446=CARTESIAN_POINT('Ctrl Pts',(240.950894849665,59.6182150175129,-500.));
#447=CARTESIAN_POINT('Ctrl Pts',(243.234934902151,59.5705956461502,-500.));
#448=CARTESIAN_POINT('Ctrl Pts',(245.515609650057,59.5201950764317,-500.));
#449=CARTESIAN_POINT('Ctrl Pts',(247.792869266622,59.4669973015651,-500.));
#450=CARTESIAN_POINT('Ctrl Pts',(250.066665269431,59.410985002248,-500.));
#451=CARTESIAN_POINT('Ctrl Pts',(252.336951349928,59.3521395061952,-500.));
#452=CARTESIAN_POINT('Ctrl Pts',(254.60368418645,59.2904407494194,-500.));
#453=CARTESIAN_POINT('Ctrl Pts',(256.866824293903,59.2258672277173,-500.));
#454=CARTESIAN_POINT('Ctrl Pts',(259.126336774289,59.1583959779693,-500.));
#455=CARTESIAN_POINT('Ctrl Pts',(261.382189085672,59.0880034933374,-500.));
#456=CARTESIAN_POINT('Ctrl Pts',(263.634348916019,59.0146666024187,-500.));
#457=CARTESIAN_POINT('Ctrl Pts',(265.882781993898,58.9383633754804,-500.));
#458=CARTESIAN_POINT('Ctrl Pts',(268.127449980089,58.8590739884255,-500.));
#459=CARTESIAN_POINT('Ctrl Pts',(270.368308195878,58.7767816780439,-500.));
#460=CARTESIAN_POINT('Ctrl Pts',(272.605303793073,58.6914734463156,-500.));
#461=CARTESIAN_POINT('Ctrl Pts',(274.838378526914,58.6031381184335,-500.));
#462=CARTESIAN_POINT('Ctrl Pts',(277.067471149314,58.5117646288542,-500.));
#463=CARTESIAN_POINT('Ctrl Pts',(279.292520001317,58.4173401697181,-500.));
#464=CARTESIAN_POINT('Ctrl Pts',(281.51346539636,58.3198485134689,-500.));
#465=CARTESIAN_POINT('Ctrl Pts',(283.730252391479,58.2192679835844,-500.));
#466=CARTESIAN_POINT('Ctrl Pts',(285.942832476208,58.1155704284878,-500.));
#467=CARTESIAN_POINT('Ctrl Pts',(288.151160994062,58.0087241904442,-500.));
#468=CARTESIAN_POINT('Ctrl Pts',(290.355195242025,57.8986964208163,-500.));
#469=CARTESIAN_POINT('Ctrl Pts',(292.554892228339,57.7854557608005,-500.));
#470=CARTESIAN_POINT('Ctrl Pts',(294.750206751764,57.6689746143345,-500.));
#471=CARTESIAN_POINT('Ctrl Pts',(296.941088914456,57.5492322101861,-500.));
#472=CARTESIAN_POINT('Ctrl Pts',(299.127483382738,57.426215166387,-500.));
#473=CARTESIAN_POINT('Ctrl Pts',(301.309331424016,57.2999140524222,-500.));
#474=CARTESIAN_POINT('Ctrl Pts',(303.486572269362,57.170320943354,-500.));
#475=CARTESIAN_POINT('Ctrl Pts',(305.659144809945,57.0374264441567,-500.));
#476=CARTESIAN_POINT('Ctrl Pts',(307.82698900671,56.9012172417701,-500.));
#477=CARTESIAN_POINT('Ctrl Pts',(309.990047786447,56.7616726707753,-500.));
#478=CARTESIAN_POINT('Ctrl Pts',(312.148266956761,56.6187654118293,-500.));
#479=CARTESIAN_POINT('Ctrl Pts',(314.301594022663,56.4724645018375,-500.));
#480=CARTESIAN_POINT('Ctrl Pts',(316.449977341004,56.3227376206327,-500.));
#481=CARTESIAN_POINT('Ctrl Pts',(318.593365132298,56.1695537087661,-500.));
#482=CARTESIAN_POINT('Ctrl Pts',(320.731704560166,56.0128853694377,-500.));
#483=CARTESIAN_POINT('Ctrl Pts',(322.864940763561,55.8527115628387,-500.));
#484=CARTESIAN_POINT('Ctrl Pts',(324.993016429416,55.689015398362,-500.));
#485=CARTESIAN_POINT('Ctrl Pts',(327.115871410589,55.5217817236014,-500.));
#486=CARTESIAN_POINT('Ctrl Pts',(329.233442286585,55.3509946895678,-500.));
#487=CARTESIAN_POINT('Ctrl Pts',(331.345662041297,55.1766355455429,-500.));
#488=CARTESIAN_POINT('Ctrl Pts',(333.452459466185,54.9986798051062,-500.));
#489=CARTESIAN_POINT('Ctrl Pts',(335.55375942825,54.8170964465675,-500.));
#490=CARTESIAN_POINT('Ctrl Pts',(337.649485020311,54.6318515476205,-500.));
#491=CARTESIAN_POINT('Ctrl Pts',(339.739559285352,54.4429109336912,-500.));
#492=CARTESIAN_POINT('Ctrl Pts',(341.823907188732,54.2502433655434,-500.));
#493=CARTESIAN_POINT('Ctrl Pts',(343.902457304064,54.0538231592403,-500.));
#494=CARTESIAN_POINT('Ctrl Pts',(345.975144090828,53.8536339250959,-500.));
#495=CARTESIAN_POINT('Ctrl Pts',(348.041906499812,53.6496654808526,-500.));
#496=CARTESIAN_POINT('Ctrl Pts',(350.102685650497,53.4419090976184,-500.));
#497=CARTESIAN_POINT('Ctrl Pts',(352.157422779342,53.2303531340045,-500.));
#498=CARTESIAN_POINT('Ctrl Pts',(354.20605717109,53.0149789007191,-500.));
#499=CARTESIAN_POINT('Ctrl Pts',(356.248523865055,52.7957554796934,-500.));
#500=CARTESIAN_POINT('Ctrl Pts',(358.28475222356,52.5726381158152,-500.));
#501=CARTESIAN_POINT('Ctrl Pts',(360.314666474394,52.3455746962538,-500.));
#502=CARTESIAN_POINT('Ctrl Pts',(362.338185857049,52.1145105483715,-500.));
#503=CARTESIAN_POINT('Ctrl Pts',(364.355224911024,51.8793939770019,-500.));
#504=CARTESIAN_POINT('Ctrl Pts',(366.365693740471,51.6401813254224,-500.));
#505=CARTESIAN_POINT('Ctrl Pts',(368.369498190724,51.3968426742835,-500.));
#506=CARTESIAN_POINT('Ctrl Pts',(370.366541942351,51.1493581107248,-500.));
#507=CARTESIAN_POINT('Ctrl Pts',(372.356728647214,50.8977134954705,-500.));
#508=CARTESIAN_POINT('Ctrl Pts',(374.339964212409,50.6418962789118,-500.));
#509=CARTESIAN_POINT('Ctrl Pts',(376.316158650465,50.3818915954197,-500.));
#510=CARTESIAN_POINT('Ctrl Pts',(378.285229048838,50.1176774859032,-500.));
#511=CARTESIAN_POINT('Ctrl Pts',(380.247097513718,49.8492242006161,-500.));
#512=CARTESIAN_POINT('Ctrl Pts',(382.201686467974,49.5764957939217,-500.));
#513=CARTESIAN_POINT('Ctrl Pts',(384.148914535467,49.2994509847973,-500.));
#514=CARTESIAN_POINT('Ctrl Pts',(386.088692690942,49.0180443801318,-500.));
#515=CARTESIAN_POINT('Ctrl Pts',(388.020919060399,48.7322274006631,-500.));
#516=CARTESIAN_POINT('Ctrl Pts',(389.945478778222,48.4419498376228,-500.));
#517=CARTESIAN_POINT('Ctrl Pts',(391.862250640298,48.1471620633754,-500.));
#518=CARTESIAN_POINT('Ctrl Pts',(393.771112294521,47.8478172212863,-500.));
#519=CARTESIAN_POINT('Ctrl Pts',(395.671945546243,47.5438731295438,-500.));
#520=CARTESIAN_POINT('Ctrl Pts',(397.564642756006,47.2352950100837,-500.));
#521=CARTESIAN_POINT('Ctrl Pts',(399.449109039149,46.9220555744283,-500.));
#522=CARTESIAN_POINT('Ctrl Pts',(401.32525467935,46.6041292251126,-500.));
#523=CARTESIAN_POINT('Ctrl Pts',(403.192989319365,46.28148721435,-500.));
#524=CARTESIAN_POINT('Ctrl Pts',(405.052215859132,45.9540928935559,-500.));
#525=CARTESIAN_POINT('Ctrl Pts',(406.902823490652,45.6218958022783,-500.));
#526=CARTESIAN_POINT('Ctrl Pts',(408.744684283943,45.2848298546395,-500.));
#527=CARTESIAN_POINT('Ctrl Pts',(410.577659024643,44.9428217954345,-500.));
#528=CARTESIAN_POINT('Ctrl Pts',(412.401601429005,44.5957980410033,-500.));
#529=CARTESIAN_POINT('Ctrl Pts',(414.216362661413,44.2436914058604,-500.));
#530=CARTESIAN_POINT('Ctrl Pts',(416.021796542261,43.8864496872214,-500.));
#531=CARTESIAN_POINT('Ctrl Pts',(417.817761643339,43.5240372560263,-500.));
#532=CARTESIAN_POINT('Ctrl Pts',(419.604117783382,43.1564245957964,-500.));
#533=CARTESIAN_POINT('Ctrl Pts',(421.380723709688,42.7835801230399,-500.));
#534=CARTESIAN_POINT('Ctrl Pts',(423.147434496117,42.4054620622286,-500.));
#535=CARTESIAN_POINT('Ctrl Pts',(424.90409858593,42.0220079076221,-500.));
#536=CARTESIAN_POINT('Ctrl Pts',(426.650557020775,41.6331350926862,-500.));
#537=CARTESIAN_POINT('Ctrl Pts',(428.386644511026,41.2387506178997,-500.));
#538=CARTESIAN_POINT('Ctrl Pts',(430.112189973366,40.8387583119514,-500.));
#539=CARTESIAN_POINT('Ctrl Pts',(431.827017282512,40.4330665775092,-500.));
#540=CARTESIAN_POINT('Ctrl Pts',(433.530945942179,40.0215972159838,-500.));
#541=CARTESIAN_POINT('Ctrl Pts',(435.223791822051,39.6042807897732,-500.));
#542=CARTESIAN_POINT('Ctrl Pts',(436.905368013096,39.1810493773915,-500.));
#543=CARTESIAN_POINT('Ctrl Pts',(438.57548539981,38.7518306914563,-500.));
#544=CARTESIAN_POINT('Ctrl Pts',(440.233953914432,38.3165405942549,-500.));
#545=CARTESIAN_POINT('Ctrl Pts',(441.88058175685,37.8750795016712,-500.));
#546=CARTESIAN_POINT('Ctrl Pts',(443.515168649138,37.427340019656,-500.));
#547=CARTESIAN_POINT('Ctrl Pts',(445.137499755022,36.9732130116979,-500.));
#548=CARTESIAN_POINT('Ctrl Pts',(446.747340094695,36.5125935612295,-500.));
#549=CARTESIAN_POINT('Ctrl Pts',(448.344426803862,36.04538883182,-500.));
#550=CARTESIAN_POINT('Ctrl Pts',(449.928476436175,35.5715116966605,-500.));
#551=CARTESIAN_POINT('Ctrl Pts',(451.499197269076,35.090869641151,-500.));
#552=CARTESIAN_POINT('Ctrl Pts',(453.056298605776,34.6033564105414,-500.));
#553=CARTESIAN_POINT('Ctrl Pts',(454.599504421141,34.1088398156493,-500.));
#554=CARTESIAN_POINT('Ctrl Pts',(456.12855409782,33.6071608379013,-500.));
#555=CARTESIAN_POINT('Ctrl Pts',(457.643184377093,33.0981492598483,-500.));
#556=CARTESIAN_POINT('Ctrl Pts',(459.14311642661,32.5816346387146,-500.));
#557=CARTESIAN_POINT('Ctrl Pts',(460.628039491858,32.0574606947735,-500.));
#558=CARTESIAN_POINT('Ctrl Pts',(462.097600020428,31.525493676038,-500.));
#559=CARTESIAN_POINT('Ctrl Pts',(463.551414341794,30.9856037508676,-500.));
#560=CARTESIAN_POINT('Ctrl Pts',(464.989078203869,30.4376500911277,-500.));
#561=CARTESIAN_POINT('Ctrl Pts',(466.410177924497,29.8814639328744,-500.));
#562=CARTESIAN_POINT('Ctrl Pts',(467.814299727076,29.3168341725488,-500.));
#563=CARTESIAN_POINT('Ctrl Pts',(469.201018586217,28.7435234881974,-500.));
#564=CARTESIAN_POINT('Ctrl Pts',(470.5698883467,28.1612825240094,-500.));
#565=CARTESIAN_POINT('Ctrl Pts',(471.920430961847,27.5698654273562,-500.));
#566=CARTESIAN_POINT('Ctrl Pts',(473.252127282904,26.9690430621384,-500.));
#567=CARTESIAN_POINT('Ctrl Pts',(474.564425434537,26.3585947969422,-500.));
#568=CARTESIAN_POINT('Ctrl Pts',(475.856746765613,25.7383015976087,-500.));
#569=CARTESIAN_POINT('Ctrl Pts',(477.128495105276,25.1079391581123,-500.));
#570=CARTESIAN_POINT('Ctrl Pts',(478.379057012527,24.467269134632,-500.));
#571=CARTESIAN_POINT('Ctrl Pts',(479.60776944146,23.8160189482352,-500.));
#572=CARTESIAN_POINT('Ctrl Pts',(480.813897752884,23.1538678393115,-500.));
#573=CARTESIAN_POINT('Ctrl Pts',(481.996598986489,22.4804209400345,-500.));
#574=CARTESIAN_POINT('Ctrl Pts',(483.154936069531,21.7952282752492,-500.));
#575=CARTESIAN_POINT('Ctrl Pts',(484.287932946796,21.0978403401566,-500.));
#576=CARTESIAN_POINT('Ctrl Pts',(485.39461679835,20.3878523107569,-500.));
#577=CARTESIAN_POINT('Ctrl Pts',(486.474068476764,19.6649550704116,-500.));
#578=CARTESIAN_POINT('Ctrl Pts',(487.525328707206,18.9288707573387,-500.));
#579=CARTESIAN_POINT('Ctrl Pts',(488.547316744481,18.1792971039092,-500.));
#580=CARTESIAN_POINT('Ctrl Pts',(489.538717631503,17.4158296983994,-500.));
#581=CARTESIAN_POINT('Ctrl Pts',(490.497994802856,16.6379727920992,-500.));
#582=CARTESIAN_POINT('Ctrl Pts',(491.423485826329,15.8452109729624,-500.));
#583=CARTESIAN_POINT('Ctrl Pts',(492.313488226752,15.0370697667512,-500.));
#584=CARTESIAN_POINT('Ctrl Pts',(493.166305722265,14.2131603366473,-500.));
#585=CARTESIAN_POINT('Ctrl Pts',(493.980167901907,13.3731626322076,-500.));
#586=CARTESIAN_POINT('Ctrl Pts',(494.753172550576,12.5168210665438,-500.));
#587=CARTESIAN_POINT('Ctrl Pts',(495.483227074393,11.6439359395432,-500.));
#588=CARTESIAN_POINT('Ctrl Pts',(496.168058764048,10.7543738838727,-500.));
#589=CARTESIAN_POINT('Ctrl Pts',(496.805208593362,9.84806753495277,-500.));
#590=CARTESIAN_POINT('Ctrl Pts',(497.392048897141,8.92503852283779,-500.));
#591=CARTESIAN_POINT('Ctrl Pts',(497.925904084281,7.9855102441718,-500.));
#592=CARTESIAN_POINT('Ctrl Pts',(498.404172332571,7.03003958998188,-500.));
#593=CARTESIAN_POINT('Ctrl Pts',(498.824414806035,6.05956549551436,-500.));
#594=CARTESIAN_POINT('Ctrl Pts',(499.184356536704,5.07526250235682,-500.));
#595=CARTESIAN_POINT('Ctrl Pts',(499.481877001365,4.07835542503049,-500.));
#596=CARTESIAN_POINT('Ctrl Pts',(499.71508807412,3.07018654239313,-500.));
#597=CARTESIAN_POINT('Ctrl Pts',(499.882498269179,2.05255300685363,-500.));
#598=CARTESIAN_POINT('Ctrl Pts',(499.98320087143,1.02806560457316,-500.));
#599=CARTESIAN_POINT('Ctrl Pts',(500.016796335567,-3.47317660742696E-13,
-500.));
#600=CARTESIAN_POINT('Ctrl Pts',(499.983200871425,-1.02806560457393,-500.));
#601=CARTESIAN_POINT('Ctrl Pts',(499.882498269177,-2.05255300685443,-500.));
#602=CARTESIAN_POINT('Ctrl Pts',(499.715088074121,-3.07018654239394,-500.));
#603=CARTESIAN_POINT('Ctrl Pts',(499.481877001367,-4.07835542503113,-500.));
#604=CARTESIAN_POINT('Ctrl Pts',(499.184356536704,-5.07526250235752,-500.));
#605=CARTESIAN_POINT('Ctrl Pts',(498.824414806033,-6.0595654955152,-500.));
#606=CARTESIAN_POINT('Ctrl Pts',(498.40417233257,-7.03003958998279,-500.));
#607=CARTESIAN_POINT('Ctrl Pts',(497.925904084282,-7.98551024417264,-500.));
#608=CARTESIAN_POINT('Ctrl Pts',(497.392048897139,-8.92503852283847,-500.));
#609=CARTESIAN_POINT('Ctrl Pts',(496.805208593358,-9.8480675349534,-500.));
#610=CARTESIAN_POINT('Ctrl Pts',(496.168058764046,-10.7543738838734,-500.));
#611=CARTESIAN_POINT('Ctrl Pts',(495.483227074395,-11.643935939544,-500.));
#612=CARTESIAN_POINT('Ctrl Pts',(494.753172550578,-12.5168210665445,-500.));
#613=CARTESIAN_POINT('Ctrl Pts',(493.980167901906,-13.3731626322084,-500.));
#614=CARTESIAN_POINT('Ctrl Pts',(493.166305722263,-14.213160336648,-500.));
#615=CARTESIAN_POINT('Ctrl Pts',(492.31348822675,-15.0370697667519,-500.));
#616=CARTESIAN_POINT('Ctrl Pts',(491.423485826328,-15.8452109729631,-500.));
#617=CARTESIAN_POINT('Ctrl Pts',(490.497994802856,-16.6379727920999,-500.));
#618=CARTESIAN_POINT('Ctrl Pts',(489.538717631503,-17.4158296984,-500.));
#619=CARTESIAN_POINT('Ctrl Pts',(488.547316744478,-18.1792971039098,-500.));
#620=CARTESIAN_POINT('Ctrl Pts',(487.525328707206,-18.9288707573393,-500.));
#621=CARTESIAN_POINT('Ctrl Pts',(486.47406847677,-19.6649550704122,-500.));
#622=CARTESIAN_POINT('Ctrl Pts',(485.394616798353,-20.3878523107573,-500.));
#623=CARTESIAN_POINT('Ctrl Pts',(484.287932946793,-21.0978403401571,-500.));
#624=CARTESIAN_POINT('Ctrl Pts',(483.154936069529,-21.7952282752501,-500.));
#625=CARTESIAN_POINT('Ctrl Pts',(481.996598986489,-22.4804209400356,-500.));
#626=CARTESIAN_POINT('Ctrl Pts',(480.813897752885,-23.1538678393125,-500.));
#627=CARTESIAN_POINT('Ctrl Pts',(479.607769441458,-23.8160189482355,-500.));
#628=CARTESIAN_POINT('Ctrl Pts',(478.379057012523,-24.4672691346316,-500.));
#629=CARTESIAN_POINT('Ctrl Pts',(477.128495105274,-25.1079391581117,-500.));
#630=CARTESIAN_POINT('Ctrl Pts',(475.856746765611,-25.738301597609,-500.));
#631=CARTESIAN_POINT('Ctrl Pts',(474.564425434537,-26.3585947969434,-500.));
#632=CARTESIAN_POINT('Ctrl Pts',(473.252127282903,-26.9690430621398,-500.));
#633=CARTESIAN_POINT('Ctrl Pts',(471.920430961847,-27.5698654273572,-500.));
#634=CARTESIAN_POINT('Ctrl Pts',(470.569888346699,-28.1612825240099,-500.));
#635=CARTESIAN_POINT('Ctrl Pts',(469.201018586214,-28.7435234881975,-500.));
#636=CARTESIAN_POINT('Ctrl Pts',(467.814299727069,-29.3168341725491,-500.));
#637=CARTESIAN_POINT('Ctrl Pts',(466.41017792449,-29.8814639328748,-500.));
#638=CARTESIAN_POINT('Ctrl Pts',(464.989078203867,-30.4376500911282,-500.));
#639=CARTESIAN_POINT('Ctrl Pts',(463.551414341799,-30.985603750868,-500.));
#640=CARTESIAN_POINT('Ctrl Pts',(462.097600020434,-31.5254936760383,-500.));
#641=CARTESIAN_POINT('Ctrl Pts',(460.628039491863,-32.0574606947737,-500.));
#642=CARTESIAN_POINT('Ctrl Pts',(459.143116426611,-32.5816346387149,-500.));
#643=CARTESIAN_POINT('Ctrl Pts',(457.643184377086,-33.0981492598489,-500.));
#644=CARTESIAN_POINT('Ctrl Pts',(456.128554097807,-33.607160837902,-500.));
#645=CARTESIAN_POINT('Ctrl Pts',(454.599504421127,-34.1088398156498,-500.));
#646=CARTESIAN_POINT('Ctrl Pts',(453.056298605769,-34.6033564105417,-500.));
#647=CARTESIAN_POINT('Ctrl Pts',(451.499197269082,-35.0908696411514,-500.));
#648=CARTESIAN_POINT('Ctrl Pts',(449.92847643619,-35.5715116966613,-500.));
#649=CARTESIAN_POINT('Ctrl Pts',(448.344426803879,-36.0453888318209,-500.));
#650=CARTESIAN_POINT('Ctrl Pts',(446.747340094705,-36.5125935612304,-500.));
#651=CARTESIAN_POINT('Ctrl Pts',(445.137499755018,-36.9732130116982,-500.));
#652=CARTESIAN_POINT('Ctrl Pts',(443.515168649118,-37.4273400196553,-500.));
#653=CARTESIAN_POINT('Ctrl Pts',(441.88058175682,-37.8750795016694,-500.));
#654=CARTESIAN_POINT('Ctrl Pts',(440.233953914406,-38.3165405942531,-500.));
#655=CARTESIAN_POINT('Ctrl Pts',(438.575485399802,-38.751830691456,-500.));
#656=CARTESIAN_POINT('Ctrl Pts',(436.905368013112,-39.1810493773935,-500.));
#657=CARTESIAN_POINT('Ctrl Pts',(435.223791822081,-39.6042807897769,-500.));
#658=CARTESIAN_POINT('Ctrl Pts',(433.530945942209,-40.0215972159874,-500.));
#659=CARTESIAN_POINT('Ctrl Pts',(431.827017282526,-40.4330665775113,-500.));
#660=CARTESIAN_POINT('Ctrl Pts',(430.112189973361,-40.8387583119514,-500.));
#661=CARTESIAN_POINT('Ctrl Pts',(428.386644511006,-41.2387506178979,-500.));
#662=CARTESIAN_POINT('Ctrl Pts',(426.650557020748,-41.6331350926837,-500.));
#663=CARTESIAN_POINT('Ctrl Pts',(424.904098585908,-42.0220079076201,-500.));
#664=CARTESIAN_POINT('Ctrl Pts',(423.147434496108,-42.4054620622277,-500.));
#665=CARTESIAN_POINT('Ctrl Pts',(421.380723709692,-42.7835801230411,-500.));
#666=CARTESIAN_POINT('Ctrl Pts',(419.604117783396,-43.1564245957997,-500.));
#667=CARTESIAN_POINT('Ctrl Pts',(417.817761643355,-43.5240372560306,-500.));
#668=CARTESIAN_POINT('Ctrl Pts',(416.021796542273,-43.8864496872251,-500.));
#669=CARTESIAN_POINT('Ctrl Pts',(414.216362661414,-44.2436914058619,-500.));
#670=CARTESIAN_POINT('Ctrl Pts',(412.401601428997,-44.5957980410017,-500.));
#671=CARTESIAN_POINT('Ctrl Pts',(410.57765902463,-44.9428217954305,-500.));
#672=CARTESIAN_POINT('Ctrl Pts',(408.74468428393,-45.2848298546348,-500.));
#673=CARTESIAN_POINT('Ctrl Pts',(406.902823490642,-45.6218958022748,-500.));
#674=CARTESIAN_POINT('Ctrl Pts',(405.052215859128,-45.9540928935551,-500.));
#675=CARTESIAN_POINT('Ctrl Pts',(403.192989319369,-46.2814872143526,-500.));
#676=CARTESIAN_POINT('Ctrl Pts',(401.325254679362,-46.6041292251178,-500.));
#677=CARTESIAN_POINT('Ctrl Pts',(399.449109039165,-46.9220555744339,-500.));
#678=CARTESIAN_POINT('Ctrl Pts',(397.564642756019,-47.2352950100875,-500.));
#679=CARTESIAN_POINT('Ctrl Pts',(395.671945546244,-47.5438731295447,-500.));
#680=CARTESIAN_POINT('Ctrl Pts',(393.771112294511,-47.8478172212849,-500.));
#681=CARTESIAN_POINT('Ctrl Pts',(391.862250640283,-48.1471620633728,-500.));
#682=CARTESIAN_POINT('Ctrl Pts',(389.945478778206,-48.4419498376205,-500.));
#683=CARTESIAN_POINT('Ctrl Pts',(388.020919060389,-48.732227400662,-500.));
#684=CARTESIAN_POINT('Ctrl Pts',(386.088692690939,-49.0180443801318,-500.));
#685=CARTESIAN_POINT('Ctrl Pts',(384.148914535467,-49.299450984798,-500.));
#686=CARTESIAN_POINT('Ctrl Pts',(382.201686467973,-49.5764957939224,-500.));
#687=CARTESIAN_POINT('Ctrl Pts',(380.247097513711,-49.8492242006165,-500.));
#688=CARTESIAN_POINT('Ctrl Pts',(378.285229048829,-50.1176774859034,-500.));
#689=CARTESIAN_POINT('Ctrl Pts',(376.316158650459,-50.3818915954198,-500.));
#690=CARTESIAN_POINT('Ctrl Pts',(374.33996421241,-50.6418962789121,-500.));
#691=CARTESIAN_POINT('Ctrl Pts',(372.356728647221,-50.8977134954708,-500.));
#692=CARTESIAN_POINT('Ctrl Pts',(370.366541942359,-51.1493581107251,-500.));
#693=CARTESIAN_POINT('Ctrl Pts',(368.369498190728,-51.3968426742838,-500.));
#694=CARTESIAN_POINT('Ctrl Pts',(366.36569374047,-51.6401813254227,-500.));
#695=CARTESIAN_POINT('Ctrl Pts',(364.355224911021,-51.8793939770022,-500.));
#696=CARTESIAN_POINT('Ctrl Pts',(362.338185857049,-52.1145105483717,-500.));
#697=CARTESIAN_POINT('Ctrl Pts',(360.314666474397,-52.3455746962537,-500.));
#698=CARTESIAN_POINT('Ctrl Pts',(358.284752223566,-52.5726381158148,-500.));
#699=CARTESIAN_POINT('Ctrl Pts',(356.24852386506,-52.7957554796931,-500.));
#700=CARTESIAN_POINT('Ctrl Pts',(354.20605717109,-53.0149789007191,-500.));
#701=CARTESIAN_POINT('Ctrl Pts',(352.157422779335,-53.230353134005,-500.));
#702=CARTESIAN_POINT('Ctrl Pts',(350.102685650484,-53.4419090976196,-500.));
#703=CARTESIAN_POINT('Ctrl Pts',(348.041906499796,-53.6496654808538,-500.));
#704=CARTESIAN_POINT('Ctrl Pts',(345.975144090813,-53.8536339250965,-500.));
#705=CARTESIAN_POINT('Ctrl Pts',(343.902457304054,-54.0538231592405,-500.));
#706=CARTESIAN_POINT('Ctrl Pts',(341.823907188732,-54.2502433655435,-500.));
#707=CARTESIAN_POINT('Ctrl Pts',(339.739559285362,-54.4429109336916,-500.));
#708=CARTESIAN_POINT('Ctrl Pts',(337.649485020327,-54.6318515476216,-500.));
#709=CARTESIAN_POINT('Ctrl Pts',(335.553759428263,-54.817096446569,-500.));
#710=CARTESIAN_POINT('Ctrl Pts',(333.452459466191,-54.9986798051077,-500.));
#711=CARTESIAN_POINT('Ctrl Pts',(331.345662041295,-55.1766355455436,-500.));
#712=CARTESIAN_POINT('Ctrl Pts',(329.23344228658,-55.3509946895669,-500.));
#713=CARTESIAN_POINT('Ctrl Pts',(327.115871410585,-55.5217817235988,-500.));
#714=CARTESIAN_POINT('Ctrl Pts',(324.993016429418,-55.6890153983585,-500.));
#715=CARTESIAN_POINT('Ctrl Pts',(322.864940763565,-55.8527115628354,-500.));
#716=CARTESIAN_POINT('Ctrl Pts',(320.731704560169,-56.0128853694361,-500.));
#717=CARTESIAN_POINT('Ctrl Pts',(318.593365132296,-56.1695537087665,-500.));
#718=CARTESIAN_POINT('Ctrl Pts',(316.449977340995,-56.3227376206343,-500.));
#719=CARTESIAN_POINT('Ctrl Pts',(314.301594022648,-56.4724645018393,-500.));
#720=CARTESIAN_POINT('Ctrl Pts',(312.148266956745,-56.6187654118306,-500.));
#721=CARTESIAN_POINT('Ctrl Pts',(309.990047786433,-56.7616726707756,-500.));
#722=CARTESIAN_POINT('Ctrl Pts',(307.826989006703,-56.9012172417698,-500.));
#723=CARTESIAN_POINT('Ctrl Pts',(305.659144809945,-57.0374264441568,-500.));
#724=CARTESIAN_POINT('Ctrl Pts',(303.486572269368,-57.1703209433555,-500.));
#725=CARTESIAN_POINT('Ctrl Pts',(301.309331424023,-57.2999140524248,-500.));
#726=CARTESIAN_POINT('Ctrl Pts',(299.127483382743,-57.4262151663897,-500.));
#727=CARTESIAN_POINT('Ctrl Pts',(296.941088914458,-57.549232210188,-500.));
#728=CARTESIAN_POINT('Ctrl Pts',(294.750206751763,-57.668974614335,-500.));
#729=CARTESIAN_POINT('Ctrl Pts',(292.554892228335,-57.7854557607997,-500.));
#730=CARTESIAN_POINT('Ctrl Pts',(290.355195242019,-57.8986964208144,-500.));
#731=CARTESIAN_POINT('Ctrl Pts',(288.151160994055,-58.0087241904418,-500.));
#732=CARTESIAN_POINT('Ctrl Pts',(285.942832476202,-58.1155704284852,-500.));
#733=CARTESIAN_POINT('Ctrl Pts',(283.730252391474,-58.2192679835824,-500.));
#734=CARTESIAN_POINT('Ctrl Pts',(281.513465396356,-58.3198485134685,-500.));
#735=CARTESIAN_POINT('Ctrl Pts',(279.292520001319,-58.4173401697196,-500.));
#736=CARTESIAN_POINT('Ctrl Pts',(277.067471149323,-58.5117646288576,-500.));
#737=CARTESIAN_POINT('Ctrl Pts',(274.838378526929,-58.6031381184375,-500.));
#738=CARTESIAN_POINT('Ctrl Pts',(272.60530379309,-58.6914734463192,-500.));
#739=CARTESIAN_POINT('Ctrl Pts',(270.36830819589,-58.7767816780458,-500.));
#740=CARTESIAN_POINT('Ctrl Pts',(268.127449980088,-58.8590739884255,-500.));
#741=CARTESIAN_POINT('Ctrl Pts',(265.882781993884,-58.9383633754792,-500.));
#742=CARTESIAN_POINT('Ctrl Pts',(263.634348915995,-59.0146666024174,-500.));
#743=CARTESIAN_POINT('Ctrl Pts',(261.382189085643,-59.0880034933367,-500.));
#744=CARTESIAN_POINT('Ctrl Pts',(259.126336774263,-59.1583959779692,-500.));
#745=CARTESIAN_POINT('Ctrl Pts',(256.866824293885,-59.2258672277174,-500.));
#746=CARTESIAN_POINT('Ctrl Pts',(254.603684186447,-59.2904407494194,-500.));
#747=CARTESIAN_POINT('Ctrl Pts',(252.33695134994,-59.3521395061951,-500.));
#748=CARTESIAN_POINT('Ctrl Pts',(250.066665269451,-59.4109850022482,-500.));
#749=CARTESIAN_POINT('Ctrl Pts',(247.792869266638,-59.466997301566,-500.));
#750=CARTESIAN_POINT('Ctrl Pts',(245.515609650067,-59.5201950764336,-500.));
#751=CARTESIAN_POINT('Ctrl Pts',(243.234934902154,-59.570595646152,-500.));
#752=CARTESIAN_POINT('Ctrl Pts',(240.950894849662,-59.6182150175133,-500.));
#753=CARTESIAN_POINT('Ctrl Pts',(238.663539843652,-59.6630679301129,-500.));
#754=CARTESIAN_POINT('Ctrl Pts',(236.372919928926,-59.7051678841108,-500.));
#755=CARTESIAN_POINT('Ctrl Pts',(234.079084272704,-59.7445278566527,-500.));
#756=CARTESIAN_POINT('Ctrl Pts',(231.782080597318,-59.7811610430384,-500.));
#757=CARTESIAN_POINT('Ctrl Pts',(229.481954617603,-59.8150815811645,-500.));
#758=CARTESIAN_POINT('Ctrl Pts',(227.178749462412,-59.8463053003127,-500.));
#759=CARTESIAN_POINT('Ctrl Pts',(224.872505135573,-59.8748504188633,-500.));
#760=CARTESIAN_POINT('Ctrl Pts',(222.563257871616,-59.9007383739292,-500.));
#761=CARTESIAN_POINT('Ctrl Pts',(220.251041124785,-59.9239926069035,-500.));
#762=CARTESIAN_POINT('Ctrl Pts',(217.935886693158,-59.9446371761846,-500.));
#763=CARTESIAN_POINT('Ctrl Pts',(215.617825782681,-59.9626954538739,-500.));
#764=CARTESIAN_POINT('Ctrl Pts',(213.296890122112,-59.978188738238,-500.));
#765=CARTESIAN_POINT('Ctrl Pts',(210.973112996212,-59.9911350167231,-500.));
#766=CARTESIAN_POINT('Ctrl Pts',(208.646530471462,-60.0015473632747,-500.));
#767=CARTESIAN_POINT('Ctrl Pts',(206.31718115829,-60.0094351512954,-500.));
#768=CARTESIAN_POINT('Ctrl Pts',(203.98510568571,-60.0148058404505,-500.));
#769=CARTESIAN_POINT('Ctrl Pts',(201.650346272573,-60.0176665343052,-500.));
#770=CARTESIAN_POINT('Ctrl Pts',(199.312946264706,-60.0180257026729,-500.));
#771=CARTESIAN_POINT('Ctrl Pts',(196.972949671632,-60.0158946734955,-500.));
#772=CARTESIAN_POINT('Ctrl Pts',(194.630400742097,-60.0112896308956,-500.));
#773=CARTESIAN_POINT('Ctrl Pts',(192.285343305478,-60.0042311727169,-500.));
#774=CARTESIAN_POINT('Ctrl Pts',(189.937819989031,-59.9947427802653,-500.));
#775=CARTESIAN_POINT('Ctrl Pts',(187.587871503841,-59.9828496502153,-500.));
#776=CARTESIAN_POINT('Ctrl Pts',(185.235535838228,-59.9685773422447,-500.));
#777=CARTESIAN_POINT('Ctrl Pts',(182.880847639304,-59.9519505838192,-500.));
#778=CARTESIAN_POINT('Ctrl Pts',(180.523837146474,-59.9329918144233,-500.));
#779=CARTESIAN_POINT('Ctrl Pts',(178.164530777019,-59.9117206055126,-500.));
#780=CARTESIAN_POINT('Ctrl Pts',(175.802953373088,-59.8881539264052,-500.));
#781=CARTESIAN_POINT('Ctrl Pts',(173.43912996458,-59.8623061915714,-500.));
#782=CARTESIAN_POINT('Ctrl Pts',(171.073087801666,-59.8341893748586,-500.));
#783=CARTESIAN_POINT('Ctrl Pts',(168.704858106179,-59.8038131466118,-500.));
#784=CARTESIAN_POINT('Ctrl Pts',(166.334478343232,-59.7711848766302,-500.));
#785=CARTESIAN_POINT('Ctrl Pts',(163.961992988471,-59.7363100936331,-500.));
#786=CARTESIAN_POINT('Ctrl Pts',(161.587450304147,-59.6991941946549,-500.));
#787=CARTESIAN_POINT('Ctrl Pts',(159.210899858886,-59.6598439184314,-500.));
#788=CARTESIAN_POINT('Ctrl Pts',(156.832389745972,-59.6182689183875,-500.));
#789=CARTESIAN_POINT('Ctrl Pts',(154.45196394652,-59.574483279197,-500.));
#790=CARTESIAN_POINT('Ctrl Pts',(152.069659591949,-59.5285070905719,-500.));
#791=CARTESIAN_POINT('Ctrl Pts',(149.685504376259,-59.4803679054176,-500.));
#792=CARTESIAN_POINT('Ctrl Pts',(147.299519491583,-59.4300975853075,-500.));
#793=CARTESIAN_POINT('Ctrl Pts',(144.911722478098,-59.3777292058723,-500.));
#794=CARTESIAN_POINT('Ctrl Pts',(142.522130056478,-59.3232940079726,-500.));
#795=CARTESIAN_POINT('Ctrl Pts',(140.130761079069,-59.2668181753163,-500.));
#796=CARTESIAN_POINT('Ctrl Pts',(137.737639169471,-59.2083200474632,-500.));
#797=CARTESIAN_POINT('Ctrl Pts',(135.342796167188,-59.1478062160712,-500.));
#798=CARTESIAN_POINT('Ctrl Pts',(132.946271030858,-59.0852739220281,-500.));
#799=CARTESIAN_POINT('Ctrl Pts',(130.548107158321,-59.0207156675236,-500.));
#800=CARTESIAN_POINT('Ctrl Pts',(128.148350263305,-58.9541230168949,-500.));
#801=CARTESIAN_POINT('Ctrl Pts',(125.747045943013,-58.8854909157091,-500.));
#802=CARTESIAN_POINT('Ctrl Pts',(123.344237556291,-58.8148213709606,-500.));
#803=CARTESIAN_POINT('Ctrl Pts',(120.939963533169,-58.7421284245193,-500.));
#804=CARTESIAN_POINT('Ctrl Pts',(118.534256494755,-58.6674389038351,-500.));
#805=CARTESIAN_POINT('Ctrl Pts',(116.127144921147,-58.5907871918354,-500.));
#806=CARTESIAN_POINT('Ctrl Pts',(113.718654199879,-58.5122114616847,-500.));
#807=CARTESIAN_POINT('Ctrl Pts',(111.30880792906,-58.4317492888796,-500.));
#808=CARTESIAN_POINT('Ctrl Pts',(108.897629101671,-58.3494335996748,-500.));
#809=CARTESIAN_POINT('Ctrl Pts',(106.485141364458,-58.2652883087378,-500.));
#810=CARTESIAN_POINT('Ctrl Pts',(104.071370177499,-58.1793245632028,-500.));
#811=CARTESIAN_POINT('Ctrl Pts',(101.656342848859,-58.0915446989217,-500.));
#812=CARTESIAN_POINT('Ctrl Pts',(99.2400886398826,-58.0019457761137,-500.));
#813=CARTESIAN_POINT('Ctrl Pts',(96.822638831091,-57.910523206414,-500.));
#814=CARTESIAN_POINT('Ctrl Pts',(94.4040268340057,-57.8172744939082,-500.));
#815=CARTESIAN_POINT('Ctrl Pts',(91.9842882149288,-57.722202569637,-500.));
#816=CARTESIAN_POINT('Ctrl Pts',(89.5634609315714,-57.6253202161192,-500.));
#817=CARTESIAN_POINT('Ctrl Pts',(87.1415844668168,-57.526648752717,-500.));
#818=CARTESIAN_POINT('Ctrl Pts',(84.7186985076027,-57.4262143894154,-500.));
#819=CARTESIAN_POINT('Ctrl Pts',(82.2948417943933,-57.3240453824838,-500.));
#820=CARTESIAN_POINT('Ctrl Pts',(79.8700508477846,-57.22016875233,-500.));
#821=CARTESIAN_POINT('Ctrl Pts',(77.4443588678043,-57.1146074294105,-500.));
#822=CARTESIAN_POINT('Ctrl Pts',(75.0177942686137,-57.0073766348531,-500.));
#823=CARTESIAN_POINT('Ctrl Pts',(72.5903803272751,-56.8984825067087,-500.));
#824=CARTESIAN_POINT('Ctrl Pts',(70.1621372862541,-56.7879256347959,-500.));
#825=CARTESIAN_POINT('Ctrl Pts',(67.7330839633563,-56.6757036086753,-500.));
#826=CARTESIAN_POINT('Ctrl Pts',(65.303239545128,-56.5618139395024,-500.));
#827=CARTESIAN_POINT('Ctrl Pts',(62.8726253312598,-56.446256866362,-500.));
#828=CARTESIAN_POINT('Ctrl Pts',(60.4412664308732,-56.3290381082108,-500.));
#829=CARTESIAN_POINT('Ctrl Pts',(58.0091936664595,-56.2101719202681,-500.));
#830=CARTESIAN_POINT('Ctrl Pts',(55.5764422086574,-56.0896792535159,-500.));
#831=CARTESIAN_POINT('Ctrl Pts',(53.1430499154519,-55.9675854764776,-500.));
#832=CARTESIAN_POINT('Ctrl Pts',(50.70905580683,-55.8439182853916,-500.));
#833=CARTESIAN_POINT('Ctrl Pts',(48.2744984173361,-55.7187054664098,-500.));
#834=CARTESIAN_POINT('Ctrl Pts',(45.8394143522535,-55.5919728807573,-500.));
#835=CARTESIAN_POINT('Ctrl Pts',(43.4038363825822,-55.4637419600971,-500.));
#836=CARTESIAN_POINT('Ctrl Pts',(40.9677932144059,-55.3340289681167,-500.));
#837=CARTESIAN_POINT('Ctrl Pts',(38.5313109384402,-55.2028460290511,-500.));
#838=CARTESIAN_POINT('Ctrl Pts',(36.0944140218566,-55.0702016795026,-500.));
#839=CARTESIAN_POINT('Ctrl Pts',(33.6571264942302,-54.9361016126169,-500.));
#840=CARTESIAN_POINT('Ctrl Pts',(31.2194730339177,-54.8005493453229,-500.));
#841=CARTESIAN_POINT('Ctrl Pts',(28.7814801362917,-54.6635469057343,-500.));
#842=CARTESIAN_POINT('Ctrl Pts',(26.3431771356487,-54.5250955479471,-500.));
#843=CARTESIAN_POINT('Ctrl Pts',(23.9045953986127,-54.3851970059469,-500.));
#844=CARTESIAN_POINT('Ctrl Pts',(21.4657676182774,-54.2438547358368,-500.));
#845=CARTESIAN_POINT('Ctrl Pts',(19.0267270820149,-54.1010751169402,-500.));
#846=CARTESIAN_POINT('Ctrl Pts',(16.5875069240482,-53.9568687741004,-500.));
#847=CARTESIAN_POINT('Ctrl Pts',(14.1481394462978,-53.8112516055352,-500.));
#848=CARTESIAN_POINT('Ctrl Pts',(11.7086552539153,-53.6642465499015,-500.));
#849=CARTESIAN_POINT('Ctrl Pts',(9.26908323963033,-53.515882008391,-500.));
#850=CARTESIAN_POINT('Ctrl Pts',(6.82945103807065,-53.3661884003011,-500.));
#851=CARTESIAN_POINT('Ctrl Pts',(4.38978533376745,-53.2151953307778,-500.));
#852=CARTESIAN_POINT('Ctrl Pts',(1.95011223235394,-53.0629284256896,-500.));
#853=CARTESIAN_POINT('Ctrl Pts',(-0.489542401267297,-52.9094064923107,-500.));
#854=CARTESIAN_POINT('Ctrl Pts',(-2.92915257635856,-52.7546381014221,-500.));
#855=CARTESIAN_POINT('Ctrl Pts',(-5.36869186533653,-52.5986197515852,-500.));
#856=CARTESIAN_POINT('Ctrl Pts',(-7.80813330950508,-52.4413406031063,-500.));
#857=CARTESIAN_POINT('Ctrl Pts',(-10.2474492912379,-52.282786300671,-500.));
#858=CARTESIAN_POINT('Ctrl Pts',(-12.6866114251838,-52.1229430828413,-500.));
#859=CARTESIAN_POINT('Ctrl Pts',(-15.1255904277217,-51.9618019254967,-500.));
#860=CARTESIAN_POINT('Ctrl Pts',(-17.5643560277506,-51.7993623045197,-500.));
#861=CARTESIAN_POINT('Ctrl Pts',(-20.0028767767387,-51.6356370710913,-500.));
#862=CARTESIAN_POINT('Ctrl Pts',(-22.4411204712174,-51.4706503743423,-500.));
#863=CARTESIAN_POINT('Ctrl Pts',(-24.8790547633405,-51.304433494759,-500.));
#864=CARTESIAN_POINT('Ctrl Pts',(-27.3166476953601,-51.1370214241756,-500.));
#865=CARTESIAN_POINT('Ctrl Pts',(-29.7538682950712,-50.9684490309575,-500.));
#866=CARTESIAN_POINT('Ctrl Pts',(-32.1906870775277,-50.7987476407902,-500.));
#867=CARTESIAN_POINT('Ctrl Pts',(-34.6270767506734,-50.6279408634828,-500.));
#868=CARTESIAN_POINT('Ctrl Pts',(-37.0630122906216,-50.4560426530702,-500.));
#869=CARTESIAN_POINT('Ctrl Pts',(-39.4984696808039,-50.2830600744665,-500.));
#870=CARTESIAN_POINT('Ctrl Pts',(-41.933424921537,-50.1089951043225,-500.));
#871=CARTESIAN_POINT('Ctrl Pts',(-44.3678529439865,-49.9338468049895,-500.));
#872=CARTESIAN_POINT('Ctrl Pts',(-46.8017265367791,-49.7576133669096,-500.));
#873=CARTESIAN_POINT('Ctrl Pts',(-49.2350153335581,-49.5802941420677,-500.));
#874=CARTESIAN_POINT('Ctrl Pts',(-51.6676845958983,-49.4018918569991,-500.));
#875=CARTESIAN_POINT('Ctrl Pts',(-54.0996966042129,-49.2224122932613,-500.));
#876=CARTESIAN_POINT('Ctrl Pts',(-56.5310123476843,-49.0418636881463,-500.));
#877=CARTESIAN_POINT('Ctrl Pts',(-58.9615930716647,-48.8602562407279,-500.));
#878=CARTESIAN_POINT('Ctrl Pts',(-61.3914019651895,-48.6776015622926,-500.));
#879=CARTESIAN_POINT('Ctrl Pts',(-63.8204056021406,-48.4939121767104,-500.));
#880=CARTESIAN_POINT('Ctrl Pts',(-66.2485759470132,-48.3092009351964,-500.));
#881=CARTESIAN_POINT('Ctrl Pts',(-68.6758903583882,-48.123480713944,-500.));
#882=CARTESIAN_POINT('Ctrl Pts',(-71.1023293680606,-47.9367644216245,-500.));
#883=CARTESIAN_POINT('Ctrl Pts',(-73.527875049754,-47.7490649248935,-500.));
#884=CARTESIAN_POINT('Ctrl Pts',(-75.9525091370381,-47.5603950089224,-500.));
#885=CARTESIAN_POINT('Ctrl Pts',(-78.3762112730594,-47.3707673191739,-500.));
#886=CARTESIAN_POINT('Ctrl Pts',(-80.7989571455497,-47.1801943201553,-500.));
#887=CARTESIAN_POINT('Ctrl Pts',(-83.2207168359829,-46.9886882219579,-500.));
#888=CARTESIAN_POINT('Ctrl Pts',(-85.641456181538,-46.7962604900507,-500.));
#889=CARTESIAN_POINT('Ctrl Pts',(-88.0611379823492,-46.6029213646452,-500.));
#890=CARTESIAN_POINT('Ctrl Pts',(-90.4797232532602,-46.4086794019076,-500.));
#891=CARTESIAN_POINT('Ctrl Pts',(-92.897172487857,-46.2135409481532,-500.));
#892=CARTESIAN_POINT('Ctrl Pts',(-95.3134468443321,-46.0175097778289,-500.));
#893=CARTESIAN_POINT('Ctrl Pts',(-97.7285095501386,-45.8205863176164,-500.));
#894=CARTESIAN_POINT('Ctrl Pts',(-100.14232623502,-45.622768875112,-500.));
#895=CARTESIAN_POINT('Ctrl Pts',(-102.554864761164,-45.4240558415604,-500.));
#896=CARTESIAN_POINT('Ctrl Pts',(-104.96609520318,-45.2244475430059,-500.));
#897=CARTESIAN_POINT('Ctrl Pts',(-107.375989786533,-45.0239483334697,-500.));
#898=CARTESIAN_POINT('Ctrl Pts',(-109.784522795856,-44.8225683622693,-500.));
#899=CARTESIAN_POINT('Ctrl Pts',(-112.191670611998,-44.620326017595,-500.));
#900=CARTESIAN_POINT('Ctrl Pts',(-114.597411318672,-44.4172483419874,-500.));
#901=CARTESIAN_POINT('Ctrl Pts',(-117.001723230163,-44.2133664551277,-500.));
#902=CARTESIAN_POINT('Ctrl Pts',(-119.404583623028,-44.0087119274801,-500.));
#903=CARTESIAN_POINT('Ctrl Pts',(-121.8059673969,-43.8033128014565,-500.));
#904=CARTESIAN_POINT('Ctrl Pts',(-124.205845742338,-43.597189705824,-500.));
#905=CARTESIAN_POINT('Ctrl Pts',(-126.604184860397,-43.3903520650006,-500.));
#906=CARTESIAN_POINT('Ctrl Pts',(-129.000944510253,-43.1827938987689,-500.));
#907=CARTESIAN_POINT('Ctrl Pts',(-131.396080309908,-42.9744988195,-500.));
#908=CARTESIAN_POINT('Ctrl Pts',(-133.78954628131,-42.7654456183499,-500.));
#909=CARTESIAN_POINT('Ctrl Pts',(-136.181297246048,-42.5556135135098,-500.));
#910=CARTESIAN_POINT('Ctrl Pts',(-138.571291420566,-42.3449878196132,-500.));
#911=CARTESIAN_POINT('Ctrl Pts',(-140.959492607483,-42.1335647867835,-500.));
#912=CARTESIAN_POINT('Ctrl Pts',(-143.345873361137,-41.9213584306156,-500.));
#913=CARTESIAN_POINT('Ctrl Pts',(-145.730413966796,-41.7083988187876,-500.));
#914=CARTESIAN_POINT('Ctrl Pts',(-148.113098806611,-41.4947250321282,-500.));
#915=CARTESIAN_POINT('Ctrl Pts',(-150.493913562183,-41.2803798205558,-500.));
#916=CARTESIAN_POINT('Ctrl Pts',(-152.872841969434,-41.065403372782,-500.));
#917=CARTESIAN_POINT('Ctrl Pts',(-155.249863000979,-40.8498278952513,-500.));
#918=CARTESIAN_POINT('Ctrl Pts',(-157.624947295082,-40.633670805134,-500.));
#919=CARTESIAN_POINT('Ctrl Pts',(-159.99805577817,-40.4169319261396,-500.));
#920=CARTESIAN_POINT('Ctrl Pts',(-162.369143247038,-40.1995997185876,-500.));
#921=CARTESIAN_POINT('Ctrl Pts',(-164.738160954199,-39.9816556954446,-500.));
#922=CARTESIAN_POINT('Ctrl Pts',(-167.105059600851,-39.7630795775334,-500.));
#923=CARTESIAN_POINT('Ctrl Pts',(-169.469792130719,-39.5438540933364,-500.));
#924=CARTESIAN_POINT('Ctrl Pts',(-171.832316668892,-39.323970025812,-500.));
#925=CARTESIAN_POINT('Ctrl Pts',(-174.19259923145,-39.1034308881139,-500.));
#926=CARTESIAN_POINT('Ctrl Pts',(-176.550611585149,-38.8822498807769,-500.));
#927=CARTESIAN_POINT('Ctrl Pts',(-178.906329266974,-38.6604471068505,-500.));
#928=CARTESIAN_POINT('Ctrl Pts',(-181.259729565595,-38.4380467158002,-500.));
#929=CARTESIAN_POINT('Ctrl Pts',(-183.610789470109,-38.2150740210319,-500.));
#930=CARTESIAN_POINT('Ctrl Pts',(-185.959483747477,-37.9915527615164,-500.));
#931=CARTESIAN_POINT('Ctrl Pts',(-188.305782664579,-37.7675019541666,-500.));
#932=CARTESIAN_POINT('Ctrl Pts',(-190.649652295748,-37.5429357288206,-500.));
#933=CARTESIAN_POINT('Ctrl Pts',(-192.991055410893,-37.31786382208,-500.));
#934=CARTESIAN_POINT('Ctrl Pts',(-195.329952162041,-37.0922918630872,-500.));
#935=CARTESIAN_POINT('Ctrl Pts',(-197.666300859392,-36.8662217058812,-500.));
#936=CARTESIAN_POINT('Ctrl Pts',(-200.000058697456,-36.6396518366018,-500.));
#937=CARTESIAN_POINT('Ctrl Pts',(-202.331182531355,-36.4125775096417,-500.));
#938=CARTESIAN_POINT('Ctrl Pts',(-204.65962950057,-36.1849921281534,-500.));
#939=CARTESIAN_POINT('Ctrl Pts',(-206.985357576496,-35.9568894424637,-500.));
#940=CARTESIAN_POINT('Ctrl Pts',(-209.308326113802,-35.7282654456453,-500.));
#941=CARTESIAN_POINT('Ctrl Pts',(-211.628496441647,-35.4991205159979,-500.));
#942=CARTESIAN_POINT('Ctrl Pts',(-213.945832341862,-35.2694611717029,-500.));
#943=CARTESIAN_POINT('Ctrl Pts',(-216.26030081154,-35.0393026851908,-500.));
#944=CARTESIAN_POINT('Ctrl Pts',(-218.571871817158,-34.8086687231855,-500.));
#945=CARTESIAN_POINT('Ctrl Pts',(-220.880516818191,-34.5775873709898,-500.));
#946=CARTESIAN_POINT('Ctrl Pts',(-223.186207623644,-34.3460881392108,-500.));
#947=CARTESIAN_POINT('Ctrl Pts',(-225.488915076266,-34.1141984517471,-500.));
#948=CARTESIAN_POINT('Ctrl Pts',(-227.788607895862,-33.8819406313938,-500.));
#949=CARTESIAN_POINT('Ctrl Pts',(-230.085251247248,-33.649328003031,-500.));
#950=CARTESIAN_POINT('Ctrl Pts',(-232.378806123889,-33.4163636315685,-500.));
#951=CARTESIAN_POINT('Ctrl Pts',(-234.669230305868,-33.1830441868184,-500.));
#952=CARTESIAN_POINT('Ctrl Pts',(-236.956478980519,-32.9493626702887,-500.));
#953=CARTESIAN_POINT('Ctrl Pts',(-239.240505498287,-32.7153116812894,-500.));
#954=CARTESIAN_POINT('Ctrl Pts',(-241.521262070113,-32.4808862594405,-500.));
#955=CARTESIAN_POINT('Ctrl Pts',(-243.79870049156,-32.2460873748029,-500.));
#956=CARTESIAN_POINT('Ctrl Pts',(-246.072772851561,-32.0109236433614,-500.));
#957=CARTESIAN_POINT('Ctrl Pts',(-248.343432253302,-31.7754084038147,-500.));
#958=CARTESIAN_POINT('Ctrl Pts',(-250.610633511745,-31.5395576861104,-500.));
#959=CARTESIAN_POINT('Ctrl Pts',(-252.874333902366,-31.3033877652798,-500.));
#960=CARTESIAN_POINT('Ctrl Pts',(-255.13449379195,-31.0669130338271,-500.));
#961=CARTESIAN_POINT('Ctrl Pts',(-257.391077551461,-30.8301433964297,-500.));
#962=CARTESIAN_POINT('Ctrl Pts',(-259.644053608333,-30.5930829565759,-500.));
#963=CARTESIAN_POINT('Ctrl Pts',(-261.893392037045,-30.3557322734046,-500.));
#964=CARTESIAN_POINT('Ctrl Pts',(-264.139062634163,-30.1180899539757,-500.));
#965=CARTESIAN_POINT('Ctrl Pts',(-266.381032722167,-29.8801545500779,-500.));
#966=CARTESIAN_POINT('Ctrl Pts',(-268.619265251828,-29.6419262287499,-500.));
#967=CARTESIAN_POINT('Ctrl Pts',(-270.853716334332,-29.4034087728228,-500.));
#968=CARTESIAN_POINT('Ctrl Pts',(-273.084334475914,-29.1646106749124,-500.));
#969=CARTESIAN_POINT('Ctrl Pts',(-275.311063658998,-28.925544256092,-500.));
#970=CARTESIAN_POINT('Ctrl Pts',(-277.533845598276,-28.6862251661836,-500.));
#971=CARTESIAN_POINT('Ctrl Pts',(-279.752622429972,-28.4466717645025,-500.));
#972=CARTESIAN_POINT('Ctrl Pts',(-281.967338975441,-28.2069044773074,-500.));
#973=CARTESIAN_POINT('Ctrl Pts',(-284.177945775939,-27.966945347277,-500.));
#974=CARTESIAN_POINT('Ctrl Pts',(-286.384399672526,-27.7268168365498,-500.));
#975=CARTESIAN_POINT('Ctrl Pts',(-288.586660911515,-27.4865394799764,-500.));
#976=CARTESIAN_POINT('Ctrl Pts',(-290.784691142398,-27.2461299069715,-500.));
#977=CARTESIAN_POINT('Ctrl Pts',(-292.97845094923,-27.0055985256652,-500.));
#978=CARTESIAN_POINT('Ctrl Pts',(-295.167897825993,-26.7649477874387,-500.));
#979=CARTESIAN_POINT('Ctrl Pts',(-297.352983349858,-26.5241691114093,-500.));
#980=CARTESIAN_POINT('Ctrl Pts',(-299.5336534254,-26.2832452579004,-500.));
#981=CARTESIAN_POINT('Ctrl Pts',(-301.709850684983,-26.0421566083121,-500.));
#982=CARTESIAN_POINT('Ctrl Pts',(-303.881516228482,-25.8008861902679,-500.));
#983=CARTESIAN_POINT('Ctrl Pts',(-306.048591694729,-25.5594254492098,-500.));
#984=CARTESIAN_POINT('Ctrl Pts',(-308.211021052041,-25.3177791654629,-500.));
#985=CARTESIAN_POINT('Ctrl Pts',(-310.368752872789,-25.0759721379384,-500.));
#986=CARTESIAN_POINT('Ctrl Pts',(-312.521739402348,-24.8340435872871,-500.));
#987=CARTESIAN_POINT('Ctrl Pts',(-314.669934951411,-24.5920389708088,-500.));
#988=CARTESIAN_POINT('Ctrl Pts',(-316.813294510149,-24.3500025914509,-500.));
#989=CARTESIAN_POINT('Ctrl Pts',(-318.951772291997,-24.1079700859515,-500.));
#990=CARTESIAN_POINT('Ctrl Pts',(-321.085320253876,-23.8659604610605,-500.));
#991=CARTESIAN_POINT('Ctrl Pts',(-323.21388678221,-23.6239697946437,-500.));
#992=CARTESIAN_POINT('Ctrl Pts',(-325.337416944008,-23.381980321438,-500.));
#993=CARTESIAN_POINT('Ctrl Pts',(-327.455852610488,-23.1399679622377,-500.));
#994=CARTESIAN_POINT('Ctrl Pts',(-329.569132602585,-22.8979108283601,-500.));
#995=CARTESIAN_POINT('Ctrl Pts',(-331.677192888814,-22.6557964439625,-500.));
#996=CARTESIAN_POINT('Ctrl Pts',(-333.779966608744,-22.4136316547449,-500.));
#997=CARTESIAN_POINT('Ctrl Pts',(-335.877384761451,-22.1714430950998,-500.));
#998=CARTESIAN_POINT('Ctrl Pts',(-337.969377617736,-21.9292675834594,-500.));
#999=CARTESIAN_POINT('Ctrl Pts',(-340.05587593046,-21.6871452496412,-500.));
#1000=CARTESIAN_POINT('Ctrl Pts',(-342.136812246928,-21.445111426407,-500.));
#1001=CARTESIAN_POINT('Ctrl Pts',(-344.212122131579,-21.2031893542132,-500.));
#1002=CARTESIAN_POINT('Ctrl Pts',(-346.281745551662,-20.9613817724323,-500.));
#1003=CARTESIAN_POINT('Ctrl Pts',(-348.345625605767,-20.7196783884194,-500.));
#1004=CARTESIAN_POINT('Ctrl Pts',(-350.40370709122,-20.4780641072958,-500.));
#1005=CARTESIAN_POINT('Ctrl Pts',(-352.455935111949,-20.2365274338986,-500.));
#1006=CARTESIAN_POINT('Ctrl Pts',(-354.50225370946,-19.9950677934472,-500.));
#1007=CARTESIAN_POINT('Ctrl Pts',(-356.542604385286,-19.7537057882542,-500.));
#1008=CARTESIAN_POINT('Ctrl Pts',(-358.57692504493,-19.5124828498723,-500.));
#1009=CARTESIAN_POINT('Ctrl Pts',(-360.605149452477,-19.2714485569675,-500.));
#1010=CARTESIAN_POINT('Ctrl Pts',(-362.627206536537,-19.0306510510631,-500.));
#1011=CARTESIAN_POINT('Ctrl Pts',(-364.643019791066,-18.7901264115797,-500.));
#1012=CARTESIAN_POINT('Ctrl Pts',(-366.652506554507,-18.5498879590057,-500.));
#1013=CARTESIAN_POINT('Ctrl Pts',(-368.655577575843,-18.3099170770735,-500.));
#1014=CARTESIAN_POINT('Ctrl Pts',(-370.652140380896,-18.0701775508641,-500.));
#1015=CARTESIAN_POINT('Ctrl Pts',(-372.642102313354,-17.8306280891414,-500.));
#1016=CARTESIAN_POINT('Ctrl Pts',(-374.625373864643,-17.5912360727893,-500.));
#1017=CARTESIAN_POINT('Ctrl Pts',(-376.60187150103,-17.3519895534265,-500.));
#1018=CARTESIAN_POINT('Ctrl Pts',(-378.571521690363,-17.1129131866234,-500.));
#1019=CARTESIAN_POINT('Ctrl Pts',(-380.534257355149,-16.8740595347604,-500.));
#1020=CARTESIAN_POINT('Ctrl Pts',(-382.490012495914,-16.6354942824423,-500.));
#1021=CARTESIAN_POINT('Ctrl Pts',(-384.438717141504,-16.3972828333869,-500.));
#1022=CARTESIAN_POINT('Ctrl Pts',(-386.380292818752,-16.159477850916,-500.));
#1023=CARTESIAN_POINT('Ctrl Pts',(-388.314646168255,-15.9221026101715,-500.));
#1024=CARTESIAN_POINT('Ctrl Pts',(-390.241670520992,-15.6851527842289,-500.));
#1025=CARTESIAN_POINT('Ctrl Pts',(-392.161253047682,-15.4486112527161,-500.));
#1026=CARTESIAN_POINT('Ctrl Pts',(-394.073280590312,-15.2124597239659,-500.));
#1027=CARTESIAN_POINT('Ctrl Pts',(-395.977645331273,-14.976690251081,-500.));
#1028=CARTESIAN_POINT('Ctrl Pts',(-397.874252253801,-14.7413202567088,-500.));
#1029=CARTESIAN_POINT('Ctrl Pts',(-399.763019289023,-14.5063929086136,-500.));
#1030=CARTESIAN_POINT('Ctrl Pts',(-401.643869247788,-14.2719611152162,-500.));
#1031=CARTESIAN_POINT('Ctrl Pts',(-403.5167236162,-14.0380750420741,-500.));
#1032=CARTESIAN_POINT('Ctrl Pts',(-405.381496238776,-13.8047699137625,-500.));
#1033=CARTESIAN_POINT('Ctrl Pts',(-407.238085474626,-13.5720495083039,-500.));
#1034=CARTESIAN_POINT('Ctrl Pts',(-409.086372971945,-13.3398872898885,-500.));
#1035=CARTESIAN_POINT('Ctrl Pts',(-410.926230116172,-13.1082474534285,-500.));
#1036=CARTESIAN_POINT('Ctrl Pts',(-412.757522690138,-12.8771018608625,-500.));
#1037=CARTESIAN_POINT('Ctrl Pts',(-414.580115774755,-12.646446245815,-500.));
#1038=CARTESIAN_POINT('Ctrl Pts',(-416.393879751817,-12.4163226691145,-500.));
#1039=CARTESIAN_POINT('Ctrl Pts',(-418.198690587989,-12.1868135227333,-500.));
#1040=CARTESIAN_POINT('Ctrl Pts',(-419.994425748887,-11.9580145443484,-500.));
#1041=CARTESIAN_POINT('Ctrl Pts',(-421.780961298706,-11.7300129843768,-500.));
#1042=CARTESIAN_POINT('Ctrl Pts',(-423.558168725032,-11.5028658316157,-500.));
#1043=CARTESIAN_POINT('Ctrl Pts',(-425.325911329539,-11.2765723783538,-500.));
#1044=CARTESIAN_POINT('Ctrl Pts',(-427.084044864086,-11.0510908975109,-500.));
#1045=CARTESIAN_POINT('Ctrl Pts',(-428.832419352142,-10.8263676015632,-500.));
#1046=CARTESIAN_POINT('Ctrl Pts',(-430.570880485317,-10.6023606064259,-500.));
#1047=CARTESIAN_POINT('Ctrl Pts',(-432.299271242273,-10.3790678458177,-500.));
#1048=CARTESIAN_POINT('Ctrl Pts',(-434.017433278347,-10.1565479782465,-500.));
#1049=CARTESIAN_POINT('Ctrl Pts',(-435.725206708344,-9.93489173570125,-500.));
#1050=CARTESIAN_POINT('Ctrl Pts',(-437.422430175491,-9.71419612887607,-500.));
#1051=CARTESIAN_POINT('Ctrl Pts',(-439.108940501292,-9.49454058630943,-500.));
#1052=CARTESIAN_POINT('Ctrl Pts',(-440.784573272949,-9.2759548914526,-500.));
#1053=CARTESIAN_POINT('Ctrl Pts',(-442.449159687978,-9.05842275318878,-500.));
#1054=CARTESIAN_POINT('Ctrl Pts',(-444.102520355459,-8.84191335613655,-500.));
#1055=CARTESIAN_POINT('Ctrl Pts',(-445.744460320568,-8.62640376915919,-500.));
#1056=CARTESIAN_POINT('Ctrl Pts',(-447.374762821718,-8.41190736777733,-500.));
#1057=CARTESIAN_POINT('Ctrl Pts',(-448.993185810181,-8.19849311847644,-500.));
#1058=CARTESIAN_POINT('Ctrl Pts',(-450.599474208425,-7.98625790320667,-500.));
#1059=CARTESIAN_POINT('Ctrl Pts',(-452.193370852732,-7.77530317245283,-500.));
#1060=CARTESIAN_POINT('Ctrl Pts',(-453.774627093877,-7.56571136308118,-500.));
#1061=CARTESIAN_POINT('Ctrl Pts',(-455.343015761157,-7.35751870332341,-500.));
#1062=CARTESIAN_POINT('Ctrl Pts',(-456.898318785636,-7.15072995864191,-500.));
#1063=CARTESIAN_POINT('Ctrl Pts',(-458.440310122791,-6.94534077766346,-500.));
#1064=CARTESIAN_POINT('Ctrl Pts',(-459.968741760239,-6.74135548953637,-500.));
#1065=CARTESIAN_POINT('Ctrl Pts',(-461.483324887425,-6.53881144025866,-500.));
#1066=CARTESIAN_POINT('Ctrl Pts',(-462.983734068728,-6.33777304828263,-500.));
#1067=CARTESIAN_POINT('Ctrl Pts',(-464.469620660009,-6.13831348124399,-500.));
#1068=CARTESIAN_POINT('Ctrl Pts',(-465.940622223983,-5.94050215942604,-500.));
#1069=CARTESIAN_POINT('Ctrl Pts',(-467.396376071717,-5.74438536988488,-500.));
#1070=CARTESIAN_POINT('Ctrl Pts',(-468.836516686078,-5.54999633087551,-500.));
#1071=CARTESIAN_POINT('Ctrl Pts',(-470.260667422876,-5.35737692597675,-500.));
#1072=CARTESIAN_POINT('Ctrl Pts',(-471.668433973587,-5.16659407390432,-500.));
#1073=CARTESIAN_POINT('Ctrl Pts',(-473.059397283101,-4.97776235007998,-500.));
#1074=CARTESIAN_POINT('Ctrl Pts',(-474.433105197796,-4.79102049000251,-500.));
#1075=CARTESIAN_POINT('Ctrl Pts',(-475.789064240634,-4.60650351678961,-500.));
#1076=CARTESIAN_POINT('Ctrl Pts',(-477.126730398576,-4.42431326902254,-500.));
#1077=CARTESIAN_POINT('Ctrl Pts',(-478.445503422163,-4.24449871128621,-500.));
#1078=CARTESIAN_POINT('Ctrl Pts',(-479.744745892536,-4.06708421594004,-500.));
#1079=CARTESIAN_POINT('Ctrl Pts',(-481.023792481625,-3.89209164688439,-500.));
#1080=CARTESIAN_POINT('Ctrl Pts',(-482.28197715063,-3.71956378012856,-500.));
#1081=CARTESIAN_POINT('Ctrl Pts',(-483.518585397391,-3.5495888716795,-500.));
#1082=CARTESIAN_POINT('Ctrl Pts',(-484.732793898069,-3.3823164392825,-500.));
#1083=CARTESIAN_POINT('Ctrl Pts',(-485.923578577507,-3.21799373782635,-500.));
#1084=CARTESIAN_POINT('Ctrl Pts',(-487.089743559475,-3.05693823098998,-500.));
#1085=CARTESIAN_POINT('Ctrl Pts',(-488.230095160577,-2.89942468601497,-500.));
#1086=CARTESIAN_POINT('Ctrl Pts',(-489.343685081039,-2.74555320044192,-500.));
#1087=CARTESIAN_POINT('Ctrl Pts',(-490.429758261145,-2.59522729683211,-500.));
#1088=CARTESIAN_POINT('Ctrl Pts',(-491.487057150604,-2.44843336994828,-500.));
#1089=CARTESIAN_POINT('Ctrl Pts',(-492.512838769303,-2.30557125302464,-500.));
#1090=CARTESIAN_POINT('Ctrl Pts',(-493.503098115253,-2.16747899017695,-500.));
#1091=CARTESIAN_POINT('Ctrl Pts',(-494.454692435898,-2.03489286568844,-500.));
#1092=CARTESIAN_POINT('Ctrl Pts',(-495.368158499171,-1.90782347643367,-500.));
#1093=CARTESIAN_POINT('Ctrl Pts',(-496.244475398508,-1.78597571799675,-500.));
#1094=CARTESIAN_POINT('Ctrl Pts',(-497.075290918776,-1.67015971515283,-500.));
#1095=CARTESIAN_POINT('Ctrl Pts',(-497.841353281877,-1.56265273532763,-500.));
#1096=CARTESIAN_POINT('Ctrl Pts',(-498.535145891597,-1.46470737565781,-500.));
#1097=CARTESIAN_POINT('Ctrl Pts',(-499.182109055763,-1.3741922847296,-500.));
#1098=CARTESIAN_POINT('Ctrl Pts',(-499.628044652564,-1.31258638886673,-500.));
#1099=CARTESIAN_POINT('Ctrl Pts',(-499.856400803061,-1.28061837272772,-500.));
#1100=CARTESIAN_POINT('Ctrl Pts',(-499.960172049729,-1.26579604789675,-500.));
#1101=CARTESIAN_POINT('Ctrl Pts',(-500.,-1.25999999999988,-500.));
#1102=CARTESIAN_POINT('Ctrl Pts',(-500.,-1.25999999999988,-500.));
#1103=CARTESIAN_POINT('Ctrl Pts',(-500.,-1.25999999999988,500.));
#1104=CARTESIAN_POINT('Ctrl Pts',(-499.960172049729,-1.26579604789675,-500.));
#1105=CARTESIAN_POINT('Ctrl Pts',(-499.960172049729,-1.26579604789675,500.));
#1106=CARTESIAN_POINT('Ctrl Pts',(-499.856400803061,-1.28061837272772,-500.));
#1107=CARTESIAN_POINT('Ctrl Pts',(-499.856400803061,-1.28061837272772,500.));
#1108=CARTESIAN_POINT('Ctrl Pts',(-499.628044652564,-1.31258638886673,-500.));
#1109=CARTESIAN_POINT('Ctrl Pts',(-499.628044652564,-1.31258638886673,500.));
#1110=CARTESIAN_POINT('Ctrl Pts',(-499.182109055763,-1.3741922847296,-500.));
#1111=CARTESIAN_POINT('Ctrl Pts',(-499.182109055763,-1.3741922847296,500.));
#1112=CARTESIAN_POINT('Ctrl Pts',(-498.535145891597,-1.46470737565781,-500.));
#1113=CARTESIAN_POINT('Ctrl Pts',(-498.535145891597,-1.46470737565781,500.));
#1114=CARTESIAN_POINT('Ctrl Pts',(-497.841353281877,-1.56265273532763,-500.));
#1115=CARTESIAN_POINT('Ctrl Pts',(-497.841353281877,-1.56265273532763,500.));
#1116=CARTESIAN_POINT('Ctrl Pts',(-497.075290918776,-1.67015971515283,-500.));
#1117=CARTESIAN_POINT('Ctrl Pts',(-497.075290918776,-1.67015971515283,500.));
#1118=CARTESIAN_POINT('Ctrl Pts',(-496.244475398508,-1.78597571799675,-500.));
#1119=CARTESIAN_POINT('Ctrl Pts',(-496.244475398508,-1.78597571799675,500.));
#1120=CARTESIAN_POINT('Ctrl Pts',(-495.368158499171,-1.90782347643367,-500.));
#1121=CARTESIAN_POINT('Ctrl Pts',(-495.368158499171,-1.90782347643367,500.));
#1122=CARTESIAN_POINT('Ctrl Pts',(-494.454692435898,-2.03489286568844,-500.));
#1123=CARTESIAN_POINT('Ctrl Pts',(-494.454692435898,-2.03489286568844,500.));
#1124=CARTESIAN_POINT('Ctrl Pts',(-493.503098115253,-2.16747899017695,-500.));
#1125=CARTESIAN_POINT('Ctrl Pts',(-493.503098115253,-2.16747899017695,500.));
#1126=CARTESIAN_POINT('Ctrl Pts',(-492.512838769303,-2.30557125302464,-500.));
#1127=CARTESIAN_POINT('Ctrl Pts',(-492.512838769303,-2.30557125302464,500.));
#1128=CARTESIAN_POINT('Ctrl Pts',(-491.487057150604,-2.44843336994828,-500.));
#1129=CARTESIAN_POINT('Ctrl Pts',(-491.487057150604,-2.44843336994828,500.));
#1130=CARTESIAN_POINT('Ctrl Pts',(-490.429758261145,-2.59522729683211,-500.));
#1131=CARTESIAN_POINT('Ctrl Pts',(-490.429758261145,-2.59522729683211,500.));
#1132=CARTESIAN_POINT('Ctrl Pts',(-489.343685081039,-2.74555320044192,-500.));
#1133=CARTESIAN_POINT('Ctrl Pts',(-489.343685081039,-2.74555320044192,500.));
#1134=CARTESIAN_POINT('Ctrl Pts',(-488.230095160577,-2.89942468601497,-500.));
#1135=CARTESIAN_POINT('Ctrl Pts',(-488.230095160577,-2.89942468601497,500.));
#1136=CARTESIAN_POINT('Ctrl Pts',(-487.089743559475,-3.05693823098998,-500.));
#1137=CARTESIAN_POINT('Ctrl Pts',(-487.089743559475,-3.05693823098998,500.));
#1138=CARTESIAN_POINT('Ctrl Pts',(-485.923578577507,-3.21799373782635,-500.));
#1139=CARTESIAN_POINT('Ctrl Pts',(-485.923578577507,-3.21799373782635,500.));
#1140=CARTESIAN_POINT('Ctrl Pts',(-484.732793898069,-3.3823164392825,-500.));
#1141=CARTESIAN_POINT('Ctrl Pts',(-484.732793898069,-3.3823164392825,500.));
#1142=CARTESIAN_POINT('Ctrl Pts',(-483.518585397391,-3.5495888716795,-500.));
#1143=CARTESIAN_POINT('Ctrl Pts',(-483.518585397391,-3.5495888716795,500.));
#1144=CARTESIAN_POINT('Ctrl Pts',(-482.28197715063,-3.71956378012856,-500.));
#1145=CARTESIAN_POINT('Ctrl Pts',(-482.28197715063,-3.71956378012856,500.));
#1146=CARTESIAN_POINT('Ctrl Pts',(-481.023792481625,-3.89209164688439,-500.));
#1147=CARTESIAN_POINT('Ctrl Pts',(-481.023792481625,-3.89209164688439,500.));
#1148=CARTESIAN_POINT('Ctrl Pts',(-479.744745892536,-4.06708421594004,-500.));
#1149=CARTESIAN_POINT('Ctrl Pts',(-479.744745892536,-4.06708421594004,500.));
#1150=CARTESIAN_POINT('Ctrl Pts',(-478.445503422163,-4.24449871128621,-500.));
#1151=CARTESIAN_POINT('Ctrl Pts',(-478.445503422163,-4.24449871128621,500.));
#1152=CARTESIAN_POINT('Ctrl Pts',(-477.126730398576,-4.42431326902254,-500.));
#1153=CARTESIAN_POINT('Ctrl Pts',(-477.126730398576,-4.42431326902254,500.));
#1154=CARTESIAN_POINT('Ctrl Pts',(-475.789064240634,-4.60650351678961,-500.));
#1155=CARTESIAN_POINT('Ctrl Pts',(-475.789064240634,-4.60650351678961,500.));
#1156=CARTESIAN_POINT('Ctrl Pts',(-474.433105197796,-4.79102049000251,-500.));
#1157=CARTESIAN_POINT('Ctrl Pts',(-474.433105197796,-4.79102049000251,500.));
#1158=CARTESIAN_POINT('Ctrl Pts',(-473.059397283101,-4.97776235007998,-500.));
#1159=CARTESIAN_POINT('Ctrl Pts',(-473.059397283101,-4.97776235007998,500.));
#1160=CARTESIAN_POINT('Ctrl Pts',(-471.668433973587,-5.16659407390432,-500.));
#1161=CARTESIAN_POINT('Ctrl Pts',(-471.668433973587,-5.16659407390432,500.));
#1162=CARTESIAN_POINT('Ctrl Pts',(-470.260667422876,-5.35737692597675,-500.));
#1163=CARTESIAN_POINT('Ctrl Pts',(-470.260667422876,-5.35737692597675,500.));
#1164=CARTESIAN_POINT('Ctrl Pts',(-468.836516686078,-5.54999633087551,-500.));
#1165=CARTESIAN_POINT('Ctrl Pts',(-468.836516686078,-5.54999633087551,500.));
#1166=CARTESIAN_POINT('Ctrl Pts',(-467.396376071717,-5.74438536988488,-500.));
#1167=CARTESIAN_POINT('Ctrl Pts',(-467.396376071717,-5.74438536988488,500.));
#1168=CARTESIAN_POINT('Ctrl Pts',(-465.940622223983,-5.94050215942604,-500.));
#1169=CARTESIAN_POINT('Ctrl Pts',(-465.940622223983,-5.94050215942604,500.));
#1170=CARTESIAN_POINT('Ctrl Pts',(-464.469620660009,-6.13831348124399,-500.));
#1171=CARTESIAN_POINT('Ctrl Pts',(-464.469620660009,-6.13831348124399,500.));
#1172=CARTESIAN_POINT('Ctrl Pts',(-462.983734068728,-6.33777304828263,-500.));
#1173=CARTESIAN_POINT('Ctrl Pts',(-462.983734068728,-6.33777304828263,500.));
#1174=CARTESIAN_POINT('Ctrl Pts',(-461.483324887425,-6.53881144025866,-500.));
#1175=CARTESIAN_POINT('Ctrl Pts',(-461.483324887425,-6.53881144025866,500.));
#1176=CARTESIAN_POINT('Ctrl Pts',(-459.968741760239,-6.74135548953637,-500.));
#1177=CARTESIAN_POINT('Ctrl Pts',(-459.968741760239,-6.74135548953637,500.));
#1178=CARTESIAN_POINT('Ctrl Pts',(-458.440310122791,-6.94534077766346,-500.));
#1179=CARTESIAN_POINT('Ctrl Pts',(-458.440310122791,-6.94534077766346,500.));
#1180=CARTESIAN_POINT('Ctrl Pts',(-456.898318785636,-7.15072995864191,-500.));
#1181=CARTESIAN_POINT('Ctrl Pts',(-456.898318785636,-7.15072995864191,500.));
#1182=CARTESIAN_POINT('Ctrl Pts',(-455.343015761157,-7.35751870332341,-500.));
#1183=CARTESIAN_POINT('Ctrl Pts',(-455.343015761157,-7.35751870332341,500.));
#1184=CARTESIAN_POINT('Ctrl Pts',(-453.774627093877,-7.56571136308118,-500.));
#1185=CARTESIAN_POINT('Ctrl Pts',(-453.774627093877,-7.56571136308118,500.));
#1186=CARTESIAN_POINT('Ctrl Pts',(-452.193370852732,-7.77530317245283,-500.));
#1187=CARTESIAN_POINT('Ctrl Pts',(-452.193370852732,-7.77530317245283,500.));
#1188=CARTESIAN_POINT('Ctrl Pts',(-450.599474208425,-7.98625790320667,-500.));
#1189=CARTESIAN_POINT('Ctrl Pts',(-450.599474208425,-7.98625790320667,500.));
#1190=CARTESIAN_POINT('Ctrl Pts',(-448.993185810181,-8.19849311847644,-500.));
#1191=CARTESIAN_POINT('Ctrl Pts',(-448.993185810181,-8.19849311847644,500.));
#1192=CARTESIAN_POINT('Ctrl Pts',(-447.374762821718,-8.41190736777733,-500.));
#1193=CARTESIAN_POINT('Ctrl Pts',(-447.374762821718,-8.41190736777733,500.));
#1194=CARTESIAN_POINT('Ctrl Pts',(-445.744460320568,-8.62640376915919,-500.));
#1195=CARTESIAN_POINT('Ctrl Pts',(-445.744460320568,-8.62640376915919,500.));
#1196=CARTESIAN_POINT('Ctrl Pts',(-444.102520355459,-8.84191335613655,-500.));
#1197=CARTESIAN_POINT('Ctrl Pts',(-444.102520355459,-8.84191335613655,500.));
#1198=CARTESIAN_POINT('Ctrl Pts',(-442.449159687978,-9.05842275318878,-500.));
#1199=CARTESIAN_POINT('Ctrl Pts',(-442.449159687978,-9.05842275318878,500.));
#1200=CARTESIAN_POINT('Ctrl Pts',(-440.784573272949,-9.2759548914526,-500.));
#1201=CARTESIAN_POINT('Ctrl Pts',(-440.784573272949,-9.2759548914526,500.));
#1202=CARTESIAN_POINT('Ctrl Pts',(-439.108940501292,-9.49454058630943,-500.));
#1203=CARTESIAN_POINT('Ctrl Pts',(-439.108940501292,-9.49454058630943,500.));
#1204=CARTESIAN_POINT('Ctrl Pts',(-437.422430175491,-9.71419612887607,-500.));
#1205=CARTESIAN_POINT('Ctrl Pts',(-437.422430175491,-9.71419612887607,500.));
#1206=CARTESIAN_POINT('Ctrl Pts',(-435.725206708344,-9.93489173570125,-500.));
#1207=CARTESIAN_POINT('Ctrl Pts',(-435.725206708344,-9.93489173570125,500.));
#1208=CARTESIAN_POINT('Ctrl Pts',(-434.017433278347,-10.1565479782465,-500.));
#1209=CARTESIAN_POINT('Ctrl Pts',(-434.017433278347,-10.1565479782465,500.));
#1210=CARTESIAN_POINT('Ctrl Pts',(-432.299271242273,-10.3790678458177,-500.));
#1211=CARTESIAN_POINT('Ctrl Pts',(-432.299271242273,-10.3790678458177,500.));
#1212=CARTESIAN_POINT('Ctrl Pts',(-430.570880485317,-10.6023606064259,-500.));
#1213=CARTESIAN_POINT('Ctrl Pts',(-430.570880485317,-10.6023606064259,500.));
#1214=CARTESIAN_POINT('Ctrl Pts',(-428.832419352142,-10.8263676015632,-500.));
#1215=CARTESIAN_POINT('Ctrl Pts',(-428.832419352142,-10.8263676015632,500.));
#1216=CARTESIAN_POINT('Ctrl Pts',(-427.084044864086,-11.0510908975109,-500.));
#1217=CARTESIAN_POINT('Ctrl Pts',(-427.084044864086,-11.0510908975109,500.));
#1218=CARTESIAN_POINT('Ctrl Pts',(-425.325911329539,-11.2765723783538,-500.));
#1219=CARTESIAN_POINT('Ctrl Pts',(-425.325911329539,-11.2765723783538,500.));
#1220=CARTESIAN_POINT('Ctrl Pts',(-423.558168725032,-11.5028658316157,-500.));
#1221=CARTESIAN_POINT('Ctrl Pts',(-423.558168725032,-11.5028658316157,500.));
#1222=CARTESIAN_POINT('Ctrl Pts',(-421.780961298706,-11.7300129843768,-500.));
#1223=CARTESIAN_POINT('Ctrl Pts',(-421.780961298706,-11.7300129843768,500.));
#1224=CARTESIAN_POINT('Ctrl Pts',(-419.994425748887,-11.9580145443484,-500.));
#1225=CARTESIAN_POINT('Ctrl Pts',(-419.994425748887,-11.9580145443484,500.));
#1226=CARTESIAN_POINT('Ctrl Pts',(-418.198690587989,-12.1868135227333,-500.));
#1227=CARTESIAN_POINT('Ctrl Pts',(-418.198690587989,-12.1868135227333,500.));
#1228=CARTESIAN_POINT('Ctrl Pts',(-416.393879751817,-12.4163226691145,-500.));
#1229=CARTESIAN_POINT('Ctrl Pts',(-416.393879751817,-12.4163226691145,500.));
#1230=CARTESIAN_POINT('Ctrl Pts',(-414.580115774755,-12.646446245815,-500.));
#1231=CARTESIAN_POINT('Ctrl Pts',(-414.580115774755,-12.646446245815,500.));
#1232=CARTESIAN_POINT('Ctrl Pts',(-412.757522690138,-12.8771018608625,-500.));
#1233=CARTESIAN_POINT('Ctrl Pts',(-412.757522690138,-12.8771018608625,500.));
#1234=CARTESIAN_POINT('Ctrl Pts',(-410.926230116172,-13.1082474534285,-500.));
#1235=CARTESIAN_POINT('Ctrl Pts',(-410.926230116172,-13.1082474534285,500.));
#1236=CARTESIAN_POINT('Ctrl Pts',(-409.086372971945,-13.3398872898885,-500.));
#1237=CARTESIAN_POINT('Ctrl Pts',(-409.086372971945,-13.3398872898885,500.));
#1238=CARTESIAN_POINT('Ctrl Pts',(-407.238085474626,-13.5720495083039,-500.));
#1239=CARTESIAN_POINT('Ctrl Pts',(-407.238085474626,-13.5720495083039,500.));
#1240=CARTESIAN_POINT('Ctrl Pts',(-405.381496238776,-13.8047699137625,-500.));
#1241=CARTESIAN_POINT('Ctrl Pts',(-405.381496238776,-13.8047699137625,500.));
#1242=CARTESIAN_POINT('Ctrl Pts',(-403.5167236162,-14.0380750420741,-500.));
#1243=CARTESIAN_POINT('Ctrl Pts',(-403.5167236162,-14.0380750420741,500.));
#1244=CARTESIAN_POINT('Ctrl Pts',(-401.643869247788,-14.2719611152162,-500.));
#1245=CARTESIAN_POINT('Ctrl Pts',(-401.643869247788,-14.2719611152162,500.));
#1246=CARTESIAN_POINT('Ctrl Pts',(-399.763019289023,-14.5063929086136,-500.));
#1247=CARTESIAN_POINT('Ctrl Pts',(-399.763019289023,-14.5063929086136,500.));
#1248=CARTESIAN_POINT('Ctrl Pts',(-397.874252253801,-14.7413202567088,-500.));
#1249=CARTESIAN_POINT('Ctrl Pts',(-397.874252253801,-14.7413202567088,500.));
#1250=CARTESIAN_POINT('Ctrl Pts',(-395.977645331273,-14.976690251081,-500.));
#1251=CARTESIAN_POINT('Ctrl Pts',(-395.977645331273,-14.976690251081,500.));
#1252=CARTESIAN_POINT('Ctrl Pts',(-394.073280590312,-15.2124597239659,-500.));
#1253=CARTESIAN_POINT('Ctrl Pts',(-394.073280590312,-15.2124597239659,500.));
#1254=CARTESIAN_POINT('Ctrl Pts',(-392.161253047682,-15.4486112527161,-500.));
#1255=CARTESIAN_POINT('Ctrl Pts',(-392.161253047682,-15.4486112527161,500.));
#1256=CARTESIAN_POINT('Ctrl Pts',(-390.241670520992,-15.6851527842289,-500.));
#1257=CARTESIAN_POINT('Ctrl Pts',(-390.241670520992,-15.6851527842289,500.));
#1258=CARTESIAN_POINT('Ctrl Pts',(-388.314646168255,-15.9221026101715,-500.));
#1259=CARTESIAN_POINT('Ctrl Pts',(-388.314646168255,-15.9221026101715,500.));
#1260=CARTESIAN_POINT('Ctrl Pts',(-386.380292818752,-16.159477850916,-500.));
#1261=CARTESIAN_POINT('Ctrl Pts',(-386.380292818752,-16.159477850916,500.));
#1262=CARTESIAN_POINT('Ctrl Pts',(-384.438717141504,-16.3972828333869,-500.));
#1263=CARTESIAN_POINT('Ctrl Pts',(-384.438717141504,-16.3972828333869,500.));
#1264=CARTESIAN_POINT('Ctrl Pts',(-382.490012495914,-16.6354942824423,-500.));
#1265=CARTESIAN_POINT('Ctrl Pts',(-382.490012495914,-16.6354942824423,500.));
#1266=CARTESIAN_POINT('Ctrl Pts',(-380.534257355149,-16.8740595347604,-500.));
#1267=CARTESIAN_POINT('Ctrl Pts',(-380.534257355149,-16.8740595347604,500.));
#1268=CARTESIAN_POINT('Ctrl Pts',(-378.571521690363,-17.1129131866234,-500.));
#1269=CARTESIAN_POINT('Ctrl Pts',(-378.571521690363,-17.1129131866234,500.));
#1270=CARTESIAN_POINT('Ctrl Pts',(-376.60187150103,-17.3519895534265,-500.));
#1271=CARTESIAN_POINT('Ctrl Pts',(-376.60187150103,-17.3519895534265,500.));
#1272=CARTESIAN_POINT('Ctrl Pts',(-374.625373864643,-17.5912360727893,-500.));
#1273=CARTESIAN_POINT('Ctrl Pts',(-374.625373864643,-17.5912360727893,500.));
#1274=CARTESIAN_POINT('Ctrl Pts',(-372.642102313354,-17.8306280891414,-500.));
#1275=CARTESIAN_POINT('Ctrl Pts',(-372.642102313354,-17.8306280891414,500.));
#1276=CARTESIAN_POINT('Ctrl Pts',(-370.652140380896,-18.0701775508641,-500.));
#1277=CARTESIAN_POINT('Ctrl Pts',(-370.652140380896,-18.0701775508641,500.));
#1278=CARTESIAN_POINT('Ctrl Pts',(-368.655577575843,-18.3099170770735,-500.));
#1279=CARTESIAN_POINT('Ctrl Pts',(-368.655577575843,-18.3099170770735,500.));
#1280=CARTESIAN_POINT('Ctrl Pts',(-366.652506554507,-18.5498879590057,-500.));
#1281=CARTESIAN_POINT('Ctrl Pts',(-366.652506554507,-18.5498879590057,500.));
#1282=CARTESIAN_POINT('Ctrl Pts',(-364.643019791066,-18.7901264115797,-500.));
#1283=CARTESIAN_POINT('Ctrl Pts',(-364.643019791066,-18.7901264115797,500.));
#1284=CARTESIAN_POINT('Ctrl Pts',(-362.627206536537,-19.0306510510631,-500.));
#1285=CARTESIAN_POINT('Ctrl Pts',(-362.627206536537,-19.0306510510631,500.));
#1286=CARTESIAN_POINT('Ctrl Pts',(-360.605149452477,-19.2714485569675,-500.));
#1287=CARTESIAN_POINT('Ctrl Pts',(-360.605149452477,-19.2714485569675,500.));
#1288=CARTESIAN_POINT('Ctrl Pts',(-358.57692504493,-19.5124828498723,-500.));
#1289=CARTESIAN_POINT('Ctrl Pts',(-358.57692504493,-19.5124828498723,500.));
#1290=CARTESIAN_POINT('Ctrl Pts',(-356.542604385286,-19.7537057882542,-500.));
#1291=CARTESIAN_POINT('Ctrl Pts',(-356.542604385286,-19.7537057882542,500.));
#1292=CARTESIAN_POINT('Ctrl Pts',(-354.50225370946,-19.9950677934472,-500.));
#1293=CARTESIAN_POINT('Ctrl Pts',(-354.50225370946,-19.9950677934472,500.));
#1294=CARTESIAN_POINT('Ctrl Pts',(-352.455935111949,-20.2365274338986,-500.));
#1295=CARTESIAN_POINT('Ctrl Pts',(-352.455935111949,-20.2365274338986,500.));
#1296=CARTESIAN_POINT('Ctrl Pts',(-350.40370709122,-20.4780641072958,-500.));
#1297=CARTESIAN_POINT('Ctrl Pts',(-350.40370709122,-20.4780641072958,500.));
#1298=CARTESIAN_POINT('Ctrl Pts',(-348.345625605767,-20.7196783884194,-500.));
#1299=CARTESIAN_POINT('Ctrl Pts',(-348.345625605767,-20.7196783884194,500.));
#1300=CARTESIAN_POINT('Ctrl Pts',(-346.281745551662,-20.9613817724323,-500.));
#1301=CARTESIAN_POINT('Ctrl Pts',(-346.281745551662,-20.9613817724323,500.));
#1302=CARTESIAN_POINT('Ctrl Pts',(-344.212122131579,-21.2031893542132,-500.));
#1303=CARTESIAN_POINT('Ctrl Pts',(-344.212122131579,-21.2031893542132,500.));
#1304=CARTESIAN_POINT('Ctrl Pts',(-342.136812246928,-21.445111426407,-500.));
#1305=CARTESIAN_POINT('Ctrl Pts',(-342.136812246928,-21.445111426407,500.));
#1306=CARTESIAN_POINT('Ctrl Pts',(-340.05587593046,-21.6871452496412,-500.));
#1307=CARTESIAN_POINT('Ctrl Pts',(-340.05587593046,-21.6871452496412,500.));
#1308=CARTESIAN_POINT('Ctrl Pts',(-337.969377617736,-21.9292675834594,-500.));
#1309=CARTESIAN_POINT('Ctrl Pts',(-337.969377617736,-21.9292675834594,500.));
#1310=CARTESIAN_POINT('Ctrl Pts',(-335.877384761451,-22.1714430950998,-500.));
#1311=CARTESIAN_POINT('Ctrl Pts',(-335.877384761451,-22.1714430950998,500.));
#1312=CARTESIAN_POINT('Ctrl Pts',(-333.779966608744,-22.4136316547449,-500.));
#1313=CARTESIAN_POINT('Ctrl Pts',(-333.779966608744,-22.4136316547449,500.));
#1314=CARTESIAN_POINT('Ctrl Pts',(-331.677192888814,-22.6557964439625,-500.));
#1315=CARTESIAN_POINT('Ctrl Pts',(-331.677192888814,-22.6557964439625,500.));
#1316=CARTESIAN_POINT('Ctrl Pts',(-329.569132602585,-22.8979108283601,-500.));
#1317=CARTESIAN_POINT('Ctrl Pts',(-329.569132602585,-22.8979108283601,500.));
#1318=CARTESIAN_POINT('Ctrl Pts',(-327.455852610488,-23.1399679622377,-500.));
#1319=CARTESIAN_POINT('Ctrl Pts',(-327.455852610488,-23.1399679622377,500.));
#1320=CARTESIAN_POINT('Ctrl Pts',(-325.337416944008,-23.381980321438,-500.));
#1321=CARTESIAN_POINT('Ctrl Pts',(-325.337416944008,-23.381980321438,500.));
#1322=CARTESIAN_POINT('Ctrl Pts',(-323.21388678221,-23.6239697946437,-500.));
#1323=CARTESIAN_POINT('Ctrl Pts',(-323.21388678221,-23.6239697946437,500.));
#1324=CARTESIAN_POINT('Ctrl Pts',(-321.085320253876,-23.8659604610605,-500.));
#1325=CARTESIAN_POINT('Ctrl Pts',(-321.085320253876,-23.8659604610605,500.));
#1326=CARTESIAN_POINT('Ctrl Pts',(-318.951772291997,-24.1079700859515,-500.));
#1327=CARTESIAN_POINT('Ctrl Pts',(-318.951772291997,-24.1079700859515,500.));
#1328=CARTESIAN_POINT('Ctrl Pts',(-316.813294510149,-24.3500025914509,-500.));
#1329=CARTESIAN_POINT('Ctrl Pts',(-316.813294510149,-24.3500025914509,500.));
#1330=CARTESIAN_POINT('Ctrl Pts',(-314.669934951411,-24.5920389708088,-500.));
#1331=CARTESIAN_POINT('Ctrl Pts',(-314.669934951411,-24.5920389708088,500.));
#1332=CARTESIAN_POINT('Ctrl Pts',(-312.521739402348,-24.8340435872871,-500.));
#1333=CARTESIAN_POINT('Ctrl Pts',(-312.521739402348,-24.8340435872871,500.));
#1334=CARTESIAN_POINT('Ctrl Pts',(-310.368752872789,-25.0759721379384,-500.));
#1335=CARTESIAN_POINT('Ctrl Pts',(-310.368752872789,-25.0759721379384,500.));
#1336=CARTESIAN_POINT('Ctrl Pts',(-308.211021052041,-25.3177791654629,-500.));
#1337=CARTESIAN_POINT('Ctrl Pts',(-308.211021052041,-25.3177791654629,500.));
#1338=CARTESIAN_POINT('Ctrl Pts',(-306.048591694729,-25.5594254492098,-500.));
#1339=CARTESIAN_POINT('Ctrl Pts',(-306.048591694729,-25.5594254492098,500.));
#1340=CARTESIAN_POINT('Ctrl Pts',(-303.881516228482,-25.8008861902679,-500.));
#1341=CARTESIAN_POINT('Ctrl Pts',(-303.881516228482,-25.8008861902679,500.));
#1342=CARTESIAN_POINT('Ctrl Pts',(-301.709850684983,-26.0421566083121,-500.));
#1343=CARTESIAN_POINT('Ctrl Pts',(-301.709850684983,-26.0421566083121,500.));
#1344=CARTESIAN_POINT('Ctrl Pts',(-299.5336534254,-26.2832452579004,-500.));
#1345=CARTESIAN_POINT('Ctrl Pts',(-299.5336534254,-26.2832452579004,500.));
#1346=CARTESIAN_POINT('Ctrl Pts',(-297.352983349858,-26.5241691114093,-500.));
#1347=CARTESIAN_POINT('Ctrl Pts',(-297.352983349858,-26.5241691114093,500.));
#1348=CARTESIAN_POINT('Ctrl Pts',(-295.167897825993,-26.7649477874387,-500.));
#1349=CARTESIAN_POINT('Ctrl Pts',(-295.167897825993,-26.7649477874387,500.));
#1350=CARTESIAN_POINT('Ctrl Pts',(-292.97845094923,-27.0055985256652,-500.));
#1351=CARTESIAN_POINT('Ctrl Pts',(-292.97845094923,-27.0055985256652,500.));
#1352=CARTESIAN_POINT('Ctrl Pts',(-290.784691142398,-27.2461299069715,-500.));
#1353=CARTESIAN_POINT('Ctrl Pts',(-290.784691142398,-27.2461299069715,500.));
#1354=CARTESIAN_POINT('Ctrl Pts',(-288.586660911515,-27.4865394799764,-500.));
#1355=CARTESIAN_POINT('Ctrl Pts',(-288.586660911515,-27.4865394799764,500.));
#1356=CARTESIAN_POINT('Ctrl Pts',(-286.384399672526,-27.7268168365498,-500.));
#1357=CARTESIAN_POINT('Ctrl Pts',(-286.384399672526,-27.7268168365498,500.));
#1358=CARTESIAN_POINT('Ctrl Pts',(-284.177945775939,-27.966945347277,-500.));
#1359=CARTESIAN_POINT('Ctrl Pts',(-284.177945775939,-27.966945347277,500.));
#1360=CARTESIAN_POINT('Ctrl Pts',(-281.967338975441,-28.2069044773074,-500.));
#1361=CARTESIAN_POINT('Ctrl Pts',(-281.967338975441,-28.2069044773074,500.));
#1362=CARTESIAN_POINT('Ctrl Pts',(-279.752622429972,-28.4466717645025,-500.));
#1363=CARTESIAN_POINT('Ctrl Pts',(-279.752622429972,-28.4466717645025,500.));
#1364=CARTESIAN_POINT('Ctrl Pts',(-277.533845598276,-28.6862251661836,-500.));
#1365=CARTESIAN_POINT('Ctrl Pts',(-277.533845598276,-28.6862251661836,500.));
#1366=CARTESIAN_POINT('Ctrl Pts',(-275.311063658998,-28.925544256092,-500.));
#1367=CARTESIAN_POINT('Ctrl Pts',(-275.311063658998,-28.925544256092,500.));
#1368=CARTESIAN_POINT('Ctrl Pts',(-273.084334475914,-29.1646106749124,-500.));
#1369=CARTESIAN_POINT('Ctrl Pts',(-273.084334475914,-29.1646106749124,500.));
#1370=CARTESIAN_POINT('Ctrl Pts',(-270.853716334332,-29.4034087728228,-500.));
#1371=CARTESIAN_POINT('Ctrl Pts',(-270.853716334332,-29.4034087728228,500.));
#1372=CARTESIAN_POINT('Ctrl Pts',(-268.619265251828,-29.6419262287499,-500.));
#1373=CARTESIAN_POINT('Ctrl Pts',(-268.619265251828,-29.6419262287499,500.));
#1374=CARTESIAN_POINT('Ctrl Pts',(-266.381032722167,-29.8801545500779,-500.));
#1375=CARTESIAN_POINT('Ctrl Pts',(-266.381032722167,-29.8801545500779,500.));
#1376=CARTESIAN_POINT('Ctrl Pts',(-264.139062634163,-30.1180899539757,-500.));
#1377=CARTESIAN_POINT('Ctrl Pts',(-264.139062634163,-30.1180899539757,500.));
#1378=CARTESIAN_POINT('Ctrl Pts',(-261.893392037045,-30.3557322734046,-500.));
#1379=CARTESIAN_POINT('Ctrl Pts',(-261.893392037045,-30.3557322734046,500.));
#1380=CARTESIAN_POINT('Ctrl Pts',(-259.644053608333,-30.5930829565759,-500.));
#1381=CARTESIAN_POINT('Ctrl Pts',(-259.644053608333,-30.5930829565759,500.));
#1382=CARTESIAN_POINT('Ctrl Pts',(-257.391077551461,-30.8301433964297,-500.));
#1383=CARTESIAN_POINT('Ctrl Pts',(-257.391077551461,-30.8301433964297,500.));
#1384=CARTESIAN_POINT('Ctrl Pts',(-255.13449379195,-31.0669130338271,-500.));
#1385=CARTESIAN_POINT('Ctrl Pts',(-255.13449379195,-31.0669130338271,500.));
#1386=CARTESIAN_POINT('Ctrl Pts',(-252.874333902366,-31.3033877652798,-500.));
#1387=CARTESIAN_POINT('Ctrl Pts',(-252.874333902366,-31.3033877652798,500.));
#1388=CARTESIAN_POINT('Ctrl Pts',(-250.610633511745,-31.5395576861104,-500.));
#1389=CARTESIAN_POINT('Ctrl Pts',(-250.610633511745,-31.5395576861104,500.));
#1390=CARTESIAN_POINT('Ctrl Pts',(-248.343432253302,-31.7754084038147,-500.));
#1391=CARTESIAN_POINT('Ctrl Pts',(-248.343432253302,-31.7754084038147,500.));
#1392=CARTESIAN_POINT('Ctrl Pts',(-246.072772851561,-32.0109236433614,-500.));
#1393=CARTESIAN_POINT('Ctrl Pts',(-246.072772851561,-32.0109236433614,500.));
#1394=CARTESIAN_POINT('Ctrl Pts',(-243.79870049156,-32.2460873748029,-500.));
#1395=CARTESIAN_POINT('Ctrl Pts',(-243.79870049156,-32.2460873748029,500.));
#1396=CARTESIAN_POINT('Ctrl Pts',(-241.521262070113,-32.4808862594405,-500.));
#1397=CARTESIAN_POINT('Ctrl Pts',(-241.521262070113,-32.4808862594405,500.));
#1398=CARTESIAN_POINT('Ctrl Pts',(-239.240505498287,-32.7153116812894,-500.));
#1399=CARTESIAN_POINT('Ctrl Pts',(-239.240505498287,-32.7153116812894,500.));
#1400=CARTESIAN_POINT('Ctrl Pts',(-236.956478980519,-32.9493626702887,-500.));
#1401=CARTESIAN_POINT('Ctrl Pts',(-236.956478980519,-32.9493626702887,500.));
#1402=CARTESIAN_POINT('Ctrl Pts',(-234.669230305868,-33.1830441868184,-500.));
#1403=CARTESIAN_POINT('Ctrl Pts',(-234.669230305868,-33.1830441868184,500.));
#1404=CARTESIAN_POINT('Ctrl Pts',(-232.378806123889,-33.4163636315685,-500.));
#1405=CARTESIAN_POINT('Ctrl Pts',(-232.378806123889,-33.4163636315685,500.));
#1406=CARTESIAN_POINT('Ctrl Pts',(-230.085251247248,-33.649328003031,-500.));
#1407=CARTESIAN_POINT('Ctrl Pts',(-230.085251247248,-33.649328003031,500.));
#1408=CARTESIAN_POINT('Ctrl Pts',(-227.788607895862,-33.8819406313938,-500.));
#1409=CARTESIAN_POINT('Ctrl Pts',(-227.788607895862,-33.8819406313938,500.));
#1410=CARTESIAN_POINT('Ctrl Pts',(-225.488915076266,-34.1141984517471,-500.));
#1411=CARTESIAN_POINT('Ctrl Pts',(-225.488915076266,-34.1141984517471,500.));
#1412=CARTESIAN_POINT('Ctrl Pts',(-223.186207623644,-34.3460881392108,-500.));
#1413=CARTESIAN_POINT('Ctrl Pts',(-223.186207623644,-34.3460881392108,500.));
#1414=CARTESIAN_POINT('Ctrl Pts',(-220.880516818191,-34.5775873709898,-500.));
#1415=CARTESIAN_POINT('Ctrl Pts',(-220.880516818191,-34.5775873709898,500.));
#1416=CARTESIAN_POINT('Ctrl Pts',(-218.571871817158,-34.8086687231855,-500.));
#1417=CARTESIAN_POINT('Ctrl Pts',(-218.571871817158,-34.8086687231855,500.));
#1418=CARTESIAN_POINT('Ctrl Pts',(-216.26030081154,-35.0393026851908,-500.));
#1419=CARTESIAN_POINT('Ctrl Pts',(-216.26030081154,-35.0393026851908,500.));
#1420=CARTESIAN_POINT('Ctrl Pts',(-213.945832341862,-35.2694611717029,-500.));
#1421=CARTESIAN_POINT('Ctrl Pts',(-213.945832341862,-35.2694611717029,500.));
#1422=CARTESIAN_POINT('Ctrl Pts',(-211.628496441647,-35.4991205159979,-500.));
#1423=CARTESIAN_POINT('Ctrl Pts',(-211.628496441647,-35.4991205159979,500.));
#1424=CARTESIAN_POINT('Ctrl Pts',(-209.308326113802,-35.7282654456453,-500.));
#1425=CARTESIAN_POINT('Ctrl Pts',(-209.308326113802,-35.7282654456453,500.));
#1426=CARTESIAN_POINT('Ctrl Pts',(-206.985357576496,-35.9568894424637,-500.));
#1427=CARTESIAN_POINT('Ctrl Pts',(-206.985357576496,-35.9568894424637,500.));
#1428=CARTESIAN_POINT('Ctrl Pts',(-204.65962950057,-36.1849921281534,-500.));
#1429=CARTESIAN_POINT('Ctrl Pts',(-204.65962950057,-36.1849921281534,500.));
#1430=CARTESIAN_POINT('Ctrl Pts',(-202.331182531355,-36.4125775096417,-500.));
#1431=CARTESIAN_POINT('Ctrl Pts',(-202.331182531355,-36.4125775096417,500.));
#1432=CARTESIAN_POINT('Ctrl Pts',(-200.000058697456,-36.6396518366018,-500.));
#1433=CARTESIAN_POINT('Ctrl Pts',(-200.000058697456,-36.6396518366018,500.));
#1434=CARTESIAN_POINT('Ctrl Pts',(-197.666300859392,-36.8662217058812,-500.));
#1435=CARTESIAN_POINT('Ctrl Pts',(-197.666300859392,-36.8662217058812,500.));
#1436=CARTESIAN_POINT('Ctrl Pts',(-195.329952162041,-37.0922918630872,-500.));
#1437=CARTESIAN_POINT('Ctrl Pts',(-195.329952162041,-37.0922918630872,500.));
#1438=CARTESIAN_POINT('Ctrl Pts',(-192.991055410893,-37.31786382208,-500.));
#1439=CARTESIAN_POINT('Ctrl Pts',(-192.991055410893,-37.31786382208,500.));
#1440=CARTESIAN_POINT('Ctrl Pts',(-190.649652295748,-37.5429357288206,-500.));
#1441=CARTESIAN_POINT('Ctrl Pts',(-190.649652295748,-37.5429357288206,500.));
#1442=CARTESIAN_POINT('Ctrl Pts',(-188.305782664579,-37.7675019541666,-500.));
#1443=CARTESIAN_POINT('Ctrl Pts',(-188.305782664579,-37.7675019541666,500.));
#1444=CARTESIAN_POINT('Ctrl Pts',(-185.959483747477,-37.9915527615164,-500.));
#1445=CARTESIAN_POINT('Ctrl Pts',(-185.959483747477,-37.9915527615164,500.));
#1446=CARTESIAN_POINT('Ctrl Pts',(-183.610789470109,-38.2150740210319,-500.));
#1447=CARTESIAN_POINT('Ctrl Pts',(-183.610789470109,-38.2150740210319,500.));
#1448=CARTESIAN_POINT('Ctrl Pts',(-181.259729565595,-38.4380467158002,-500.));
#1449=CARTESIAN_POINT('Ctrl Pts',(-181.259729565595,-38.4380467158002,500.));
#1450=CARTESIAN_POINT('Ctrl Pts',(-178.906329266974,-38.6604471068505,-500.));
#1451=CARTESIAN_POINT('Ctrl Pts',(-178.906329266974,-38.6604471068505,500.));
#1452=CARTESIAN_POINT('Ctrl Pts',(-176.550611585149,-38.8822498807769,-500.));
#1453=CARTESIAN_POINT('Ctrl Pts',(-176.550611585149,-38.8822498807769,500.));
#1454=CARTESIAN_POINT('Ctrl Pts',(-174.19259923145,-39.1034308881139,-500.));
#1455=CARTESIAN_POINT('Ctrl Pts',(-174.19259923145,-39.1034308881139,500.));
#1456=CARTESIAN_POINT('Ctrl Pts',(-171.832316668892,-39.323970025812,-500.));
#1457=CARTESIAN_POINT('Ctrl Pts',(-171.832316668892,-39.323970025812,500.));
#1458=CARTESIAN_POINT('Ctrl Pts',(-169.469792130719,-39.5438540933364,-500.));
#1459=CARTESIAN_POINT('Ctrl Pts',(-169.469792130719,-39.5438540933364,500.));
#1460=CARTESIAN_POINT('Ctrl Pts',(-167.105059600851,-39.7630795775334,-500.));
#1461=CARTESIAN_POINT('Ctrl Pts',(-167.105059600851,-39.7630795775334,500.));
#1462=CARTESIAN_POINT('Ctrl Pts',(-164.738160954199,-39.9816556954446,-500.));
#1463=CARTESIAN_POINT('Ctrl Pts',(-164.738160954199,-39.9816556954446,500.));
#1464=CARTESIAN_POINT('Ctrl Pts',(-162.369143247038,-40.1995997185876,-500.));
#1465=CARTESIAN_POINT('Ctrl Pts',(-162.369143247038,-40.1995997185876,500.));
#1466=CARTESIAN_POINT('Ctrl Pts',(-159.99805577817,-40.4169319261396,-500.));
#1467=CARTESIAN_POINT('Ctrl Pts',(-159.99805577817,-40.4169319261396,500.));
#1468=CARTESIAN_POINT('Ctrl Pts',(-157.624947295082,-40.633670805134,-500.));
#1469=CARTESIAN_POINT('Ctrl Pts',(-157.624947295082,-40.633670805134,500.));
#1470=CARTESIAN_POINT('Ctrl Pts',(-155.249863000979,-40.8498278952513,-500.));
#1471=CARTESIAN_POINT('Ctrl Pts',(-155.249863000979,-40.8498278952513,500.));
#1472=CARTESIAN_POINT('Ctrl Pts',(-152.872841969434,-41.065403372782,-500.));
#1473=CARTESIAN_POINT('Ctrl Pts',(-152.872841969434,-41.065403372782,500.));
#1474=CARTESIAN_POINT('Ctrl Pts',(-150.493913562183,-41.2803798205558,-500.));
#1475=CARTESIAN_POINT('Ctrl Pts',(-150.493913562183,-41.2803798205558,500.));
#1476=CARTESIAN_POINT('Ctrl Pts',(-148.113098806611,-41.4947250321282,-500.));
#1477=CARTESIAN_POINT('Ctrl Pts',(-148.113098806611,-41.4947250321282,500.));
#1478=CARTESIAN_POINT('Ctrl Pts',(-145.730413966796,-41.7083988187876,-500.));
#1479=CARTESIAN_POINT('Ctrl Pts',(-145.730413966796,-41.7083988187876,500.));
#1480=CARTESIAN_POINT('Ctrl Pts',(-143.345873361137,-41.9213584306156,-500.));
#1481=CARTESIAN_POINT('Ctrl Pts',(-143.345873361137,-41.9213584306156,500.));
#1482=CARTESIAN_POINT('Ctrl Pts',(-140.959492607483,-42.1335647867835,-500.));
#1483=CARTESIAN_POINT('Ctrl Pts',(-140.959492607483,-42.1335647867835,500.));
#1484=CARTESIAN_POINT('Ctrl Pts',(-138.571291420566,-42.3449878196132,-500.));
#1485=CARTESIAN_POINT('Ctrl Pts',(-138.571291420566,-42.3449878196132,500.));
#1486=CARTESIAN_POINT('Ctrl Pts',(-136.181297246048,-42.5556135135098,-500.));
#1487=CARTESIAN_POINT('Ctrl Pts',(-136.181297246048,-42.5556135135098,500.));
#1488=CARTESIAN_POINT('Ctrl Pts',(-133.78954628131,-42.7654456183499,-500.));
#1489=CARTESIAN_POINT('Ctrl Pts',(-133.78954628131,-42.7654456183499,500.));
#1490=CARTESIAN_POINT('Ctrl Pts',(-131.396080309908,-42.9744988195,-500.));
#1491=CARTESIAN_POINT('Ctrl Pts',(-131.396080309908,-42.9744988195,500.));
#1492=CARTESIAN_POINT('Ctrl Pts',(-129.000944510253,-43.1827938987689,-500.));
#1493=CARTESIAN_POINT('Ctrl Pts',(-129.000944510253,-43.1827938987689,500.));
#1494=CARTESIAN_POINT('Ctrl Pts',(-126.604184860397,-43.3903520650006,-500.));
#1495=CARTESIAN_POINT('Ctrl Pts',(-126.604184860397,-43.3903520650006,500.));
#1496=CARTESIAN_POINT('Ctrl Pts',(-124.205845742338,-43.597189705824,-500.));
#1497=CARTESIAN_POINT('Ctrl Pts',(-124.205845742338,-43.597189705824,500.));
#1498=CARTESIAN_POINT('Ctrl Pts',(-121.8059673969,-43.8033128014565,-500.));
#1499=CARTESIAN_POINT('Ctrl Pts',(-121.8059673969,-43.8033128014565,500.));
#1500=CARTESIAN_POINT('Ctrl Pts',(-119.404583623028,-44.0087119274801,-500.));
#1501=CARTESIAN_POINT('Ctrl Pts',(-119.404583623028,-44.0087119274801,500.));
#1502=CARTESIAN_POINT('Ctrl Pts',(-117.001723230163,-44.2133664551277,-500.));
#1503=CARTESIAN_POINT('Ctrl Pts',(-117.001723230163,-44.2133664551277,500.));
#1504=CARTESIAN_POINT('Ctrl Pts',(-114.597411318672,-44.4172483419874,-500.));
#1505=CARTESIAN_POINT('Ctrl Pts',(-114.597411318672,-44.4172483419874,500.));
#1506=CARTESIAN_POINT('Ctrl Pts',(-112.191670611998,-44.620326017595,-500.));
#1507=CARTESIAN_POINT('Ctrl Pts',(-112.191670611998,-44.620326017595,500.));
#1508=CARTESIAN_POINT('Ctrl Pts',(-109.784522795856,-44.8225683622693,-500.));
#1509=CARTESIAN_POINT('Ctrl Pts',(-109.784522795856,-44.8225683622693,500.));
#1510=CARTESIAN_POINT('Ctrl Pts',(-107.375989786533,-45.0239483334697,-500.));
#1511=CARTESIAN_POINT('Ctrl Pts',(-107.375989786533,-45.0239483334697,500.));
#1512=CARTESIAN_POINT('Ctrl Pts',(-104.96609520318,-45.2244475430059,-500.));
#1513=CARTESIAN_POINT('Ctrl Pts',(-104.96609520318,-45.2244475430059,500.));
#1514=CARTESIAN_POINT('Ctrl Pts',(-102.554864761164,-45.4240558415604,-500.));
#1515=CARTESIAN_POINT('Ctrl Pts',(-102.554864761164,-45.4240558415604,500.));
#1516=CARTESIAN_POINT('Ctrl Pts',(-100.14232623502,-45.622768875112,-500.));
#1517=CARTESIAN_POINT('Ctrl Pts',(-100.14232623502,-45.622768875112,500.));
#1518=CARTESIAN_POINT('Ctrl Pts',(-97.7285095501386,-45.8205863176164,-500.));
#1519=CARTESIAN_POINT('Ctrl Pts',(-97.7285095501386,-45.8205863176164,500.));
#1520=CARTESIAN_POINT('Ctrl Pts',(-95.3134468443321,-46.0175097778289,-500.));
#1521=CARTESIAN_POINT('Ctrl Pts',(-95.3134468443321,-46.0175097778289,500.));
#1522=CARTESIAN_POINT('Ctrl Pts',(-92.897172487857,-46.2135409481532,-500.));
#1523=CARTESIAN_POINT('Ctrl Pts',(-92.897172487857,-46.2135409481532,500.));
#1524=CARTESIAN_POINT('Ctrl Pts',(-90.4797232532602,-46.4086794019076,-500.));
#1525=CARTESIAN_POINT('Ctrl Pts',(-90.4797232532602,-46.4086794019076,500.));
#1526=CARTESIAN_POINT('Ctrl Pts',(-88.0611379823492,-46.6029213646452,-500.));
#1527=CARTESIAN_POINT('Ctrl Pts',(-88.0611379823492,-46.6029213646452,500.));
#1528=CARTESIAN_POINT('Ctrl Pts',(-85.641456181538,-46.7962604900507,-500.));
#1529=CARTESIAN_POINT('Ctrl Pts',(-85.641456181538,-46.7962604900507,500.));
#1530=CARTESIAN_POINT('Ctrl Pts',(-83.2207168359829,-46.9886882219579,-500.));
#1531=CARTESIAN_POINT('Ctrl Pts',(-83.2207168359829,-46.9886882219579,500.));
#1532=CARTESIAN_POINT('Ctrl Pts',(-80.7989571455497,-47.1801943201553,-500.));
#1533=CARTESIAN_POINT('Ctrl Pts',(-80.7989571455497,-47.1801943201553,500.));
#1534=CARTESIAN_POINT('Ctrl Pts',(-78.3762112730594,-47.3707673191739,-500.));
#1535=CARTESIAN_POINT('Ctrl Pts',(-78.3762112730594,-47.3707673191739,500.));
#1536=CARTESIAN_POINT('Ctrl Pts',(-75.9525091370381,-47.5603950089224,-500.));
#1537=CARTESIAN_POINT('Ctrl Pts',(-75.9525091370381,-47.5603950089224,500.));
#1538=CARTESIAN_POINT('Ctrl Pts',(-73.527875049754,-47.7490649248935,-500.));
#1539=CARTESIAN_POINT('Ctrl Pts',(-73.527875049754,-47.7490649248935,500.));
#1540=CARTESIAN_POINT('Ctrl Pts',(-71.1023293680606,-47.9367644216245,-500.));
#1541=CARTESIAN_POINT('Ctrl Pts',(-71.1023293680606,-47.9367644216245,500.));
#1542=CARTESIAN_POINT('Ctrl Pts',(-68.6758903583882,-48.123480713944,-500.));
#1543=CARTESIAN_POINT('Ctrl Pts',(-68.6758903583882,-48.123480713944,500.));
#1544=CARTESIAN_POINT('Ctrl Pts',(-66.2485759470132,-48.3092009351964,-500.));
#1545=CARTESIAN_POINT('Ctrl Pts',(-66.2485759470132,-48.3092009351964,500.));
#1546=CARTESIAN_POINT('Ctrl Pts',(-63.8204056021406,-48.4939121767104,-500.));
#1547=CARTESIAN_POINT('Ctrl Pts',(-63.8204056021406,-48.4939121767104,500.));
#1548=CARTESIAN_POINT('Ctrl Pts',(-61.3914019651895,-48.6776015622926,-500.));
#1549=CARTESIAN_POINT('Ctrl Pts',(-61.3914019651895,-48.6776015622926,500.));
#1550=CARTESIAN_POINT('Ctrl Pts',(-58.9615930716647,-48.8602562407279,-500.));
#1551=CARTESIAN_POINT('Ctrl Pts',(-58.9615930716647,-48.8602562407279,500.));
#1552=CARTESIAN_POINT('Ctrl Pts',(-56.5310123476843,-49.0418636881463,-500.));
#1553=CARTESIAN_POINT('Ctrl Pts',(-56.5310123476843,-49.0418636881463,500.));
#1554=CARTESIAN_POINT('Ctrl Pts',(-54.0996966042129,-49.2224122932613,-500.));
#1555=CARTESIAN_POINT('Ctrl Pts',(-54.0996966042129,-49.2224122932613,500.));
#1556=CARTESIAN_POINT('Ctrl Pts',(-51.6676845958983,-49.4018918569991,-500.));
#1557=CARTESIAN_POINT('Ctrl Pts',(-51.6676845958983,-49.4018918569991,500.));
#1558=CARTESIAN_POINT('Ctrl Pts',(-49.2350153335581,-49.5802941420677,-500.));
#1559=CARTESIAN_POINT('Ctrl Pts',(-49.2350153335581,-49.5802941420677,500.));
#1560=CARTESIAN_POINT('Ctrl Pts',(-46.8017265367791,-49.7576133669096,-500.));
#1561=CARTESIAN_POINT('Ctrl Pts',(-46.8017265367791,-49.7576133669096,500.));
#1562=CARTESIAN_POINT('Ctrl Pts',(-44.3678529439865,-49.9338468049895,-500.));
#1563=CARTESIAN_POINT('Ctrl Pts',(-44.3678529439865,-49.9338468049895,500.));
#1564=CARTESIAN_POINT('Ctrl Pts',(-41.933424921537,-50.1089951043225,-500.));
#1565=CARTESIAN_POINT('Ctrl Pts',(-41.933424921537,-50.1089951043225,500.));
#1566=CARTESIAN_POINT('Ctrl Pts',(-39.4984696808039,-50.2830600744665,-500.));
#1567=CARTESIAN_POINT('Ctrl Pts',(-39.4984696808039,-50.2830600744665,500.));
#1568=CARTESIAN_POINT('Ctrl Pts',(-37.0630122906216,-50.4560426530702,-500.));
#1569=CARTESIAN_POINT('Ctrl Pts',(-37.0630122906216,-50.4560426530702,500.));
#1570=CARTESIAN_POINT('Ctrl Pts',(-34.6270767506734,-50.6279408634828,-500.));
#1571=CARTESIAN_POINT('Ctrl Pts',(-34.6270767506734,-50.6279408634828,500.));
#1572=CARTESIAN_POINT('Ctrl Pts',(-32.1906870775277,-50.7987476407902,-500.));
#1573=CARTESIAN_POINT('Ctrl Pts',(-32.1906870775277,-50.7987476407902,500.));
#1574=CARTESIAN_POINT('Ctrl Pts',(-29.7538682950712,-50.9684490309575,-500.));
#1575=CARTESIAN_POINT('Ctrl Pts',(-29.7538682950712,-50.9684490309575,500.));
#1576=CARTESIAN_POINT('Ctrl Pts',(-27.3166476953601,-51.1370214241756,-500.));
#1577=CARTESIAN_POINT('Ctrl Pts',(-27.3166476953601,-51.1370214241756,500.));
#1578=CARTESIAN_POINT('Ctrl Pts',(-24.8790547633405,-51.304433494759,-500.));
#1579=CARTESIAN_POINT('Ctrl Pts',(-24.8790547633405,-51.304433494759,500.));
#1580=CARTESIAN_POINT('Ctrl Pts',(-22.4411204712174,-51.4706503743423,-500.));
#1581=CARTESIAN_POINT('Ctrl Pts',(-22.4411204712174,-51.4706503743423,500.));
#1582=CARTESIAN_POINT('Ctrl Pts',(-20.0028767767387,-51.6356370710913,-500.));
#1583=CARTESIAN_POINT('Ctrl Pts',(-20.0028767767387,-51.6356370710913,500.));
#1584=CARTESIAN_POINT('Ctrl Pts',(-17.5643560277506,-51.7993623045197,-500.));
#1585=CARTESIAN_POINT('Ctrl Pts',(-17.5643560277506,-51.7993623045197,500.));
#1586=CARTESIAN_POINT('Ctrl Pts',(-15.1255904277217,-51.9618019254967,-500.));
#1587=CARTESIAN_POINT('Ctrl Pts',(-15.1255904277217,-51.9618019254967,500.));
#1588=CARTESIAN_POINT('Ctrl Pts',(-12.6866114251838,-52.1229430828413,-500.));
#1589=CARTESIAN_POINT('Ctrl Pts',(-12.6866114251838,-52.1229430828413,500.));
#1590=CARTESIAN_POINT('Ctrl Pts',(-10.2474492912379,-52.282786300671,-500.));
#1591=CARTESIAN_POINT('Ctrl Pts',(-10.2474492912379,-52.282786300671,500.));
#1592=CARTESIAN_POINT('Ctrl Pts',(-7.80813330950508,-52.4413406031063,-500.));
#1593=CARTESIAN_POINT('Ctrl Pts',(-7.80813330950508,-52.4413406031063,500.));
#1594=CARTESIAN_POINT('Ctrl Pts',(-5.36869186533653,-52.5986197515852,-500.));
#1595=CARTESIAN_POINT('Ctrl Pts',(-5.36869186533653,-52.5986197515852,500.));
#1596=CARTESIAN_POINT('Ctrl Pts',(-2.92915257635856,-52.7546381014221,-500.));
#1597=CARTESIAN_POINT('Ctrl Pts',(-2.92915257635856,-52.7546381014221,500.));
#1598=CARTESIAN_POINT('Ctrl Pts',(-0.489542401267297,-52.9094064923107,
-500.));
#1599=CARTESIAN_POINT('Ctrl Pts',(-0.489542401267297,-52.9094064923107,
500.));
#1600=CARTESIAN_POINT('Ctrl Pts',(1.95011223235394,-53.0629284256896,-500.));
#1601=CARTESIAN_POINT('Ctrl Pts',(1.95011223235394,-53.0629284256896,500.));
#1602=CARTESIAN_POINT('Ctrl Pts',(4.38978533376745,-53.2151953307778,-500.));
#1603=CARTESIAN_POINT('Ctrl Pts',(4.38978533376745,-53.2151953307778,500.));
#1604=CARTESIAN_POINT('Ctrl Pts',(6.82945103807065,-53.3661884003011,-500.));
#1605=CARTESIAN_POINT('Ctrl Pts',(6.82945103807065,-53.3661884003011,500.));
#1606=CARTESIAN_POINT('Ctrl Pts',(9.26908323963033,-53.515882008391,-500.));
#1607=CARTESIAN_POINT('Ctrl Pts',(9.26908323963033,-53.515882008391,500.));
#1608=CARTESIAN_POINT('Ctrl Pts',(11.7086552539153,-53.6642465499015,-500.));
#1609=CARTESIAN_POINT('Ctrl Pts',(11.7086552539153,-53.6642465499015,500.));
#1610=CARTESIAN_POINT('Ctrl Pts',(14.1481394462978,-53.8112516055352,-500.));
#1611=CARTESIAN_POINT('Ctrl Pts',(14.1481394462978,-53.8112516055352,500.));
#1612=CARTESIAN_POINT('Ctrl Pts',(16.5875069240482,-53.9568687741004,-500.));
#1613=CARTESIAN_POINT('Ctrl Pts',(16.5875069240482,-53.9568687741004,500.));
#1614=CARTESIAN_POINT('Ctrl Pts',(19.0267270820149,-54.1010751169402,-500.));
#1615=CARTESIAN_POINT('Ctrl Pts',(19.0267270820149,-54.1010751169402,500.));
#1616=CARTESIAN_POINT('Ctrl Pts',(21.4657676182774,-54.2438547358368,-500.));
#1617=CARTESIAN_POINT('Ctrl Pts',(21.4657676182774,-54.2438547358368,500.));
#1618=CARTESIAN_POINT('Ctrl Pts',(23.9045953986127,-54.3851970059469,-500.));
#1619=CARTESIAN_POINT('Ctrl Pts',(23.9045953986127,-54.3851970059469,500.));
#1620=CARTESIAN_POINT('Ctrl Pts',(26.3431771356487,-54.5250955479471,-500.));
#1621=CARTESIAN_POINT('Ctrl Pts',(26.3431771356487,-54.5250955479471,500.));
#1622=CARTESIAN_POINT('Ctrl Pts',(28.7814801362917,-54.6635469057343,-500.));
#1623=CARTESIAN_POINT('Ctrl Pts',(28.7814801362917,-54.6635469057343,500.));
#1624=CARTESIAN_POINT('Ctrl Pts',(31.2194730339177,-54.8005493453229,-500.));
#1625=CARTESIAN_POINT('Ctrl Pts',(31.2194730339177,-54.8005493453229,500.));
#1626=CARTESIAN_POINT('Ctrl Pts',(33.6571264942302,-54.9361016126169,-500.));
#1627=CARTESIAN_POINT('Ctrl Pts',(33.6571264942302,-54.9361016126169,500.));
#1628=CARTESIAN_POINT('Ctrl Pts',(36.0944140218566,-55.0702016795026,-500.));
#1629=CARTESIAN_POINT('Ctrl Pts',(36.0944140218566,-55.0702016795026,500.));
#1630=CARTESIAN_POINT('Ctrl Pts',(38.5313109384402,-55.2028460290511,-500.));
#1631=CARTESIAN_POINT('Ctrl Pts',(38.5313109384402,-55.2028460290511,500.));
#1632=CARTESIAN_POINT('Ctrl Pts',(40.9677932144059,-55.3340289681167,-500.));
#1633=CARTESIAN_POINT('Ctrl Pts',(40.9677932144059,-55.3340289681167,500.));
#1634=CARTESIAN_POINT('Ctrl Pts',(43.4038363825822,-55.4637419600971,-500.));
#1635=CARTESIAN_POINT('Ctrl Pts',(43.4038363825822,-55.4637419600971,500.));
#1636=CARTESIAN_POINT('Ctrl Pts',(45.8394143522535,-55.5919728807573,-500.));
#1637=CARTESIAN_POINT('Ctrl Pts',(45.8394143522535,-55.5919728807573,500.));
#1638=CARTESIAN_POINT('Ctrl Pts',(48.2744984173361,-55.7187054664098,-500.));
#1639=CARTESIAN_POINT('Ctrl Pts',(48.2744984173361,-55.7187054664098,500.));
#1640=CARTESIAN_POINT('Ctrl Pts',(50.70905580683,-55.8439182853916,-500.));
#1641=CARTESIAN_POINT('Ctrl Pts',(50.70905580683,-55.8439182853916,500.));
#1642=CARTESIAN_POINT('Ctrl Pts',(53.1430499154519,-55.9675854764776,-500.));
#1643=CARTESIAN_POINT('Ctrl Pts',(53.1430499154519,-55.9675854764776,500.));
#1644=CARTESIAN_POINT('Ctrl Pts',(55.5764422086574,-56.0896792535159,-500.));
#1645=CARTESIAN_POINT('Ctrl Pts',(55.5764422086574,-56.0896792535159,500.));
#1646=CARTESIAN_POINT('Ctrl Pts',(58.0091936664595,-56.2101719202681,-500.));
#1647=CARTESIAN_POINT('Ctrl Pts',(58.0091936664595,-56.2101719202681,500.));
#1648=CARTESIAN_POINT('Ctrl Pts',(60.4412664308732,-56.3290381082108,-500.));
#1649=CARTESIAN_POINT('Ctrl Pts',(60.4412664308732,-56.3290381082108,500.));
#1650=CARTESIAN_POINT('Ctrl Pts',(62.8726253312598,-56.446256866362,-500.));
#1651=CARTESIAN_POINT('Ctrl Pts',(62.8726253312598,-56.446256866362,500.));
#1652=CARTESIAN_POINT('Ctrl Pts',(65.303239545128,-56.5618139395024,-500.));
#1653=CARTESIAN_POINT('Ctrl Pts',(65.303239545128,-56.5618139395024,500.));
#1654=CARTESIAN_POINT('Ctrl Pts',(67.7330839633563,-56.6757036086753,-500.));
#1655=CARTESIAN_POINT('Ctrl Pts',(67.7330839633563,-56.6757036086753,500.));
#1656=CARTESIAN_POINT('Ctrl Pts',(70.1621372862541,-56.7879256347959,-500.));
#1657=CARTESIAN_POINT('Ctrl Pts',(70.1621372862541,-56.7879256347959,500.));
#1658=CARTESIAN_POINT('Ctrl Pts',(72.5903803272751,-56.8984825067087,-500.));
#1659=CARTESIAN_POINT('Ctrl Pts',(72.5903803272751,-56.8984825067087,500.));
#1660=CARTESIAN_POINT('Ctrl Pts',(75.0177942686137,-57.0073766348531,-500.));
#1661=CARTESIAN_POINT('Ctrl Pts',(75.0177942686137,-57.0073766348531,500.));
#1662=CARTESIAN_POINT('Ctrl Pts',(77.4443588678043,-57.1146074294105,-500.));
#1663=CARTESIAN_POINT('Ctrl Pts',(77.4443588678043,-57.1146074294105,500.));
#1664=CARTESIAN_POINT('Ctrl Pts',(79.8700508477846,-57.22016875233,-500.));
#1665=CARTESIAN_POINT('Ctrl Pts',(79.8700508477846,-57.22016875233,500.));
#1666=CARTESIAN_POINT('Ctrl Pts',(82.2948417943933,-57.3240453824838,-500.));
#1667=CARTESIAN_POINT('Ctrl Pts',(82.2948417943933,-57.3240453824838,500.));
#1668=CARTESIAN_POINT('Ctrl Pts',(84.7186985076027,-57.4262143894154,-500.));
#1669=CARTESIAN_POINT('Ctrl Pts',(84.7186985076027,-57.4262143894154,500.));
#1670=CARTESIAN_POINT('Ctrl Pts',(87.1415844668168,-57.526648752717,-500.));
#1671=CARTESIAN_POINT('Ctrl Pts',(87.1415844668168,-57.526648752717,500.));
#1672=CARTESIAN_POINT('Ctrl Pts',(89.5634609315714,-57.6253202161192,-500.));
#1673=CARTESIAN_POINT('Ctrl Pts',(89.5634609315714,-57.6253202161192,500.));
#1674=CARTESIAN_POINT('Ctrl Pts',(91.9842882149288,-57.722202569637,-500.));
#1675=CARTESIAN_POINT('Ctrl Pts',(91.9842882149288,-57.722202569637,500.));
#1676=CARTESIAN_POINT('Ctrl Pts',(94.4040268340057,-57.8172744939082,-500.));
#1677=CARTESIAN_POINT('Ctrl Pts',(94.4040268340057,-57.8172744939082,500.));
#1678=CARTESIAN_POINT('Ctrl Pts',(96.822638831091,-57.910523206414,-500.));
#1679=CARTESIAN_POINT('Ctrl Pts',(96.822638831091,-57.910523206414,500.));
#1680=CARTESIAN_POINT('Ctrl Pts',(99.2400886398826,-58.0019457761137,-500.));
#1681=CARTESIAN_POINT('Ctrl Pts',(99.2400886398826,-58.0019457761137,500.));
#1682=CARTESIAN_POINT('Ctrl Pts',(101.656342848859,-58.0915446989217,-500.));
#1683=CARTESIAN_POINT('Ctrl Pts',(101.656342848859,-58.0915446989217,500.));
#1684=CARTESIAN_POINT('Ctrl Pts',(104.071370177499,-58.1793245632028,-500.));
#1685=CARTESIAN_POINT('Ctrl Pts',(104.071370177499,-58.1793245632028,500.));
#1686=CARTESIAN_POINT('Ctrl Pts',(106.485141364458,-58.2652883087378,-500.));
#1687=CARTESIAN_POINT('Ctrl Pts',(106.485141364458,-58.2652883087378,500.));
#1688=CARTESIAN_POINT('Ctrl Pts',(108.897629101671,-58.3494335996748,-500.));
#1689=CARTESIAN_POINT('Ctrl Pts',(108.897629101671,-58.3494335996748,500.));
#1690=CARTESIAN_POINT('Ctrl Pts',(111.30880792906,-58.4317492888796,-500.));
#1691=CARTESIAN_POINT('Ctrl Pts',(111.30880792906,-58.4317492888796,500.));
#1692=CARTESIAN_POINT('Ctrl Pts',(113.718654199879,-58.5122114616847,-500.));
#1693=CARTESIAN_POINT('Ctrl Pts',(113.718654199879,-58.5122114616847,500.));
#1694=CARTESIAN_POINT('Ctrl Pts',(116.127144921147,-58.5907871918354,-500.));
#1695=CARTESIAN_POINT('Ctrl Pts',(116.127144921147,-58.5907871918354,500.));
#1696=CARTESIAN_POINT('Ctrl Pts',(118.534256494755,-58.6674389038351,-500.));
#1697=CARTESIAN_POINT('Ctrl Pts',(118.534256494755,-58.6674389038351,500.));
#1698=CARTESIAN_POINT('Ctrl Pts',(120.939963533169,-58.7421284245193,-500.));
#1699=CARTESIAN_POINT('Ctrl Pts',(120.939963533169,-58.7421284245193,500.));
#1700=CARTESIAN_POINT('Ctrl Pts',(123.344237556291,-58.8148213709606,-500.));
#1701=CARTESIAN_POINT('Ctrl Pts',(123.344237556291,-58.8148213709606,500.));
#1702=CARTESIAN_POINT('Ctrl Pts',(125.747045943013,-58.8854909157091,-500.));
#1703=CARTESIAN_POINT('Ctrl Pts',(125.747045943013,-58.8854909157091,500.));
#1704=CARTESIAN_POINT('Ctrl Pts',(128.148350263305,-58.9541230168949,-500.));
#1705=CARTESIAN_POINT('Ctrl Pts',(128.148350263305,-58.9541230168949,500.));
#1706=CARTESIAN_POINT('Ctrl Pts',(130.548107158321,-59.0207156675236,-500.));
#1707=CARTESIAN_POINT('Ctrl Pts',(130.548107158321,-59.0207156675236,500.));
#1708=CARTESIAN_POINT('Ctrl Pts',(132.946271030858,-59.0852739220281,-500.));
#1709=CARTESIAN_POINT('Ctrl Pts',(132.946271030858,-59.0852739220281,500.));
#1710=CARTESIAN_POINT('Ctrl Pts',(135.342796167188,-59.1478062160712,-500.));
#1711=CARTESIAN_POINT('Ctrl Pts',(135.342796167188,-59.1478062160712,500.));
#1712=CARTESIAN_POINT('Ctrl Pts',(137.737639169471,-59.2083200474632,-500.));
#1713=CARTESIAN_POINT('Ctrl Pts',(137.737639169471,-59.2083200474632,500.));
#1714=CARTESIAN_POINT('Ctrl Pts',(140.130761079069,-59.2668181753163,-500.));
#1715=CARTESIAN_POINT('Ctrl Pts',(140.130761079069,-59.2668181753163,500.));
#1716=CARTESIAN_POINT('Ctrl Pts',(142.522130056478,-59.3232940079726,-500.));
#1717=CARTESIAN_POINT('Ctrl Pts',(142.522130056478,-59.3232940079726,500.));
#1718=CARTESIAN_POINT('Ctrl Pts',(144.911722478098,-59.3777292058723,-500.));
#1719=CARTESIAN_POINT('Ctrl Pts',(144.911722478098,-59.3777292058723,500.));
#1720=CARTESIAN_POINT('Ctrl Pts',(147.299519491583,-59.4300975853075,-500.));
#1721=CARTESIAN_POINT('Ctrl Pts',(147.299519491583,-59.4300975853075,500.));
#1722=CARTESIAN_POINT('Ctrl Pts',(149.685504376259,-59.4803679054176,-500.));
#1723=CARTESIAN_POINT('Ctrl Pts',(149.685504376259,-59.4803679054176,500.));
#1724=CARTESIAN_POINT('Ctrl Pts',(152.069659591949,-59.5285070905719,-500.));
#1725=CARTESIAN_POINT('Ctrl Pts',(152.069659591949,-59.5285070905719,500.));
#1726=CARTESIAN_POINT('Ctrl Pts',(154.45196394652,-59.574483279197,-500.));
#1727=CARTESIAN_POINT('Ctrl Pts',(154.45196394652,-59.574483279197,500.));
#1728=CARTESIAN_POINT('Ctrl Pts',(156.832389745972,-59.6182689183875,-500.));
#1729=CARTESIAN_POINT('Ctrl Pts',(156.832389745972,-59.6182689183875,500.));
#1730=CARTESIAN_POINT('Ctrl Pts',(159.210899858886,-59.6598439184314,-500.));
#1731=CARTESIAN_POINT('Ctrl Pts',(159.210899858886,-59.6598439184314,500.));
#1732=CARTESIAN_POINT('Ctrl Pts',(161.587450304147,-59.6991941946549,-500.));
#1733=CARTESIAN_POINT('Ctrl Pts',(161.587450304147,-59.6991941946549,500.));
#1734=CARTESIAN_POINT('Ctrl Pts',(163.961992988471,-59.7363100936331,-500.));
#1735=CARTESIAN_POINT('Ctrl Pts',(163.961992988471,-59.7363100936331,500.));
#1736=CARTESIAN_POINT('Ctrl Pts',(166.334478343232,-59.7711848766302,-500.));
#1737=CARTESIAN_POINT('Ctrl Pts',(166.334478343232,-59.7711848766302,500.));
#1738=CARTESIAN_POINT('Ctrl Pts',(168.704858106179,-59.8038131466118,-500.));
#1739=CARTESIAN_POINT('Ctrl Pts',(168.704858106179,-59.8038131466118,500.));
#1740=CARTESIAN_POINT('Ctrl Pts',(171.073087801666,-59.8341893748586,-500.));
#1741=CARTESIAN_POINT('Ctrl Pts',(171.073087801666,-59.8341893748586,500.));
#1742=CARTESIAN_POINT('Ctrl Pts',(173.43912996458,-59.8623061915714,-500.));
#1743=CARTESIAN_POINT('Ctrl Pts',(173.43912996458,-59.8623061915714,500.));
#1744=CARTESIAN_POINT('Ctrl Pts',(175.802953373088,-59.8881539264052,-500.));
#1745=CARTESIAN_POINT('Ctrl Pts',(175.802953373088,-59.8881539264052,500.));
#1746=CARTESIAN_POINT('Ctrl Pts',(178.164530777019,-59.9117206055126,-500.));
#1747=CARTESIAN_POINT('Ctrl Pts',(178.164530777019,-59.9117206055126,500.));
#1748=CARTESIAN_POINT('Ctrl Pts',(180.523837146474,-59.9329918144233,-500.));
#1749=CARTESIAN_POINT('Ctrl Pts',(180.523837146474,-59.9329918144233,500.));
#1750=CARTESIAN_POINT('Ctrl Pts',(182.880847639304,-59.9519505838192,-500.));
#1751=CARTESIAN_POINT('Ctrl Pts',(182.880847639304,-59.9519505838192,500.));
#1752=CARTESIAN_POINT('Ctrl Pts',(185.235535838228,-59.9685773422447,-500.));
#1753=CARTESIAN_POINT('Ctrl Pts',(185.235535838228,-59.9685773422447,500.));
#1754=CARTESIAN_POINT('Ctrl Pts',(187.587871503841,-59.9828496502153,-500.));
#1755=CARTESIAN_POINT('Ctrl Pts',(187.587871503841,-59.9828496502153,500.));
#1756=CARTESIAN_POINT('Ctrl Pts',(189.937819989031,-59.9947427802653,-500.));
#1757=CARTESIAN_POINT('Ctrl Pts',(189.937819989031,-59.9947427802653,500.));
#1758=CARTESIAN_POINT('Ctrl Pts',(192.285343305478,-60.0042311727169,-500.));
#1759=CARTESIAN_POINT('Ctrl Pts',(192.285343305478,-60.0042311727169,500.));
#1760=CARTESIAN_POINT('Ctrl Pts',(194.630400742097,-60.0112896308956,-500.));
#1761=CARTESIAN_POINT('Ctrl Pts',(194.630400742097,-60.0112896308956,500.));
#1762=CARTESIAN_POINT('Ctrl Pts',(196.972949671632,-60.0158946734955,-500.));
#1763=CARTESIAN_POINT('Ctrl Pts',(196.972949671632,-60.0158946734955,500.));
#1764=CARTESIAN_POINT('Ctrl Pts',(199.312946264706,-60.0180257026729,-500.));
#1765=CARTESIAN_POINT('Ctrl Pts',(199.312946264706,-60.0180257026729,500.));
#1766=CARTESIAN_POINT('Ctrl Pts',(201.650346272573,-60.0176665343052,-500.));
#1767=CARTESIAN_POINT('Ctrl Pts',(201.650346272573,-60.0176665343052,500.));
#1768=CARTESIAN_POINT('Ctrl Pts',(203.98510568571,-60.0148058404505,-500.));
#1769=CARTESIAN_POINT('Ctrl Pts',(203.98510568571,-60.0148058404505,500.));
#1770=CARTESIAN_POINT('Ctrl Pts',(206.31718115829,-60.0094351512954,-500.));
#1771=CARTESIAN_POINT('Ctrl Pts',(206.31718115829,-60.0094351512954,500.));
#1772=CARTESIAN_POINT('Ctrl Pts',(208.646530471462,-60.0015473632747,-500.));
#1773=CARTESIAN_POINT('Ctrl Pts',(208.646530471462,-60.0015473632747,500.));
#1774=CARTESIAN_POINT('Ctrl Pts',(210.973112996212,-59.9911350167231,-500.));
#1775=CARTESIAN_POINT('Ctrl Pts',(210.973112996212,-59.9911350167231,500.));
#1776=CARTESIAN_POINT('Ctrl Pts',(213.296890122112,-59.978188738238,-500.));
#1777=CARTESIAN_POINT('Ctrl Pts',(213.296890122112,-59.978188738238,500.));
#1778=CARTESIAN_POINT('Ctrl Pts',(215.617825782681,-59.9626954538739,-500.));
#1779=CARTESIAN_POINT('Ctrl Pts',(215.617825782681,-59.9626954538739,500.));
#1780=CARTESIAN_POINT('Ctrl Pts',(217.935886693158,-59.9446371761846,-500.));
#1781=CARTESIAN_POINT('Ctrl Pts',(217.935886693158,-59.9446371761846,500.));
#1782=CARTESIAN_POINT('Ctrl Pts',(220.251041124785,-59.9239926069035,-500.));
#1783=CARTESIAN_POINT('Ctrl Pts',(220.251041124785,-59.9239926069035,500.));
#1784=CARTESIAN_POINT('Ctrl Pts',(222.563257871616,-59.9007383739292,-500.));
#1785=CARTESIAN_POINT('Ctrl Pts',(222.563257871616,-59.9007383739292,500.));
#1786=CARTESIAN_POINT('Ctrl Pts',(224.872505135573,-59.8748504188633,-500.));
#1787=CARTESIAN_POINT('Ctrl Pts',(224.872505135573,-59.8748504188633,500.));
#1788=CARTESIAN_POINT('Ctrl Pts',(227.178749462412,-59.8463053003127,-500.));
#1789=CARTESIAN_POINT('Ctrl Pts',(227.178749462412,-59.8463053003127,500.));
#1790=CARTESIAN_POINT('Ctrl Pts',(229.481954617603,-59.8150815811645,-500.));
#1791=CARTESIAN_POINT('Ctrl Pts',(229.481954617603,-59.8150815811645,500.));
#1792=CARTESIAN_POINT('Ctrl Pts',(231.782080597318,-59.7811610430384,-500.));
#1793=CARTESIAN_POINT('Ctrl Pts',(231.782080597318,-59.7811610430384,500.));
#1794=CARTESIAN_POINT('Ctrl Pts',(234.079084272704,-59.7445278566527,-500.));
#1795=CARTESIAN_POINT('Ctrl Pts',(234.079084272704,-59.7445278566527,500.));
#1796=CARTESIAN_POINT('Ctrl Pts',(236.372919928926,-59.7051678841108,-500.));
#1797=CARTESIAN_POINT('Ctrl Pts',(236.372919928926,-59.7051678841108,500.));
#1798=CARTESIAN_POINT('Ctrl Pts',(238.663539843652,-59.6630679301129,-500.));
#1799=CARTESIAN_POINT('Ctrl Pts',(238.663539843652,-59.6630679301129,500.));
#1800=CARTESIAN_POINT('Ctrl Pts',(240.950894849662,-59.6182150175133,-500.));
#1801=CARTESIAN_POINT('Ctrl Pts',(240.950894849662,-59.6182150175133,500.));
#1802=CARTESIAN_POINT('Ctrl Pts',(243.234934902154,-59.570595646152,-500.));
#1803=CARTESIAN_POINT('Ctrl Pts',(243.234934902154,-59.570595646152,500.));
#1804=CARTESIAN_POINT('Ctrl Pts',(245.515609650067,-59.5201950764336,-500.));
#1805=CARTESIAN_POINT('Ctrl Pts',(245.515609650067,-59.5201950764336,500.));
#1806=CARTESIAN_POINT('Ctrl Pts',(247.792869266638,-59.466997301566,-500.));
#1807=CARTESIAN_POINT('Ctrl Pts',(247.792869266638,-59.466997301566,500.));
#1808=CARTESIAN_POINT('Ctrl Pts',(250.066665269451,-59.4109850022482,-500.));
#1809=CARTESIAN_POINT('Ctrl Pts',(250.066665269451,-59.4109850022482,500.));
#1810=CARTESIAN_POINT('Ctrl Pts',(252.33695134994,-59.3521395061951,-500.));
#1811=CARTESIAN_POINT('Ctrl Pts',(252.33695134994,-59.3521395061951,500.));
#1812=CARTESIAN_POINT('Ctrl Pts',(254.603684186447,-59.2904407494194,-500.));
#1813=CARTESIAN_POINT('Ctrl Pts',(254.603684186447,-59.2904407494194,500.));
#1814=CARTESIAN_POINT('Ctrl Pts',(256.866824293885,-59.2258672277174,-500.));
#1815=CARTESIAN_POINT('Ctrl Pts',(256.866824293885,-59.2258672277174,500.));
#1816=CARTESIAN_POINT('Ctrl Pts',(259.126336774263,-59.1583959779692,-500.));
#1817=CARTESIAN_POINT('Ctrl Pts',(259.126336774263,-59.1583959779692,500.));
#1818=CARTESIAN_POINT('Ctrl Pts',(261.382189085643,-59.0880034933367,-500.));
#1819=CARTESIAN_POINT('Ctrl Pts',(261.382189085643,-59.0880034933367,500.));
#1820=CARTESIAN_POINT('Ctrl Pts',(263.634348915995,-59.0146666024174,-500.));
#1821=CARTESIAN_POINT('Ctrl Pts',(263.634348915995,-59.0146666024174,500.));
#1822=CARTESIAN_POINT('Ctrl Pts',(265.882781993884,-58.9383633754792,-500.));
#1823=CARTESIAN_POINT('Ctrl Pts',(265.882781993884,-58.9383633754792,500.));
#1824=CARTESIAN_POINT('Ctrl Pts',(268.127449980088,-58.8590739884255,-500.));
#1825=CARTESIAN_POINT('Ctrl Pts',(268.127449980088,-58.8590739884255,500.));
#1826=CARTESIAN_POINT('Ctrl Pts',(270.36830819589,-58.7767816780458,-500.));
#1827=CARTESIAN_POINT('Ctrl Pts',(270.36830819589,-58.7767816780458,500.));
#1828=CARTESIAN_POINT('Ctrl Pts',(272.60530379309,-58.6914734463192,-500.));
#1829=CARTESIAN_POINT('Ctrl Pts',(272.60530379309,-58.6914734463192,500.));
#1830=CARTESIAN_POINT('Ctrl Pts',(274.838378526929,-58.6031381184375,-500.));
#1831=CARTESIAN_POINT('Ctrl Pts',(274.838378526929,-58.6031381184375,500.));
#1832=CARTESIAN_POINT('Ctrl Pts',(277.067471149323,-58.5117646288576,-500.));
#1833=CARTESIAN_POINT('Ctrl Pts',(277.067471149323,-58.5117646288576,500.));
#1834=CARTESIAN_POINT('Ctrl Pts',(279.292520001319,-58.4173401697196,-500.));
#1835=CARTESIAN_POINT('Ctrl Pts',(279.292520001319,-58.4173401697196,500.));
#1836=CARTESIAN_POINT('Ctrl Pts',(281.513465396356,-58.3198485134685,-500.));
#1837=CARTESIAN_POINT('Ctrl Pts',(281.513465396356,-58.3198485134685,500.));
#1838=CARTESIAN_POINT('Ctrl Pts',(283.730252391474,-58.2192679835824,-500.));
#1839=CARTESIAN_POINT('Ctrl Pts',(283.730252391474,-58.2192679835824,500.));
#1840=CARTESIAN_POINT('Ctrl Pts',(285.942832476202,-58.1155704284852,-500.));
#1841=CARTESIAN_POINT('Ctrl Pts',(285.942832476202,-58.1155704284852,500.));
#1842=CARTESIAN_POINT('Ctrl Pts',(288.151160994055,-58.0087241904418,-500.));
#1843=CARTESIAN_POINT('Ctrl Pts',(288.151160994055,-58.0087241904418,500.));
#1844=CARTESIAN_POINT('Ctrl Pts',(290.355195242019,-57.8986964208144,-500.));
#1845=CARTESIAN_POINT('Ctrl Pts',(290.355195242019,-57.8986964208144,500.));
#1846=CARTESIAN_POINT('Ctrl Pts',(292.554892228335,-57.7854557607997,-500.));
#1847=CARTESIAN_POINT('Ctrl Pts',(292.554892228335,-57.7854557607997,500.));
#1848=CARTESIAN_POINT('Ctrl Pts',(294.750206751763,-57.668974614335,-500.));
#1849=CARTESIAN_POINT('Ctrl Pts',(294.750206751763,-57.668974614335,500.));
#1850=CARTESIAN_POINT('Ctrl Pts',(296.941088914458,-57.549232210188,-500.));
#1851=CARTESIAN_POINT('Ctrl Pts',(296.941088914458,-57.549232210188,500.));
#1852=CARTESIAN_POINT('Ctrl Pts',(299.127483382743,-57.4262151663897,-500.));
#1853=CARTESIAN_POINT('Ctrl Pts',(299.127483382743,-57.4262151663897,500.));
#1854=CARTESIAN_POINT('Ctrl Pts',(301.309331424023,-57.2999140524248,-500.));
#1855=CARTESIAN_POINT('Ctrl Pts',(301.309331424023,-57.2999140524248,500.));
#1856=CARTESIAN_POINT('Ctrl Pts',(303.486572269368,-57.1703209433555,-500.));
#1857=CARTESIAN_POINT('Ctrl Pts',(303.486572269368,-57.1703209433555,500.));
#1858=CARTESIAN_POINT('Ctrl Pts',(305.659144809945,-57.0374264441568,-500.));
#1859=CARTESIAN_POINT('Ctrl Pts',(305.659144809945,-57.0374264441568,500.));
#1860=CARTESIAN_POINT('Ctrl Pts',(307.826989006703,-56.9012172417698,-500.));
#1861=CARTESIAN_POINT('Ctrl Pts',(307.826989006703,-56.9012172417698,500.));
#1862=CARTESIAN_POINT('Ctrl Pts',(309.990047786433,-56.7616726707756,-500.));
#1863=CARTESIAN_POINT('Ctrl Pts',(309.990047786433,-56.7616726707756,500.));
#1864=CARTESIAN_POINT('Ctrl Pts',(312.148266956745,-56.6187654118306,-500.));
#1865=CARTESIAN_POINT('Ctrl Pts',(312.148266956745,-56.6187654118306,500.));
#1866=CARTESIAN_POINT('Ctrl Pts',(314.301594022648,-56.4724645018393,-500.));
#1867=CARTESIAN_POINT('Ctrl Pts',(314.301594022648,-56.4724645018393,500.));
#1868=CARTESIAN_POINT('Ctrl Pts',(316.449977340995,-56.3227376206343,-500.));
#1869=CARTESIAN_POINT('Ctrl Pts',(316.449977340995,-56.3227376206343,500.));
#1870=CARTESIAN_POINT('Ctrl Pts',(318.593365132296,-56.1695537087665,-500.));
#1871=CARTESIAN_POINT('Ctrl Pts',(318.593365132296,-56.1695537087665,500.));
#1872=CARTESIAN_POINT('Ctrl Pts',(320.731704560169,-56.0128853694361,-500.));
#1873=CARTESIAN_POINT('Ctrl Pts',(320.731704560169,-56.0128853694361,500.));
#1874=CARTESIAN_POINT('Ctrl Pts',(322.864940763565,-55.8527115628354,-500.));
#1875=CARTESIAN_POINT('Ctrl Pts',(322.864940763565,-55.8527115628354,500.));
#1876=CARTESIAN_POINT('Ctrl Pts',(324.993016429418,-55.6890153983585,-500.));
#1877=CARTESIAN_POINT('Ctrl Pts',(324.993016429418,-55.6890153983585,500.));
#1878=CARTESIAN_POINT('Ctrl Pts',(327.115871410585,-55.5217817235988,-500.));
#1879=CARTESIAN_POINT('Ctrl Pts',(327.115871410585,-55.5217817235988,500.));
#1880=CARTESIAN_POINT('Ctrl Pts',(329.23344228658,-55.3509946895669,-500.));
#1881=CARTESIAN_POINT('Ctrl Pts',(329.23344228658,-55.3509946895669,500.));
#1882=CARTESIAN_POINT('Ctrl Pts',(331.345662041295,-55.1766355455436,-500.));
#1883=CARTESIAN_POINT('Ctrl Pts',(331.345662041295,-55.1766355455436,500.));
#1884=CARTESIAN_POINT('Ctrl Pts',(333.452459466191,-54.9986798051077,-500.));
#1885=CARTESIAN_POINT('Ctrl Pts',(333.452459466191,-54.9986798051077,500.));
#1886=CARTESIAN_POINT('Ctrl Pts',(335.553759428263,-54.817096446569,-500.));
#1887=CARTESIAN_POINT('Ctrl Pts',(335.553759428263,-54.817096446569,500.));
#1888=CARTESIAN_POINT('Ctrl Pts',(337.649485020327,-54.6318515476216,-500.));
#1889=CARTESIAN_POINT('Ctrl Pts',(337.649485020327,-54.6318515476216,500.));
#1890=CARTESIAN_POINT('Ctrl Pts',(339.739559285362,-54.4429109336916,-500.));
#1891=CARTESIAN_POINT('Ctrl Pts',(339.739559285362,-54.4429109336916,500.));
#1892=CARTESIAN_POINT('Ctrl Pts',(341.823907188732,-54.2502433655435,-500.));
#1893=CARTESIAN_POINT('Ctrl Pts',(341.823907188732,-54.2502433655435,500.));
#1894=CARTESIAN_POINT('Ctrl Pts',(343.902457304054,-54.0538231592405,-500.));
#1895=CARTESIAN_POINT('Ctrl Pts',(343.902457304054,-54.0538231592405,500.));
#1896=CARTESIAN_POINT('Ctrl Pts',(345.975144090813,-53.8536339250965,-500.));
#1897=CARTESIAN_POINT('Ctrl Pts',(345.975144090813,-53.8536339250965,500.));
#1898=CARTESIAN_POINT('Ctrl Pts',(348.041906499796,-53.6496654808538,-500.));
#1899=CARTESIAN_POINT('Ctrl Pts',(348.041906499796,-53.6496654808538,500.));
#1900=CARTESIAN_POINT('Ctrl Pts',(350.102685650484,-53.4419090976196,-500.));
#1901=CARTESIAN_POINT('Ctrl Pts',(350.102685650484,-53.4419090976196,500.));
#1902=CARTESIAN_POINT('Ctrl Pts',(352.157422779335,-53.230353134005,-500.));
#1903=CARTESIAN_POINT('Ctrl Pts',(352.157422779335,-53.230353134005,500.));
#1904=CARTESIAN_POINT('Ctrl Pts',(354.20605717109,-53.0149789007191,-500.));
#1905=CARTESIAN_POINT('Ctrl Pts',(354.20605717109,-53.0149789007191,500.));
#1906=CARTESIAN_POINT('Ctrl Pts',(356.24852386506,-52.7957554796931,-500.));
#1907=CARTESIAN_POINT('Ctrl Pts',(356.24852386506,-52.7957554796931,500.));
#1908=CARTESIAN_POINT('Ctrl Pts',(358.284752223566,-52.5726381158148,-500.));
#1909=CARTESIAN_POINT('Ctrl Pts',(358.284752223566,-52.5726381158148,500.));
#1910=CARTESIAN_POINT('Ctrl Pts',(360.314666474397,-52.3455746962537,-500.));
#1911=CARTESIAN_POINT('Ctrl Pts',(360.314666474397,-52.3455746962537,500.));
#1912=CARTESIAN_POINT('Ctrl Pts',(362.338185857049,-52.1145105483717,-500.));
#1913=CARTESIAN_POINT('Ctrl Pts',(362.338185857049,-52.1145105483717,500.));
#1914=CARTESIAN_POINT('Ctrl Pts',(364.355224911021,-51.8793939770022,-500.));
#1915=CARTESIAN_POINT('Ctrl Pts',(364.355224911021,-51.8793939770022,500.));
#1916=CARTESIAN_POINT('Ctrl Pts',(366.36569374047,-51.6401813254227,-500.));
#1917=CARTESIAN_POINT('Ctrl Pts',(366.36569374047,-51.6401813254227,500.));
#1918=CARTESIAN_POINT('Ctrl Pts',(368.369498190728,-51.3968426742838,-500.));
#1919=CARTESIAN_POINT('Ctrl Pts',(368.369498190728,-51.3968426742838,500.));
#1920=CARTESIAN_POINT('Ctrl Pts',(370.366541942359,-51.1493581107251,-500.));
#1921=CARTESIAN_POINT('Ctrl Pts',(370.366541942359,-51.1493581107251,500.));
#1922=CARTESIAN_POINT('Ctrl Pts',(372.356728647221,-50.8977134954708,-500.));
#1923=CARTESIAN_POINT('Ctrl Pts',(372.356728647221,-50.8977134954708,500.));
#1924=CARTESIAN_POINT('Ctrl Pts',(374.33996421241,-50.6418962789121,-500.));
#1925=CARTESIAN_POINT('Ctrl Pts',(374.33996421241,-50.6418962789121,500.));
#1926=CARTESIAN_POINT('Ctrl Pts',(376.316158650459,-50.3818915954198,-500.));
#1927=CARTESIAN_POINT('Ctrl Pts',(376.316158650459,-50.3818915954198,500.));
#1928=CARTESIAN_POINT('Ctrl Pts',(378.285229048829,-50.1176774859034,-500.));
#1929=CARTESIAN_POINT('Ctrl Pts',(378.285229048829,-50.1176774859034,500.));
#1930=CARTESIAN_POINT('Ctrl Pts',(380.247097513711,-49.8492242006165,-500.));
#1931=CARTESIAN_POINT('Ctrl Pts',(380.247097513711,-49.8492242006165,500.));
#1932=CARTESIAN_POINT('Ctrl Pts',(382.201686467973,-49.5764957939224,-500.));
#1933=CARTESIAN_POINT('Ctrl Pts',(382.201686467973,-49.5764957939224,500.));
#1934=CARTESIAN_POINT('Ctrl Pts',(384.148914535467,-49.299450984798,-500.));
#1935=CARTESIAN_POINT('Ctrl Pts',(384.148914535467,-49.299450984798,500.));
#1936=CARTESIAN_POINT('Ctrl Pts',(386.088692690939,-49.0180443801318,-500.));
#1937=CARTESIAN_POINT('Ctrl Pts',(386.088692690939,-49.0180443801318,500.));
#1938=CARTESIAN_POINT('Ctrl Pts',(388.020919060389,-48.732227400662,-500.));
#1939=CARTESIAN_POINT('Ctrl Pts',(388.020919060389,-48.732227400662,500.));
#1940=CARTESIAN_POINT('Ctrl Pts',(389.945478778206,-48.4419498376205,-500.));
#1941=CARTESIAN_POINT('Ctrl Pts',(389.945478778206,-48.4419498376205,500.));
#1942=CARTESIAN_POINT('Ctrl Pts',(391.862250640283,-48.1471620633728,-500.));
#1943=CARTESIAN_POINT('Ctrl Pts',(391.862250640283,-48.1471620633728,500.));
#1944=CARTESIAN_POINT('Ctrl Pts',(393.771112294511,-47.8478172212849,-500.));
#1945=CARTESIAN_POINT('Ctrl Pts',(393.771112294511,-47.8478172212849,500.));
#1946=CARTESIAN_POINT('Ctrl Pts',(395.671945546244,-47.5438731295447,-500.));
#1947=CARTESIAN_POINT('Ctrl Pts',(395.671945546244,-47.5438731295447,500.));
#1948=CARTESIAN_POINT('Ctrl Pts',(397.564642756019,-47.2352950100875,-500.));
#1949=CARTESIAN_POINT('Ctrl Pts',(397.564642756019,-47.2352950100875,500.));
#1950=CARTESIAN_POINT('Ctrl Pts',(399.449109039165,-46.9220555744339,-500.));
#1951=CARTESIAN_POINT('Ctrl Pts',(399.449109039165,-46.9220555744339,500.));
#1952=CARTESIAN_POINT('Ctrl Pts',(401.325254679362,-46.6041292251178,-500.));
#1953=CARTESIAN_POINT('Ctrl Pts',(401.325254679362,-46.6041292251178,500.));
#1954=CARTESIAN_POINT('Ctrl Pts',(403.192989319369,-46.2814872143526,-500.));
#1955=CARTESIAN_POINT('Ctrl Pts',(403.192989319369,-46.2814872143526,500.));
#1956=CARTESIAN_POINT('Ctrl Pts',(405.052215859128,-45.9540928935551,-500.));
#1957=CARTESIAN_POINT('Ctrl Pts',(405.052215859128,-45.9540928935551,500.));
#1958=CARTESIAN_POINT('Ctrl Pts',(406.902823490642,-45.6218958022748,-500.));
#1959=CARTESIAN_POINT('Ctrl Pts',(406.902823490642,-45.6218958022748,500.));
#1960=CARTESIAN_POINT('Ctrl Pts',(408.74468428393,-45.2848298546348,-500.));
#1961=CARTESIAN_POINT('Ctrl Pts',(408.74468428393,-45.2848298546348,500.));
#1962=CARTESIAN_POINT('Ctrl Pts',(410.57765902463,-44.9428217954305,-500.));
#1963=CARTESIAN_POINT('Ctrl Pts',(410.57765902463,-44.9428217954305,500.));
#1964=CARTESIAN_POINT('Ctrl Pts',(412.401601428997,-44.5957980410017,-500.));
#1965=CARTESIAN_POINT('Ctrl Pts',(412.401601428997,-44.5957980410017,500.));
#1966=CARTESIAN_POINT('Ctrl Pts',(414.216362661414,-44.2436914058619,-500.));
#1967=CARTESIAN_POINT('Ctrl Pts',(414.216362661414,-44.2436914058619,500.));
#1968=CARTESIAN_POINT('Ctrl Pts',(416.021796542273,-43.8864496872251,-500.));
#1969=CARTESIAN_POINT('Ctrl Pts',(416.021796542273,-43.8864496872251,500.));
#1970=CARTESIAN_POINT('Ctrl Pts',(417.817761643355,-43.5240372560306,-500.));
#1971=CARTESIAN_POINT('Ctrl Pts',(417.817761643355,-43.5240372560306,500.));
#1972=CARTESIAN_POINT('Ctrl Pts',(419.604117783396,-43.1564245957997,-500.));
#1973=CARTESIAN_POINT('Ctrl Pts',(419.604117783396,-43.1564245957997,500.));
#1974=CARTESIAN_POINT('Ctrl Pts',(421.380723709692,-42.7835801230411,-500.));
#1975=CARTESIAN_POINT('Ctrl Pts',(421.380723709692,-42.7835801230411,500.));
#1976=CARTESIAN_POINT('Ctrl Pts',(423.147434496108,-42.4054620622277,-500.));
#1977=CARTESIAN_POINT('Ctrl Pts',(423.147434496108,-42.4054620622277,500.));
#1978=CARTESIAN_POINT('Ctrl Pts',(424.904098585908,-42.0220079076201,-500.));
#1979=CARTESIAN_POINT('Ctrl Pts',(424.904098585908,-42.0220079076201,500.));
#1980=CARTESIAN_POINT('Ctrl Pts',(426.650557020748,-41.6331350926837,-500.));
#1981=CARTESIAN_POINT('Ctrl Pts',(426.650557020748,-41.6331350926837,500.));
#1982=CARTESIAN_POINT('Ctrl Pts',(428.386644511006,-41.2387506178979,-500.));
#1983=CARTESIAN_POINT('Ctrl Pts',(428.386644511006,-41.2387506178979,500.));
#1984=CARTESIAN_POINT('Ctrl Pts',(430.112189973361,-40.8387583119514,-500.));
#1985=CARTESIAN_POINT('Ctrl Pts',(430.112189973361,-40.8387583119514,500.));
#1986=CARTESIAN_POINT('Ctrl Pts',(431.827017282526,-40.4330665775113,-500.));
#1987=CARTESIAN_POINT('Ctrl Pts',(431.827017282526,-40.4330665775113,500.));
#1988=CARTESIAN_POINT('Ctrl Pts',(433.530945942209,-40.0215972159874,-500.));
#1989=CARTESIAN_POINT('Ctrl Pts',(433.530945942209,-40.0215972159874,500.));
#1990=CARTESIAN_POINT('Ctrl Pts',(435.223791822081,-39.6042807897769,-500.));
#1991=CARTESIAN_POINT('Ctrl Pts',(435.223791822081,-39.6042807897769,500.));
#1992=CARTESIAN_POINT('Ctrl Pts',(436.905368013112,-39.1810493773935,-500.));
#1993=CARTESIAN_POINT('Ctrl Pts',(436.905368013112,-39.1810493773935,500.));
#1994=CARTESIAN_POINT('Ctrl Pts',(438.575485399802,-38.751830691456,-500.));
#1995=CARTESIAN_POINT('Ctrl Pts',(438.575485399802,-38.751830691456,500.));
#1996=CARTESIAN_POINT('Ctrl Pts',(440.233953914406,-38.3165405942531,-500.));
#1997=CARTESIAN_POINT('Ctrl Pts',(440.233953914406,-38.3165405942531,500.));
#1998=CARTESIAN_POINT('Ctrl Pts',(441.88058175682,-37.8750795016694,-500.));
#1999=CARTESIAN_POINT('Ctrl Pts',(441.88058175682,-37.8750795016694,500.));
#2000=CARTESIAN_POINT('Ctrl Pts',(443.515168649118,-37.4273400196553,-500.));
#2001=CARTESIAN_POINT('Ctrl Pts',(443.515168649118,-37.4273400196553,500.));
#2002=CARTESIAN_POINT('Ctrl Pts',(445.137499755018,-36.9732130116982,-500.));
#2003=CARTESIAN_POINT('Ctrl Pts',(445.137499755018,-36.9732130116982,500.));
#2004=CARTESIAN_POINT('Ctrl Pts',(446.747340094705,-36.5125935612304,-500.));
#2005=CARTESIAN_POINT('Ctrl Pts',(446.747340094705,-36.5125935612304,500.));
#2006=CARTESIAN_POINT('Ctrl Pts',(448.344426803879,-36.0453888318209,-500.));
#2007=CARTESIAN_POINT('Ctrl Pts',(448.344426803879,-36.0453888318209,500.));
#2008=CARTESIAN_POINT('Ctrl Pts',(449.92847643619,-35.5715116966613,-500.));
#2009=CARTESIAN_POINT('Ctrl Pts',(449.92847643619,-35.5715116966613,500.));
#2010=CARTESIAN_POINT('Ctrl Pts',(451.499197269082,-35.0908696411514,-500.));
#2011=CARTESIAN_POINT('Ctrl Pts',(451.499197269082,-35.0908696411514,500.));
#2012=CARTESIAN_POINT('Ctrl Pts',(453.056298605769,-34.6033564105417,-500.));
#2013=CARTESIAN_POINT('Ctrl Pts',(453.056298605769,-34.6033564105417,500.));
#2014=CARTESIAN_POINT('Ctrl Pts',(454.599504421127,-34.1088398156498,-500.));
#2015=CARTESIAN_POINT('Ctrl Pts',(454.599504421127,-34.1088398156498,500.));
#2016=CARTESIAN_POINT('Ctrl Pts',(456.128554097807,-33.607160837902,-500.));
#2017=CARTESIAN_POINT('Ctrl Pts',(456.128554097807,-33.607160837902,500.));
#2018=CARTESIAN_POINT('Ctrl Pts',(457.643184377086,-33.0981492598489,-500.));
#2019=CARTESIAN_POINT('Ctrl Pts',(457.643184377086,-33.0981492598489,500.));
#2020=CARTESIAN_POINT('Ctrl Pts',(459.143116426611,-32.5816346387149,-500.));
#2021=CARTESIAN_POINT('Ctrl Pts',(459.143116426611,-32.5816346387149,500.));
#2022=CARTESIAN_POINT('Ctrl Pts',(460.628039491863,-32.0574606947737,-500.));
#2023=CARTESIAN_POINT('Ctrl Pts',(460.628039491863,-32.0574606947737,500.));
#2024=CARTESIAN_POINT('Ctrl Pts',(462.097600020434,-31.5254936760383,-500.));
#2025=CARTESIAN_POINT('Ctrl Pts',(462.097600020434,-31.5254936760383,500.));
#2026=CARTESIAN_POINT('Ctrl Pts',(463.551414341799,-30.985603750868,-500.));
#2027=CARTESIAN_POINT('Ctrl Pts',(463.551414341799,-30.985603750868,500.));
#2028=CARTESIAN_POINT('Ctrl Pts',(464.989078203867,-30.4376500911282,-500.));
#2029=CARTESIAN_POINT('Ctrl Pts',(464.989078203867,-30.4376500911282,500.));
#2030=CARTESIAN_POINT('Ctrl Pts',(466.41017792449,-29.8814639328748,-500.));
#2031=CARTESIAN_POINT('Ctrl Pts',(466.41017792449,-29.8814639328748,500.));
#2032=CARTESIAN_POINT('Ctrl Pts',(467.814299727069,-29.3168341725491,-500.));
#2033=CARTESIAN_POINT('Ctrl Pts',(467.814299727069,-29.3168341725491,500.));
#2034=CARTESIAN_POINT('Ctrl Pts',(469.201018586214,-28.7435234881975,-500.));
#2035=CARTESIAN_POINT('Ctrl Pts',(469.201018586214,-28.7435234881975,500.));
#2036=CARTESIAN_POINT('Ctrl Pts',(470.569888346699,-28.1612825240099,-500.));
#2037=CARTESIAN_POINT('Ctrl Pts',(470.569888346699,-28.1612825240099,500.));
#2038=CARTESIAN_POINT('Ctrl Pts',(471.920430961847,-27.5698654273572,-500.));
#2039=CARTESIAN_POINT('Ctrl Pts',(471.920430961847,-27.5698654273572,500.));
#2040=CARTESIAN_POINT('Ctrl Pts',(473.252127282903,-26.9690430621398,-500.));
#2041=CARTESIAN_POINT('Ctrl Pts',(473.252127282903,-26.9690430621398,500.));
#2042=CARTESIAN_POINT('Ctrl Pts',(474.564425434537,-26.3585947969434,-500.));
#2043=CARTESIAN_POINT('Ctrl Pts',(474.564425434537,-26.3585947969434,500.));
#2044=CARTESIAN_POINT('Ctrl Pts',(475.856746765611,-25.738301597609,-500.));
#2045=CARTESIAN_POINT('Ctrl Pts',(475.856746765611,-25.738301597609,500.));
#2046=CARTESIAN_POINT('Ctrl Pts',(477.128495105274,-25.1079391581117,-500.));
#2047=CARTESIAN_POINT('Ctrl Pts',(477.128495105274,-25.1079391581117,500.));
#2048=CARTESIAN_POINT('Ctrl Pts',(478.379057012523,-24.4672691346316,-500.));
#2049=CARTESIAN_POINT('Ctrl Pts',(478.379057012523,-24.4672691346316,500.));
#2050=CARTESIAN_POINT('Ctrl Pts',(479.607769441458,-23.8160189482355,-500.));
#2051=CARTESIAN_POINT('Ctrl Pts',(479.607769441458,-23.8160189482355,500.));
#2052=CARTESIAN_POINT('Ctrl Pts',(480.813897752885,-23.1538678393125,-500.));
#2053=CARTESIAN_POINT('Ctrl Pts',(480.813897752885,-23.1538678393125,500.));
#2054=CARTESIAN_POINT('Ctrl Pts',(481.996598986489,-22.4804209400356,-500.));
#2055=CARTESIAN_POINT('Ctrl Pts',(481.996598986489,-22.4804209400356,500.));
#2056=CARTESIAN_POINT('Ctrl Pts',(483.154936069529,-21.7952282752501,-500.));
#2057=CARTESIAN_POINT('Ctrl Pts',(483.154936069529,-21.7952282752501,500.));
#2058=CARTESIAN_POINT('Ctrl Pts',(484.287932946793,-21.0978403401571,-500.));
#2059=CARTESIAN_POINT('Ctrl Pts',(484.287932946793,-21.0978403401571,500.));
#2060=CARTESIAN_POINT('Ctrl Pts',(485.394616798353,-20.3878523107573,-500.));
#2061=CARTESIAN_POINT('Ctrl Pts',(485.394616798353,-20.3878523107573,500.));
#2062=CARTESIAN_POINT('Ctrl Pts',(486.47406847677,-19.6649550704122,-500.));
#2063=CARTESIAN_POINT('Ctrl Pts',(486.47406847677,-19.6649550704122,500.));
#2064=CARTESIAN_POINT('Ctrl Pts',(487.525328707206,-18.9288707573393,-500.));
#2065=CARTESIAN_POINT('Ctrl Pts',(487.525328707206,-18.9288707573393,500.));
#2066=CARTESIAN_POINT('Ctrl Pts',(488.547316744478,-18.1792971039098,-500.));
#2067=CARTESIAN_POINT('Ctrl Pts',(488.547316744478,-18.1792971039098,500.));
#2068=CARTESIAN_POINT('Ctrl Pts',(489.538717631503,-17.4158296984,-500.));
#2069=CARTESIAN_POINT('Ctrl Pts',(489.538717631503,-17.4158296984,500.));
#2070=CARTESIAN_POINT('Ctrl Pts',(490.497994802856,-16.6379727920999,-500.));
#2071=CARTESIAN_POINT('Ctrl Pts',(490.497994802856,-16.6379727920999,500.));
#2072=CARTESIAN_POINT('Ctrl Pts',(491.423485826328,-15.8452109729631,-500.));
#2073=CARTESIAN_POINT('Ctrl Pts',(491.423485826328,-15.8452109729631,500.));
#2074=CARTESIAN_POINT('Ctrl Pts',(492.31348822675,-15.0370697667519,-500.));
#2075=CARTESIAN_POINT('Ctrl Pts',(492.31348822675,-15.0370697667519,500.));
#2076=CARTESIAN_POINT('Ctrl Pts',(493.166305722263,-14.213160336648,-500.));
#2077=CARTESIAN_POINT('Ctrl Pts',(493.166305722263,-14.213160336648,500.));
#2078=CARTESIAN_POINT('Ctrl Pts',(493.980167901906,-13.3731626322084,-500.));
#2079=CARTESIAN_POINT('Ctrl Pts',(493.980167901906,-13.3731626322084,500.));
#2080=CARTESIAN_POINT('Ctrl Pts',(494.753172550578,-12.5168210665445,-500.));
#2081=CARTESIAN_POINT('Ctrl Pts',(494.753172550578,-12.5168210665445,500.));
#2082=CARTESIAN_POINT('Ctrl Pts',(495.483227074395,-11.643935939544,-500.));
#2083=CARTESIAN_POINT('Ctrl Pts',(495.483227074395,-11.643935939544,500.));
#2084=CARTESIAN_POINT('Ctrl Pts',(496.168058764046,-10.7543738838734,-500.));
#2085=CARTESIAN_POINT('Ctrl Pts',(496.168058764046,-10.7543738838734,500.));
#2086=CARTESIAN_POINT('Ctrl Pts',(496.805208593358,-9.8480675349534,-500.));
#2087=CARTESIAN_POINT('Ctrl Pts',(496.805208593358,-9.8480675349534,500.));
#2088=CARTESIAN_POINT('Ctrl Pts',(497.392048897139,-8.92503852283847,-500.));
#2089=CARTESIAN_POINT('Ctrl Pts',(497.392048897139,-8.92503852283847,500.));
#2090=CARTESIAN_POINT('Ctrl Pts',(497.925904084282,-7.98551024417264,-500.));
#2091=CARTESIAN_POINT('Ctrl Pts',(497.925904084282,-7.98551024417264,500.));
#2092=CARTESIAN_POINT('Ctrl Pts',(498.40417233257,-7.03003958998279,-500.));
#2093=CARTESIAN_POINT('Ctrl Pts',(498.40417233257,-7.03003958998279,500.));
#2094=CARTESIAN_POINT('Ctrl Pts',(498.824414806033,-6.0595654955152,-500.));
#2095=CARTESIAN_POINT('Ctrl Pts',(498.824414806033,-6.0595654955152,500.));
#2096=CARTESIAN_POINT('Ctrl Pts',(499.184356536704,-5.07526250235752,-500.));
#2097=CARTESIAN_POINT('Ctrl Pts',(499.184356536704,-5.07526250235752,500.));
#2098=CARTESIAN_POINT('Ctrl Pts',(499.481877001367,-4.07835542503113,-500.));
#2099=CARTESIAN_POINT('Ctrl Pts',(499.481877001367,-4.07835542503113,500.));
#2100=CARTESIAN_POINT('Ctrl Pts',(499.715088074121,-3.07018654239394,-500.));
#2101=CARTESIAN_POINT('Ctrl Pts',(499.715088074121,-3.07018654239394,500.));
#2102=CARTESIAN_POINT('Ctrl Pts',(499.882498269177,-2.05255300685443,-500.));
#2103=CARTESIAN_POINT('Ctrl Pts',(499.882498269177,-2.05255300685443,500.));
#2104=CARTESIAN_POINT('Ctrl Pts',(499.983200871425,-1.02806560457393,-500.));
#2105=CARTESIAN_POINT('Ctrl Pts',(499.983200871425,-1.02806560457393,500.));
#2106=CARTESIAN_POINT('Ctrl Pts',(500.016796335567,-3.47317660742696E-13,
-500.));
#2107=CARTESIAN_POINT('Ctrl Pts',(500.016796335567,-3.47317660742696E-13,
500.));
#2108=CARTESIAN_POINT('Ctrl Pts',(499.98320087143,1.02806560457316,-500.));
#2109=CARTESIAN_POINT('Ctrl Pts',(499.98320087143,1.02806560457316,500.));
#2110=CARTESIAN_POINT('Ctrl Pts',(499.882498269179,2.05255300685363,-500.));
#2111=CARTESIAN_POINT('Ctrl Pts',(499.882498269179,2.05255300685363,500.));
#2112=CARTESIAN_POINT('Ctrl Pts',(499.71508807412,3.07018654239313,-500.));
#2113=CARTESIAN_POINT('Ctrl Pts',(499.71508807412,3.07018654239313,500.));
#2114=CARTESIAN_POINT('Ctrl Pts',(499.481877001365,4.07835542503049,-500.));
#2115=CARTESIAN_POINT('Ctrl Pts',(499.481877001365,4.07835542503049,500.));
#2116=CARTESIAN_POINT('Ctrl Pts',(499.184356536704,5.07526250235682,-500.));
#2117=CARTESIAN_POINT('Ctrl Pts',(499.184356536704,5.07526250235682,500.));
#2118=CARTESIAN_POINT('Ctrl Pts',(498.824414806035,6.05956549551436,-500.));
#2119=CARTESIAN_POINT('Ctrl Pts',(498.824414806035,6.05956549551436,500.));
#2120=CARTESIAN_POINT('Ctrl Pts',(498.404172332571,7.03003958998188,-500.));
#2121=CARTESIAN_POINT('Ctrl Pts',(498.404172332571,7.03003958998188,500.));
#2122=CARTESIAN_POINT('Ctrl Pts',(497.925904084281,7.9855102441718,-500.));
#2123=CARTESIAN_POINT('Ctrl Pts',(497.925904084281,7.9855102441718,500.));
#2124=CARTESIAN_POINT('Ctrl Pts',(497.392048897141,8.92503852283779,-500.));
#2125=CARTESIAN_POINT('Ctrl Pts',(497.392048897141,8.92503852283779,500.));
#2126=CARTESIAN_POINT('Ctrl Pts',(496.805208593362,9.84806753495277,-500.));
#2127=CARTESIAN_POINT('Ctrl Pts',(496.805208593362,9.84806753495277,500.));
#2128=CARTESIAN_POINT('Ctrl Pts',(496.168058764048,10.7543738838727,-500.));
#2129=CARTESIAN_POINT('Ctrl Pts',(496.168058764048,10.7543738838727,500.));
#2130=CARTESIAN_POINT('Ctrl Pts',(495.483227074393,11.6439359395432,-500.));
#2131=CARTESIAN_POINT('Ctrl Pts',(495.483227074393,11.6439359395432,500.));
#2132=CARTESIAN_POINT('Ctrl Pts',(494.753172550576,12.5168210665438,-500.));
#2133=CARTESIAN_POINT('Ctrl Pts',(494.753172550576,12.5168210665438,500.));
#2134=CARTESIAN_POINT('Ctrl Pts',(493.980167901907,13.3731626322076,-500.));
#2135=CARTESIAN_POINT('Ctrl Pts',(493.980167901907,13.3731626322076,500.));
#2136=CARTESIAN_POINT('Ctrl Pts',(493.166305722265,14.2131603366473,-500.));
#2137=CARTESIAN_POINT('Ctrl Pts',(493.166305722265,14.2131603366473,500.));
#2138=CARTESIAN_POINT('Ctrl Pts',(492.313488226752,15.0370697667512,-500.));
#2139=CARTESIAN_POINT('Ctrl Pts',(492.313488226752,15.0370697667512,500.));
#2140=CARTESIAN_POINT('Ctrl Pts',(491.423485826329,15.8452109729624,-500.));
#2141=CARTESIAN_POINT('Ctrl Pts',(491.423485826329,15.8452109729624,500.));
#2142=CARTESIAN_POINT('Ctrl Pts',(490.497994802856,16.6379727920992,-500.));
#2143=CARTESIAN_POINT('Ctrl Pts',(490.497994802856,16.6379727920992,500.));
#2144=CARTESIAN_POINT('Ctrl Pts',(489.538717631503,17.4158296983994,-500.));
#2145=CARTESIAN_POINT('Ctrl Pts',(489.538717631503,17.4158296983994,500.));
#2146=CARTESIAN_POINT('Ctrl Pts',(488.547316744481,18.1792971039092,-500.));
#2147=CARTESIAN_POINT('Ctrl Pts',(488.547316744481,18.1792971039092,500.));
#2148=CARTESIAN_POINT('Ctrl Pts',(487.525328707206,18.9288707573387,-500.));
#2149=CARTESIAN_POINT('Ctrl Pts',(487.525328707206,18.9288707573387,500.));
#2150=CARTESIAN_POINT('Ctrl Pts',(486.474068476764,19.6649550704116,-500.));
#2151=CARTESIAN_POINT('Ctrl Pts',(486.474068476764,19.6649550704116,500.));
#2152=CARTESIAN_POINT('Ctrl Pts',(485.39461679835,20.3878523107569,-500.));
#2153=CARTESIAN_POINT('Ctrl Pts',(485.39461679835,20.3878523107569,500.));
#2154=CARTESIAN_POINT('Ctrl Pts',(484.287932946796,21.0978403401566,-500.));
#2155=CARTESIAN_POINT('Ctrl Pts',(484.287932946796,21.0978403401566,500.));
#2156=CARTESIAN_POINT('Ctrl Pts',(483.154936069531,21.7952282752492,-500.));
#2157=CARTESIAN_POINT('Ctrl Pts',(483.154936069531,21.7952282752492,500.));
#2158=CARTESIAN_POINT('Ctrl Pts',(481.996598986489,22.4804209400345,-500.));
#2159=CARTESIAN_POINT('Ctrl Pts',(481.996598986489,22.4804209400345,500.));
#2160=CARTESIAN_POINT('Ctrl Pts',(480.813897752884,23.1538678393115,-500.));
#2161=CARTESIAN_POINT('Ctrl Pts',(480.813897752884,23.1538678393115,500.));
#2162=CARTESIAN_POINT('Ctrl Pts',(479.60776944146,23.8160189482352,-500.));
#2163=CARTESIAN_POINT('Ctrl Pts',(479.60776944146,23.8160189482352,500.));
#2164=CARTESIAN_POINT('Ctrl Pts',(478.379057012527,24.467269134632,-500.));
#2165=CARTESIAN_POINT('Ctrl Pts',(478.379057012527,24.467269134632,500.));
#2166=CARTESIAN_POINT('Ctrl Pts',(477.128495105276,25.1079391581123,-500.));
#2167=CARTESIAN_POINT('Ctrl Pts',(477.128495105276,25.1079391581123,500.));
#2168=CARTESIAN_POINT('Ctrl Pts',(475.856746765613,25.7383015976087,-500.));
#2169=CARTESIAN_POINT('Ctrl Pts',(475.856746765613,25.7383015976087,500.));
#2170=CARTESIAN_POINT('Ctrl Pts',(474.564425434537,26.3585947969422,-500.));
#2171=CARTESIAN_POINT('Ctrl Pts',(474.564425434537,26.3585947969422,500.));
#2172=CARTESIAN_POINT('Ctrl Pts',(473.252127282904,26.9690430621384,-500.));
#2173=CARTESIAN_POINT('Ctrl Pts',(473.252127282904,26.9690430621384,500.));
#2174=CARTESIAN_POINT('Ctrl Pts',(471.920430961847,27.5698654273562,-500.));
#2175=CARTESIAN_POINT('Ctrl Pts',(471.920430961847,27.5698654273562,500.));
#2176=CARTESIAN_POINT('Ctrl Pts',(470.5698883467,28.1612825240094,-500.));
#2177=CARTESIAN_POINT('Ctrl Pts',(470.5698883467,28.1612825240094,500.));
#2178=CARTESIAN_POINT('Ctrl Pts',(469.201018586217,28.7435234881974,-500.));
#2179=CARTESIAN_POINT('Ctrl Pts',(469.201018586217,28.7435234881974,500.));
#2180=CARTESIAN_POINT('Ctrl Pts',(467.814299727076,29.3168341725488,-500.));
#2181=CARTESIAN_POINT('Ctrl Pts',(467.814299727076,29.3168341725488,500.));
#2182=CARTESIAN_POINT('Ctrl Pts',(466.410177924497,29.8814639328744,-500.));
#2183=CARTESIAN_POINT('Ctrl Pts',(466.410177924497,29.8814639328744,500.));
#2184=CARTESIAN_POINT('Ctrl Pts',(464.989078203869,30.4376500911277,-500.));
#2185=CARTESIAN_POINT('Ctrl Pts',(464.989078203869,30.4376500911277,500.));
#2186=CARTESIAN_POINT('Ctrl Pts',(463.551414341794,30.9856037508676,-500.));
#2187=CARTESIAN_POINT('Ctrl Pts',(463.551414341794,30.9856037508676,500.));
#2188=CARTESIAN_POINT('Ctrl Pts',(462.097600020428,31.525493676038,-500.));
#2189=CARTESIAN_POINT('Ctrl Pts',(462.097600020428,31.525493676038,500.));
#2190=CARTESIAN_POINT('Ctrl Pts',(460.628039491858,32.0574606947735,-500.));
#2191=CARTESIAN_POINT('Ctrl Pts',(460.628039491858,32.0574606947735,500.));
#2192=CARTESIAN_POINT('Ctrl Pts',(459.14311642661,32.5816346387146,-500.));
#2193=CARTESIAN_POINT('Ctrl Pts',(459.14311642661,32.5816346387146,500.));
#2194=CARTESIAN_POINT('Ctrl Pts',(457.643184377093,33.0981492598483,-500.));
#2195=CARTESIAN_POINT('Ctrl Pts',(457.643184377093,33.0981492598483,500.));
#2196=CARTESIAN_POINT('Ctrl Pts',(456.12855409782,33.6071608379013,-500.));
#2197=CARTESIAN_POINT('Ctrl Pts',(456.12855409782,33.6071608379013,500.));
#2198=CARTESIAN_POINT('Ctrl Pts',(454.599504421141,34.1088398156493,-500.));
#2199=CARTESIAN_POINT('Ctrl Pts',(454.599504421141,34.1088398156493,500.));
#2200=CARTESIAN_POINT('Ctrl Pts',(453.056298605776,34.6033564105414,-500.));
#2201=CARTESIAN_POINT('Ctrl Pts',(453.056298605776,34.6033564105414,500.));
#2202=CARTESIAN_POINT('Ctrl Pts',(451.499197269076,35.090869641151,-500.));
#2203=CARTESIAN_POINT('Ctrl Pts',(451.499197269076,35.090869641151,500.));
#2204=CARTESIAN_POINT('Ctrl Pts',(449.928476436175,35.5715116966605,-500.));
#2205=CARTESIAN_POINT('Ctrl Pts',(449.928476436175,35.5715116966605,500.));
#2206=CARTESIAN_POINT('Ctrl Pts',(448.344426803862,36.04538883182,-500.));
#2207=CARTESIAN_POINT('Ctrl Pts',(448.344426803862,36.04538883182,500.));
#2208=CARTESIAN_POINT('Ctrl Pts',(446.747340094695,36.5125935612295,-500.));
#2209=CARTESIAN_POINT('Ctrl Pts',(446.747340094695,36.5125935612295,500.));
#2210=CARTESIAN_POINT('Ctrl Pts',(445.137499755022,36.9732130116979,-500.));
#2211=CARTESIAN_POINT('Ctrl Pts',(445.137499755022,36.9732130116979,500.));
#2212=CARTESIAN_POINT('Ctrl Pts',(443.515168649138,37.427340019656,-500.));
#2213=CARTESIAN_POINT('Ctrl Pts',(443.515168649138,37.427340019656,500.));
#2214=CARTESIAN_POINT('Ctrl Pts',(441.88058175685,37.8750795016712,-500.));
#2215=CARTESIAN_POINT('Ctrl Pts',(441.88058175685,37.8750795016712,500.));
#2216=CARTESIAN_POINT('Ctrl Pts',(440.233953914432,38.3165405942549,-500.));
#2217=CARTESIAN_POINT('Ctrl Pts',(440.233953914432,38.3165405942549,500.));
#2218=CARTESIAN_POINT('Ctrl Pts',(438.57548539981,38.7518306914563,-500.));
#2219=CARTESIAN_POINT('Ctrl Pts',(438.57548539981,38.7518306914563,500.));
#2220=CARTESIAN_POINT('Ctrl Pts',(436.905368013096,39.1810493773915,-500.));
#2221=CARTESIAN_POINT('Ctrl Pts',(436.905368013096,39.1810493773915,500.));
#2222=CARTESIAN_POINT('Ctrl Pts',(435.223791822051,39.6042807897732,-500.));
#2223=CARTESIAN_POINT('Ctrl Pts',(435.223791822051,39.6042807897732,500.));
#2224=CARTESIAN_POINT('Ctrl Pts',(433.530945942179,40.0215972159838,-500.));
#2225=CARTESIAN_POINT('Ctrl Pts',(433.530945942179,40.0215972159838,500.));
#2226=CARTESIAN_POINT('Ctrl Pts',(431.827017282512,40.4330665775092,-500.));
#2227=CARTESIAN_POINT('Ctrl Pts',(431.827017282512,40.4330665775092,500.));
#2228=CARTESIAN_POINT('Ctrl Pts',(430.112189973366,40.8387583119514,-500.));
#2229=CARTESIAN_POINT('Ctrl Pts',(430.112189973366,40.8387583119514,500.));
#2230=CARTESIAN_POINT('Ctrl Pts',(428.386644511026,41.2387506178997,-500.));
#2231=CARTESIAN_POINT('Ctrl Pts',(428.386644511026,41.2387506178997,500.));
#2232=CARTESIAN_POINT('Ctrl Pts',(426.650557020775,41.6331350926862,-500.));
#2233=CARTESIAN_POINT('Ctrl Pts',(426.650557020775,41.6331350926862,500.));
#2234=CARTESIAN_POINT('Ctrl Pts',(424.90409858593,42.0220079076221,-500.));
#2235=CARTESIAN_POINT('Ctrl Pts',(424.90409858593,42.0220079076221,500.));
#2236=CARTESIAN_POINT('Ctrl Pts',(423.147434496117,42.4054620622286,-500.));
#2237=CARTESIAN_POINT('Ctrl Pts',(423.147434496117,42.4054620622286,500.));
#2238=CARTESIAN_POINT('Ctrl Pts',(421.380723709688,42.7835801230399,-500.));
#2239=CARTESIAN_POINT('Ctrl Pts',(421.380723709688,42.7835801230399,500.));
#2240=CARTESIAN_POINT('Ctrl Pts',(419.604117783382,43.1564245957964,-500.));
#2241=CARTESIAN_POINT('Ctrl Pts',(419.604117783382,43.1564245957964,500.));
#2242=CARTESIAN_POINT('Ctrl Pts',(417.817761643339,43.5240372560263,-500.));
#2243=CARTESIAN_POINT('Ctrl Pts',(417.817761643339,43.5240372560263,500.));
#2244=CARTESIAN_POINT('Ctrl Pts',(416.021796542261,43.8864496872214,-500.));
#2245=CARTESIAN_POINT('Ctrl Pts',(416.021796542261,43.8864496872214,500.));
#2246=CARTESIAN_POINT('Ctrl Pts',(414.216362661413,44.2436914058604,-500.));
#2247=CARTESIAN_POINT('Ctrl Pts',(414.216362661413,44.2436914058604,500.));
#2248=CARTESIAN_POINT('Ctrl Pts',(412.401601429005,44.5957980410033,-500.));
#2249=CARTESIAN_POINT('Ctrl Pts',(412.401601429005,44.5957980410033,500.));
#2250=CARTESIAN_POINT('Ctrl Pts',(410.577659024643,44.9428217954345,-500.));
#2251=CARTESIAN_POINT('Ctrl Pts',(410.577659024643,44.9428217954345,500.));
#2252=CARTESIAN_POINT('Ctrl Pts',(408.744684283943,45.2848298546395,-500.));
#2253=CARTESIAN_POINT('Ctrl Pts',(408.744684283943,45.2848298546395,500.));
#2254=CARTESIAN_POINT('Ctrl Pts',(406.902823490652,45.6218958022783,-500.));
#2255=CARTESIAN_POINT('Ctrl Pts',(406.902823490652,45.6218958022783,500.));
#2256=CARTESIAN_POINT('Ctrl Pts',(405.052215859132,45.9540928935559,-500.));
#2257=CARTESIAN_POINT('Ctrl Pts',(405.052215859132,45.9540928935559,500.));
#2258=CARTESIAN_POINT('Ctrl Pts',(403.192989319365,46.28148721435,-500.));
#2259=CARTESIAN_POINT('Ctrl Pts',(403.192989319365,46.28148721435,500.));
#2260=CARTESIAN_POINT('Ctrl Pts',(401.32525467935,46.6041292251126,-500.));
#2261=CARTESIAN_POINT('Ctrl Pts',(401.32525467935,46.6041292251126,500.));
#2262=CARTESIAN_POINT('Ctrl Pts',(399.449109039149,46.9220555744283,-500.));
#2263=CARTESIAN_POINT('Ctrl Pts',(399.449109039149,46.9220555744283,500.));
#2264=CARTESIAN_POINT('Ctrl Pts',(397.564642756006,47.2352950100837,-500.));
#2265=CARTESIAN_POINT('Ctrl Pts',(397.564642756006,47.2352950100837,500.));
#2266=CARTESIAN_POINT('Ctrl Pts',(395.671945546243,47.5438731295438,-500.));
#2267=CARTESIAN_POINT('Ctrl Pts',(395.671945546243,47.5438731295438,500.));
#2268=CARTESIAN_POINT('Ctrl Pts',(393.771112294521,47.8478172212863,-500.));
#2269=CARTESIAN_POINT('Ctrl Pts',(393.771112294521,47.8478172212863,500.));
#2270=CARTESIAN_POINT('Ctrl Pts',(391.862250640298,48.1471620633754,-500.));
#2271=CARTESIAN_POINT('Ctrl Pts',(391.862250640298,48.1471620633754,500.));
#2272=CARTESIAN_POINT('Ctrl Pts',(389.945478778222,48.4419498376228,-500.));
#2273=CARTESIAN_POINT('Ctrl Pts',(389.945478778222,48.4419498376228,500.));
#2274=CARTESIAN_POINT('Ctrl Pts',(388.020919060399,48.7322274006631,-500.));
#2275=CARTESIAN_POINT('Ctrl Pts',(388.020919060399,48.7322274006631,500.));
#2276=CARTESIAN_POINT('Ctrl Pts',(386.088692690942,49.0180443801318,-500.));
#2277=CARTESIAN_POINT('Ctrl Pts',(386.088692690942,49.0180443801318,500.));
#2278=CARTESIAN_POINT('Ctrl Pts',(384.148914535467,49.2994509847973,-500.));
#2279=CARTESIAN_POINT('Ctrl Pts',(384.148914535467,49.2994509847973,500.));
#2280=CARTESIAN_POINT('Ctrl Pts',(382.201686467974,49.5764957939217,-500.));
#2281=CARTESIAN_POINT('Ctrl Pts',(382.201686467974,49.5764957939217,500.));
#2282=CARTESIAN_POINT('Ctrl Pts',(380.247097513718,49.8492242006161,-500.));
#2283=CARTESIAN_POINT('Ctrl Pts',(380.247097513718,49.8492242006161,500.));
#2284=CARTESIAN_POINT('Ctrl Pts',(378.285229048838,50.1176774859032,-500.));
#2285=CARTESIAN_POINT('Ctrl Pts',(378.285229048838,50.1176774859032,500.));
#2286=CARTESIAN_POINT('Ctrl Pts',(376.316158650465,50.3818915954197,-500.));
#2287=CARTESIAN_POINT('Ctrl Pts',(376.316158650465,50.3818915954197,500.));
#2288=CARTESIAN_POINT('Ctrl Pts',(374.339964212409,50.6418962789118,-500.));
#2289=CARTESIAN_POINT('Ctrl Pts',(374.339964212409,50.6418962789118,500.));
#2290=CARTESIAN_POINT('Ctrl Pts',(372.356728647214,50.8977134954705,-500.));
#2291=CARTESIAN_POINT('Ctrl Pts',(372.356728647214,50.8977134954705,500.));
#2292=CARTESIAN_POINT('Ctrl Pts',(370.366541942351,51.1493581107248,-500.));
#2293=CARTESIAN_POINT('Ctrl Pts',(370.366541942351,51.1493581107248,500.));
#2294=CARTESIAN_POINT('Ctrl Pts',(368.369498190724,51.3968426742835,-500.));
#2295=CARTESIAN_POINT('Ctrl Pts',(368.369498190724,51.3968426742835,500.));
#2296=CARTESIAN_POINT('Ctrl Pts',(366.365693740471,51.6401813254224,-500.));
#2297=CARTESIAN_POINT('Ctrl Pts',(366.365693740471,51.6401813254224,500.));
#2298=CARTESIAN_POINT('Ctrl Pts',(364.355224911024,51.8793939770019,-500.));
#2299=CARTESIAN_POINT('Ctrl Pts',(364.355224911024,51.8793939770019,500.));
#2300=CARTESIAN_POINT('Ctrl Pts',(362.338185857049,52.1145105483715,-500.));
#2301=CARTESIAN_POINT('Ctrl Pts',(362.338185857049,52.1145105483715,500.));
#2302=CARTESIAN_POINT('Ctrl Pts',(360.314666474394,52.3455746962538,-500.));
#2303=CARTESIAN_POINT('Ctrl Pts',(360.314666474394,52.3455746962538,500.));
#2304=CARTESIAN_POINT('Ctrl Pts',(358.28475222356,52.5726381158152,-500.));
#2305=CARTESIAN_POINT('Ctrl Pts',(358.28475222356,52.5726381158152,500.));
#2306=CARTESIAN_POINT('Ctrl Pts',(356.248523865055,52.7957554796934,-500.));
#2307=CARTESIAN_POINT('Ctrl Pts',(356.248523865055,52.7957554796934,500.));
#2308=CARTESIAN_POINT('Ctrl Pts',(354.20605717109,53.0149789007191,-500.));
#2309=CARTESIAN_POINT('Ctrl Pts',(354.20605717109,53.0149789007191,500.));
#2310=CARTESIAN_POINT('Ctrl Pts',(352.157422779342,53.2303531340045,-500.));
#2311=CARTESIAN_POINT('Ctrl Pts',(352.157422779342,53.2303531340045,500.));
#2312=CARTESIAN_POINT('Ctrl Pts',(350.102685650497,53.4419090976184,-500.));
#2313=CARTESIAN_POINT('Ctrl Pts',(350.102685650497,53.4419090976184,500.));
#2314=CARTESIAN_POINT('Ctrl Pts',(348.041906499812,53.6496654808526,-500.));
#2315=CARTESIAN_POINT('Ctrl Pts',(348.041906499812,53.6496654808526,500.));
#2316=CARTESIAN_POINT('Ctrl Pts',(345.975144090828,53.8536339250959,-500.));
#2317=CARTESIAN_POINT('Ctrl Pts',(345.975144090828,53.8536339250959,500.));
#2318=CARTESIAN_POINT('Ctrl Pts',(343.902457304064,54.0538231592403,-500.));
#2319=CARTESIAN_POINT('Ctrl Pts',(343.902457304064,54.0538231592403,500.));
#2320=CARTESIAN_POINT('Ctrl Pts',(341.823907188732,54.2502433655434,-500.));
#2321=CARTESIAN_POINT('Ctrl Pts',(341.823907188732,54.2502433655434,500.));
#2322=CARTESIAN_POINT('Ctrl Pts',(339.739559285352,54.4429109336912,-500.));
#2323=CARTESIAN_POINT('Ctrl Pts',(339.739559285352,54.4429109336912,500.));
#2324=CARTESIAN_POINT('Ctrl Pts',(337.649485020311,54.6318515476205,-500.));
#2325=CARTESIAN_POINT('Ctrl Pts',(337.649485020311,54.6318515476205,500.));
#2326=CARTESIAN_POINT('Ctrl Pts',(335.55375942825,54.8170964465675,-500.));
#2327=CARTESIAN_POINT('Ctrl Pts',(335.55375942825,54.8170964465675,500.));
#2328=CARTESIAN_POINT('Ctrl Pts',(333.452459466185,54.9986798051062,-500.));
#2329=CARTESIAN_POINT('Ctrl Pts',(333.452459466185,54.9986798051062,500.));
#2330=CARTESIAN_POINT('Ctrl Pts',(331.345662041297,55.1766355455429,-500.));
#2331=CARTESIAN_POINT('Ctrl Pts',(331.345662041297,55.1766355455429,500.));
#2332=CARTESIAN_POINT('Ctrl Pts',(329.233442286585,55.3509946895678,-500.));
#2333=CARTESIAN_POINT('Ctrl Pts',(329.233442286585,55.3509946895678,500.));
#2334=CARTESIAN_POINT('Ctrl Pts',(327.115871410589,55.5217817236014,-500.));
#2335=CARTESIAN_POINT('Ctrl Pts',(327.115871410589,55.5217817236014,500.));
#2336=CARTESIAN_POINT('Ctrl Pts',(324.993016429416,55.689015398362,-500.));
#2337=CARTESIAN_POINT('Ctrl Pts',(324.993016429416,55.689015398362,500.));
#2338=CARTESIAN_POINT('Ctrl Pts',(322.864940763561,55.8527115628387,-500.));
#2339=CARTESIAN_POINT('Ctrl Pts',(322.864940763561,55.8527115628387,500.));
#2340=CARTESIAN_POINT('Ctrl Pts',(320.731704560166,56.0128853694377,-500.));
#2341=CARTESIAN_POINT('Ctrl Pts',(320.731704560166,56.0128853694377,500.));
#2342=CARTESIAN_POINT('Ctrl Pts',(318.593365132298,56.1695537087661,-500.));
#2343=CARTESIAN_POINT('Ctrl Pts',(318.593365132298,56.1695537087661,500.));
#2344=CARTESIAN_POINT('Ctrl Pts',(316.449977341004,56.3227376206327,-500.));
#2345=CARTESIAN_POINT('Ctrl Pts',(316.449977341004,56.3227376206327,500.));
#2346=CARTESIAN_POINT('Ctrl Pts',(314.301594022663,56.4724645018375,-500.));
#2347=CARTESIAN_POINT('Ctrl Pts',(314.301594022663,56.4724645018375,500.));
#2348=CARTESIAN_POINT('Ctrl Pts',(312.148266956761,56.6187654118293,-500.));
#2349=CARTESIAN_POINT('Ctrl Pts',(312.148266956761,56.6187654118293,500.));
#2350=CARTESIAN_POINT('Ctrl Pts',(309.990047786447,56.7616726707753,-500.));
#2351=CARTESIAN_POINT('Ctrl Pts',(309.990047786447,56.7616726707753,500.));
#2352=CARTESIAN_POINT('Ctrl Pts',(307.82698900671,56.9012172417701,-500.));
#2353=CARTESIAN_POINT('Ctrl Pts',(307.82698900671,56.9012172417701,500.));
#2354=CARTESIAN_POINT('Ctrl Pts',(305.659144809945,57.0374264441567,-500.));
#2355=CARTESIAN_POINT('Ctrl Pts',(305.659144809945,57.0374264441567,500.));
#2356=CARTESIAN_POINT('Ctrl Pts',(303.486572269362,57.170320943354,-500.));
#2357=CARTESIAN_POINT('Ctrl Pts',(303.486572269362,57.170320943354,500.));
#2358=CARTESIAN_POINT('Ctrl Pts',(301.309331424016,57.2999140524222,-500.));
#2359=CARTESIAN_POINT('Ctrl Pts',(301.309331424016,57.2999140524222,500.));
#2360=CARTESIAN_POINT('Ctrl Pts',(299.127483382738,57.426215166387,-500.));
#2361=CARTESIAN_POINT('Ctrl Pts',(299.127483382738,57.426215166387,500.));
#2362=CARTESIAN_POINT('Ctrl Pts',(296.941088914456,57.5492322101861,-500.));
#2363=CARTESIAN_POINT('Ctrl Pts',(296.941088914456,57.5492322101861,500.));
#2364=CARTESIAN_POINT('Ctrl Pts',(294.750206751764,57.6689746143345,-500.));
#2365=CARTESIAN_POINT('Ctrl Pts',(294.750206751764,57.6689746143345,500.));
#2366=CARTESIAN_POINT('Ctrl Pts',(292.554892228339,57.7854557608005,-500.));
#2367=CARTESIAN_POINT('Ctrl Pts',(292.554892228339,57.7854557608005,500.));
#2368=CARTESIAN_POINT('Ctrl Pts',(290.355195242025,57.8986964208163,-500.));
#2369=CARTESIAN_POINT('Ctrl Pts',(290.355195242025,57.8986964208163,500.));
#2370=CARTESIAN_POINT('Ctrl Pts',(288.151160994062,58.0087241904442,-500.));
#2371=CARTESIAN_POINT('Ctrl Pts',(288.151160994062,58.0087241904442,500.));
#2372=CARTESIAN_POINT('Ctrl Pts',(285.942832476208,58.1155704284878,-500.));
#2373=CARTESIAN_POINT('Ctrl Pts',(285.942832476208,58.1155704284878,500.));
#2374=CARTESIAN_POINT('Ctrl Pts',(283.730252391479,58.2192679835844,-500.));
#2375=CARTESIAN_POINT('Ctrl Pts',(283.730252391479,58.2192679835844,500.));
#2376=CARTESIAN_POINT('Ctrl Pts',(281.51346539636,58.3198485134689,-500.));
#2377=CARTESIAN_POINT('Ctrl Pts',(281.51346539636,58.3198485134689,500.));
#2378=CARTESIAN_POINT('Ctrl Pts',(279.292520001317,58.4173401697181,-500.));
#2379=CARTESIAN_POINT('Ctrl Pts',(279.292520001317,58.4173401697181,500.));
#2380=CARTESIAN_POINT('Ctrl Pts',(277.067471149314,58.5117646288542,-500.));
#2381=CARTESIAN_POINT('Ctrl Pts',(277.067471149314,58.5117646288542,500.));
#2382=CARTESIAN_POINT('Ctrl Pts',(274.838378526914,58.6031381184335,-500.));
#2383=CARTESIAN_POINT('Ctrl Pts',(274.838378526914,58.6031381184335,500.));
#2384=CARTESIAN_POINT('Ctrl Pts',(272.605303793073,58.6914734463156,-500.));
#2385=CARTESIAN_POINT('Ctrl Pts',(272.605303793073,58.6914734463156,500.));
#2386=CARTESIAN_POINT('Ctrl Pts',(270.368308195878,58.7767816780439,-500.));
#2387=CARTESIAN_POINT('Ctrl Pts',(270.368308195878,58.7767816780439,500.));
#2388=CARTESIAN_POINT('Ctrl Pts',(268.127449980089,58.8590739884255,-500.));
#2389=CARTESIAN_POINT('Ctrl Pts',(268.127449980089,58.8590739884255,500.));
#2390=CARTESIAN_POINT('Ctrl Pts',(265.882781993898,58.9383633754804,-500.));
#2391=CARTESIAN_POINT('Ctrl Pts',(265.882781993898,58.9383633754804,500.));
#2392=CARTESIAN_POINT('Ctrl Pts',(263.634348916019,59.0146666024187,-500.));
#2393=CARTESIAN_POINT('Ctrl Pts',(263.634348916019,59.0146666024187,500.));
#2394=CARTESIAN_POINT('Ctrl Pts',(261.382189085672,59.0880034933374,-500.));
#2395=CARTESIAN_POINT('Ctrl Pts',(261.382189085672,59.0880034933374,500.));
#2396=CARTESIAN_POINT('Ctrl Pts',(259.126336774289,59.1583959779693,-500.));
#2397=CARTESIAN_POINT('Ctrl Pts',(259.126336774289,59.1583959779693,500.));
#2398=CARTESIAN_POINT('Ctrl Pts',(256.866824293903,59.2258672277173,-500.));
#2399=CARTESIAN_POINT('Ctrl Pts',(256.866824293903,59.2258672277173,500.));
#2400=CARTESIAN_POINT('Ctrl Pts',(254.60368418645,59.2904407494194,-500.));
#2401=CARTESIAN_POINT('Ctrl Pts',(254.60368418645,59.2904407494194,500.));
#2402=CARTESIAN_POINT('Ctrl Pts',(252.336951349928,59.3521395061952,-500.));
#2403=CARTESIAN_POINT('Ctrl Pts',(252.336951349928,59.3521395061952,500.));
#2404=CARTESIAN_POINT('Ctrl Pts',(250.066665269431,59.410985002248,-500.));
#2405=CARTESIAN_POINT('Ctrl Pts',(250.066665269431,59.410985002248,500.));
#2406=CARTESIAN_POINT('Ctrl Pts',(247.792869266622,59.4669973015651,-500.));
#2407=CARTESIAN_POINT('Ctrl Pts',(247.792869266622,59.4669973015651,500.));
#2408=CARTESIAN_POINT('Ctrl Pts',(245.515609650057,59.5201950764317,-500.));
#2409=CARTESIAN_POINT('Ctrl Pts',(245.515609650057,59.5201950764317,500.));
#2410=CARTESIAN_POINT('Ctrl Pts',(243.234934902151,59.5705956461502,-500.));
#2411=CARTESIAN_POINT('Ctrl Pts',(243.234934902151,59.5705956461502,500.));
#2412=CARTESIAN_POINT('Ctrl Pts',(240.950894849665,59.6182150175129,-500.));
#2413=CARTESIAN_POINT('Ctrl Pts',(240.950894849665,59.6182150175129,500.));
#2414=CARTESIAN_POINT('Ctrl Pts',(238.663539843656,59.6630679301153,-500.));
#2415=CARTESIAN_POINT('Ctrl Pts',(238.663539843656,59.6630679301153,500.));
#2416=CARTESIAN_POINT('Ctrl Pts',(236.372919928928,59.7051678841167,-500.));
#2417=CARTESIAN_POINT('Ctrl Pts',(236.372919928928,59.7051678841167,500.));
#2418=CARTESIAN_POINT('Ctrl Pts',(234.079084272705,59.7445278566607,-500.));
#2419=CARTESIAN_POINT('Ctrl Pts',(234.079084272705,59.7445278566607,500.));
#2420=CARTESIAN_POINT('Ctrl Pts',(231.782080597321,59.7811610430461,-500.));
#2421=CARTESIAN_POINT('Ctrl Pts',(231.782080597321,59.7811610430461,500.));
#2422=CARTESIAN_POINT('Ctrl Pts',(229.481954617609,59.8150815811696,-500.));
#2423=CARTESIAN_POINT('Ctrl Pts',(229.481954617609,59.8150815811696,500.));
#2424=CARTESIAN_POINT('Ctrl Pts',(227.178749462416,59.8463053003132,-500.));
#2425=CARTESIAN_POINT('Ctrl Pts',(227.178749462416,59.8463053003132,500.));
#2426=CARTESIAN_POINT('Ctrl Pts',(224.872505135569,59.8748504188589,-500.));
#2427=CARTESIAN_POINT('Ctrl Pts',(224.872505135569,59.8748504188589,500.));
#2428=CARTESIAN_POINT('Ctrl Pts',(222.563257871599,59.9007383739203,-500.));
#2429=CARTESIAN_POINT('Ctrl Pts',(222.563257871599,59.9007383739203,500.));
#2430=CARTESIAN_POINT('Ctrl Pts',(220.251041124757,59.9239926068923,-500.));
#2431=CARTESIAN_POINT('Ctrl Pts',(220.251041124757,59.9239926068923,500.));
#2432=CARTESIAN_POINT('Ctrl Pts',(217.935886693127,59.944637176174,-500.));
#2433=CARTESIAN_POINT('Ctrl Pts',(217.935886693127,59.944637176174,500.));
#2434=CARTESIAN_POINT('Ctrl Pts',(215.617825782657,59.9626954538667,-500.));
#2435=CARTESIAN_POINT('Ctrl Pts',(215.617825782657,59.9626954538667,500.));
#2436=CARTESIAN_POINT('Ctrl Pts',(213.296890122108,59.9781887382367,-500.));
#2437=CARTESIAN_POINT('Ctrl Pts',(213.296890122108,59.9781887382367,500.));
#2438=CARTESIAN_POINT('Ctrl Pts',(210.973112996235,59.9911350167288,-500.));
#2439=CARTESIAN_POINT('Ctrl Pts',(210.973112996235,59.9911350167288,500.));
#2440=CARTESIAN_POINT('Ctrl Pts',(208.646530471509,60.0015473632869,-500.));
#2441=CARTESIAN_POINT('Ctrl Pts',(208.646530471509,60.0015473632869,500.));
#2442=CARTESIAN_POINT('Ctrl Pts',(206.317181158351,60.0094351513116,-500.));
#2443=CARTESIAN_POINT('Ctrl Pts',(206.317181158351,60.0094351513116,500.));
#2444=CARTESIAN_POINT('Ctrl Pts',(203.985105685765,60.0148058404662,-500.));
#2445=CARTESIAN_POINT('Ctrl Pts',(203.985105685765,60.0148058404662,500.));
#2446=CARTESIAN_POINT('Ctrl Pts',(201.650346272607,60.0176665343162,-500.));
#2447=CARTESIAN_POINT('Ctrl Pts',(201.650346272607,60.0176665343162,500.));
#2448=CARTESIAN_POINT('Ctrl Pts',(199.312946264714,60.0180257026757,-500.));
#2449=CARTESIAN_POINT('Ctrl Pts',(199.312946264714,60.0180257026757,500.));
#2450=CARTESIAN_POINT('Ctrl Pts',(196.972949671618,60.0158946734896,-500.));
#2451=CARTESIAN_POINT('Ctrl Pts',(196.972949671618,60.0158946734896,500.));
#2452=CARTESIAN_POINT('Ctrl Pts',(194.630400742075,60.011289630883,-500.));
#2453=CARTESIAN_POINT('Ctrl Pts',(194.630400742075,60.011289630883,500.));
#2454=CARTESIAN_POINT('Ctrl Pts',(192.285343305458,60.004231172701,-500.));
#2455=CARTESIAN_POINT('Ctrl Pts',(192.285343305458,60.004231172701,500.));
#2456=CARTESIAN_POINT('Ctrl Pts',(189.937819989019,59.9947427802499,-500.));
#2457=CARTESIAN_POINT('Ctrl Pts',(189.937819989019,59.9947427802499,500.));
#2458=CARTESIAN_POINT('Ctrl Pts',(187.587871503838,59.9828496502045,-500.));
#2459=CARTESIAN_POINT('Ctrl Pts',(187.587871503838,59.9828496502045,500.));
#2460=CARTESIAN_POINT('Ctrl Pts',(185.23553583823,59.968577342241,-500.));
#2461=CARTESIAN_POINT('Ctrl Pts',(185.23553583823,59.968577342241,500.));
#2462=CARTESIAN_POINT('Ctrl Pts',(182.880847639306,59.9519505838231,-500.));
#2463=CARTESIAN_POINT('Ctrl Pts',(182.880847639306,59.9519505838231,500.));
#2464=CARTESIAN_POINT('Ctrl Pts',(180.523837146474,59.9329918144335,-500.));
#2465=CARTESIAN_POINT('Ctrl Pts',(180.523837146474,59.9329918144335,500.));
#2466=CARTESIAN_POINT('Ctrl Pts',(178.164530777014,59.9117206055258,-500.));
#2467=CARTESIAN_POINT('Ctrl Pts',(178.164530777014,59.9117206055258,500.));
#2468=CARTESIAN_POINT('Ctrl Pts',(175.802953373079,59.8881539264176,-500.));
#2469=CARTESIAN_POINT('Ctrl Pts',(175.802953373079,59.8881539264176,500.));
#2470=CARTESIAN_POINT('Ctrl Pts',(173.439129964569,59.8623061915797,-500.));
#2471=CARTESIAN_POINT('Ctrl Pts',(173.439129964569,59.8623061915797,500.));
#2472=CARTESIAN_POINT('Ctrl Pts',(171.073087801659,59.8341893748616,-500.));
#2473=CARTESIAN_POINT('Ctrl Pts',(171.073087801659,59.8341893748616,500.));
#2474=CARTESIAN_POINT('Ctrl Pts',(168.704858106183,59.8038131466103,-500.));
#2475=CARTESIAN_POINT('Ctrl Pts',(168.704858106183,59.8038131466103,500.));
#2476=CARTESIAN_POINT('Ctrl Pts',(166.334478343254,59.7711848766266,-500.));
#2477=CARTESIAN_POINT('Ctrl Pts',(166.334478343254,59.7711848766266,500.));
#2478=CARTESIAN_POINT('Ctrl Pts',(163.961992988512,59.7363100936288,-500.));
#2479=CARTESIAN_POINT('Ctrl Pts',(163.961992988512,59.7363100936288,500.));
#2480=CARTESIAN_POINT('Ctrl Pts',(161.587450304197,59.6991941946508,-500.));
#2481=CARTESIAN_POINT('Ctrl Pts',(161.587450304197,59.6991941946508,500.));
#2482=CARTESIAN_POINT('Ctrl Pts',(159.210899858931,59.659843918428,-500.));
#2483=CARTESIAN_POINT('Ctrl Pts',(159.210899858931,59.659843918428,500.));
#2484=CARTESIAN_POINT('Ctrl Pts',(156.832389745999,59.6182689183853,-500.));
#2485=CARTESIAN_POINT('Ctrl Pts',(156.832389745999,59.6182689183853,500.));
#2486=CARTESIAN_POINT('Ctrl Pts',(154.45196394652,59.574483279197,-500.));
#2487=CARTESIAN_POINT('Ctrl Pts',(154.45196394652,59.574483279197,500.));
#2488=CARTESIAN_POINT('Ctrl Pts',(152.069659591925,59.5285070905748,-500.));
#2489=CARTESIAN_POINT('Ctrl Pts',(152.069659591925,59.5285070905748,500.));
#2490=CARTESIAN_POINT('Ctrl Pts',(149.68550437622,59.4803679054231,-500.));
#2491=CARTESIAN_POINT('Ctrl Pts',(149.68550437622,59.4803679054231,500.));
#2492=CARTESIAN_POINT('Ctrl Pts',(147.299519491542,59.430097585314,-500.));
#2493=CARTESIAN_POINT('Ctrl Pts',(147.299519491542,59.430097585314,500.));
#2494=CARTESIAN_POINT('Ctrl Pts',(144.911722478064,59.377729205878,-500.));
#2495=CARTESIAN_POINT('Ctrl Pts',(144.911722478064,59.377729205878,500.));
#2496=CARTESIAN_POINT('Ctrl Pts',(142.522130056461,59.3232940079763,-500.));
#2497=CARTESIAN_POINT('Ctrl Pts',(142.522130056461,59.3232940079763,500.));
#2498=CARTESIAN_POINT('Ctrl Pts',(140.130761079069,59.2668181753169,-500.));
#2499=CARTESIAN_POINT('Ctrl Pts',(140.130761079069,59.2668181753169,500.));
#2500=CARTESIAN_POINT('Ctrl Pts',(137.737639169482,59.2083200474614,-500.));
#2501=CARTESIAN_POINT('Ctrl Pts',(137.737639169482,59.2083200474614,500.));
#2502=CARTESIAN_POINT('Ctrl Pts',(135.342796167201,59.1478062160683,-500.));
#2503=CARTESIAN_POINT('Ctrl Pts',(135.342796167201,59.1478062160683,500.));
#2504=CARTESIAN_POINT('Ctrl Pts',(132.94627103087,59.0852739220254,-500.));
#2505=CARTESIAN_POINT('Ctrl Pts',(132.94627103087,59.0852739220254,500.));
#2506=CARTESIAN_POINT('Ctrl Pts',(130.548107158332,59.0207156675221,-500.));
#2507=CARTESIAN_POINT('Ctrl Pts',(130.548107158332,59.0207156675221,500.));
#2508=CARTESIAN_POINT('Ctrl Pts',(128.148350263315,58.9541230168943,-500.));
#2509=CARTESIAN_POINT('Ctrl Pts',(128.148350263315,58.9541230168943,500.));
#2510=CARTESIAN_POINT('Ctrl Pts',(125.74704594302,58.8854909157092,-500.));
#2511=CARTESIAN_POINT('Ctrl Pts',(125.74704594302,58.8854909157092,500.));
#2512=CARTESIAN_POINT('Ctrl Pts',(123.34423755629,58.8148213709609,-500.));
#2513=CARTESIAN_POINT('Ctrl Pts',(123.34423755629,58.8148213709609,500.));
#2514=CARTESIAN_POINT('Ctrl Pts',(120.939963533156,58.7421284245193,-500.));
#2515=CARTESIAN_POINT('Ctrl Pts',(120.939963533156,58.7421284245193,500.));
#2516=CARTESIAN_POINT('Ctrl Pts',(118.534256494732,58.667438903835,-500.));
#2517=CARTESIAN_POINT('Ctrl Pts',(118.534256494732,58.667438903835,500.));
#2518=CARTESIAN_POINT('Ctrl Pts',(116.127144921123,58.5907871918351,-500.));
#2519=CARTESIAN_POINT('Ctrl Pts',(116.127144921123,58.5907871918351,500.));
#2520=CARTESIAN_POINT('Ctrl Pts',(113.71865419986,58.5122114616844,-500.));
#2521=CARTESIAN_POINT('Ctrl Pts',(113.71865419986,58.5122114616844,500.));
#2522=CARTESIAN_POINT('Ctrl Pts',(111.308807929049,58.4317492888792,-500.));
#2523=CARTESIAN_POINT('Ctrl Pts',(111.308807929049,58.4317492888792,500.));
#2524=CARTESIAN_POINT('Ctrl Pts',(108.897629101673,58.3494335996748,-500.));
#2525=CARTESIAN_POINT('Ctrl Pts',(108.897629101673,58.3494335996748,500.));
#2526=CARTESIAN_POINT('Ctrl Pts',(106.485141364477,58.2652883087392,-500.));
#2527=CARTESIAN_POINT('Ctrl Pts',(106.485141364477,58.2652883087392,500.));
#2528=CARTESIAN_POINT('Ctrl Pts',(104.071370177538,58.1793245632067,-500.));
#2529=CARTESIAN_POINT('Ctrl Pts',(104.071370177538,58.1793245632067,500.));
#2530=CARTESIAN_POINT('Ctrl Pts',(101.656342848912,58.0915446989279,-500.));
#2531=CARTESIAN_POINT('Ctrl Pts',(101.656342848912,58.0915446989279,500.));
#2532=CARTESIAN_POINT('Ctrl Pts',(99.2400886399395,58.0019457761206,-500.));
#2533=CARTESIAN_POINT('Ctrl Pts',(99.2400886399395,58.0019457761206,500.));
#2534=CARTESIAN_POINT('Ctrl Pts',(96.822638831135,57.9105232064189,-500.));
#2535=CARTESIAN_POINT('Ctrl Pts',(96.822638831135,57.9105232064189,500.));
#2536=CARTESIAN_POINT('Ctrl Pts',(94.4040268340206,57.8172744939098,-500.));
#2537=CARTESIAN_POINT('Ctrl Pts',(94.4040268340206,57.8172744939098,500.));
#2538=CARTESIAN_POINT('Ctrl Pts',(91.984288214904,57.7222025696342,-500.));
#2539=CARTESIAN_POINT('Ctrl Pts',(91.984288214904,57.7222025696342,500.));
#2540=CARTESIAN_POINT('Ctrl Pts',(89.5634609315081,57.6253202161123,-500.));
#2541=CARTESIAN_POINT('Ctrl Pts',(89.5634609315081,57.6253202161123,500.));
#2542=CARTESIAN_POINT('Ctrl Pts',(87.1415844667297,57.5266487527072,-500.));
#2543=CARTESIAN_POINT('Ctrl Pts',(87.1415844667297,57.5266487527072,500.));
#2544=CARTESIAN_POINT('Ctrl Pts',(84.7186985075116,57.4262143894051,-500.));
#2545=CARTESIAN_POINT('Ctrl Pts',(84.7186985075116,57.4262143894051,500.));
#2546=CARTESIAN_POINT('Ctrl Pts',(82.2948417943218,57.3240453824759,-500.));
#2547=CARTESIAN_POINT('Ctrl Pts',(82.2948417943218,57.3240453824759,500.));
#2548=CARTESIAN_POINT('Ctrl Pts',(79.8700508477528,57.2201687523263,-500.));
#2549=CARTESIAN_POINT('Ctrl Pts',(79.8700508477528,57.2201687523263,500.));
#2550=CARTESIAN_POINT('Ctrl Pts',(77.4443588678224,57.1146074294125,-500.));
#2551=CARTESIAN_POINT('Ctrl Pts',(77.4443588678224,57.1146074294125,500.));
#2552=CARTESIAN_POINT('Ctrl Pts',(75.0177942686772,57.0073766348603,-500.));
#2553=CARTESIAN_POINT('Ctrl Pts',(75.0177942686772,57.0073766348603,500.));
#2554=CARTESIAN_POINT('Ctrl Pts',(72.590380327367,56.8984825067195,-500.));
#2555=CARTESIAN_POINT('Ctrl Pts',(72.590380327367,56.8984825067195,500.));
#2556=CARTESIAN_POINT('Ctrl Pts',(70.1621372863495,56.7879256348075,-500.));
#2557=CARTESIAN_POINT('Ctrl Pts',(70.1621372863495,56.7879256348075,500.));
#2558=CARTESIAN_POINT('Ctrl Pts',(67.7330839634327,56.6757036086845,-500.));
#2559=CARTESIAN_POINT('Ctrl Pts',(67.7330839634327,56.6757036086845,500.));
#2560=CARTESIAN_POINT('Ctrl Pts',(65.3032395451698,56.5618139395074,-500.));
#2561=CARTESIAN_POINT('Ctrl Pts',(65.3032395451698,56.5618139395074,500.));
#2562=CARTESIAN_POINT('Ctrl Pts',(62.8726253312636,56.4462568663621,-500.));
#2563=CARTESIAN_POINT('Ctrl Pts',(62.8726253312636,56.4462568663621,500.));
#2564=CARTESIAN_POINT('Ctrl Pts',(60.4412664308437,56.3290381082076,-500.));
#2565=CARTESIAN_POINT('Ctrl Pts',(60.4412664308437,56.3290381082076,500.));
#2566=CARTESIAN_POINT('Ctrl Pts',(58.0091936664084,56.2101719202634,-500.));
#2567=CARTESIAN_POINT('Ctrl Pts',(58.0091936664084,56.2101719202634,500.));
#2568=CARTESIAN_POINT('Ctrl Pts',(55.5764422085983,56.0896792535109,-500.));
#2569=CARTESIAN_POINT('Ctrl Pts',(55.5764422085983,56.0896792535109,500.));
#2570=CARTESIAN_POINT('Ctrl Pts',(53.143049915399,55.9675854764727,-500.));
#2571=CARTESIAN_POINT('Ctrl Pts',(53.143049915399,55.9675854764727,500.));
#2572=CARTESIAN_POINT('Ctrl Pts',(50.7090558067942,55.8439182853878,-500.));
#2573=CARTESIAN_POINT('Ctrl Pts',(50.7090558067942,55.8439182853878,500.));
#2574=CARTESIAN_POINT('Ctrl Pts',(48.2744984173246,55.7187054664082,-500.));
#2575=CARTESIAN_POINT('Ctrl Pts',(48.2744984173246,55.7187054664082,500.));
#2576=CARTESIAN_POINT('Ctrl Pts',(45.8394143522688,55.5919728807591,-500.));
#2577=CARTESIAN_POINT('Ctrl Pts',(45.8394143522688,55.5919728807591,500.));
#2578=CARTESIAN_POINT('Ctrl Pts',(43.4038363826209,55.4637419601022,-500.));
#2579=CARTESIAN_POINT('Ctrl Pts',(43.4038363826209,55.4637419601022,500.));
#2580=CARTESIAN_POINT('Ctrl Pts',(40.9677932144568,55.3340289681239,-500.));
#2581=CARTESIAN_POINT('Ctrl Pts',(40.9677932144568,55.3340289681239,500.));
#2582=CARTESIAN_POINT('Ctrl Pts',(38.5313109384905,55.2028460290583,-500.));
#2583=CARTESIAN_POINT('Ctrl Pts',(38.5313109384905,55.2028460290583,500.));
#2584=CARTESIAN_POINT('Ctrl Pts',(36.0944140218944,55.0702016795076,-500.));
#2585=CARTESIAN_POINT('Ctrl Pts',(36.0944140218944,55.0702016795076,500.));
#2586=CARTESIAN_POINT('Ctrl Pts',(33.6571264942497,54.9361016126188,-500.));
#2587=CARTESIAN_POINT('Ctrl Pts',(33.6571264942497,54.9361016126188,500.));
#2588=CARTESIAN_POINT('Ctrl Pts',(31.2194730339175,54.8005493453226,-500.));
#2589=CARTESIAN_POINT('Ctrl Pts',(31.2194730339175,54.8005493453226,500.));
#2590=CARTESIAN_POINT('Ctrl Pts',(28.7814801362746,54.6635469057335,-500.));
#2591=CARTESIAN_POINT('Ctrl Pts',(28.7814801362746,54.6635469057335,500.));
#2592=CARTESIAN_POINT('Ctrl Pts',(26.3431771356204,54.5250955479474,-500.));
#2593=CARTESIAN_POINT('Ctrl Pts',(26.3431771356204,54.5250955479474,500.));
#2594=CARTESIAN_POINT('Ctrl Pts',(23.904595398581,54.3851970059487,-500.));
#2595=CARTESIAN_POINT('Ctrl Pts',(23.904595398581,54.3851970059487,500.));
#2596=CARTESIAN_POINT('Ctrl Pts',(21.465767618251,54.24385473584,-500.));
#2597=CARTESIAN_POINT('Ctrl Pts',(21.465767618251,54.24385473584,500.));
#2598=CARTESIAN_POINT('Ctrl Pts',(19.0267270819997,54.1010751169437,-500.));
#2599=CARTESIAN_POINT('Ctrl Pts',(19.0267270819997,54.1010751169437,500.));
#2600=CARTESIAN_POINT('Ctrl Pts',(16.5875069240461,53.9568687741021,-500.));
#2601=CARTESIAN_POINT('Ctrl Pts',(16.5875069240461,53.9568687741021,500.));
#2602=CARTESIAN_POINT('Ctrl Pts',(14.1481394463071,53.8112516055334,-500.));
#2603=CARTESIAN_POINT('Ctrl Pts',(14.1481394463071,53.8112516055334,500.));
#2604=CARTESIAN_POINT('Ctrl Pts',(11.7086552539336,53.6642465498959,-500.));
#2605=CARTESIAN_POINT('Ctrl Pts',(11.7086552539336,53.6642465498959,500.));
#2606=CARTESIAN_POINT('Ctrl Pts',(9.26908323965536,53.5158820083821,-500.));
#2607=CARTESIAN_POINT('Ctrl Pts',(9.26908323965536,53.5158820083821,500.));
#2608=CARTESIAN_POINT('Ctrl Pts',(6.82945103809887,53.3661884002913,-500.));
#2609=CARTESIAN_POINT('Ctrl Pts',(6.82945103809887,53.3661884002913,500.));
#2610=CARTESIAN_POINT('Ctrl Pts',(4.38978533379331,53.2151953307696,-500.));
#2611=CARTESIAN_POINT('Ctrl Pts',(4.38978533379331,53.2151953307696,500.));
#2612=CARTESIAN_POINT('Ctrl Pts',(1.95011223236999,53.0629284256853,-500.));
#2613=CARTESIAN_POINT('Ctrl Pts',(1.95011223236999,53.0629284256853,500.));
#2614=CARTESIAN_POINT('Ctrl Pts',(-0.489542401268276,52.909406492312,-500.));
#2615=CARTESIAN_POINT('Ctrl Pts',(-0.489542401268276,52.909406492312,500.));
#2616=CARTESIAN_POINT('Ctrl Pts',(-2.9291525763807,52.7546381014294,-500.));
#2617=CARTESIAN_POINT('Ctrl Pts',(-2.9291525763807,52.7546381014294,500.));
#2618=CARTESIAN_POINT('Ctrl Pts',(-5.36869186537638,52.5986197515975,-500.));
#2619=CARTESIAN_POINT('Ctrl Pts',(-5.36869186537638,52.5986197515975,500.));
#2620=CARTESIAN_POINT('Ctrl Pts',(-7.80813330955274,52.4413406031205,-500.));
#2621=CARTESIAN_POINT('Ctrl Pts',(-7.80813330955274,52.4413406031205,500.));
#2622=CARTESIAN_POINT('Ctrl Pts',(-10.2474492912778,52.2827863006837,-500.));
#2623=CARTESIAN_POINT('Ctrl Pts',(-10.2474492912778,52.2827863006837,500.));
#2624=CARTESIAN_POINT('Ctrl Pts',(-12.6866114252069,52.1229430828495,-500.));
#2625=CARTESIAN_POINT('Ctrl Pts',(-12.6866114252069,52.1229430828495,500.));
#2626=CARTESIAN_POINT('Ctrl Pts',(-15.1255904277239,51.9618019254985,-500.));
#2627=CARTESIAN_POINT('Ctrl Pts',(-15.1255904277239,51.9618019254985,500.));
#2628=CARTESIAN_POINT('Ctrl Pts',(-17.5643560277344,51.7993623045149,-500.));
#2629=CARTESIAN_POINT('Ctrl Pts',(-17.5643560277344,51.7993623045149,500.));
#2630=CARTESIAN_POINT('Ctrl Pts',(-20.0028767767094,51.6356370710811,-500.));
#2631=CARTESIAN_POINT('Ctrl Pts',(-20.0028767767094,51.6356370710811,500.));
#2632=CARTESIAN_POINT('Ctrl Pts',(-22.4411204711813,51.4706503743291,-500.));
#2633=CARTESIAN_POINT('Ctrl Pts',(-22.4411204711813,51.4706503743291,500.));
#2634=CARTESIAN_POINT('Ctrl Pts',(-24.8790547633036,51.304433494746,-500.));
#2635=CARTESIAN_POINT('Ctrl Pts',(-24.8790547633036,51.304433494746,500.));
#2636=CARTESIAN_POINT('Ctrl Pts',(-27.3166476953314,51.1370214241662,-500.));
#2637=CARTESIAN_POINT('Ctrl Pts',(-27.3166476953314,51.1370214241662,500.));
#2638=CARTESIAN_POINT('Ctrl Pts',(-29.7538682950573,50.9684490309539,-500.));
#2639=CARTESIAN_POINT('Ctrl Pts',(-29.7538682950573,50.9684490309539,500.));
#2640=CARTESIAN_POINT('Ctrl Pts',(-32.1906870775322,50.7987476407926,-500.));
#2641=CARTESIAN_POINT('Ctrl Pts',(-32.1906870775322,50.7987476407926,500.));
#2642=CARTESIAN_POINT('Ctrl Pts',(-34.6270767506941,50.6279408634896,-500.));
#2643=CARTESIAN_POINT('Ctrl Pts',(-34.6270767506941,50.6279408634896,500.));
#2644=CARTESIAN_POINT('Ctrl Pts',(-37.0630122906523,50.4560426530794,-500.));
#2645=CARTESIAN_POINT('Ctrl Pts',(-37.0630122906523,50.4560426530794,500.));
#2646=CARTESIAN_POINT('Ctrl Pts',(-39.4984696808365,50.2830600744759,-500.));
#2647=CARTESIAN_POINT('Ctrl Pts',(-39.4984696808365,50.2830600744759,500.));
#2648=CARTESIAN_POINT('Ctrl Pts',(-41.9334249215649,50.1089951043305,-500.));
#2649=CARTESIAN_POINT('Ctrl Pts',(-41.9334249215649,50.1089951043305,500.));
#2650=CARTESIAN_POINT('Ctrl Pts',(-44.3678529440038,49.9338468049947,-500.));
#2651=CARTESIAN_POINT('Ctrl Pts',(-44.3678529440038,49.9338468049947,500.));
#2652=CARTESIAN_POINT('Ctrl Pts',(-46.8017265367799,49.7576133669106,-500.));
#2653=CARTESIAN_POINT('Ctrl Pts',(-46.8017265367799,49.7576133669106,500.));
#2654=CARTESIAN_POINT('Ctrl Pts',(-49.2350153335397,49.5802941420633,-500.));
#2655=CARTESIAN_POINT('Ctrl Pts',(-49.2350153335397,49.5802941420633,500.));
#2656=CARTESIAN_POINT('Ctrl Pts',(-51.6676845958644,49.4018918569896,-500.));
#2657=CARTESIAN_POINT('Ctrl Pts',(-51.6676845958644,49.4018918569896,500.));
#2658=CARTESIAN_POINT('Ctrl Pts',(-54.0996966041728,49.2224122932483,-500.));
#2659=CARTESIAN_POINT('Ctrl Pts',(-54.0996966041728,49.2224122932483,500.));
#2660=CARTESIAN_POINT('Ctrl Pts',(-56.5310123476478,49.0418636881329,-500.));
#2661=CARTESIAN_POINT('Ctrl Pts',(-56.5310123476478,49.0418636881329,500.));
#2662=CARTESIAN_POINT('Ctrl Pts',(-58.9615930716411,48.8602562407175,-500.));
#2663=CARTESIAN_POINT('Ctrl Pts',(-58.9615930716411,48.8602562407175,500.));
#2664=CARTESIAN_POINT('Ctrl Pts',(-61.3914019651817,48.6776015622883,-500.));
#2665=CARTESIAN_POINT('Ctrl Pts',(-61.3914019651817,48.6776015622883,500.));
#2666=CARTESIAN_POINT('Ctrl Pts',(-63.8204056021456,48.4939121767145,-500.));
#2667=CARTESIAN_POINT('Ctrl Pts',(-63.8204056021456,48.4939121767145,500.));
#2668=CARTESIAN_POINT('Ctrl Pts',(-66.2485759470245,48.3092009352088,-500.));
#2669=CARTESIAN_POINT('Ctrl Pts',(-66.2485759470245,48.3092009352088,500.));
#2670=CARTESIAN_POINT('Ctrl Pts',(-68.6758903583982,48.1234807139616,-500.));
#2671=CARTESIAN_POINT('Ctrl Pts',(-68.6758903583982,48.1234807139616,500.));
#2672=CARTESIAN_POINT('Ctrl Pts',(-71.1023293680628,47.9367644216435,-500.));
#2673=CARTESIAN_POINT('Ctrl Pts',(-71.1023293680628,47.9367644216435,500.));
#2674=CARTESIAN_POINT('Ctrl Pts',(-73.5278750497473,47.749064924909,-500.));
#2675=CARTESIAN_POINT('Ctrl Pts',(-73.5278750497473,47.749064924909,500.));
#2676=CARTESIAN_POINT('Ctrl Pts',(-75.9525091370276,47.5603950089306,-500.));
#2677=CARTESIAN_POINT('Ctrl Pts',(-75.9525091370276,47.5603950089306,500.));
#2678=CARTESIAN_POINT('Ctrl Pts',(-78.3762112730565,47.3707673191735,-500.));
#2679=CARTESIAN_POINT('Ctrl Pts',(-78.3762112730565,47.3707673191735,500.));
#2680=CARTESIAN_POINT('Ctrl Pts',(-80.7989571455619,47.1801943201468,-500.));
#2681=CARTESIAN_POINT('Ctrl Pts',(-80.7989571455619,47.1801943201468,500.));
#2682=CARTESIAN_POINT('Ctrl Pts',(-83.2207168360117,46.9886882219438,-500.));
#2683=CARTESIAN_POINT('Ctrl Pts',(-83.2207168360117,46.9886882219438,500.));
#2684=CARTESIAN_POINT('Ctrl Pts',(-85.6414561815778,46.7962604900349,-500.));
#2685=CARTESIAN_POINT('Ctrl Pts',(-85.6414561815778,46.7962604900349,500.));
#2686=CARTESIAN_POINT('Ctrl Pts',(-88.0611379823869,46.6029213646318,-500.));
#2687=CARTESIAN_POINT('Ctrl Pts',(-88.0611379823869,46.6029213646318,500.));
#2688=CARTESIAN_POINT('Ctrl Pts',(-90.4797232532851,46.4086794018998,-500.));
#2689=CARTESIAN_POINT('Ctrl Pts',(-90.4797232532851,46.4086794018998,500.));
#2690=CARTESIAN_POINT('Ctrl Pts',(-92.8971724878616,46.2135409481519,-500.));
#2691=CARTESIAN_POINT('Ctrl Pts',(-92.8971724878616,46.2135409481519,500.));
#2692=CARTESIAN_POINT('Ctrl Pts',(-95.3134468443166,46.017509777833,-500.));
#2693=CARTESIAN_POINT('Ctrl Pts',(-95.3134468443166,46.017509777833,500.));
#2694=CARTESIAN_POINT('Ctrl Pts',(-97.7285095501074,45.8205863176236,-500.));
#2695=CARTESIAN_POINT('Ctrl Pts',(-97.7285095501074,45.8205863176236,500.));
#2696=CARTESIAN_POINT('Ctrl Pts',(-100.14232623498,45.6227688751194,-500.));
#2697=CARTESIAN_POINT('Ctrl Pts',(-100.14232623498,45.6227688751194,500.));
#2698=CARTESIAN_POINT('Ctrl Pts',(-102.554864761123,45.4240558415661,-500.));
#2699=CARTESIAN_POINT('Ctrl Pts',(-102.554864761123,45.4240558415661,500.));
#2700=CARTESIAN_POINT('Ctrl Pts',(-104.966095203147,45.2244475430089,-500.));
#2701=CARTESIAN_POINT('Ctrl Pts',(-104.966095203147,45.2244475430089,500.));
#2702=CARTESIAN_POINT('Ctrl Pts',(-107.375989786515,45.0239483334703,-500.));
#2703=CARTESIAN_POINT('Ctrl Pts',(-107.375989786515,45.0239483334703,500.));
#2704=CARTESIAN_POINT('Ctrl Pts',(-109.78452279586,44.8225683622691,-500.));
#2705=CARTESIAN_POINT('Ctrl Pts',(-109.78452279586,44.8225683622691,500.));
#2706=CARTESIAN_POINT('Ctrl Pts',(-112.191670612029,44.620326017596,-500.));
#2707=CARTESIAN_POINT('Ctrl Pts',(-112.191670612029,44.620326017596,500.));
#2708=CARTESIAN_POINT('Ctrl Pts',(-114.597411318725,44.4172483419909,-500.));
#2709=CARTESIAN_POINT('Ctrl Pts',(-114.597411318725,44.4172483419909,500.));
#2710=CARTESIAN_POINT('Ctrl Pts',(-117.001723230227,44.2133664551331,-500.));
#2711=CARTESIAN_POINT('Ctrl Pts',(-117.001723230227,44.2133664551331,500.));
#2712=CARTESIAN_POINT('Ctrl Pts',(-119.404583623085,44.0087119274859,-500.));
#2713=CARTESIAN_POINT('Ctrl Pts',(-119.404583623085,44.0087119274859,500.));
#2714=CARTESIAN_POINT('Ctrl Pts',(-121.805967396933,43.8033128014607,-500.));
#2715=CARTESIAN_POINT('Ctrl Pts',(-121.805967396933,43.8033128014607,500.));
#2716=CARTESIAN_POINT('Ctrl Pts',(-124.205845742338,43.5971897058248,-500.));
#2717=CARTESIAN_POINT('Ctrl Pts',(-124.205845742338,43.5971897058248,500.));
#2718=CARTESIAN_POINT('Ctrl Pts',(-126.604184860364,43.390352064997,-500.));
#2719=CARTESIAN_POINT('Ctrl Pts',(-126.604184860364,43.390352064997,500.));
#2720=CARTESIAN_POINT('Ctrl Pts',(-129.000944510192,43.1827938987613,-500.));
#2721=CARTESIAN_POINT('Ctrl Pts',(-129.000944510192,43.1827938987613,500.));
#2722=CARTESIAN_POINT('Ctrl Pts',(-131.396080309835,42.9744988194903,-500.));
#2723=CARTESIAN_POINT('Ctrl Pts',(-131.396080309835,42.9744988194903,500.));
#2724=CARTESIAN_POINT('Ctrl Pts',(-133.789546281243,42.765445618341,-500.));
#2725=CARTESIAN_POINT('Ctrl Pts',(-133.789546281243,42.765445618341,500.));
#2726=CARTESIAN_POINT('Ctrl Pts',(-136.181297246003,42.5556135135038,-500.));
#2727=CARTESIAN_POINT('Ctrl Pts',(-136.181297246003,42.5556135135038,500.));
#2728=CARTESIAN_POINT('Ctrl Pts',(-138.571291420553,42.3449878196116,-500.));
#2729=CARTESIAN_POINT('Ctrl Pts',(-138.571291420553,42.3449878196116,500.));
#2730=CARTESIAN_POINT('Ctrl Pts',(-140.959492607501,42.1335647867868,-500.));
#2731=CARTESIAN_POINT('Ctrl Pts',(-140.959492607501,42.1335647867868,500.));
#2732=CARTESIAN_POINT('Ctrl Pts',(-143.34587336118,41.9213584306231,-500.));
#2733=CARTESIAN_POINT('Ctrl Pts',(-143.34587336118,41.9213584306231,500.));
#2734=CARTESIAN_POINT('Ctrl Pts',(-145.730413966852,41.7083988187977,-500.));
#2735=CARTESIAN_POINT('Ctrl Pts',(-145.730413966852,41.7083988187977,500.));
#2736=CARTESIAN_POINT('Ctrl Pts',(-148.113098806664,41.4947250321386,-500.));
#2737=CARTESIAN_POINT('Ctrl Pts',(-148.113098806664,41.4947250321386,500.));
#2738=CARTESIAN_POINT('Ctrl Pts',(-150.493913562224,41.2803798205641,-500.));
#2739=CARTESIAN_POINT('Ctrl Pts',(-150.493913562224,41.2803798205641,500.));
#2740=CARTESIAN_POINT('Ctrl Pts',(-152.872841969453,41.0654033727863,-500.));
#2741=CARTESIAN_POINT('Ctrl Pts',(-152.872841969453,41.0654033727863,500.));
#2742=CARTESIAN_POINT('Ctrl Pts',(-155.249863000969,40.8498278952499,-500.));
#2743=CARTESIAN_POINT('Ctrl Pts',(-155.249863000969,40.8498278952499,500.));
#2744=CARTESIAN_POINT('Ctrl Pts',(-157.624947295042,40.6336708051263,-500.));
#2745=CARTESIAN_POINT('Ctrl Pts',(-157.624947295042,40.6336708051263,500.));
#2746=CARTESIAN_POINT('Ctrl Pts',(-159.998055778108,40.4169319261263,-500.));
#2747=CARTESIAN_POINT('Ctrl Pts',(-159.998055778108,40.4169319261263,500.));
#2748=CARTESIAN_POINT('Ctrl Pts',(-162.369143246968,40.1995997185717,-500.));
#2749=CARTESIAN_POINT('Ctrl Pts',(-162.369143246968,40.1995997185717,500.));
#2750=CARTESIAN_POINT('Ctrl Pts',(-164.738160954138,39.9816556954303,-500.));
#2751=CARTESIAN_POINT('Ctrl Pts',(-164.738160954138,39.9816556954303,500.));
#2752=CARTESIAN_POINT('Ctrl Pts',(-167.105059600815,39.7630795775253,-500.));
#2753=CARTESIAN_POINT('Ctrl Pts',(-167.105059600815,39.7630795775253,500.));
#2754=CARTESIAN_POINT('Ctrl Pts',(-169.469792130718,39.5438540933371,-500.));
#2755=CARTESIAN_POINT('Ctrl Pts',(-169.469792130718,39.5438540933371,500.));
#2756=CARTESIAN_POINT('Ctrl Pts',(-171.83231666893,39.3239700258215,-500.));
#2757=CARTESIAN_POINT('Ctrl Pts',(-171.83231666893,39.3239700258215,500.));
#2758=CARTESIAN_POINT('Ctrl Pts',(-174.192599231521,39.1034308881295,-500.));
#2759=CARTESIAN_POINT('Ctrl Pts',(-174.192599231521,39.1034308881295,500.));
#2760=CARTESIAN_POINT('Ctrl Pts',(-176.550611585233,38.8822498807941,-500.));
#2761=CARTESIAN_POINT('Ctrl Pts',(-176.550611585233,38.8822498807941,500.));
#2762=CARTESIAN_POINT('Ctrl Pts',(-178.906329267049,38.660447106865,-500.));
#2763=CARTESIAN_POINT('Ctrl Pts',(-178.906329267049,38.660447106865,500.));
#2764=CARTESIAN_POINT('Ctrl Pts',(-181.25972956564,38.4380467158086,-500.));
#2765=CARTESIAN_POINT('Ctrl Pts',(-181.25972956564,38.4380467158086,500.));
#2766=CARTESIAN_POINT('Ctrl Pts',(-183.610789470115,38.2150740210332,-500.));
#2767=CARTESIAN_POINT('Ctrl Pts',(-183.610789470115,38.2150740210332,500.));
#2768=CARTESIAN_POINT('Ctrl Pts',(-185.959483747444,37.9915527615114,-500.));
#2769=CARTESIAN_POINT('Ctrl Pts',(-185.959483747444,37.9915527615114,500.));
#2770=CARTESIAN_POINT('Ctrl Pts',(-188.305782664512,37.767501954157,-500.));
#2771=CARTESIAN_POINT('Ctrl Pts',(-188.305782664512,37.767501954157,500.));
#2772=CARTESIAN_POINT('Ctrl Pts',(-190.649652295667,37.5429357288095,-500.));
#2773=CARTESIAN_POINT('Ctrl Pts',(-190.649652295667,37.5429357288095,500.));
#2774=CARTESIAN_POINT('Ctrl Pts',(-192.991055410816,37.3178638220702,-500.));
#2775=CARTESIAN_POINT('Ctrl Pts',(-192.991055410816,37.3178638220702,500.));
#2776=CARTESIAN_POINT('Ctrl Pts',(-195.329952161989,37.0922918630813,-500.));
#2777=CARTESIAN_POINT('Ctrl Pts',(-195.329952161989,37.0922918630813,500.));
#2778=CARTESIAN_POINT('Ctrl Pts',(-197.666300859375,36.8662217058799,-500.));
#2779=CARTESIAN_POINT('Ctrl Pts',(-197.666300859375,36.8662217058799,500.));
#2780=CARTESIAN_POINT('Ctrl Pts',(-200.000058697478,36.6396518366048,-500.));
#2781=CARTESIAN_POINT('Ctrl Pts',(-200.000058697478,36.6396518366048,500.));
#2782=CARTESIAN_POINT('Ctrl Pts',(-202.331182531409,36.4125775096478,-500.));
#2783=CARTESIAN_POINT('Ctrl Pts',(-202.331182531409,36.4125775096478,500.));
#2784=CARTESIAN_POINT('Ctrl Pts',(-204.659629500637,36.1849921281609,-500.));
#2785=CARTESIAN_POINT('Ctrl Pts',(-204.659629500637,36.1849921281609,500.));
#2786=CARTESIAN_POINT('Ctrl Pts',(-206.985357576557,35.9568894424709,-500.));
#2787=CARTESIAN_POINT('Ctrl Pts',(-206.985357576557,35.9568894424709,500.));
#2788=CARTESIAN_POINT('Ctrl Pts',(-209.30832611384,35.7282654456504,-500.));
#2789=CARTESIAN_POINT('Ctrl Pts',(-209.30832611384,35.7282654456504,500.));
#2790=CARTESIAN_POINT('Ctrl Pts',(-211.628496441655,35.4991205159998,-500.));
#2791=CARTESIAN_POINT('Ctrl Pts',(-211.628496441655,35.4991205159998,500.));
#2792=CARTESIAN_POINT('Ctrl Pts',(-213.945832341849,35.2694611717017,-500.));
#2793=CARTESIAN_POINT('Ctrl Pts',(-213.945832341849,35.2694611717017,500.));
#2794=CARTESIAN_POINT('Ctrl Pts',(-216.260300811523,35.0393026851874,-500.));
#2795=CARTESIAN_POINT('Ctrl Pts',(-216.260300811523,35.0393026851874,500.));
#2796=CARTESIAN_POINT('Ctrl Pts',(-218.571871817147,34.8086687231811,-500.));
#2797=CARTESIAN_POINT('Ctrl Pts',(-218.571871817147,34.8086687231811,500.));
#2798=CARTESIAN_POINT('Ctrl Pts',(-220.880516818193,34.5775873709863,-500.));
#2799=CARTESIAN_POINT('Ctrl Pts',(-220.880516818193,34.5775873709863,500.));
#2800=CARTESIAN_POINT('Ctrl Pts',(-223.186207623654,34.346088139209,-500.));
#2801=CARTESIAN_POINT('Ctrl Pts',(-223.186207623654,34.346088139209,500.));
#2802=CARTESIAN_POINT('Ctrl Pts',(-225.488915076275,34.114198451747,-500.));
#2803=CARTESIAN_POINT('Ctrl Pts',(-225.488915076275,34.114198451747,500.));
#2804=CARTESIAN_POINT('Ctrl Pts',(-227.788607895857,33.8819406313946,-500.));
#2805=CARTESIAN_POINT('Ctrl Pts',(-227.788607895857,33.8819406313946,500.));
#2806=CARTESIAN_POINT('Ctrl Pts',(-230.085251247223,33.6493280030318,-500.));
#2807=CARTESIAN_POINT('Ctrl Pts',(-230.085251247223,33.6493280030318,500.));
#2808=CARTESIAN_POINT('Ctrl Pts',(-232.378806123844,33.4163636315685,-500.));
#2809=CARTESIAN_POINT('Ctrl Pts',(-232.378806123844,33.4163636315685,500.));
#2810=CARTESIAN_POINT('Ctrl Pts',(-234.669230305814,33.1830441868175,-500.));
#2811=CARTESIAN_POINT('Ctrl Pts',(-234.669230305814,33.1830441868175,500.));
#2812=CARTESIAN_POINT('Ctrl Pts',(-236.956478980472,32.9493626702875,-500.));
#2813=CARTESIAN_POINT('Ctrl Pts',(-236.956478980472,32.9493626702875,500.));
#2814=CARTESIAN_POINT('Ctrl Pts',(-239.240505498263,32.7153116812887,-500.));
#2815=CARTESIAN_POINT('Ctrl Pts',(-239.240505498263,32.7153116812887,500.));
#2816=CARTESIAN_POINT('Ctrl Pts',(-241.52126207012,32.4808862594412,-500.));
#2817=CARTESIAN_POINT('Ctrl Pts',(-241.52126207012,32.4808862594412,500.));
#2818=CARTESIAN_POINT('Ctrl Pts',(-243.798700491596,32.2460873748053,-500.));
#2819=CARTESIAN_POINT('Ctrl Pts',(-243.798700491596,32.2460873748053,500.));
#2820=CARTESIAN_POINT('Ctrl Pts',(-246.072772851611,32.0109236433652,-500.));
#2821=CARTESIAN_POINT('Ctrl Pts',(-246.072772851611,32.0109236433652,500.));
#2822=CARTESIAN_POINT('Ctrl Pts',(-248.343432253351,31.7754084038188,-500.));
#2823=CARTESIAN_POINT('Ctrl Pts',(-248.343432253351,31.7754084038188,500.));
#2824=CARTESIAN_POINT('Ctrl Pts',(-250.610633511779,31.5395576861136,-500.));
#2825=CARTESIAN_POINT('Ctrl Pts',(-250.610633511779,31.5395576861136,500.));
#2826=CARTESIAN_POINT('Ctrl Pts',(-252.874333902379,31.3033877652815,-500.));
#2827=CARTESIAN_POINT('Ctrl Pts',(-252.874333902379,31.3033877652815,500.));
#2828=CARTESIAN_POINT('Ctrl Pts',(-255.134493791941,31.0669130338268,-500.));
#2829=CARTESIAN_POINT('Ctrl Pts',(-255.134493791941,31.0669130338268,500.));
#2830=CARTESIAN_POINT('Ctrl Pts',(-257.391077551441,30.830143396428,-500.));
#2831=CARTESIAN_POINT('Ctrl Pts',(-257.391077551441,30.830143396428,500.));
#2832=CARTESIAN_POINT('Ctrl Pts',(-259.644053608313,30.5930829565741,-500.));
#2833=CARTESIAN_POINT('Ctrl Pts',(-259.644053608313,30.5930829565741,500.));
#2834=CARTESIAN_POINT('Ctrl Pts',(-261.893392037031,30.3557322734035,-500.));
#2835=CARTESIAN_POINT('Ctrl Pts',(-261.893392037031,30.3557322734035,500.));
#2836=CARTESIAN_POINT('Ctrl Pts',(-264.139062634157,30.1180899539758,-500.));
#2837=CARTESIAN_POINT('Ctrl Pts',(-264.139062634157,30.1180899539758,500.));
#2838=CARTESIAN_POINT('Ctrl Pts',(-266.381032722166,29.8801545500787,-500.));
#2839=CARTESIAN_POINT('Ctrl Pts',(-266.381032722166,29.8801545500787,500.));
#2840=CARTESIAN_POINT('Ctrl Pts',(-268.619265251827,29.6419262287502,-500.));
#2841=CARTESIAN_POINT('Ctrl Pts',(-268.619265251827,29.6419262287502,500.));
#2842=CARTESIAN_POINT('Ctrl Pts',(-270.853716334329,29.4034087728217,-500.));
#2843=CARTESIAN_POINT('Ctrl Pts',(-270.853716334329,29.4034087728217,500.));
#2844=CARTESIAN_POINT('Ctrl Pts',(-273.08433447591,29.1646106749094,-500.));
#2845=CARTESIAN_POINT('Ctrl Pts',(-273.08433447591,29.1646106749094,500.));
#2846=CARTESIAN_POINT('Ctrl Pts',(-275.311063658996,28.925544256088,-500.));
#2847=CARTESIAN_POINT('Ctrl Pts',(-275.311063658996,28.925544256088,500.));
#2848=CARTESIAN_POINT('Ctrl Pts',(-277.533845598277,28.6862251661803,-500.));
#2849=CARTESIAN_POINT('Ctrl Pts',(-277.533845598277,28.6862251661803,500.));
#2850=CARTESIAN_POINT('Ctrl Pts',(-279.752622429973,28.446671764501,-500.));
#2851=CARTESIAN_POINT('Ctrl Pts',(-279.752622429973,28.446671764501,500.));
#2852=CARTESIAN_POINT('Ctrl Pts',(-281.967338975438,28.206904477309,-500.));
#2853=CARTESIAN_POINT('Ctrl Pts',(-281.967338975438,28.206904477309,500.));
#2854=CARTESIAN_POINT('Ctrl Pts',(-284.177945775931,27.9669453472818,-500.));
#2855=CARTESIAN_POINT('Ctrl Pts',(-284.177945775931,27.9669453472818,500.));
#2856=CARTESIAN_POINT('Ctrl Pts',(-286.384399672516,27.7268168365573,-500.));
#2857=CARTESIAN_POINT('Ctrl Pts',(-286.384399672516,27.7268168365573,500.));
#2858=CARTESIAN_POINT('Ctrl Pts',(-288.586660911503,27.4865394799848,-500.));
#2859=CARTESIAN_POINT('Ctrl Pts',(-288.586660911503,27.4865394799848,500.));
#2860=CARTESIAN_POINT('Ctrl Pts',(-290.784691142386,27.2461299069782,-500.));
#2861=CARTESIAN_POINT('Ctrl Pts',(-290.784691142386,27.2461299069782,500.));
#2862=CARTESIAN_POINT('Ctrl Pts',(-292.978450949223,27.0055985256679,-500.));
#2863=CARTESIAN_POINT('Ctrl Pts',(-292.978450949223,27.0055985256679,500.));
#2864=CARTESIAN_POINT('Ctrl Pts',(-295.167897825998,26.7649477874359,-500.));
#2865=CARTESIAN_POINT('Ctrl Pts',(-295.167897825998,26.7649477874359,500.));
#2866=CARTESIAN_POINT('Ctrl Pts',(-297.352983349876,26.5241691114014,-500.));
#2867=CARTESIAN_POINT('Ctrl Pts',(-297.352983349876,26.5241691114014,500.));
#2868=CARTESIAN_POINT('Ctrl Pts',(-299.533653425423,26.2832452578895,-500.));
#2869=CARTESIAN_POINT('Ctrl Pts',(-299.533653425423,26.2832452578895,500.));
#2870=CARTESIAN_POINT('Ctrl Pts',(-301.709850685004,26.0421566083022,-500.));
#2871=CARTESIAN_POINT('Ctrl Pts',(-301.709850685004,26.0421566083022,500.));
#2872=CARTESIAN_POINT('Ctrl Pts',(-303.881516228493,25.8008861902622,-500.));
#2873=CARTESIAN_POINT('Ctrl Pts',(-303.881516228493,25.8008861902622,500.));
#2874=CARTESIAN_POINT('Ctrl Pts',(-306.04859169473,25.5594254492095,-500.));
#2875=CARTESIAN_POINT('Ctrl Pts',(-306.04859169473,25.5594254492095,500.));
#2876=CARTESIAN_POINT('Ctrl Pts',(-308.211021052031,25.3177791654671,-500.));
#2877=CARTESIAN_POINT('Ctrl Pts',(-308.211021052031,25.3177791654671,500.));
#2878=CARTESIAN_POINT('Ctrl Pts',(-310.368752872773,25.0759721379451,-500.));
#2879=CARTESIAN_POINT('Ctrl Pts',(-310.368752872773,25.0759721379451,500.));
#2880=CARTESIAN_POINT('Ctrl Pts',(-312.521739402332,24.8340435872937,-500.));
#2881=CARTESIAN_POINT('Ctrl Pts',(-312.521739402332,24.8340435872937,500.));
#2882=CARTESIAN_POINT('Ctrl Pts',(-314.669934951399,24.5920389708134,-500.));
#2883=CARTESIAN_POINT('Ctrl Pts',(-314.669934951399,24.5920389708134,500.));
#2884=CARTESIAN_POINT('Ctrl Pts',(-316.813294510141,24.3500025914529,-500.));
#2885=CARTESIAN_POINT('Ctrl Pts',(-316.813294510141,24.3500025914529,500.));
#2886=CARTESIAN_POINT('Ctrl Pts',(-318.951772291996,24.1079700859514,-500.));
#2887=CARTESIAN_POINT('Ctrl Pts',(-318.951772291996,24.1079700859514,500.));
#2888=CARTESIAN_POINT('Ctrl Pts',(-321.085320253884,23.8659604610596,-500.));
#2889=CARTESIAN_POINT('Ctrl Pts',(-321.085320253884,23.8659604610596,500.));
#2890=CARTESIAN_POINT('Ctrl Pts',(-323.213886782225,23.6239697946429,-500.));
#2891=CARTESIAN_POINT('Ctrl Pts',(-323.213886782225,23.6239697946429,500.));
#2892=CARTESIAN_POINT('Ctrl Pts',(-325.337416944026,23.3819803214379,-500.));
#2893=CARTESIAN_POINT('Ctrl Pts',(-325.337416944026,23.3819803214379,500.));
#2894=CARTESIAN_POINT('Ctrl Pts',(-327.455852610505,23.1399679622381,-500.));
#2895=CARTESIAN_POINT('Ctrl Pts',(-327.455852610505,23.1399679622381,500.));
#2896=CARTESIAN_POINT('Ctrl Pts',(-329.569132602591,22.8979108283606,-500.));
#2897=CARTESIAN_POINT('Ctrl Pts',(-329.569132602591,22.8979108283606,500.));
#2898=CARTESIAN_POINT('Ctrl Pts',(-331.677192888806,22.6557964439628,-500.));
#2899=CARTESIAN_POINT('Ctrl Pts',(-331.677192888806,22.6557964439628,500.));
#2900=CARTESIAN_POINT('Ctrl Pts',(-333.779966608719,22.4136316547446,-500.));
#2901=CARTESIAN_POINT('Ctrl Pts',(-333.779966608719,22.4136316547446,500.));
#2902=CARTESIAN_POINT('Ctrl Pts',(-335.877384761414,22.1714430950992,-500.));
#2903=CARTESIAN_POINT('Ctrl Pts',(-335.877384761414,22.1714430950992,500.));
#2904=CARTESIAN_POINT('Ctrl Pts',(-337.969377617697,21.9292675834588,-500.));
#2905=CARTESIAN_POINT('Ctrl Pts',(-337.969377617697,21.9292675834588,500.));
#2906=CARTESIAN_POINT('Ctrl Pts',(-340.055875930433,21.6871452496406,-500.));
#2907=CARTESIAN_POINT('Ctrl Pts',(-340.055875930433,21.6871452496406,500.));
#2908=CARTESIAN_POINT('Ctrl Pts',(-342.136812246924,21.4451114264072,-500.));
#2909=CARTESIAN_POINT('Ctrl Pts',(-342.136812246924,21.4451114264072,500.));
#2910=CARTESIAN_POINT('Ctrl Pts',(-344.212122131602,21.2031893542146,-500.));
#2911=CARTESIAN_POINT('Ctrl Pts',(-344.212122131602,21.2031893542146,500.));
#2912=CARTESIAN_POINT('Ctrl Pts',(-346.281745551702,20.9613817724346,-500.));
#2913=CARTESIAN_POINT('Ctrl Pts',(-346.281745551702,20.9613817724346,500.));
#2914=CARTESIAN_POINT('Ctrl Pts',(-348.345625605808,20.7196783884221,-500.));
#2915=CARTESIAN_POINT('Ctrl Pts',(-348.345625605808,20.7196783884221,500.));
#2916=CARTESIAN_POINT('Ctrl Pts',(-350.403707091248,20.478064107298,-500.));
#2917=CARTESIAN_POINT('Ctrl Pts',(-350.403707091248,20.478064107298,500.));
#2918=CARTESIAN_POINT('Ctrl Pts',(-352.455935111957,20.2365274338999,-500.));
#2919=CARTESIAN_POINT('Ctrl Pts',(-352.455935111957,20.2365274338999,500.));
#2920=CARTESIAN_POINT('Ctrl Pts',(-354.502253709449,19.9950677934469,-500.));
#2921=CARTESIAN_POINT('Ctrl Pts',(-354.502253709449,19.9950677934469,500.));
#2922=CARTESIAN_POINT('Ctrl Pts',(-356.542604385264,19.7537057882523,-500.));
#2923=CARTESIAN_POINT('Ctrl Pts',(-356.542604385264,19.7537057882523,500.));
#2924=CARTESIAN_POINT('Ctrl Pts',(-358.576925044908,19.5124828498696,-500.));
#2925=CARTESIAN_POINT('Ctrl Pts',(-358.576925044908,19.5124828498696,500.));
#2926=CARTESIAN_POINT('Ctrl Pts',(-360.605149452463,19.2714485569654,-500.));
#2927=CARTESIAN_POINT('Ctrl Pts',(-360.605149452463,19.2714485569654,500.));
#2928=CARTESIAN_POINT('Ctrl Pts',(-362.627206536534,19.0306510510625,-500.));
#2929=CARTESIAN_POINT('Ctrl Pts',(-362.627206536534,19.0306510510625,500.));
#2930=CARTESIAN_POINT('Ctrl Pts',(-364.643019791066,18.7901264115802,-500.));
#2931=CARTESIAN_POINT('Ctrl Pts',(-364.643019791066,18.7901264115802,500.));
#2932=CARTESIAN_POINT('Ctrl Pts',(-366.652506554504,18.549887959007,-500.));
#2933=CARTESIAN_POINT('Ctrl Pts',(-366.652506554504,18.549887959007,500.));
#2934=CARTESIAN_POINT('Ctrl Pts',(-368.655577575834,18.3099170770748,-500.));
#2935=CARTESIAN_POINT('Ctrl Pts',(-368.655577575834,18.3099170770748,500.));
#2936=CARTESIAN_POINT('Ctrl Pts',(-370.652140380883,18.0701775508651,-500.));
#2937=CARTESIAN_POINT('Ctrl Pts',(-370.652140380883,18.0701775508651,500.));
#2938=CARTESIAN_POINT('Ctrl Pts',(-372.642102313345,17.8306280891418,-500.));
#2939=CARTESIAN_POINT('Ctrl Pts',(-372.642102313345,17.8306280891418,500.));
#2940=CARTESIAN_POINT('Ctrl Pts',(-374.62537386464,17.5912360727895,-500.));
#2941=CARTESIAN_POINT('Ctrl Pts',(-374.62537386464,17.5912360727895,500.));
#2942=CARTESIAN_POINT('Ctrl Pts',(-376.601871501034,17.351989553427,-500.));
#2943=CARTESIAN_POINT('Ctrl Pts',(-376.601871501034,17.351989553427,500.));
#2944=CARTESIAN_POINT('Ctrl Pts',(-378.571521690375,17.1129131866246,-500.));
#2945=CARTESIAN_POINT('Ctrl Pts',(-378.571521690375,17.1129131866246,500.));
#2946=CARTESIAN_POINT('Ctrl Pts',(-380.534257355167,16.8740595347621,-500.));
#2947=CARTESIAN_POINT('Ctrl Pts',(-380.534257355167,16.8740595347621,500.));
#2948=CARTESIAN_POINT('Ctrl Pts',(-382.490012495931,16.6354942824439,-500.));
#2949=CARTESIAN_POINT('Ctrl Pts',(-382.490012495931,16.6354942824439,500.));
#2950=CARTESIAN_POINT('Ctrl Pts',(-384.438717141511,16.3972828333878,-500.));
#2951=CARTESIAN_POINT('Ctrl Pts',(-384.438717141511,16.3972828333878,500.));
#2952=CARTESIAN_POINT('Ctrl Pts',(-386.38029281874,16.1594778509156,-500.));
#2953=CARTESIAN_POINT('Ctrl Pts',(-386.38029281874,16.1594778509156,500.));
#2954=CARTESIAN_POINT('Ctrl Pts',(-388.314646168224,15.92210261017,-500.));
#2955=CARTESIAN_POINT('Ctrl Pts',(-388.314646168224,15.92210261017,500.));
#2956=CARTESIAN_POINT('Ctrl Pts',(-390.241670520952,15.6851527842267,-500.));
#2957=CARTESIAN_POINT('Ctrl Pts',(-390.241670520952,15.6851527842267,500.));
#2958=CARTESIAN_POINT('Ctrl Pts',(-392.161253047647,15.4486112527139,-500.));
#2959=CARTESIAN_POINT('Ctrl Pts',(-392.161253047647,15.4486112527139,500.));
#2960=CARTESIAN_POINT('Ctrl Pts',(-394.073280590298,15.2124597239651,-500.));
#2961=CARTESIAN_POINT('Ctrl Pts',(-394.073280590298,15.2124597239651,500.));
#2962=CARTESIAN_POINT('Ctrl Pts',(-395.977645331284,14.9766902510823,-500.));
#2963=CARTESIAN_POINT('Ctrl Pts',(-395.977645331284,14.9766902510823,500.));
#2964=CARTESIAN_POINT('Ctrl Pts',(-397.874252253831,14.741320256712,-500.));
#2965=CARTESIAN_POINT('Ctrl Pts',(-397.874252253831,14.741320256712,500.));
#2966=CARTESIAN_POINT('Ctrl Pts',(-399.763019289058,14.5063929086173,-500.));
#2967=CARTESIAN_POINT('Ctrl Pts',(-399.763019289058,14.5063929086173,500.));
#2968=CARTESIAN_POINT('Ctrl Pts',(-401.643869247815,14.2719611152193,-500.));
#2969=CARTESIAN_POINT('Ctrl Pts',(-401.643869247815,14.2719611152193,500.));
#2970=CARTESIAN_POINT('Ctrl Pts',(-403.516723616208,14.0380750420755,-500.));
#2971=CARTESIAN_POINT('Ctrl Pts',(-403.516723616208,14.0380750420755,500.));
#2972=CARTESIAN_POINT('Ctrl Pts',(-405.381496238766,13.8047699137619,-500.));
#2973=CARTESIAN_POINT('Ctrl Pts',(-405.381496238766,13.8047699137619,500.));
#2974=CARTESIAN_POINT('Ctrl Pts',(-407.238085474603,13.5720495083016,-500.));
#2975=CARTESIAN_POINT('Ctrl Pts',(-407.238085474603,13.5720495083016,500.));
#2976=CARTESIAN_POINT('Ctrl Pts',(-409.08637297192,13.3398872898858,-500.));
#2977=CARTESIAN_POINT('Ctrl Pts',(-409.08637297192,13.3398872898858,500.));
#2978=CARTESIAN_POINT('Ctrl Pts',(-410.926230116153,13.1082474534266,-500.));
#2979=CARTESIAN_POINT('Ctrl Pts',(-410.926230116153,13.1082474534266,500.));
#2980=CARTESIAN_POINT('Ctrl Pts',(-412.757522690132,12.8771018608621,-500.));
#2981=CARTESIAN_POINT('Ctrl Pts',(-412.757522690132,12.8771018608621,500.));
#2982=CARTESIAN_POINT('Ctrl Pts',(-414.580115774761,12.6464462458163,-500.));
#2983=CARTESIAN_POINT('Ctrl Pts',(-414.580115774761,12.6464462458163,500.));
#2984=CARTESIAN_POINT('Ctrl Pts',(-416.393879751837,12.4163226691169,-500.));
#2985=CARTESIAN_POINT('Ctrl Pts',(-416.393879751837,12.4163226691169,500.));
#2986=CARTESIAN_POINT('Ctrl Pts',(-418.19869058801,12.1868135227358,-500.));
#2987=CARTESIAN_POINT('Ctrl Pts',(-418.19869058801,12.1868135227358,500.));
#2988=CARTESIAN_POINT('Ctrl Pts',(-419.994425748901,11.9580145443498,-500.));
#2989=CARTESIAN_POINT('Ctrl Pts',(-419.994425748901,11.9580145443498,500.));
#2990=CARTESIAN_POINT('Ctrl Pts',(-421.780961298706,11.7300129843773,-500.));
#2991=CARTESIAN_POINT('Ctrl Pts',(-421.780961298706,11.7300129843773,500.));
#2992=CARTESIAN_POINT('Ctrl Pts',(-423.558168725024,11.5028658316154,-500.));
#2993=CARTESIAN_POINT('Ctrl Pts',(-423.558168725024,11.5028658316154,500.));
#2994=CARTESIAN_POINT('Ctrl Pts',(-425.325911329533,11.2765723783532,-500.));
#2995=CARTESIAN_POINT('Ctrl Pts',(-425.325911329533,11.2765723783532,500.));
#2996=CARTESIAN_POINT('Ctrl Pts',(-427.084044864084,11.0510908975105,-500.));
#2997=CARTESIAN_POINT('Ctrl Pts',(-427.084044864084,11.0510908975105,500.));
#2998=CARTESIAN_POINT('Ctrl Pts',(-428.832419352143,10.8263676015632,-500.));
#2999=CARTESIAN_POINT('Ctrl Pts',(-428.832419352143,10.8263676015632,500.));
#3000=CARTESIAN_POINT('Ctrl Pts',(-430.570880485317,10.6023606064263,-500.));
#3001=CARTESIAN_POINT('Ctrl Pts',(-430.570880485317,10.6023606064263,500.));
#3002=CARTESIAN_POINT('Ctrl Pts',(-432.299271242267,10.3790678458184,-500.));
#3003=CARTESIAN_POINT('Ctrl Pts',(-432.299271242267,10.3790678458184,500.));
#3004=CARTESIAN_POINT('Ctrl Pts',(-434.017433278336,10.1565479782477,-500.));
#3005=CARTESIAN_POINT('Ctrl Pts',(-434.017433278336,10.1565479782477,500.));
#3006=CARTESIAN_POINT('Ctrl Pts',(-435.725206708334,9.93489173570238,-500.));
#3007=CARTESIAN_POINT('Ctrl Pts',(-435.725206708334,9.93489173570238,500.));
#3008=CARTESIAN_POINT('Ctrl Pts',(-437.422430175488,9.71419612887672,-500.));
#3009=CARTESIAN_POINT('Ctrl Pts',(-437.422430175488,9.71419612887672,500.));
#3010=CARTESIAN_POINT('Ctrl Pts',(-439.108940501294,9.49454058630937,-500.));
#3011=CARTESIAN_POINT('Ctrl Pts',(-439.108940501294,9.49454058630937,500.));
#3012=CARTESIAN_POINT('Ctrl Pts',(-440.784573272955,9.27595489145206,-500.));
#3013=CARTESIAN_POINT('Ctrl Pts',(-440.784573272955,9.27595489145206,500.));
#3014=CARTESIAN_POINT('Ctrl Pts',(-442.449159687986,9.05842275318827,-500.));
#3015=CARTESIAN_POINT('Ctrl Pts',(-442.449159687986,9.05842275318827,500.));
#3016=CARTESIAN_POINT('Ctrl Pts',(-444.102520355464,8.84191335613646,-500.));
#3017=CARTESIAN_POINT('Ctrl Pts',(-444.102520355464,8.84191335613646,500.));
#3018=CARTESIAN_POINT('Ctrl Pts',(-445.744460320567,8.62640376915967,-500.));
#3019=CARTESIAN_POINT('Ctrl Pts',(-445.744460320567,8.62640376915967,500.));
#3020=CARTESIAN_POINT('Ctrl Pts',(-447.37476282171,8.41190736777804,-500.));
#3021=CARTESIAN_POINT('Ctrl Pts',(-447.37476282171,8.41190736777804,500.));
#3022=CARTESIAN_POINT('Ctrl Pts',(-448.99318581017,8.198493118477,-500.));
#3023=CARTESIAN_POINT('Ctrl Pts',(-448.99318581017,8.198493118477,500.));
#3024=CARTESIAN_POINT('Ctrl Pts',(-450.599474208419,7.98625790320711,-500.));
#3025=CARTESIAN_POINT('Ctrl Pts',(-450.599474208419,7.98625790320711,500.));
#3026=CARTESIAN_POINT('Ctrl Pts',(-452.193370852731,7.77530317245309,-500.));
#3027=CARTESIAN_POINT('Ctrl Pts',(-452.193370852731,7.77530317245309,500.));
#3028=CARTESIAN_POINT('Ctrl Pts',(-453.77462709388,7.56571136308158,-500.));
#3029=CARTESIAN_POINT('Ctrl Pts',(-453.77462709388,7.56571136308158,500.));
#3030=CARTESIAN_POINT('Ctrl Pts',(-455.343015761161,7.35751870332373,-500.));
#3031=CARTESIAN_POINT('Ctrl Pts',(-455.343015761161,7.35751870332373,500.));
#3032=CARTESIAN_POINT('Ctrl Pts',(-456.898318785638,7.15072995864217,-500.));
#3033=CARTESIAN_POINT('Ctrl Pts',(-456.898318785638,7.15072995864217,500.));
#3034=CARTESIAN_POINT('Ctrl Pts',(-458.440310122791,6.94534077766375,-500.));
#3035=CARTESIAN_POINT('Ctrl Pts',(-458.440310122791,6.94534077766375,500.));
#3036=CARTESIAN_POINT('Ctrl Pts',(-459.968741760235,6.74135548953678,-500.));
#3037=CARTESIAN_POINT('Ctrl Pts',(-459.968741760235,6.74135548953678,500.));
#3038=CARTESIAN_POINT('Ctrl Pts',(-461.483324887418,6.53881144025925,-500.));
#3039=CARTESIAN_POINT('Ctrl Pts',(-461.483324887418,6.53881144025925,500.));
#3040=CARTESIAN_POINT('Ctrl Pts',(-462.983734068721,6.3377730482831,-500.));
#3041=CARTESIAN_POINT('Ctrl Pts',(-462.983734068721,6.3377730482831,500.));
#3042=CARTESIAN_POINT('Ctrl Pts',(-464.469620660006,6.1383134812444,-500.));
#3043=CARTESIAN_POINT('Ctrl Pts',(-464.469620660006,6.1383134812444,500.));
#3044=CARTESIAN_POINT('Ctrl Pts',(-465.940622223986,5.94050215942622,-500.));
#3045=CARTESIAN_POINT('Ctrl Pts',(-465.940622223986,5.94050215942622,500.));
#3046=CARTESIAN_POINT('Ctrl Pts',(-467.396376071723,5.74438536988476,-500.));
#3047=CARTESIAN_POINT('Ctrl Pts',(-467.396376071723,5.74438536988476,500.));
#3048=CARTESIAN_POINT('Ctrl Pts',(-468.836516686082,5.54999633087544,-500.));
#3049=CARTESIAN_POINT('Ctrl Pts',(-468.836516686082,5.54999633087544,500.));
#3050=CARTESIAN_POINT('Ctrl Pts',(-470.260667422876,5.35737692597701,-500.));
#3051=CARTESIAN_POINT('Ctrl Pts',(-470.260667422876,5.35737692597701,500.));
#3052=CARTESIAN_POINT('Ctrl Pts',(-471.668433973583,5.16659407390503,-500.));
#3053=CARTESIAN_POINT('Ctrl Pts',(-471.668433973583,5.16659407390503,500.));
#3054=CARTESIAN_POINT('Ctrl Pts',(-473.059397283095,4.97776235008074,-500.));
#3055=CARTESIAN_POINT('Ctrl Pts',(-473.059397283095,4.97776235008074,500.));
#3056=CARTESIAN_POINT('Ctrl Pts',(-474.433105197793,4.79102049000308,-500.));
#3057=CARTESIAN_POINT('Ctrl Pts',(-474.433105197793,4.79102049000308,500.));
#3058=CARTESIAN_POINT('Ctrl Pts',(-475.789064240634,4.60650351678988,-500.));
#3059=CARTESIAN_POINT('Ctrl Pts',(-475.789064240634,4.60650351678988,500.));
#3060=CARTESIAN_POINT('Ctrl Pts',(-477.126730398577,4.42431326902252,-500.));
#3061=CARTESIAN_POINT('Ctrl Pts',(-477.126730398577,4.42431326902252,500.));
#3062=CARTESIAN_POINT('Ctrl Pts',(-478.445503422163,4.24449871128643,-500.));
#3063=CARTESIAN_POINT('Ctrl Pts',(-478.445503422163,4.24449871128643,500.));
#3064=CARTESIAN_POINT('Ctrl Pts',(-479.744745892535,4.06708421594034,-500.));
#3065=CARTESIAN_POINT('Ctrl Pts',(-479.744745892535,4.06708421594034,500.));
#3066=CARTESIAN_POINT('Ctrl Pts',(-481.023792481625,3.89209164688477,-500.));
#3067=CARTESIAN_POINT('Ctrl Pts',(-481.023792481625,3.89209164688477,500.));
#3068=CARTESIAN_POINT('Ctrl Pts',(-482.28197715063,3.71956378012898,-500.));
#3069=CARTESIAN_POINT('Ctrl Pts',(-482.28197715063,3.71956378012898,500.));
#3070=CARTESIAN_POINT('Ctrl Pts',(-483.518585397391,3.54958887167987,-500.));
#3071=CARTESIAN_POINT('Ctrl Pts',(-483.518585397391,3.54958887167987,500.));
#3072=CARTESIAN_POINT('Ctrl Pts',(-484.732793898068,3.38231643928277,-500.));
#3073=CARTESIAN_POINT('Ctrl Pts',(-484.732793898068,3.38231643928277,500.));
#3074=CARTESIAN_POINT('Ctrl Pts',(-485.923578577506,3.21799373782671,-500.));
#3075=CARTESIAN_POINT('Ctrl Pts',(-485.923578577506,3.21799373782671,500.));
#3076=CARTESIAN_POINT('Ctrl Pts',(-487.089743559473,3.05693823099037,-500.));
#3077=CARTESIAN_POINT('Ctrl Pts',(-487.089743559473,3.05693823099037,500.));
#3078=CARTESIAN_POINT('Ctrl Pts',(-488.230095160576,2.89942468601527,-500.));
#3079=CARTESIAN_POINT('Ctrl Pts',(-488.230095160576,2.89942468601527,500.));
#3080=CARTESIAN_POINT('Ctrl Pts',(-489.34368508104,2.74555320044217,-500.));
#3081=CARTESIAN_POINT('Ctrl Pts',(-489.34368508104,2.74555320044217,500.));
#3082=CARTESIAN_POINT('Ctrl Pts',(-490.429758261145,2.59522729683241,-500.));
#3083=CARTESIAN_POINT('Ctrl Pts',(-490.429758261145,2.59522729683241,500.));
#3084=CARTESIAN_POINT('Ctrl Pts',(-491.487057150603,2.4484333699486,-500.));
#3085=CARTESIAN_POINT('Ctrl Pts',(-491.487057150603,2.4484333699486,500.));
#3086=CARTESIAN_POINT('Ctrl Pts',(-492.512838769303,2.30557125302498,-500.));
#3087=CARTESIAN_POINT('Ctrl Pts',(-492.512838769303,2.30557125302498,500.));
#3088=CARTESIAN_POINT('Ctrl Pts',(-493.503098115252,2.16747899017725,-500.));
#3089=CARTESIAN_POINT('Ctrl Pts',(-493.503098115252,2.16747899017725,500.));
#3090=CARTESIAN_POINT('Ctrl Pts',(-494.454692435899,2.03489286568873,-500.));
#3091=CARTESIAN_POINT('Ctrl Pts',(-494.454692435899,2.03489286568873,500.));
#3092=CARTESIAN_POINT('Ctrl Pts',(-495.368158499171,1.90782347643392,-500.));
#3093=CARTESIAN_POINT('Ctrl Pts',(-495.368158499171,1.90782347643392,500.));
#3094=CARTESIAN_POINT('Ctrl Pts',(-496.244475398507,1.78597571799706,-500.));
#3095=CARTESIAN_POINT('Ctrl Pts',(-496.244475398507,1.78597571799706,500.));
#3096=CARTESIAN_POINT('Ctrl Pts',(-497.075290918777,1.67015971515311,-500.));
#3097=CARTESIAN_POINT('Ctrl Pts',(-497.075290918777,1.67015971515311,500.));
#3098=CARTESIAN_POINT('Ctrl Pts',(-497.841353281875,1.56265273532792,-500.));
#3099=CARTESIAN_POINT('Ctrl Pts',(-497.841353281875,1.56265273532792,500.));
#3100=CARTESIAN_POINT('Ctrl Pts',(-498.535145891599,1.46470737565809,-500.));
#3101=CARTESIAN_POINT('Ctrl Pts',(-498.535145891599,1.46470737565809,500.));
#3102=CARTESIAN_POINT('Ctrl Pts',(-499.18210905576,1.37419228472986,-500.));
#3103=CARTESIAN_POINT('Ctrl Pts',(-499.18210905576,1.37419228472986,500.));
#3104=CARTESIAN_POINT('Ctrl Pts',(-499.628044652568,1.31258638886703,-500.));
#3105=CARTESIAN_POINT('Ctrl Pts',(-499.628044652568,1.31258638886703,500.));
#3106=CARTESIAN_POINT('Ctrl Pts',(-499.856400803058,1.28061837272794,-500.));
#3107=CARTESIAN_POINT('Ctrl Pts',(-499.856400803058,1.28061837272794,500.));
#3108=CARTESIAN_POINT('Ctrl Pts',(-499.960172049728,1.26579604789698,-500.));
#3109=CARTESIAN_POINT('Ctrl Pts',(-499.960172049728,1.26579604789698,500.));
#3110=CARTESIAN_POINT('Ctrl Pts',(-500.,1.26000000000012,-500.));
#3111=CARTESIAN_POINT('Ctrl Pts',(-500.,1.26000000000012,500.));
#3112=CARTESIAN_POINT('',(-500.,1.26000000000012,500.));
#3113=CARTESIAN_POINT('',(-500.,1.26000000000012,0.));
#3114=CARTESIAN_POINT('',(-500.,-1.25999999999988,500.));
#3115=CARTESIAN_POINT('Ctrl Pts',(-500.,-1.25999999999988,500.));
#3116=CARTESIAN_POINT('Ctrl Pts',(-499.960172049729,-1.26579604789675,500.));
#3117=CARTESIAN_POINT('Ctrl Pts',(-499.856400803061,-1.28061837272772,500.));
#3118=CARTESIAN_POINT('Ctrl Pts',(-499.628044652564,-1.31258638886673,500.));
#3119=CARTESIAN_POINT('Ctrl Pts',(-499.182109055763,-1.3741922847296,500.));
#3120=CARTESIAN_POINT('Ctrl Pts',(-498.535145891597,-1.46470737565781,500.));
#3121=CARTESIAN_POINT('Ctrl Pts',(-497.841353281877,-1.56265273532763,500.));
#3122=CARTESIAN_POINT('Ctrl Pts',(-497.075290918776,-1.67015971515283,500.));
#3123=CARTESIAN_POINT('Ctrl Pts',(-496.244475398508,-1.78597571799675,500.));
#3124=CARTESIAN_POINT('Ctrl Pts',(-495.368158499171,-1.90782347643367,500.));
#3125=CARTESIAN_POINT('Ctrl Pts',(-494.454692435898,-2.03489286568844,500.));
#3126=CARTESIAN_POINT('Ctrl Pts',(-493.503098115253,-2.16747899017695,500.));
#3127=CARTESIAN_POINT('Ctrl Pts',(-492.512838769303,-2.30557125302464,500.));
#3128=CARTESIAN_POINT('Ctrl Pts',(-491.487057150604,-2.44843336994828,500.));
#3129=CARTESIAN_POINT('Ctrl Pts',(-490.429758261145,-2.59522729683211,500.));
#3130=CARTESIAN_POINT('Ctrl Pts',(-489.343685081039,-2.74555320044192,500.));
#3131=CARTESIAN_POINT('Ctrl Pts',(-488.230095160577,-2.89942468601497,500.));
#3132=CARTESIAN_POINT('Ctrl Pts',(-487.089743559475,-3.05693823098998,500.));
#3133=CARTESIAN_POINT('Ctrl Pts',(-485.923578577507,-3.21799373782635,500.));
#3134=CARTESIAN_POINT('Ctrl Pts',(-484.732793898069,-3.3823164392825,500.));
#3135=CARTESIAN_POINT('Ctrl Pts',(-483.518585397391,-3.5495888716795,500.));
#3136=CARTESIAN_POINT('Ctrl Pts',(-482.28197715063,-3.71956378012856,500.));
#3137=CARTESIAN_POINT('Ctrl Pts',(-481.023792481625,-3.89209164688439,500.));
#3138=CARTESIAN_POINT('Ctrl Pts',(-479.744745892536,-4.06708421594004,500.));
#3139=CARTESIAN_POINT('Ctrl Pts',(-478.445503422163,-4.24449871128621,500.));
#3140=CARTESIAN_POINT('Ctrl Pts',(-477.126730398576,-4.42431326902254,500.));
#3141=CARTESIAN_POINT('Ctrl Pts',(-475.789064240634,-4.60650351678961,500.));
#3142=CARTESIAN_POINT('Ctrl Pts',(-474.433105197796,-4.79102049000251,500.));
#3143=CARTESIAN_POINT('Ctrl Pts',(-473.059397283101,-4.97776235007998,500.));
#3144=CARTESIAN_POINT('Ctrl Pts',(-471.668433973587,-5.16659407390432,500.));
#3145=CARTESIAN_POINT('Ctrl Pts',(-470.260667422876,-5.35737692597675,500.));
#3146=CARTESIAN_POINT('Ctrl Pts',(-468.836516686078,-5.54999633087551,500.));
#3147=CARTESIAN_POINT('Ctrl Pts',(-467.396376071717,-5.74438536988488,500.));
#3148=CARTESIAN_POINT('Ctrl Pts',(-465.940622223983,-5.94050215942604,500.));
#3149=CARTESIAN_POINT('Ctrl Pts',(-464.469620660009,-6.13831348124399,500.));
#3150=CARTESIAN_POINT('Ctrl Pts',(-462.983734068728,-6.33777304828263,500.));
#3151=CARTESIAN_POINT('Ctrl Pts',(-461.483324887425,-6.53881144025866,500.));
#3152=CARTESIAN_POINT('Ctrl Pts',(-459.968741760239,-6.74135548953637,500.));
#3153=CARTESIAN_POINT('Ctrl Pts',(-458.440310122791,-6.94534077766346,500.));
#3154=CARTESIAN_POINT('Ctrl Pts',(-456.898318785636,-7.15072995864191,500.));
#3155=CARTESIAN_POINT('Ctrl Pts',(-455.343015761157,-7.35751870332341,500.));
#3156=CARTESIAN_POINT('Ctrl Pts',(-453.774627093877,-7.56571136308118,500.));
#3157=CARTESIAN_POINT('Ctrl Pts',(-452.193370852732,-7.77530317245283,500.));
#3158=CARTESIAN_POINT('Ctrl Pts',(-450.599474208425,-7.98625790320667,500.));
#3159=CARTESIAN_POINT('Ctrl Pts',(-448.993185810181,-8.19849311847644,500.));
#3160=CARTESIAN_POINT('Ctrl Pts',(-447.374762821718,-8.41190736777733,500.));
#3161=CARTESIAN_POINT('Ctrl Pts',(-445.744460320568,-8.62640376915919,500.));
#3162=CARTESIAN_POINT('Ctrl Pts',(-444.102520355459,-8.84191335613655,500.));
#3163=CARTESIAN_POINT('Ctrl Pts',(-442.449159687978,-9.05842275318878,500.));
#3164=CARTESIAN_POINT('Ctrl Pts',(-440.784573272949,-9.2759548914526,500.));
#3165=CARTESIAN_POINT('Ctrl Pts',(-439.108940501292,-9.49454058630943,500.));
#3166=CARTESIAN_POINT('Ctrl Pts',(-437.422430175491,-9.71419612887607,500.));
#3167=CARTESIAN_POINT('Ctrl Pts',(-435.725206708344,-9.93489173570125,500.));
#3168=CARTESIAN_POINT('Ctrl Pts',(-434.017433278347,-10.1565479782465,500.));
#3169=CARTESIAN_POINT('Ctrl Pts',(-432.299271242273,-10.3790678458177,500.));
#3170=CARTESIAN_POINT('Ctrl Pts',(-430.570880485317,-10.6023606064259,500.));
#3171=CARTESIAN_POINT('Ctrl Pts',(-428.832419352142,-10.8263676015632,500.));
#3172=CARTESIAN_POINT('Ctrl Pts',(-427.084044864086,-11.0510908975109,500.));
#3173=CARTESIAN_POINT('Ctrl Pts',(-425.325911329539,-11.2765723783538,500.));
#3174=CARTESIAN_POINT('Ctrl Pts',(-423.558168725032,-11.5028658316157,500.));
#3175=CARTESIAN_POINT('Ctrl Pts',(-421.780961298706,-11.7300129843768,500.));
#3176=CARTESIAN_POINT('Ctrl Pts',(-419.994425748887,-11.9580145443484,500.));
#3177=CARTESIAN_POINT('Ctrl Pts',(-418.198690587989,-12.1868135227333,500.));
#3178=CARTESIAN_POINT('Ctrl Pts',(-416.393879751817,-12.4163226691145,500.));
#3179=CARTESIAN_POINT('Ctrl Pts',(-414.580115774755,-12.646446245815,500.));
#3180=CARTESIAN_POINT('Ctrl Pts',(-412.757522690138,-12.8771018608625,500.));
#3181=CARTESIAN_POINT('Ctrl Pts',(-410.926230116172,-13.1082474534285,500.));
#3182=CARTESIAN_POINT('Ctrl Pts',(-409.086372971945,-13.3398872898885,500.));
#3183=CARTESIAN_POINT('Ctrl Pts',(-407.238085474626,-13.5720495083039,500.));
#3184=CARTESIAN_POINT('Ctrl Pts',(-405.381496238776,-13.8047699137625,500.));
#3185=CARTESIAN_POINT('Ctrl Pts',(-403.5167236162,-14.0380750420741,500.));
#3186=CARTESIAN_POINT('Ctrl Pts',(-401.643869247788,-14.2719611152162,500.));
#3187=CARTESIAN_POINT('Ctrl Pts',(-399.763019289023,-14.5063929086136,500.));
#3188=CARTESIAN_POINT('Ctrl Pts',(-397.874252253801,-14.7413202567088,500.));
#3189=CARTESIAN_POINT('Ctrl Pts',(-395.977645331273,-14.976690251081,500.));
#3190=CARTESIAN_POINT('Ctrl Pts',(-394.073280590312,-15.2124597239659,500.));
#3191=CARTESIAN_POINT('Ctrl Pts',(-392.161253047682,-15.4486112527161,500.));
#3192=CARTESIAN_POINT('Ctrl Pts',(-390.241670520992,-15.6851527842289,500.));
#3193=CARTESIAN_POINT('Ctrl Pts',(-388.314646168255,-15.9221026101715,500.));
#3194=CARTESIAN_POINT('Ctrl Pts',(-386.380292818752,-16.159477850916,500.));
#3195=CARTESIAN_POINT('Ctrl Pts',(-384.438717141504,-16.3972828333869,500.));
#3196=CARTESIAN_POINT('Ctrl Pts',(-382.490012495914,-16.6354942824423,500.));
#3197=CARTESIAN_POINT('Ctrl Pts',(-380.534257355149,-16.8740595347604,500.));
#3198=CARTESIAN_POINT('Ctrl Pts',(-378.571521690363,-17.1129131866234,500.));
#3199=CARTESIAN_POINT('Ctrl Pts',(-376.60187150103,-17.3519895534265,500.));
#3200=CARTESIAN_POINT('Ctrl Pts',(-374.625373864643,-17.5912360727893,500.));
#3201=CARTESIAN_POINT('Ctrl Pts',(-372.642102313354,-17.8306280891414,500.));
#3202=CARTESIAN_POINT('Ctrl Pts',(-370.652140380896,-18.0701775508641,500.));
#3203=CARTESIAN_POINT('Ctrl Pts',(-368.655577575843,-18.3099170770735,500.));
#3204=CARTESIAN_POINT('Ctrl Pts',(-366.652506554507,-18.5498879590057,500.));
#3205=CARTESIAN_POINT('Ctrl Pts',(-364.643019791066,-18.7901264115797,500.));
#3206=CARTESIAN_POINT('Ctrl Pts',(-362.627206536537,-19.0306510510631,500.));
#3207=CARTESIAN_POINT('Ctrl Pts',(-360.605149452477,-19.2714485569675,500.));
#3208=CARTESIAN_POINT('Ctrl Pts',(-358.57692504493,-19.5124828498723,500.));
#3209=CARTESIAN_POINT('Ctrl Pts',(-356.542604385286,-19.7537057882542,500.));
#3210=CARTESIAN_POINT('Ctrl Pts',(-354.50225370946,-19.9950677934472,500.));
#3211=CARTESIAN_POINT('Ctrl Pts',(-352.455935111949,-20.2365274338986,500.));
#3212=CARTESIAN_POINT('Ctrl Pts',(-350.40370709122,-20.4780641072958,500.));
#3213=CARTESIAN_POINT('Ctrl Pts',(-348.345625605767,-20.7196783884194,500.));
#3214=CARTESIAN_POINT('Ctrl Pts',(-346.281745551662,-20.9613817724323,500.));
#3215=CARTESIAN_POINT('Ctrl Pts',(-344.212122131579,-21.2031893542132,500.));
#3216=CARTESIAN_POINT('Ctrl Pts',(-342.136812246928,-21.445111426407,500.));
#3217=CARTESIAN_POINT('Ctrl Pts',(-340.05587593046,-21.6871452496412,500.));
#3218=CARTESIAN_POINT('Ctrl Pts',(-337.969377617736,-21.9292675834594,500.));
#3219=CARTESIAN_POINT('Ctrl Pts',(-335.877384761451,-22.1714430950998,500.));
#3220=CARTESIAN_POINT('Ctrl Pts',(-333.779966608744,-22.4136316547449,500.));
#3221=CARTESIAN_POINT('Ctrl Pts',(-331.677192888814,-22.6557964439625,500.));
#3222=CARTESIAN_POINT('Ctrl Pts',(-329.569132602585,-22.8979108283601,500.));
#3223=CARTESIAN_POINT('Ctrl Pts',(-327.455852610488,-23.1399679622377,500.));
#3224=CARTESIAN_POINT('Ctrl Pts',(-325.337416944008,-23.381980321438,500.));
#3225=CARTESIAN_POINT('Ctrl Pts',(-323.21388678221,-23.6239697946437,500.));
#3226=CARTESIAN_POINT('Ctrl Pts',(-321.085320253876,-23.8659604610605,500.));
#3227=CARTESIAN_POINT('Ctrl Pts',(-318.951772291997,-24.1079700859515,500.));
#3228=CARTESIAN_POINT('Ctrl Pts',(-316.813294510149,-24.3500025914509,500.));
#3229=CARTESIAN_POINT('Ctrl Pts',(-314.669934951411,-24.5920389708088,500.));
#3230=CARTESIAN_POINT('Ctrl Pts',(-312.521739402348,-24.8340435872871,500.));
#3231=CARTESIAN_POINT('Ctrl Pts',(-310.368752872789,-25.0759721379384,500.));
#3232=CARTESIAN_POINT('Ctrl Pts',(-308.211021052041,-25.3177791654629,500.));
#3233=CARTESIAN_POINT('Ctrl Pts',(-306.048591694729,-25.5594254492098,500.));
#3234=CARTESIAN_POINT('Ctrl Pts',(-303.881516228482,-25.8008861902679,500.));
#3235=CARTESIAN_POINT('Ctrl Pts',(-301.709850684983,-26.0421566083121,500.));
#3236=CARTESIAN_POINT('Ctrl Pts',(-299.5336534254,-26.2832452579004,500.));
#3237=CARTESIAN_POINT('Ctrl Pts',(-297.352983349858,-26.5241691114093,500.));
#3238=CARTESIAN_POINT('Ctrl Pts',(-295.167897825993,-26.7649477874387,500.));
#3239=CARTESIAN_POINT('Ctrl Pts',(-292.97845094923,-27.0055985256652,500.));
#3240=CARTESIAN_POINT('Ctrl Pts',(-290.784691142398,-27.2461299069715,500.));
#3241=CARTESIAN_POINT('Ctrl Pts',(-288.586660911515,-27.4865394799764,500.));
#3242=CARTESIAN_POINT('Ctrl Pts',(-286.384399672526,-27.7268168365498,500.));
#3243=CARTESIAN_POINT('Ctrl Pts',(-284.177945775939,-27.966945347277,500.));
#3244=CARTESIAN_POINT('Ctrl Pts',(-281.967338975441,-28.2069044773074,500.));
#3245=CARTESIAN_POINT('Ctrl Pts',(-279.752622429972,-28.4466717645025,500.));
#3246=CARTESIAN_POINT('Ctrl Pts',(-277.533845598276,-28.6862251661836,500.));
#3247=CARTESIAN_POINT('Ctrl Pts',(-275.311063658998,-28.925544256092,500.));
#3248=CARTESIAN_POINT('Ctrl Pts',(-273.084334475914,-29.1646106749124,500.));
#3249=CARTESIAN_POINT('Ctrl Pts',(-270.853716334332,-29.4034087728228,500.));
#3250=CARTESIAN_POINT('Ctrl Pts',(-268.619265251828,-29.6419262287499,500.));
#3251=CARTESIAN_POINT('Ctrl Pts',(-266.381032722167,-29.8801545500779,500.));
#3252=CARTESIAN_POINT('Ctrl Pts',(-264.139062634163,-30.1180899539757,500.));
#3253=CARTESIAN_POINT('Ctrl Pts',(-261.893392037045,-30.3557322734046,500.));
#3254=CARTESIAN_POINT('Ctrl Pts',(-259.644053608333,-30.5930829565759,500.));
#3255=CARTESIAN_POINT('Ctrl Pts',(-257.391077551461,-30.8301433964297,500.));
#3256=CARTESIAN_POINT('Ctrl Pts',(-255.13449379195,-31.0669130338271,500.));
#3257=CARTESIAN_POINT('Ctrl Pts',(-252.874333902366,-31.3033877652798,500.));
#3258=CARTESIAN_POINT('Ctrl Pts',(-250.610633511745,-31.5395576861104,500.));
#3259=CARTESIAN_POINT('Ctrl Pts',(-248.343432253302,-31.7754084038147,500.));
#3260=CARTESIAN_POINT('Ctrl Pts',(-246.072772851561,-32.0109236433614,500.));
#3261=CARTESIAN_POINT('Ctrl Pts',(-243.79870049156,-32.2460873748029,500.));
#3262=CARTESIAN_POINT('Ctrl Pts',(-241.521262070113,-32.4808862594405,500.));
#3263=CARTESIAN_POINT('Ctrl Pts',(-239.240505498287,-32.7153116812894,500.));
#3264=CARTESIAN_POINT('Ctrl Pts',(-236.956478980519,-32.9493626702887,500.));
#3265=CARTESIAN_POINT('Ctrl Pts',(-234.669230305868,-33.1830441868184,500.));
#3266=CARTESIAN_POINT('Ctrl Pts',(-232.378806123889,-33.4163636315685,500.));
#3267=CARTESIAN_POINT('Ctrl Pts',(-230.085251247248,-33.649328003031,500.));
#3268=CARTESIAN_POINT('Ctrl Pts',(-227.788607895862,-33.8819406313938,500.));
#3269=CARTESIAN_POINT('Ctrl Pts',(-225.488915076266,-34.1141984517471,500.));
#3270=CARTESIAN_POINT('Ctrl Pts',(-223.186207623644,-34.3460881392108,500.));
#3271=CARTESIAN_POINT('Ctrl Pts',(-220.880516818191,-34.5775873709898,500.));
#3272=CARTESIAN_POINT('Ctrl Pts',(-218.571871817158,-34.8086687231855,500.));
#3273=CARTESIAN_POINT('Ctrl Pts',(-216.26030081154,-35.0393026851908,500.));
#3274=CARTESIAN_POINT('Ctrl Pts',(-213.945832341862,-35.2694611717029,500.));
#3275=CARTESIAN_POINT('Ctrl Pts',(-211.628496441647,-35.4991205159979,500.));
#3276=CARTESIAN_POINT('Ctrl Pts',(-209.308326113802,-35.7282654456453,500.));
#3277=CARTESIAN_POINT('Ctrl Pts',(-206.985357576496,-35.9568894424637,500.));
#3278=CARTESIAN_POINT('Ctrl Pts',(-204.65962950057,-36.1849921281534,500.));
#3279=CARTESIAN_POINT('Ctrl Pts',(-202.331182531355,-36.4125775096417,500.));
#3280=CARTESIAN_POINT('Ctrl Pts',(-200.000058697456,-36.6396518366018,500.));
#3281=CARTESIAN_POINT('Ctrl Pts',(-197.666300859392,-36.8662217058812,500.));
#3282=CARTESIAN_POINT('Ctrl Pts',(-195.329952162041,-37.0922918630872,500.));
#3283=CARTESIAN_POINT('Ctrl Pts',(-192.991055410893,-37.31786382208,500.));
#3284=CARTESIAN_POINT('Ctrl Pts',(-190.649652295748,-37.5429357288206,500.));
#3285=CARTESIAN_POINT('Ctrl Pts',(-188.305782664579,-37.7675019541666,500.));
#3286=CARTESIAN_POINT('Ctrl Pts',(-185.959483747477,-37.9915527615164,500.));
#3287=CARTESIAN_POINT('Ctrl Pts',(-183.610789470109,-38.2150740210319,500.));
#3288=CARTESIAN_POINT('Ctrl Pts',(-181.259729565595,-38.4380467158002,500.));
#3289=CARTESIAN_POINT('Ctrl Pts',(-178.906329266974,-38.6604471068505,500.));
#3290=CARTESIAN_POINT('Ctrl Pts',(-176.550611585149,-38.8822498807769,500.));
#3291=CARTESIAN_POINT('Ctrl Pts',(-174.19259923145,-39.1034308881139,500.));
#3292=CARTESIAN_POINT('Ctrl Pts',(-171.832316668892,-39.323970025812,500.));
#3293=CARTESIAN_POINT('Ctrl Pts',(-169.469792130719,-39.5438540933364,500.));
#3294=CARTESIAN_POINT('Ctrl Pts',(-167.105059600851,-39.7630795775334,500.));
#3295=CARTESIAN_POINT('Ctrl Pts',(-164.738160954199,-39.9816556954446,500.));
#3296=CARTESIAN_POINT('Ctrl Pts',(-162.369143247038,-40.1995997185876,500.));
#3297=CARTESIAN_POINT('Ctrl Pts',(-159.99805577817,-40.4169319261396,500.));
#3298=CARTESIAN_POINT('Ctrl Pts',(-157.624947295082,-40.633670805134,500.));
#3299=CARTESIAN_POINT('Ctrl Pts',(-155.249863000979,-40.8498278952513,500.));
#3300=CARTESIAN_POINT('Ctrl Pts',(-152.872841969434,-41.065403372782,500.));
#3301=CARTESIAN_POINT('Ctrl Pts',(-150.493913562183,-41.2803798205558,500.));
#3302=CARTESIAN_POINT('Ctrl Pts',(-148.113098806611,-41.4947250321282,500.));
#3303=CARTESIAN_POINT('Ctrl Pts',(-145.730413966796,-41.7083988187876,500.));
#3304=CARTESIAN_POINT('Ctrl Pts',(-143.345873361137,-41.9213584306156,500.));
#3305=CARTESIAN_POINT('Ctrl Pts',(-140.959492607483,-42.1335647867835,500.));
#3306=CARTESIAN_POINT('Ctrl Pts',(-138.571291420566,-42.3449878196132,500.));
#3307=CARTESIAN_POINT('Ctrl Pts',(-136.181297246048,-42.5556135135098,500.));
#3308=CARTESIAN_POINT('Ctrl Pts',(-133.78954628131,-42.7654456183499,500.));
#3309=CARTESIAN_POINT('Ctrl Pts',(-131.396080309908,-42.9744988195,500.));
#3310=CARTESIAN_POINT('Ctrl Pts',(-129.000944510253,-43.1827938987689,500.));
#3311=CARTESIAN_POINT('Ctrl Pts',(-126.604184860397,-43.3903520650006,500.));
#3312=CARTESIAN_POINT('Ctrl Pts',(-124.205845742338,-43.597189705824,500.));
#3313=CARTESIAN_POINT('Ctrl Pts',(-121.8059673969,-43.8033128014565,500.));
#3314=CARTESIAN_POINT('Ctrl Pts',(-119.404583623028,-44.0087119274801,500.));
#3315=CARTESIAN_POINT('Ctrl Pts',(-117.001723230163,-44.2133664551277,500.));
#3316=CARTESIAN_POINT('Ctrl Pts',(-114.597411318672,-44.4172483419874,500.));
#3317=CARTESIAN_POINT('Ctrl Pts',(-112.191670611998,-44.620326017595,500.));
#3318=CARTESIAN_POINT('Ctrl Pts',(-109.784522795856,-44.8225683622693,500.));
#3319=CARTESIAN_POINT('Ctrl Pts',(-107.375989786533,-45.0239483334697,500.));
#3320=CARTESIAN_POINT('Ctrl Pts',(-104.96609520318,-45.2244475430059,500.));
#3321=CARTESIAN_POINT('Ctrl Pts',(-102.554864761164,-45.4240558415604,500.));
#3322=CARTESIAN_POINT('Ctrl Pts',(-100.14232623502,-45.622768875112,500.));
#3323=CARTESIAN_POINT('Ctrl Pts',(-97.7285095501386,-45.8205863176164,500.));
#3324=CARTESIAN_POINT('Ctrl Pts',(-95.3134468443321,-46.0175097778289,500.));
#3325=CARTESIAN_POINT('Ctrl Pts',(-92.897172487857,-46.2135409481532,500.));
#3326=CARTESIAN_POINT('Ctrl Pts',(-90.4797232532602,-46.4086794019076,500.));
#3327=CARTESIAN_POINT('Ctrl Pts',(-88.0611379823492,-46.6029213646452,500.));
#3328=CARTESIAN_POINT('Ctrl Pts',(-85.641456181538,-46.7962604900507,500.));
#3329=CARTESIAN_POINT('Ctrl Pts',(-83.2207168359829,-46.9886882219579,500.));
#3330=CARTESIAN_POINT('Ctrl Pts',(-80.7989571455497,-47.1801943201553,500.));
#3331=CARTESIAN_POINT('Ctrl Pts',(-78.3762112730594,-47.3707673191739,500.));
#3332=CARTESIAN_POINT('Ctrl Pts',(-75.9525091370381,-47.5603950089224,500.));
#3333=CARTESIAN_POINT('Ctrl Pts',(-73.527875049754,-47.7490649248935,500.));
#3334=CARTESIAN_POINT('Ctrl Pts',(-71.1023293680606,-47.9367644216245,500.));
#3335=CARTESIAN_POINT('Ctrl Pts',(-68.6758903583882,-48.123480713944,500.));
#3336=CARTESIAN_POINT('Ctrl Pts',(-66.2485759470132,-48.3092009351964,500.));
#3337=CARTESIAN_POINT('Ctrl Pts',(-63.8204056021406,-48.4939121767104,500.));
#3338=CARTESIAN_POINT('Ctrl Pts',(-61.3914019651895,-48.6776015622926,500.));
#3339=CARTESIAN_POINT('Ctrl Pts',(-58.9615930716647,-48.8602562407279,500.));
#3340=CARTESIAN_POINT('Ctrl Pts',(-56.5310123476843,-49.0418636881463,500.));
#3341=CARTESIAN_POINT('Ctrl Pts',(-54.0996966042129,-49.2224122932613,500.));
#3342=CARTESIAN_POINT('Ctrl Pts',(-51.6676845958983,-49.4018918569991,500.));
#3343=CARTESIAN_POINT('Ctrl Pts',(-49.2350153335581,-49.5802941420677,500.));
#3344=CARTESIAN_POINT('Ctrl Pts',(-46.8017265367791,-49.7576133669096,500.));
#3345=CARTESIAN_POINT('Ctrl Pts',(-44.3678529439865,-49.9338468049895,500.));
#3346=CARTESIAN_POINT('Ctrl Pts',(-41.933424921537,-50.1089951043225,500.));
#3347=CARTESIAN_POINT('Ctrl Pts',(-39.4984696808039,-50.2830600744665,500.));
#3348=CARTESIAN_POINT('Ctrl Pts',(-37.0630122906216,-50.4560426530702,500.));
#3349=CARTESIAN_POINT('Ctrl Pts',(-34.6270767506734,-50.6279408634828,500.));
#3350=CARTESIAN_POINT('Ctrl Pts',(-32.1906870775277,-50.7987476407902,500.));
#3351=CARTESIAN_POINT('Ctrl Pts',(-29.7538682950712,-50.9684490309575,500.));
#3352=CARTESIAN_POINT('Ctrl Pts',(-27.3166476953601,-51.1370214241756,500.));
#3353=CARTESIAN_POINT('Ctrl Pts',(-24.8790547633405,-51.304433494759,500.));
#3354=CARTESIAN_POINT('Ctrl Pts',(-22.4411204712174,-51.4706503743423,500.));
#3355=CARTESIAN_POINT('Ctrl Pts',(-20.0028767767387,-51.6356370710913,500.));
#3356=CARTESIAN_POINT('Ctrl Pts',(-17.5643560277506,-51.7993623045197,500.));
#3357=CARTESIAN_POINT('Ctrl Pts',(-15.1255904277217,-51.9618019254967,500.));
#3358=CARTESIAN_POINT('Ctrl Pts',(-12.6866114251838,-52.1229430828413,500.));
#3359=CARTESIAN_POINT('Ctrl Pts',(-10.2474492912379,-52.282786300671,500.));
#3360=CARTESIAN_POINT('Ctrl Pts',(-7.80813330950508,-52.4413406031063,500.));
#3361=CARTESIAN_POINT('Ctrl Pts',(-5.36869186533653,-52.5986197515852,500.));
#3362=CARTESIAN_POINT('Ctrl Pts',(-2.92915257635856,-52.7546381014221,500.));
#3363=CARTESIAN_POINT('Ctrl Pts',(-0.489542401267297,-52.9094064923107,
500.));
#3364=CARTESIAN_POINT('Ctrl Pts',(1.95011223235394,-53.0629284256896,500.));
#3365=CARTESIAN_POINT('Ctrl Pts',(4.38978533376745,-53.2151953307778,500.));
#3366=CARTESIAN_POINT('Ctrl Pts',(6.82945103807065,-53.3661884003011,500.));
#3367=CARTESIAN_POINT('Ctrl Pts',(9.26908323963033,-53.515882008391,500.));
#3368=CARTESIAN_POINT('Ctrl Pts',(11.7086552539153,-53.6642465499015,500.));
#3369=CARTESIAN_POINT('Ctrl Pts',(14.1481394462978,-53.8112516055352,500.));
#3370=CARTESIAN_POINT('Ctrl Pts',(16.5875069240482,-53.9568687741004,500.));
#3371=CARTESIAN_POINT('Ctrl Pts',(19.0267270820149,-54.1010751169402,500.));
#3372=CARTESIAN_POINT('Ctrl Pts',(21.4657676182774,-54.2438547358368,500.));
#3373=CARTESIAN_POINT('Ctrl Pts',(23.9045953986127,-54.3851970059469,500.));
#3374=CARTESIAN_POINT('Ctrl Pts',(26.3431771356487,-54.5250955479471,500.));
#3375=CARTESIAN_POINT('Ctrl Pts',(28.7814801362917,-54.6635469057343,500.));
#3376=CARTESIAN_POINT('Ctrl Pts',(31.2194730339177,-54.8005493453229,500.));
#3377=CARTESIAN_POINT('Ctrl Pts',(33.6571264942302,-54.9361016126169,500.));
#3378=CARTESIAN_POINT('Ctrl Pts',(36.0944140218566,-55.0702016795026,500.));
#3379=CARTESIAN_POINT('Ctrl Pts',(38.5313109384402,-55.2028460290511,500.));
#3380=CARTESIAN_POINT('Ctrl Pts',(40.9677932144059,-55.3340289681167,500.));
#3381=CARTESIAN_POINT('Ctrl Pts',(43.4038363825822,-55.4637419600971,500.));
#3382=CARTESIAN_POINT('Ctrl Pts',(45.8394143522535,-55.5919728807573,500.));
#3383=CARTESIAN_POINT('Ctrl Pts',(48.2744984173361,-55.7187054664098,500.));
#3384=CARTESIAN_POINT('Ctrl Pts',(50.70905580683,-55.8439182853916,500.));
#3385=CARTESIAN_POINT('Ctrl Pts',(53.1430499154519,-55.9675854764776,500.));
#3386=CARTESIAN_POINT('Ctrl Pts',(55.5764422086574,-56.0896792535159,500.));
#3387=CARTESIAN_POINT('Ctrl Pts',(58.0091936664595,-56.2101719202681,500.));
#3388=CARTESIAN_POINT('Ctrl Pts',(60.4412664308732,-56.3290381082108,500.));
#3389=CARTESIAN_POINT('Ctrl Pts',(62.8726253312598,-56.446256866362,500.));
#3390=CARTESIAN_POINT('Ctrl Pts',(65.303239545128,-56.5618139395024,500.));
#3391=CARTESIAN_POINT('Ctrl Pts',(67.7330839633563,-56.6757036086753,500.));
#3392=CARTESIAN_POINT('Ctrl Pts',(70.1621372862541,-56.7879256347959,500.));
#3393=CARTESIAN_POINT('Ctrl Pts',(72.5903803272751,-56.8984825067087,500.));
#3394=CARTESIAN_POINT('Ctrl Pts',(75.0177942686137,-57.0073766348531,500.));
#3395=CARTESIAN_POINT('Ctrl Pts',(77.4443588678043,-57.1146074294105,500.));
#3396=CARTESIAN_POINT('Ctrl Pts',(79.8700508477846,-57.22016875233,500.));
#3397=CARTESIAN_POINT('Ctrl Pts',(82.2948417943933,-57.3240453824838,500.));
#3398=CARTESIAN_POINT('Ctrl Pts',(84.7186985076027,-57.4262143894154,500.));
#3399=CARTESIAN_POINT('Ctrl Pts',(87.1415844668168,-57.526648752717,500.));
#3400=CARTESIAN_POINT('Ctrl Pts',(89.5634609315714,-57.6253202161192,500.));
#3401=CARTESIAN_POINT('Ctrl Pts',(91.9842882149288,-57.722202569637,500.));
#3402=CARTESIAN_POINT('Ctrl Pts',(94.4040268340057,-57.8172744939082,500.));
#3403=CARTESIAN_POINT('Ctrl Pts',(96.822638831091,-57.910523206414,500.));
#3404=CARTESIAN_POINT('Ctrl Pts',(99.2400886398826,-58.0019457761137,500.));
#3405=CARTESIAN_POINT('Ctrl Pts',(101.656342848859,-58.0915446989217,500.));
#3406=CARTESIAN_POINT('Ctrl Pts',(104.071370177499,-58.1793245632028,500.));
#3407=CARTESIAN_POINT('Ctrl Pts',(106.485141364458,-58.2652883087378,500.));
#3408=CARTESIAN_POINT('Ctrl Pts',(108.897629101671,-58.3494335996748,500.));
#3409=CARTESIAN_POINT('Ctrl Pts',(111.30880792906,-58.4317492888796,500.));
#3410=CARTESIAN_POINT('Ctrl Pts',(113.718654199879,-58.5122114616847,500.));
#3411=CARTESIAN_POINT('Ctrl Pts',(116.127144921147,-58.5907871918354,500.));
#3412=CARTESIAN_POINT('Ctrl Pts',(118.534256494755,-58.6674389038351,500.));
#3413=CARTESIAN_POINT('Ctrl Pts',(120.939963533169,-58.7421284245193,500.));
#3414=CARTESIAN_POINT('Ctrl Pts',(123.344237556291,-58.8148213709606,500.));
#3415=CARTESIAN_POINT('Ctrl Pts',(125.747045943013,-58.8854909157091,500.));
#3416=CARTESIAN_POINT('Ctrl Pts',(128.148350263305,-58.9541230168949,500.));
#3417=CARTESIAN_POINT('Ctrl Pts',(130.548107158321,-59.0207156675236,500.));
#3418=CARTESIAN_POINT('Ctrl Pts',(132.946271030858,-59.0852739220281,500.));
#3419=CARTESIAN_POINT('Ctrl Pts',(135.342796167188,-59.1478062160712,500.));
#3420=CARTESIAN_POINT('Ctrl Pts',(137.737639169471,-59.2083200474632,500.));
#3421=CARTESIAN_POINT('Ctrl Pts',(140.130761079069,-59.2668181753163,500.));
#3422=CARTESIAN_POINT('Ctrl Pts',(142.522130056478,-59.3232940079726,500.));
#3423=CARTESIAN_POINT('Ctrl Pts',(144.911722478098,-59.3777292058723,500.));
#3424=CARTESIAN_POINT('Ctrl Pts',(147.299519491583,-59.4300975853075,500.));
#3425=CARTESIAN_POINT('Ctrl Pts',(149.685504376259,-59.4803679054176,500.));
#3426=CARTESIAN_POINT('Ctrl Pts',(152.069659591949,-59.5285070905719,500.));
#3427=CARTESIAN_POINT('Ctrl Pts',(154.45196394652,-59.574483279197,500.));
#3428=CARTESIAN_POINT('Ctrl Pts',(156.832389745972,-59.6182689183875,500.));
#3429=CARTESIAN_POINT('Ctrl Pts',(159.210899858886,-59.6598439184314,500.));
#3430=CARTESIAN_POINT('Ctrl Pts',(161.587450304147,-59.6991941946549,500.));
#3431=CARTESIAN_POINT('Ctrl Pts',(163.961992988471,-59.7363100936331,500.));
#3432=CARTESIAN_POINT('Ctrl Pts',(166.334478343232,-59.7711848766302,500.));
#3433=CARTESIAN_POINT('Ctrl Pts',(168.704858106179,-59.8038131466118,500.));
#3434=CARTESIAN_POINT('Ctrl Pts',(171.073087801666,-59.8341893748586,500.));
#3435=CARTESIAN_POINT('Ctrl Pts',(173.43912996458,-59.8623061915714,500.));
#3436=CARTESIAN_POINT('Ctrl Pts',(175.802953373088,-59.8881539264052,500.));
#3437=CARTESIAN_POINT('Ctrl Pts',(178.164530777019,-59.9117206055126,500.));
#3438=CARTESIAN_POINT('Ctrl Pts',(180.523837146474,-59.9329918144233,500.));
#3439=CARTESIAN_POINT('Ctrl Pts',(182.880847639304,-59.9519505838192,500.));
#3440=CARTESIAN_POINT('Ctrl Pts',(185.235535838228,-59.9685773422447,500.));
#3441=CARTESIAN_POINT('Ctrl Pts',(187.587871503841,-59.9828496502153,500.));
#3442=CARTESIAN_POINT('Ctrl Pts',(189.937819989031,-59.9947427802653,500.));
#3443=CARTESIAN_POINT('Ctrl Pts',(192.285343305478,-60.0042311727169,500.));
#3444=CARTESIAN_POINT('Ctrl Pts',(194.630400742097,-60.0112896308956,500.));
#3445=CARTESIAN_POINT('Ctrl Pts',(196.972949671632,-60.0158946734955,500.));
#3446=CARTESIAN_POINT('Ctrl Pts',(199.312946264706,-60.0180257026729,500.));
#3447=CARTESIAN_POINT('Ctrl Pts',(201.650346272573,-60.0176665343052,500.));
#3448=CARTESIAN_POINT('Ctrl Pts',(203.98510568571,-60.0148058404505,500.));
#3449=CARTESIAN_POINT('Ctrl Pts',(206.31718115829,-60.0094351512954,500.));
#3450=CARTESIAN_POINT('Ctrl Pts',(208.646530471462,-60.0015473632747,500.));
#3451=CARTESIAN_POINT('Ctrl Pts',(210.973112996212,-59.9911350167231,500.));
#3452=CARTESIAN_POINT('Ctrl Pts',(213.296890122112,-59.978188738238,500.));
#3453=CARTESIAN_POINT('Ctrl Pts',(215.617825782681,-59.9626954538739,500.));
#3454=CARTESIAN_POINT('Ctrl Pts',(217.935886693158,-59.9446371761846,500.));
#3455=CARTESIAN_POINT('Ctrl Pts',(220.251041124785,-59.9239926069035,500.));
#3456=CARTESIAN_POINT('Ctrl Pts',(222.563257871616,-59.9007383739292,500.));
#3457=CARTESIAN_POINT('Ctrl Pts',(224.872505135573,-59.8748504188633,500.));
#3458=CARTESIAN_POINT('Ctrl Pts',(227.178749462412,-59.8463053003127,500.));
#3459=CARTESIAN_POINT('Ctrl Pts',(229.481954617603,-59.8150815811645,500.));
#3460=CARTESIAN_POINT('Ctrl Pts',(231.782080597318,-59.7811610430384,500.));
#3461=CARTESIAN_POINT('Ctrl Pts',(234.079084272704,-59.7445278566527,500.));
#3462=CARTESIAN_POINT('Ctrl Pts',(236.372919928926,-59.7051678841108,500.));
#3463=CARTESIAN_POINT('Ctrl Pts',(238.663539843652,-59.6630679301129,500.));
#3464=CARTESIAN_POINT('Ctrl Pts',(240.950894849662,-59.6182150175133,500.));
#3465=CARTESIAN_POINT('Ctrl Pts',(243.234934902154,-59.570595646152,500.));
#3466=CARTESIAN_POINT('Ctrl Pts',(245.515609650067,-59.5201950764336,500.));
#3467=CARTESIAN_POINT('Ctrl Pts',(247.792869266638,-59.466997301566,500.));
#3468=CARTESIAN_POINT('Ctrl Pts',(250.066665269451,-59.4109850022482,500.));
#3469=CARTESIAN_POINT('Ctrl Pts',(252.33695134994,-59.3521395061951,500.));
#3470=CARTESIAN_POINT('Ctrl Pts',(254.603684186447,-59.2904407494194,500.));
#3471=CARTESIAN_POINT('Ctrl Pts',(256.866824293885,-59.2258672277174,500.));
#3472=CARTESIAN_POINT('Ctrl Pts',(259.126336774263,-59.1583959779692,500.));
#3473=CARTESIAN_POINT('Ctrl Pts',(261.382189085643,-59.0880034933367,500.));
#3474=CARTESIAN_POINT('Ctrl Pts',(263.634348915995,-59.0146666024174,500.));
#3475=CARTESIAN_POINT('Ctrl Pts',(265.882781993884,-58.9383633754792,500.));
#3476=CARTESIAN_POINT('Ctrl Pts',(268.127449980088,-58.8590739884255,500.));
#3477=CARTESIAN_POINT('Ctrl Pts',(270.36830819589,-58.7767816780458,500.));
#3478=CARTESIAN_POINT('Ctrl Pts',(272.60530379309,-58.6914734463192,500.));
#3479=CARTESIAN_POINT('Ctrl Pts',(274.838378526929,-58.6031381184375,500.));
#3480=CARTESIAN_POINT('Ctrl Pts',(277.067471149323,-58.5117646288576,500.));
#3481=CARTESIAN_POINT('Ctrl Pts',(279.292520001319,-58.4173401697196,500.));
#3482=CARTESIAN_POINT('Ctrl Pts',(281.513465396356,-58.3198485134685,500.));
#3483=CARTESIAN_POINT('Ctrl Pts',(283.730252391474,-58.2192679835824,500.));
#3484=CARTESIAN_POINT('Ctrl Pts',(285.942832476202,-58.1155704284852,500.));
#3485=CARTESIAN_POINT('Ctrl Pts',(288.151160994055,-58.0087241904418,500.));
#3486=CARTESIAN_POINT('Ctrl Pts',(290.355195242019,-57.8986964208144,500.));
#3487=CARTESIAN_POINT('Ctrl Pts',(292.554892228335,-57.7854557607997,500.));
#3488=CARTESIAN_POINT('Ctrl Pts',(294.750206751763,-57.668974614335,500.));
#3489=CARTESIAN_POINT('Ctrl Pts',(296.941088914458,-57.549232210188,500.));
#3490=CARTESIAN_POINT('Ctrl Pts',(299.127483382743,-57.4262151663897,500.));
#3491=CARTESIAN_POINT('Ctrl Pts',(301.309331424023,-57.2999140524248,500.));
#3492=CARTESIAN_POINT('Ctrl Pts',(303.486572269368,-57.1703209433555,500.));
#3493=CARTESIAN_POINT('Ctrl Pts',(305.659144809945,-57.0374264441568,500.));
#3494=CARTESIAN_POINT('Ctrl Pts',(307.826989006703,-56.9012172417698,500.));
#3495=CARTESIAN_POINT('Ctrl Pts',(309.990047786433,-56.7616726707756,500.));
#3496=CARTESIAN_POINT('Ctrl Pts',(312.148266956745,-56.6187654118306,500.));
#3497=CARTESIAN_POINT('Ctrl Pts',(314.301594022648,-56.4724645018393,500.));
#3498=CARTESIAN_POINT('Ctrl Pts',(316.449977340995,-56.3227376206343,500.));
#3499=CARTESIAN_POINT('Ctrl Pts',(318.593365132296,-56.1695537087665,500.));
#3500=CARTESIAN_POINT('Ctrl Pts',(320.731704560169,-56.0128853694361,500.));
#3501=CARTESIAN_POINT('Ctrl Pts',(322.864940763565,-55.8527115628354,500.));
#3502=CARTESIAN_POINT('Ctrl Pts',(324.993016429418,-55.6890153983585,500.));
#3503=CARTESIAN_POINT('Ctrl Pts',(327.115871410585,-55.5217817235988,500.));
#3504=CARTESIAN_POINT('Ctrl Pts',(329.23344228658,-55.3509946895669,500.));
#3505=CARTESIAN_POINT('Ctrl Pts',(331.345662041295,-55.1766355455436,500.));
#3506=CARTESIAN_POINT('Ctrl Pts',(333.452459466191,-54.9986798051077,500.));
#3507=CARTESIAN_POINT('Ctrl Pts',(335.553759428263,-54.817096446569,500.));
#3508=CARTESIAN_POINT('Ctrl Pts',(337.649485020327,-54.6318515476216,500.));
#3509=CARTESIAN_POINT('Ctrl Pts',(339.739559285362,-54.4429109336916,500.));
#3510=CARTESIAN_POINT('Ctrl Pts',(341.823907188732,-54.2502433655435,500.));
#3511=CARTESIAN_POINT('Ctrl Pts',(343.902457304054,-54.0538231592405,500.));
#3512=CARTESIAN_POINT('Ctrl Pts',(345.975144090813,-53.8536339250965,500.));
#3513=CARTESIAN_POINT('Ctrl Pts',(348.041906499796,-53.6496654808538,500.));
#3514=CARTESIAN_POINT('Ctrl Pts',(350.102685650484,-53.4419090976196,500.));
#3515=CARTESIAN_POINT('Ctrl Pts',(352.157422779335,-53.230353134005,500.));
#3516=CARTESIAN_POINT('Ctrl Pts',(354.20605717109,-53.0149789007191,500.));
#3517=CARTESIAN_POINT('Ctrl Pts',(356.24852386506,-52.7957554796931,500.));
#3518=CARTESIAN_POINT('Ctrl Pts',(358.284752223566,-52.5726381158148,500.));
#3519=CARTESIAN_POINT('Ctrl Pts',(360.314666474397,-52.3455746962537,500.));
#3520=CARTESIAN_POINT('Ctrl Pts',(362.338185857049,-52.1145105483717,500.));
#3521=CARTESIAN_POINT('Ctrl Pts',(364.355224911021,-51.8793939770022,500.));
#3522=CARTESIAN_POINT('Ctrl Pts',(366.36569374047,-51.6401813254227,500.));
#3523=CARTESIAN_POINT('Ctrl Pts',(368.369498190728,-51.3968426742838,500.));
#3524=CARTESIAN_POINT('Ctrl Pts',(370.366541942359,-51.1493581107251,500.));
#3525=CARTESIAN_POINT('Ctrl Pts',(372.356728647221,-50.8977134954708,500.));
#3526=CARTESIAN_POINT('Ctrl Pts',(374.33996421241,-50.6418962789121,500.));
#3527=CARTESIAN_POINT('Ctrl Pts',(376.316158650459,-50.3818915954198,500.));
#3528=CARTESIAN_POINT('Ctrl Pts',(378.285229048829,-50.1176774859034,500.));
#3529=CARTESIAN_POINT('Ctrl Pts',(380.247097513711,-49.8492242006165,500.));
#3530=CARTESIAN_POINT('Ctrl Pts',(382.201686467973,-49.5764957939224,500.));
#3531=CARTESIAN_POINT('Ctrl Pts',(384.148914535467,-49.299450984798,500.));
#3532=CARTESIAN_POINT('Ctrl Pts',(386.088692690939,-49.0180443801318,500.));
#3533=CARTESIAN_POINT('Ctrl Pts',(388.020919060389,-48.732227400662,500.));
#3534=CARTESIAN_POINT('Ctrl Pts',(389.945478778206,-48.4419498376205,500.));
#3535=CARTESIAN_POINT('Ctrl Pts',(391.862250640283,-48.1471620633728,500.));
#3536=CARTESIAN_POINT('Ctrl Pts',(393.771112294511,-47.8478172212849,500.));
#3537=CARTESIAN_POINT('Ctrl Pts',(395.671945546244,-47.5438731295447,500.));
#3538=CARTESIAN_POINT('Ctrl Pts',(397.564642756019,-47.2352950100875,500.));
#3539=CARTESIAN_POINT('Ctrl Pts',(399.449109039165,-46.9220555744339,500.));
#3540=CARTESIAN_POINT('Ctrl Pts',(401.325254679362,-46.6041292251178,500.));
#3541=CARTESIAN_POINT('Ctrl Pts',(403.192989319369,-46.2814872143526,500.));
#3542=CARTESIAN_POINT('Ctrl Pts',(405.052215859128,-45.9540928935551,500.));
#3543=CARTESIAN_POINT('Ctrl Pts',(406.902823490642,-45.6218958022748,500.));
#3544=CARTESIAN_POINT('Ctrl Pts',(408.74468428393,-45.2848298546348,500.));
#3545=CARTESIAN_POINT('Ctrl Pts',(410.57765902463,-44.9428217954305,500.));
#3546=CARTESIAN_POINT('Ctrl Pts',(412.401601428997,-44.5957980410017,500.));
#3547=CARTESIAN_POINT('Ctrl Pts',(414.216362661414,-44.2436914058619,500.));
#3548=CARTESIAN_POINT('Ctrl Pts',(416.021796542273,-43.8864496872251,500.));
#3549=CARTESIAN_POINT('Ctrl Pts',(417.817761643355,-43.5240372560306,500.));
#3550=CARTESIAN_POINT('Ctrl Pts',(419.604117783396,-43.1564245957997,500.));
#3551=CARTESIAN_POINT('Ctrl Pts',(421.380723709692,-42.7835801230411,500.));
#3552=CARTESIAN_POINT('Ctrl Pts',(423.147434496108,-42.4054620622277,500.));
#3553=CARTESIAN_POINT('Ctrl Pts',(424.904098585908,-42.0220079076201,500.));
#3554=CARTESIAN_POINT('Ctrl Pts',(426.650557020748,-41.6331350926837,500.));
#3555=CARTESIAN_POINT('Ctrl Pts',(428.386644511006,-41.2387506178979,500.));
#3556=CARTESIAN_POINT('Ctrl Pts',(430.112189973361,-40.8387583119514,500.));
#3557=CARTESIAN_POINT('Ctrl Pts',(431.827017282526,-40.4330665775113,500.));
#3558=CARTESIAN_POINT('Ctrl Pts',(433.530945942209,-40.0215972159874,500.));
#3559=CARTESIAN_POINT('Ctrl Pts',(435.223791822081,-39.6042807897769,500.));
#3560=CARTESIAN_POINT('Ctrl Pts',(436.905368013112,-39.1810493773935,500.));
#3561=CARTESIAN_POINT('Ctrl Pts',(438.575485399802,-38.751830691456,500.));
#3562=CARTESIAN_POINT('Ctrl Pts',(440.233953914406,-38.3165405942531,500.));
#3563=CARTESIAN_POINT('Ctrl Pts',(441.88058175682,-37.8750795016694,500.));
#3564=CARTESIAN_POINT('Ctrl Pts',(443.515168649118,-37.4273400196553,500.));
#3565=CARTESIAN_POINT('Ctrl Pts',(445.137499755018,-36.9732130116982,500.));
#3566=CARTESIAN_POINT('Ctrl Pts',(446.747340094705,-36.5125935612304,500.));
#3567=CARTESIAN_POINT('Ctrl Pts',(448.344426803879,-36.0453888318209,500.));
#3568=CARTESIAN_POINT('Ctrl Pts',(449.92847643619,-35.5715116966613,500.));
#3569=CARTESIAN_POINT('Ctrl Pts',(451.499197269082,-35.0908696411514,500.));
#3570=CARTESIAN_POINT('Ctrl Pts',(453.056298605769,-34.6033564105417,500.));
#3571=CARTESIAN_POINT('Ctrl Pts',(454.599504421127,-34.1088398156498,500.));
#3572=CARTESIAN_POINT('Ctrl Pts',(456.128554097807,-33.607160837902,500.));
#3573=CARTESIAN_POINT('Ctrl Pts',(457.643184377086,-33.0981492598489,500.));
#3574=CARTESIAN_POINT('Ctrl Pts',(459.143116426611,-32.5816346387149,500.));
#3575=CARTESIAN_POINT('Ctrl Pts',(460.628039491863,-32.0574606947737,500.));
#3576=CARTESIAN_POINT('Ctrl Pts',(462.097600020434,-31.5254936760383,500.));
#3577=CARTESIAN_POINT('Ctrl Pts',(463.551414341799,-30.985603750868,500.));
#3578=CARTESIAN_POINT('Ctrl Pts',(464.989078203867,-30.4376500911282,500.));
#3579=CARTESIAN_POINT('Ctrl Pts',(466.41017792449,-29.8814639328748,500.));
#3580=CARTESIAN_POINT('Ctrl Pts',(467.814299727069,-29.3168341725491,500.));
#3581=CARTESIAN_POINT('Ctrl Pts',(469.201018586214,-28.7435234881975,500.));
#3582=CARTESIAN_POINT('Ctrl Pts',(470.569888346699,-28.1612825240099,500.));
#3583=CARTESIAN_POINT('Ctrl Pts',(471.920430961847,-27.5698654273572,500.));
#3584=CARTESIAN_POINT('Ctrl Pts',(473.252127282903,-26.9690430621398,500.));
#3585=CARTESIAN_POINT('Ctrl Pts',(474.564425434537,-26.3585947969434,500.));
#3586=CARTESIAN_POINT('Ctrl Pts',(475.856746765611,-25.738301597609,500.));
#3587=CARTESIAN_POINT('Ctrl Pts',(477.128495105274,-25.1079391581117,500.));
#3588=CARTESIAN_POINT('Ctrl Pts',(478.379057012523,-24.4672691346316,500.));
#3589=CARTESIAN_POINT('Ctrl Pts',(479.607769441458,-23.8160189482355,500.));
#3590=CARTESIAN_POINT('Ctrl Pts',(480.813897752885,-23.1538678393125,500.));
#3591=CARTESIAN_POINT('Ctrl Pts',(481.996598986489,-22.4804209400356,500.));
#3592=CARTESIAN_POINT('Ctrl Pts',(483.154936069529,-21.7952282752501,500.));
#3593=CARTESIAN_POINT('Ctrl Pts',(484.287932946793,-21.0978403401571,500.));
#3594=CARTESIAN_POINT('Ctrl Pts',(485.394616798353,-20.3878523107573,500.));
#3595=CARTESIAN_POINT('Ctrl Pts',(486.47406847677,-19.6649550704122,500.));
#3596=CARTESIAN_POINT('Ctrl Pts',(487.525328707206,-18.9288707573393,500.));
#3597=CARTESIAN_POINT('Ctrl Pts',(488.547316744478,-18.1792971039098,500.));
#3598=CARTESIAN_POINT('Ctrl Pts',(489.538717631503,-17.4158296984,500.));
#3599=CARTESIAN_POINT('Ctrl Pts',(490.497994802856,-16.6379727920999,500.));
#3600=CARTESIAN_POINT('Ctrl Pts',(491.423485826328,-15.8452109729631,500.));
#3601=CARTESIAN_POINT('Ctrl Pts',(492.31348822675,-15.0370697667519,500.));
#3602=CARTESIAN_POINT('Ctrl Pts',(493.166305722263,-14.213160336648,500.));
#3603=CARTESIAN_POINT('Ctrl Pts',(493.980167901906,-13.3731626322084,500.));
#3604=CARTESIAN_POINT('Ctrl Pts',(494.753172550578,-12.5168210665445,500.));
#3605=CARTESIAN_POINT('Ctrl Pts',(495.483227074395,-11.643935939544,500.));
#3606=CARTESIAN_POINT('Ctrl Pts',(496.168058764046,-10.7543738838734,500.));
#3607=CARTESIAN_POINT('Ctrl Pts',(496.805208593358,-9.8480675349534,500.));
#3608=CARTESIAN_POINT('Ctrl Pts',(497.392048897139,-8.92503852283847,500.));
#3609=CARTESIAN_POINT('Ctrl Pts',(497.925904084282,-7.98551024417264,500.));
#3610=CARTESIAN_POINT('Ctrl Pts',(498.40417233257,-7.03003958998279,500.));
#3611=CARTESIAN_POINT('Ctrl Pts',(498.824414806033,-6.0595654955152,500.));
#3612=CARTESIAN_POINT('Ctrl Pts',(499.184356536704,-5.07526250235752,500.));
#3613=CARTESIAN_POINT('Ctrl Pts',(499.481877001367,-4.07835542503113,500.));
#3614=CARTESIAN_POINT('Ctrl Pts',(499.715088074121,-3.07018654239394,500.));
#3615=CARTESIAN_POINT('Ctrl Pts',(499.882498269177,-2.05255300685443,500.));
#3616=CARTESIAN_POINT('Ctrl Pts',(499.983200871425,-1.02806560457393,500.));
#3617=CARTESIAN_POINT('Ctrl Pts',(500.016796335567,-3.47317660742696E-13,
500.));
#3618=CARTESIAN_POINT('Ctrl Pts',(499.98320087143,1.02806560457316,500.));
#3619=CARTESIAN_POINT('Ctrl Pts',(499.882498269179,2.05255300685363,500.));
#3620=CARTESIAN_POINT('Ctrl Pts',(499.71508807412,3.07018654239313,500.));
#3621=CARTESIAN_POINT('Ctrl Pts',(499.481877001365,4.07835542503049,500.));
#3622=CARTESIAN_POINT('Ctrl Pts',(499.184356536704,5.07526250235682,500.));
#3623=CARTESIAN_POINT('Ctrl Pts',(498.824414806035,6.05956549551436,500.));
#3624=CARTESIAN_POINT('Ctrl Pts',(498.404172332571,7.03003958998188,500.));
#3625=CARTESIAN_POINT('Ctrl Pts',(497.925904084281,7.9855102441718,500.));
#3626=CARTESIAN_POINT('Ctrl Pts',(497.392048897141,8.92503852283779,500.));
#3627=CARTESIAN_POINT('Ctrl Pts',(496.805208593362,9.84806753495277,500.));
#3628=CARTESIAN_POINT('Ctrl Pts',(496.168058764048,10.7543738838727,500.));
#3629=CARTESIAN_POINT('Ctrl Pts',(495.483227074393,11.6439359395432,500.));
#3630=CARTESIAN_POINT('Ctrl Pts',(494.753172550576,12.5168210665438,500.));
#3631=CARTESIAN_POINT('Ctrl Pts',(493.980167901907,13.3731626322076,500.));
#3632=CARTESIAN_POINT('Ctrl Pts',(493.166305722265,14.2131603366473,500.));
#3633=CARTESIAN_POINT('Ctrl Pts',(492.313488226752,15.0370697667512,500.));
#3634=CARTESIAN_POINT('Ctrl Pts',(491.423485826329,15.8452109729624,500.));
#3635=CARTESIAN_POINT('Ctrl Pts',(490.497994802856,16.6379727920992,500.));
#3636=CARTESIAN_POINT('Ctrl Pts',(489.538717631503,17.4158296983994,500.));
#3637=CARTESIAN_POINT('Ctrl Pts',(488.547316744481,18.1792971039092,500.));
#3638=CARTESIAN_POINT('Ctrl Pts',(487.525328707206,18.9288707573387,500.));
#3639=CARTESIAN_POINT('Ctrl Pts',(486.474068476764,19.6649550704116,500.));
#3640=CARTESIAN_POINT('Ctrl Pts',(485.39461679835,20.3878523107569,500.));
#3641=CARTESIAN_POINT('Ctrl Pts',(484.287932946796,21.0978403401566,500.));
#3642=CARTESIAN_POINT('Ctrl Pts',(483.154936069531,21.7952282752492,500.));
#3643=CARTESIAN_POINT('Ctrl Pts',(481.996598986489,22.4804209400345,500.));
#3644=CARTESIAN_POINT('Ctrl Pts',(480.813897752884,23.1538678393115,500.));
#3645=CARTESIAN_POINT('Ctrl Pts',(479.60776944146,23.8160189482352,500.));
#3646=CARTESIAN_POINT('Ctrl Pts',(478.379057012527,24.467269134632,500.));
#3647=CARTESIAN_POINT('Ctrl Pts',(477.128495105276,25.1079391581123,500.));
#3648=CARTESIAN_POINT('Ctrl Pts',(475.856746765613,25.7383015976087,500.));
#3649=CARTESIAN_POINT('Ctrl Pts',(474.564425434537,26.3585947969422,500.));
#3650=CARTESIAN_POINT('Ctrl Pts',(473.252127282904,26.9690430621384,500.));
#3651=CARTESIAN_POINT('Ctrl Pts',(471.920430961847,27.5698654273562,500.));
#3652=CARTESIAN_POINT('Ctrl Pts',(470.5698883467,28.1612825240094,500.));
#3653=CARTESIAN_POINT('Ctrl Pts',(469.201018586217,28.7435234881974,500.));
#3654=CARTESIAN_POINT('Ctrl Pts',(467.814299727076,29.3168341725488,500.));
#3655=CARTESIAN_POINT('Ctrl Pts',(466.410177924497,29.8814639328744,500.));
#3656=CARTESIAN_POINT('Ctrl Pts',(464.989078203869,30.4376500911277,500.));
#3657=CARTESIAN_POINT('Ctrl Pts',(463.551414341794,30.9856037508676,500.));
#3658=CARTESIAN_POINT('Ctrl Pts',(462.097600020428,31.525493676038,500.));
#3659=CARTESIAN_POINT('Ctrl Pts',(460.628039491858,32.0574606947735,500.));
#3660=CARTESIAN_POINT('Ctrl Pts',(459.14311642661,32.5816346387146,500.));
#3661=CARTESIAN_POINT('Ctrl Pts',(457.643184377093,33.0981492598483,500.));
#3662=CARTESIAN_POINT('Ctrl Pts',(456.12855409782,33.6071608379013,500.));
#3663=CARTESIAN_POINT('Ctrl Pts',(454.599504421141,34.1088398156493,500.));
#3664=CARTESIAN_POINT('Ctrl Pts',(453.056298605776,34.6033564105414,500.));
#3665=CARTESIAN_POINT('Ctrl Pts',(451.499197269076,35.090869641151,500.));
#3666=CARTESIAN_POINT('Ctrl Pts',(449.928476436175,35.5715116966605,500.));
#3667=CARTESIAN_POINT('Ctrl Pts',(448.344426803862,36.04538883182,500.));
#3668=CARTESIAN_POINT('Ctrl Pts',(446.747340094695,36.5125935612295,500.));
#3669=CARTESIAN_POINT('Ctrl Pts',(445.137499755022,36.9732130116979,500.));
#3670=CARTESIAN_POINT('Ctrl Pts',(443.515168649138,37.427340019656,500.));
#3671=CARTESIAN_POINT('Ctrl Pts',(441.88058175685,37.8750795016712,500.));
#3672=CARTESIAN_POINT('Ctrl Pts',(440.233953914432,38.3165405942549,500.));
#3673=CARTESIAN_POINT('Ctrl Pts',(438.57548539981,38.7518306914563,500.));
#3674=CARTESIAN_POINT('Ctrl Pts',(436.905368013096,39.1810493773915,500.));
#3675=CARTESIAN_POINT('Ctrl Pts',(435.223791822051,39.6042807897732,500.));
#3676=CARTESIAN_POINT('Ctrl Pts',(433.530945942179,40.0215972159838,500.));
#3677=CARTESIAN_POINT('Ctrl Pts',(431.827017282512,40.4330665775092,500.));
#3678=CARTESIAN_POINT('Ctrl Pts',(430.112189973366,40.8387583119514,500.));
#3679=CARTESIAN_POINT('Ctrl Pts',(428.386644511026,41.2387506178997,500.));
#3680=CARTESIAN_POINT('Ctrl Pts',(426.650557020775,41.6331350926862,500.));
#3681=CARTESIAN_POINT('Ctrl Pts',(424.90409858593,42.0220079076221,500.));
#3682=CARTESIAN_POINT('Ctrl Pts',(423.147434496117,42.4054620622286,500.));
#3683=CARTESIAN_POINT('Ctrl Pts',(421.380723709688,42.7835801230399,500.));
#3684=CARTESIAN_POINT('Ctrl Pts',(419.604117783382,43.1564245957964,500.));
#3685=CARTESIAN_POINT('Ctrl Pts',(417.817761643339,43.5240372560263,500.));
#3686=CARTESIAN_POINT('Ctrl Pts',(416.021796542261,43.8864496872214,500.));
#3687=CARTESIAN_POINT('Ctrl Pts',(414.216362661413,44.2436914058604,500.));
#3688=CARTESIAN_POINT('Ctrl Pts',(412.401601429005,44.5957980410033,500.));
#3689=CARTESIAN_POINT('Ctrl Pts',(410.577659024643,44.9428217954345,500.));
#3690=CARTESIAN_POINT('Ctrl Pts',(408.744684283943,45.2848298546395,500.));
#3691=CARTESIAN_POINT('Ctrl Pts',(406.902823490652,45.6218958022783,500.));
#3692=CARTESIAN_POINT('Ctrl Pts',(405.052215859132,45.9540928935559,500.));
#3693=CARTESIAN_POINT('Ctrl Pts',(403.192989319365,46.28148721435,500.));
#3694=CARTESIAN_POINT('Ctrl Pts',(401.32525467935,46.6041292251126,500.));
#3695=CARTESIAN_POINT('Ctrl Pts',(399.449109039149,46.9220555744283,500.));
#3696=CARTESIAN_POINT('Ctrl Pts',(397.564642756006,47.2352950100837,500.));
#3697=CARTESIAN_POINT('Ctrl Pts',(395.671945546243,47.5438731295438,500.));
#3698=CARTESIAN_POINT('Ctrl Pts',(393.771112294521,47.8478172212863,500.));
#3699=CARTESIAN_POINT('Ctrl Pts',(391.862250640298,48.1471620633754,500.));
#3700=CARTESIAN_POINT('Ctrl Pts',(389.945478778222,48.4419498376228,500.));
#3701=CARTESIAN_POINT('Ctrl Pts',(388.020919060399,48.7322274006631,500.));
#3702=CARTESIAN_POINT('Ctrl Pts',(386.088692690942,49.0180443801318,500.));
#3703=CARTESIAN_POINT('Ctrl Pts',(384.148914535467,49.2994509847973,500.));
#3704=CARTESIAN_POINT('Ctrl Pts',(382.201686467974,49.5764957939217,500.));
#3705=CARTESIAN_POINT('Ctrl Pts',(380.247097513718,49.8492242006161,500.));
#3706=CARTESIAN_POINT('Ctrl Pts',(378.285229048838,50.1176774859032,500.));
#3707=CARTESIAN_POINT('Ctrl Pts',(376.316158650465,50.3818915954197,500.));
#3708=CARTESIAN_POINT('Ctrl Pts',(374.339964212409,50.6418962789118,500.));
#3709=CARTESIAN_POINT('Ctrl Pts',(372.356728647214,50.8977134954705,500.));
#3710=CARTESIAN_POINT('Ctrl Pts',(370.366541942351,51.1493581107248,500.));
#3711=CARTESIAN_POINT('Ctrl Pts',(368.369498190724,51.3968426742835,500.));
#3712=CARTESIAN_POINT('Ctrl Pts',(366.365693740471,51.6401813254224,500.));
#3713=CARTESIAN_POINT('Ctrl Pts',(364.355224911024,51.8793939770019,500.));
#3714=CARTESIAN_POINT('Ctrl Pts',(362.338185857049,52.1145105483715,500.));
#3715=CARTESIAN_POINT('Ctrl Pts',(360.314666474394,52.3455746962538,500.));
#3716=CARTESIAN_POINT('Ctrl Pts',(358.28475222356,52.5726381158152,500.));
#3717=CARTESIAN_POINT('Ctrl Pts',(356.248523865055,52.7957554796934,500.));
#3718=CARTESIAN_POINT('Ctrl Pts',(354.20605717109,53.0149789007191,500.));
#3719=CARTESIAN_POINT('Ctrl Pts',(352.157422779342,53.2303531340045,500.));
#3720=CARTESIAN_POINT('Ctrl Pts',(350.102685650497,53.4419090976184,500.));
#3721=CARTESIAN_POINT('Ctrl Pts',(348.041906499812,53.6496654808526,500.));
#3722=CARTESIAN_POINT('Ctrl Pts',(345.975144090828,53.8536339250959,500.));
#3723=CARTESIAN_POINT('Ctrl Pts',(343.902457304064,54.0538231592403,500.));
#3724=CARTESIAN_POINT('Ctrl Pts',(341.823907188732,54.2502433655434,500.));
#3725=CARTESIAN_POINT('Ctrl Pts',(339.739559285352,54.4429109336912,500.));
#3726=CARTESIAN_POINT('Ctrl Pts',(337.649485020311,54.6318515476205,500.));
#3727=CARTESIAN_POINT('Ctrl Pts',(335.55375942825,54.8170964465675,500.));
#3728=CARTESIAN_POINT('Ctrl Pts',(333.452459466185,54.9986798051062,500.));
#3729=CARTESIAN_POINT('Ctrl Pts',(331.345662041297,55.1766355455429,500.));
#3730=CARTESIAN_POINT('Ctrl Pts',(329.233442286585,55.3509946895678,500.));
#3731=CARTESIAN_POINT('Ctrl Pts',(327.115871410589,55.5217817236014,500.));
#3732=CARTESIAN_POINT('Ctrl Pts',(324.993016429416,55.689015398362,500.));
#3733=CARTESIAN_POINT('Ctrl Pts',(322.864940763561,55.8527115628387,500.));
#3734=CARTESIAN_POINT('Ctrl Pts',(320.731704560166,56.0128853694377,500.));
#3735=CARTESIAN_POINT('Ctrl Pts',(318.593365132298,56.1695537087661,500.));
#3736=CARTESIAN_POINT('Ctrl Pts',(316.449977341004,56.3227376206327,500.));
#3737=CARTESIAN_POINT('Ctrl Pts',(314.301594022663,56.4724645018375,500.));
#3738=CARTESIAN_POINT('Ctrl Pts',(312.148266956761,56.6187654118293,500.));
#3739=CARTESIAN_POINT('Ctrl Pts',(309.990047786447,56.7616726707753,500.));
#3740=CARTESIAN_POINT('Ctrl Pts',(307.82698900671,56.9012172417701,500.));
#3741=CARTESIAN_POINT('Ctrl Pts',(305.659144809945,57.0374264441567,500.));
#3742=CARTESIAN_POINT('Ctrl Pts',(303.486572269362,57.170320943354,500.));
#3743=CARTESIAN_POINT('Ctrl Pts',(301.309331424016,57.2999140524222,500.));
#3744=CARTESIAN_POINT('Ctrl Pts',(299.127483382738,57.426215166387,500.));
#3745=CARTESIAN_POINT('Ctrl Pts',(296.941088914456,57.5492322101861,500.));
#3746=CARTESIAN_POINT('Ctrl Pts',(294.750206751764,57.6689746143345,500.));
#3747=CARTESIAN_POINT('Ctrl Pts',(292.554892228339,57.7854557608005,500.));
#3748=CARTESIAN_POINT('Ctrl Pts',(290.355195242025,57.8986964208163,500.));
#3749=CARTESIAN_POINT('Ctrl Pts',(288.151160994062,58.0087241904442,500.));
#3750=CARTESIAN_POINT('Ctrl Pts',(285.942832476208,58.1155704284878,500.));
#3751=CARTESIAN_POINT('Ctrl Pts',(283.730252391479,58.2192679835844,500.));
#3752=CARTESIAN_POINT('Ctrl Pts',(281.51346539636,58.3198485134689,500.));
#3753=CARTESIAN_POINT('Ctrl Pts',(279.292520001317,58.4173401697181,500.));
#3754=CARTESIAN_POINT('Ctrl Pts',(277.067471149314,58.5117646288542,500.));
#3755=CARTESIAN_POINT('Ctrl Pts',(274.838378526914,58.6031381184335,500.));
#3756=CARTESIAN_POINT('Ctrl Pts',(272.605303793073,58.6914734463156,500.));
#3757=CARTESIAN_POINT('Ctrl Pts',(270.368308195878,58.7767816780439,500.));
#3758=CARTESIAN_POINT('Ctrl Pts',(268.127449980089,58.8590739884255,500.));
#3759=CARTESIAN_POINT('Ctrl Pts',(265.882781993898,58.9383633754804,500.));
#3760=CARTESIAN_POINT('Ctrl Pts',(263.634348916019,59.0146666024187,500.));
#3761=CARTESIAN_POINT('Ctrl Pts',(261.382189085672,59.0880034933374,500.));
#3762=CARTESIAN_POINT('Ctrl Pts',(259.126336774289,59.1583959779693,500.));
#3763=CARTESIAN_POINT('Ctrl Pts',(256.866824293903,59.2258672277173,500.));
#3764=CARTESIAN_POINT('Ctrl Pts',(254.60368418645,59.2904407494194,500.));
#3765=CARTESIAN_POINT('Ctrl Pts',(252.336951349928,59.3521395061952,500.));
#3766=CARTESIAN_POINT('Ctrl Pts',(250.066665269431,59.410985002248,500.));
#3767=CARTESIAN_POINT('Ctrl Pts',(247.792869266622,59.4669973015651,500.));
#3768=CARTESIAN_POINT('Ctrl Pts',(245.515609650057,59.5201950764317,500.));
#3769=CARTESIAN_POINT('Ctrl Pts',(243.234934902151,59.5705956461502,500.));
#3770=CARTESIAN_POINT('Ctrl Pts',(240.950894849665,59.6182150175129,500.));
#3771=CARTESIAN_POINT('Ctrl Pts',(238.663539843656,59.6630679301153,500.));
#3772=CARTESIAN_POINT('Ctrl Pts',(236.372919928928,59.7051678841167,500.));
#3773=CARTESIAN_POINT('Ctrl Pts',(234.079084272705,59.7445278566607,500.));
#3774=CARTESIAN_POINT('Ctrl Pts',(231.782080597321,59.7811610430461,500.));
#3775=CARTESIAN_POINT('Ctrl Pts',(229.481954617609,59.8150815811696,500.));
#3776=CARTESIAN_POINT('Ctrl Pts',(227.178749462416,59.8463053003132,500.));
#3777=CARTESIAN_POINT('Ctrl Pts',(224.872505135569,59.8748504188589,500.));
#3778=CARTESIAN_POINT('Ctrl Pts',(222.563257871599,59.9007383739203,500.));
#3779=CARTESIAN_POINT('Ctrl Pts',(220.251041124757,59.9239926068923,500.));
#3780=CARTESIAN_POINT('Ctrl Pts',(217.935886693127,59.944637176174,500.));
#3781=CARTESIAN_POINT('Ctrl Pts',(215.617825782657,59.9626954538667,500.));
#3782=CARTESIAN_POINT('Ctrl Pts',(213.296890122108,59.9781887382367,500.));
#3783=CARTESIAN_POINT('Ctrl Pts',(210.973112996235,59.9911350167288,500.));
#3784=CARTESIAN_POINT('Ctrl Pts',(208.646530471509,60.0015473632869,500.));
#3785=CARTESIAN_POINT('Ctrl Pts',(206.317181158351,60.0094351513116,500.));
#3786=CARTESIAN_POINT('Ctrl Pts',(203.985105685765,60.0148058404662,500.));
#3787=CARTESIAN_POINT('Ctrl Pts',(201.650346272607,60.0176665343162,500.));
#3788=CARTESIAN_POINT('Ctrl Pts',(199.312946264714,60.0180257026757,500.));
#3789=CARTESIAN_POINT('Ctrl Pts',(196.972949671618,60.0158946734896,500.));
#3790=CARTESIAN_POINT('Ctrl Pts',(194.630400742075,60.011289630883,500.));
#3791=CARTESIAN_POINT('Ctrl Pts',(192.285343305458,60.004231172701,500.));
#3792=CARTESIAN_POINT('Ctrl Pts',(189.937819989019,59.9947427802499,500.));
#3793=CARTESIAN_POINT('Ctrl Pts',(187.587871503838,59.9828496502045,500.));
#3794=CARTESIAN_POINT('Ctrl Pts',(185.23553583823,59.968577342241,500.));
#3795=CARTESIAN_POINT('Ctrl Pts',(182.880847639306,59.9519505838231,500.));
#3796=CARTESIAN_POINT('Ctrl Pts',(180.523837146474,59.9329918144335,500.));
#3797=CARTESIAN_POINT('Ctrl Pts',(178.164530777014,59.9117206055258,500.));
#3798=CARTESIAN_POINT('Ctrl Pts',(175.802953373079,59.8881539264176,500.));
#3799=CARTESIAN_POINT('Ctrl Pts',(173.439129964569,59.8623061915797,500.));
#3800=CARTESIAN_POINT('Ctrl Pts',(171.073087801659,59.8341893748616,500.));
#3801=CARTESIAN_POINT('Ctrl Pts',(168.704858106183,59.8038131466103,500.));
#3802=CARTESIAN_POINT('Ctrl Pts',(166.334478343254,59.7711848766266,500.));
#3803=CARTESIAN_POINT('Ctrl Pts',(163.961992988512,59.7363100936288,500.));
#3804=CARTESIAN_POINT('Ctrl Pts',(161.587450304197,59.6991941946508,500.));
#3805=CARTESIAN_POINT('Ctrl Pts',(159.210899858931,59.659843918428,500.));
#3806=CARTESIAN_POINT('Ctrl Pts',(156.832389745999,59.6182689183853,500.));
#3807=CARTESIAN_POINT('Ctrl Pts',(154.45196394652,59.574483279197,500.));
#3808=CARTESIAN_POINT('Ctrl Pts',(152.069659591925,59.5285070905748,500.));
#3809=CARTESIAN_POINT('Ctrl Pts',(149.68550437622,59.4803679054231,500.));
#3810=CARTESIAN_POINT('Ctrl Pts',(147.299519491542,59.430097585314,500.));
#3811=CARTESIAN_POINT('Ctrl Pts',(144.911722478064,59.377729205878,500.));
#3812=CARTESIAN_POINT('Ctrl Pts',(142.522130056461,59.3232940079763,500.));
#3813=CARTESIAN_POINT('Ctrl Pts',(140.130761079069,59.2668181753169,500.));
#3814=CARTESIAN_POINT('Ctrl Pts',(137.737639169482,59.2083200474614,500.));
#3815=CARTESIAN_POINT('Ctrl Pts',(135.342796167201,59.1478062160683,500.));
#3816=CARTESIAN_POINT('Ctrl Pts',(132.94627103087,59.0852739220254,500.));
#3817=CARTESIAN_POINT('Ctrl Pts',(130.548107158332,59.0207156675221,500.));
#3818=CARTESIAN_POINT('Ctrl Pts',(128.148350263315,58.9541230168943,500.));
#3819=CARTESIAN_POINT('Ctrl Pts',(125.74704594302,58.8854909157092,500.));
#3820=CARTESIAN_POINT('Ctrl Pts',(123.34423755629,58.8148213709609,500.));
#3821=CARTESIAN_POINT('Ctrl Pts',(120.939963533156,58.7421284245193,500.));
#3822=CARTESIAN_POINT('Ctrl Pts',(118.534256494732,58.667438903835,500.));
#3823=CARTESIAN_POINT('Ctrl Pts',(116.127144921123,58.5907871918351,500.));
#3824=CARTESIAN_POINT('Ctrl Pts',(113.71865419986,58.5122114616844,500.));
#3825=CARTESIAN_POINT('Ctrl Pts',(111.308807929049,58.4317492888792,500.));
#3826=CARTESIAN_POINT('Ctrl Pts',(108.897629101673,58.3494335996748,500.));
#3827=CARTESIAN_POINT('Ctrl Pts',(106.485141364477,58.2652883087392,500.));
#3828=CARTESIAN_POINT('Ctrl Pts',(104.071370177538,58.1793245632067,500.));
#3829=CARTESIAN_POINT('Ctrl Pts',(101.656342848912,58.0915446989279,500.));
#3830=CARTESIAN_POINT('Ctrl Pts',(99.2400886399395,58.0019457761206,500.));
#3831=CARTESIAN_POINT('Ctrl Pts',(96.822638831135,57.9105232064189,500.));
#3832=CARTESIAN_POINT('Ctrl Pts',(94.4040268340206,57.8172744939098,500.));
#3833=CARTESIAN_POINT('Ctrl Pts',(91.984288214904,57.7222025696342,500.));
#3834=CARTESIAN_POINT('Ctrl Pts',(89.5634609315081,57.6253202161123,500.));
#3835=CARTESIAN_POINT('Ctrl Pts',(87.1415844667297,57.5266487527072,500.));
#3836=CARTESIAN_POINT('Ctrl Pts',(84.7186985075116,57.4262143894051,500.));
#3837=CARTESIAN_POINT('Ctrl Pts',(82.2948417943218,57.3240453824759,500.));
#3838=CARTESIAN_POINT('Ctrl Pts',(79.8700508477528,57.2201687523263,500.));
#3839=CARTESIAN_POINT('Ctrl Pts',(77.4443588678224,57.1146074294125,500.));
#3840=CARTESIAN_POINT('Ctrl Pts',(75.0177942686772,57.0073766348603,500.));
#3841=CARTESIAN_POINT('Ctrl Pts',(72.590380327367,56.8984825067195,500.));
#3842=CARTESIAN_POINT('Ctrl Pts',(70.1621372863495,56.7879256348075,500.));
#3843=CARTESIAN_POINT('Ctrl Pts',(67.7330839634327,56.6757036086845,500.));
#3844=CARTESIAN_POINT('Ctrl Pts',(65.3032395451698,56.5618139395074,500.));
#3845=CARTESIAN_POINT('Ctrl Pts',(62.8726253312636,56.4462568663621,500.));
#3846=CARTESIAN_POINT('Ctrl Pts',(60.4412664308437,56.3290381082076,500.));
#3847=CARTESIAN_POINT('Ctrl Pts',(58.0091936664084,56.2101719202634,500.));
#3848=CARTESIAN_POINT('Ctrl Pts',(55.5764422085983,56.0896792535109,500.));
#3849=CARTESIAN_POINT('Ctrl Pts',(53.143049915399,55.9675854764727,500.));
#3850=CARTESIAN_POINT('Ctrl Pts',(50.7090558067942,55.8439182853878,500.));
#3851=CARTESIAN_POINT('Ctrl Pts',(48.2744984173246,55.7187054664082,500.));
#3852=CARTESIAN_POINT('Ctrl Pts',(45.8394143522688,55.5919728807591,500.));
#3853=CARTESIAN_POINT('Ctrl Pts',(43.4038363826209,55.4637419601022,500.));
#3854=CARTESIAN_POINT('Ctrl Pts',(40.9677932144568,55.3340289681239,500.));
#3855=CARTESIAN_POINT('Ctrl Pts',(38.5313109384905,55.2028460290583,500.));
#3856=CARTESIAN_POINT('Ctrl Pts',(36.0944140218944,55.0702016795076,500.));
#3857=CARTESIAN_POINT('Ctrl Pts',(33.6571264942497,54.9361016126188,500.));
#3858=CARTESIAN_POINT('Ctrl Pts',(31.2194730339175,54.8005493453226,500.));
#3859=CARTESIAN_POINT('Ctrl Pts',(28.7814801362746,54.6635469057335,500.));
#3860=CARTESIAN_POINT('Ctrl Pts',(26.3431771356204,54.5250955479474,500.));
#3861=CARTESIAN_POINT('Ctrl Pts',(23.904595398581,54.3851970059487,500.));
#3862=CARTESIAN_POINT('Ctrl Pts',(21.465767618251,54.24385473584,500.));
#3863=CARTESIAN_POINT('Ctrl Pts',(19.0267270819997,54.1010751169437,500.));
#3864=CARTESIAN_POINT('Ctrl Pts',(16.5875069240461,53.9568687741021,500.));
#3865=CARTESIAN_POINT('Ctrl Pts',(14.1481394463071,53.8112516055334,500.));
#3866=CARTESIAN_POINT('Ctrl Pts',(11.7086552539336,53.6642465498959,500.));
#3867=CARTESIAN_POINT('Ctrl Pts',(9.26908323965536,53.5158820083821,500.));
#3868=CARTESIAN_POINT('Ctrl Pts',(6.82945103809887,53.3661884002913,500.));
#3869=CARTESIAN_POINT('Ctrl Pts',(4.38978533379331,53.2151953307696,500.));
#3870=CARTESIAN_POINT('Ctrl Pts',(1.95011223236999,53.0629284256853,500.));
#3871=CARTESIAN_POINT('Ctrl Pts',(-0.489542401268276,52.909406492312,500.));
#3872=CARTESIAN_POINT('Ctrl Pts',(-2.9291525763807,52.7546381014294,500.));
#3873=CARTESIAN_POINT('Ctrl Pts',(-5.36869186537638,52.5986197515975,500.));
#3874=CARTESIAN_POINT('Ctrl Pts',(-7.80813330955274,52.4413406031205,500.));
#3875=CARTESIAN_POINT('Ctrl Pts',(-10.2474492912778,52.2827863006837,500.));
#3876=CARTESIAN_POINT('Ctrl Pts',(-12.6866114252069,52.1229430828495,500.));
#3877=CARTESIAN_POINT('Ctrl Pts',(-15.1255904277239,51.9618019254985,500.));
#3878=CARTESIAN_POINT('Ctrl Pts',(-17.5643560277344,51.7993623045149,500.));
#3879=CARTESIAN_POINT('Ctrl Pts',(-20.0028767767094,51.6356370710811,500.));
#3880=CARTESIAN_POINT('Ctrl Pts',(-22.4411204711813,51.4706503743291,500.));
#3881=CARTESIAN_POINT('Ctrl Pts',(-24.8790547633036,51.304433494746,500.));
#3882=CARTESIAN_POINT('Ctrl Pts',(-27.3166476953314,51.1370214241662,500.));
#3883=CARTESIAN_POINT('Ctrl Pts',(-29.7538682950573,50.9684490309539,500.));
#3884=CARTESIAN_POINT('Ctrl Pts',(-32.1906870775322,50.7987476407926,500.));
#3885=CARTESIAN_POINT('Ctrl Pts',(-34.6270767506941,50.6279408634896,500.));
#3886=CARTESIAN_POINT('Ctrl Pts',(-37.0630122906523,50.4560426530794,500.));
#3887=CARTESIAN_POINT('Ctrl Pts',(-39.4984696808365,50.2830600744759,500.));
#3888=CARTESIAN_POINT('Ctrl Pts',(-41.9334249215649,50.1089951043305,500.));
#3889=CARTESIAN_POINT('Ctrl Pts',(-44.3678529440038,49.9338468049947,500.));
#3890=CARTESIAN_POINT('Ctrl Pts',(-46.8017265367799,49.7576133669106,500.));
#3891=CARTESIAN_POINT('Ctrl Pts',(-49.2350153335397,49.5802941420633,500.));
#3892=CARTESIAN_POINT('Ctrl Pts',(-51.6676845958644,49.4018918569896,500.));
#3893=CARTESIAN_POINT('Ctrl Pts',(-54.0996966041728,49.2224122932483,500.));
#3894=CARTESIAN_POINT('Ctrl Pts',(-56.5310123476478,49.0418636881329,500.));
#3895=CARTESIAN_POINT('Ctrl Pts',(-58.9615930716411,48.8602562407175,500.));
#3896=CARTESIAN_POINT('Ctrl Pts',(-61.3914019651817,48.6776015622883,500.));
#3897=CARTESIAN_POINT('Ctrl Pts',(-63.8204056021456,48.4939121767145,500.));
#3898=CARTESIAN_POINT('Ctrl Pts',(-66.2485759470245,48.3092009352088,500.));
#3899=CARTESIAN_POINT('Ctrl Pts',(-68.6758903583982,48.1234807139616,500.));
#3900=CARTESIAN_POINT('Ctrl Pts',(-71.1023293680628,47.9367644216435,500.));
#3901=CARTESIAN_POINT('Ctrl Pts',(-73.5278750497473,47.749064924909,500.));
#3902=CARTESIAN_POINT('Ctrl Pts',(-75.9525091370276,47.5603950089306,500.));
#3903=CARTESIAN_POINT('Ctrl Pts',(-78.3762112730565,47.3707673191735,500.));
#3904=CARTESIAN_POINT('Ctrl Pts',(-80.7989571455619,47.1801943201468,500.));
#3905=CARTESIAN_POINT('Ctrl Pts',(-83.2207168360117,46.9886882219438,500.));
#3906=CARTESIAN_POINT('Ctrl Pts',(-85.6414561815778,46.7962604900349,500.));
#3907=CARTESIAN_POINT('Ctrl Pts',(-88.0611379823869,46.6029213646318,500.));
#3908=CARTESIAN_POINT('Ctrl Pts',(-90.4797232532851,46.4086794018998,500.));
#3909=CARTESIAN_POINT('Ctrl Pts',(-92.8971724878616,46.2135409481519,500.));
#3910=CARTESIAN_POINT('Ctrl Pts',(-95.3134468443166,46.017509777833,500.));
#3911=CARTESIAN_POINT('Ctrl Pts',(-97.7285095501074,45.8205863176236,500.));
#3912=CARTESIAN_POINT('Ctrl Pts',(-100.14232623498,45.6227688751194,500.));
#3913=CARTESIAN_POINT('Ctrl Pts',(-102.554864761123,45.4240558415661,500.));
#3914=CARTESIAN_POINT('Ctrl Pts',(-104.966095203147,45.2244475430089,500.));
#3915=CARTESIAN_POINT('Ctrl Pts',(-107.375989786515,45.0239483334703,500.));
#3916=CARTESIAN_POINT('Ctrl Pts',(-109.78452279586,44.8225683622691,500.));
#3917=CARTESIAN_POINT('Ctrl Pts',(-112.191670612029,44.620326017596,500.));
#3918=CARTESIAN_POINT('Ctrl Pts',(-114.597411318725,44.4172483419909,500.));
#3919=CARTESIAN_POINT('Ctrl Pts',(-117.001723230227,44.2133664551331,500.));
#3920=CARTESIAN_POINT('Ctrl Pts',(-119.404583623085,44.0087119274859,500.));
#3921=CARTESIAN_POINT('Ctrl Pts',(-121.805967396933,43.8033128014607,500.));
#3922=CARTESIAN_POINT('Ctrl Pts',(-124.205845742338,43.5971897058248,500.));
#3923=CARTESIAN_POINT('Ctrl Pts',(-126.604184860364,43.390352064997,500.));
#3924=CARTESIAN_POINT('Ctrl Pts',(-129.000944510192,43.1827938987613,500.));
#3925=CARTESIAN_POINT('Ctrl Pts',(-131.396080309835,42.9744988194903,500.));
#3926=CARTESIAN_POINT('Ctrl Pts',(-133.789546281243,42.765445618341,500.));
#3927=CARTESIAN_POINT('Ctrl Pts',(-136.181297246003,42.5556135135038,500.));
#3928=CARTESIAN_POINT('Ctrl Pts',(-138.571291420553,42.3449878196116,500.));
#3929=CARTESIAN_POINT('Ctrl Pts',(-140.959492607501,42.1335647867868,500.));
#3930=CARTESIAN_POINT('Ctrl Pts',(-143.34587336118,41.9213584306231,500.));
#3931=CARTESIAN_POINT('Ctrl Pts',(-145.730413966852,41.7083988187977,500.));
#3932=CARTESIAN_POINT('Ctrl Pts',(-148.113098806664,41.4947250321386,500.));
#3933=CARTESIAN_POINT('Ctrl Pts',(-150.493913562224,41.2803798205641,500.));
#3934=CARTESIAN_POINT('Ctrl Pts',(-152.872841969453,41.0654033727863,500.));
#3935=CARTESIAN_POINT('Ctrl Pts',(-155.249863000969,40.8498278952499,500.));
#3936=CARTESIAN_POINT('Ctrl Pts',(-157.624947295042,40.6336708051263,500.));
#3937=CARTESIAN_POINT('Ctrl Pts',(-159.998055778108,40.4169319261263,500.));
#3938=CARTESIAN_POINT('Ctrl Pts',(-162.369143246968,40.1995997185717,500.));
#3939=CARTESIAN_POINT('Ctrl Pts',(-164.738160954138,39.9816556954303,500.));
#3940=CARTESIAN_POINT('Ctrl Pts',(-167.105059600815,39.7630795775253,500.));
#3941=CARTESIAN_POINT('Ctrl Pts',(-169.469792130718,39.5438540933371,500.));
#3942=CARTESIAN_POINT('Ctrl Pts',(-171.83231666893,39.3239700258215,500.));
#3943=CARTESIAN_POINT('Ctrl Pts',(-174.192599231521,39.1034308881295,500.));
#3944=CARTESIAN_POINT('Ctrl Pts',(-176.550611585233,38.8822498807941,500.));
#3945=CARTESIAN_POINT('Ctrl Pts',(-178.906329267049,38.660447106865,500.));
#3946=CARTESIAN_POINT('Ctrl Pts',(-181.25972956564,38.4380467158086,500.));
#3947=CARTESIAN_POINT('Ctrl Pts',(-183.610789470115,38.2150740210332,500.));
#3948=CARTESIAN_POINT('Ctrl Pts',(-185.959483747444,37.9915527615114,500.));
#3949=CARTESIAN_POINT('Ctrl Pts',(-188.305782664512,37.767501954157,500.));
#3950=CARTESIAN_POINT('Ctrl Pts',(-190.649652295667,37.5429357288095,500.));
#3951=CARTESIAN_POINT('Ctrl Pts',(-192.991055410816,37.3178638220702,500.));
#3952=CARTESIAN_POINT('Ctrl Pts',(-195.329952161989,37.0922918630813,500.));
#3953=CARTESIAN_POINT('Ctrl Pts',(-197.666300859375,36.8662217058799,500.));
#3954=CARTESIAN_POINT('Ctrl Pts',(-200.000058697478,36.6396518366048,500.));
#3955=CARTESIAN_POINT('Ctrl Pts',(-202.331182531409,36.4125775096478,500.));
#3956=CARTESIAN_POINT('Ctrl Pts',(-204.659629500637,36.1849921281609,500.));
#3957=CARTESIAN_POINT('Ctrl Pts',(-206.985357576557,35.9568894424709,500.));
#3958=CARTESIAN_POINT('Ctrl Pts',(-209.30832611384,35.7282654456504,500.));
#3959=CARTESIAN_POINT('Ctrl Pts',(-211.628496441655,35.4991205159998,500.));
#3960=CARTESIAN_POINT('Ctrl Pts',(-213.945832341849,35.2694611717017,500.));
#3961=CARTESIAN_POINT('Ctrl Pts',(-216.260300811523,35.0393026851874,500.));
#3962=CARTESIAN_POINT('Ctrl Pts',(-218.571871817147,34.8086687231811,500.));
#3963=CARTESIAN_POINT('Ctrl Pts',(-220.880516818193,34.5775873709863,500.));
#3964=CARTESIAN_POINT('Ctrl Pts',(-223.186207623654,34.346088139209,500.));
#3965=CARTESIAN_POINT('Ctrl Pts',(-225.488915076275,34.114198451747,500.));
#3966=CARTESIAN_POINT('Ctrl Pts',(-227.788607895857,33.8819406313946,500.));
#3967=CARTESIAN_POINT('Ctrl Pts',(-230.085251247223,33.6493280030318,500.));
#3968=CARTESIAN_POINT('Ctrl Pts',(-232.378806123844,33.4163636315685,500.));
#3969=CARTESIAN_POINT('Ctrl Pts',(-234.669230305814,33.1830441868175,500.));
#3970=CARTESIAN_POINT('Ctrl Pts',(-236.956478980472,32.9493626702875,500.));
#3971=CARTESIAN_POINT('Ctrl Pts',(-239.240505498263,32.7153116812887,500.));
#3972=CARTESIAN_POINT('Ctrl Pts',(-241.52126207012,32.4808862594412,500.));
#3973=CARTESIAN_POINT('Ctrl Pts',(-243.798700491596,32.2460873748053,500.));
#3974=CARTESIAN_POINT('Ctrl Pts',(-246.072772851611,32.0109236433652,500.));
#3975=CARTESIAN_POINT('Ctrl Pts',(-248.343432253351,31.7754084038188,500.));
#3976=CARTESIAN_POINT('Ctrl Pts',(-250.610633511779,31.5395576861136,500.));
#3977=CARTESIAN_POINT('Ctrl Pts',(-252.874333902379,31.3033877652815,500.));
#3978=CARTESIAN_POINT('Ctrl Pts',(-255.134493791941,31.0669130338268,500.));
#3979=CARTESIAN_POINT('Ctrl Pts',(-257.391077551441,30.830143396428,500.));
#3980=CARTESIAN_POINT('Ctrl Pts',(-259.644053608313,30.5930829565741,500.));
#3981=CARTESIAN_POINT('Ctrl Pts',(-261.893392037031,30.3557322734035,500.));
#3982=CARTESIAN_POINT('Ctrl Pts',(-264.139062634157,30.1180899539758,500.));
#3983=CARTESIAN_POINT('Ctrl Pts',(-266.381032722166,29.8801545500787,500.));
#3984=CARTESIAN_POINT('Ctrl Pts',(-268.619265251827,29.6419262287502,500.));
#3985=CARTESIAN_POINT('Ctrl Pts',(-270.853716334329,29.4034087728217,500.));
#3986=CARTESIAN_POINT('Ctrl Pts',(-273.08433447591,29.1646106749094,500.));
#3987=CARTESIAN_POINT('Ctrl Pts',(-275.311063658996,28.925544256088,500.));
#3988=CARTESIAN_POINT('Ctrl Pts',(-277.533845598277,28.6862251661803,500.));
#3989=CARTESIAN_POINT('Ctrl Pts',(-279.752622429973,28.446671764501,500.));
#3990=CARTESIAN_POINT('Ctrl Pts',(-281.967338975438,28.206904477309,500.));
#3991=CARTESIAN_POINT('Ctrl Pts',(-284.177945775931,27.9669453472818,500.));
#3992=CARTESIAN_POINT('Ctrl Pts',(-286.384399672516,27.7268168365573,500.));
#3993=CARTESIAN_POINT('Ctrl Pts',(-288.586660911503,27.4865394799848,500.));
#3994=CARTESIAN_POINT('Ctrl Pts',(-290.784691142386,27.2461299069782,500.));
#3995=CARTESIAN_POINT('Ctrl Pts',(-292.978450949223,27.0055985256679,500.));
#3996=CARTESIAN_POINT('Ctrl Pts',(-295.167897825998,26.7649477874359,500.));
#3997=CARTESIAN_POINT('Ctrl Pts',(-297.352983349876,26.5241691114014,500.));
#3998=CARTESIAN_POINT('Ctrl Pts',(-299.533653425423,26.2832452578895,500.));
#3999=CARTESIAN_POINT('Ctrl Pts',(-301.709850685004,26.0421566083022,500.));
#4000=CARTESIAN_POINT('Ctrl Pts',(-303.881516228493,25.8008861902622,500.));
#4001=CARTESIAN_POINT('Ctrl Pts',(-306.04859169473,25.5594254492095,500.));
#4002=CARTESIAN_POINT('Ctrl Pts',(-308.211021052031,25.3177791654671,500.));
#4003=CARTESIAN_POINT('Ctrl Pts',(-310.368752872773,25.0759721379451,500.));
#4004=CARTESIAN_POINT('Ctrl Pts',(-312.521739402332,24.8340435872937,500.));
#4005=CARTESIAN_POINT('Ctrl Pts',(-314.669934951399,24.5920389708134,500.));
#4006=CARTESIAN_POINT('Ctrl Pts',(-316.813294510141,24.3500025914529,500.));
#4007=CARTESIAN_POINT('Ctrl Pts',(-318.951772291996,24.1079700859514,500.));
#4008=CARTESIAN_POINT('Ctrl Pts',(-321.085320253884,23.8659604610596,500.));
#4009=CARTESIAN_POINT('Ctrl Pts',(-323.213886782225,23.6239697946429,500.));
#4010=CARTESIAN_POINT('Ctrl Pts',(-325.337416944026,23.3819803214379,500.));
#4011=CARTESIAN_POINT('Ctrl Pts',(-327.455852610505,23.1399679622381,500.));
#4012=CARTESIAN_POINT('Ctrl Pts',(-329.569132602591,22.8979108283606,500.));
#4013=CARTESIAN_POINT('Ctrl Pts',(-331.677192888806,22.6557964439628,500.));
#4014=CARTESIAN_POINT('Ctrl Pts',(-333.779966608719,22.4136316547446,500.));
#4015=CARTESIAN_POINT('Ctrl Pts',(-335.877384761414,22.1714430950992,500.));
#4016=CARTESIAN_POINT('Ctrl Pts',(-337.969377617697,21.9292675834588,500.));
#4017=CARTESIAN_POINT('Ctrl Pts',(-340.055875930433,21.6871452496406,500.));
#4018=CARTESIAN_POINT('Ctrl Pts',(-342.136812246924,21.4451114264072,500.));
#4019=CARTESIAN_POINT('Ctrl Pts',(-344.212122131602,21.2031893542146,500.));
#4020=CARTESIAN_POINT('Ctrl Pts',(-346.281745551702,20.9613817724346,500.));
#4021=CARTESIAN_POINT('Ctrl Pts',(-348.345625605808,20.7196783884221,500.));
#4022=CARTESIAN_POINT('Ctrl Pts',(-350.403707091248,20.478064107298,500.));
#4023=CARTESIAN_POINT('Ctrl Pts',(-352.455935111957,20.2365274338999,500.));
#4024=CARTESIAN_POINT('Ctrl Pts',(-354.502253709449,19.9950677934469,500.));
#4025=CARTESIAN_POINT('Ctrl Pts',(-356.542604385264,19.7537057882523,500.));
#4026=CARTESIAN_POINT('Ctrl Pts',(-358.576925044908,19.5124828498696,500.));
#4027=CARTESIAN_POINT('Ctrl Pts',(-360.605149452463,19.2714485569654,500.));
#4028=CARTESIAN_POINT('Ctrl Pts',(-362.627206536534,19.0306510510625,500.));
#4029=CARTESIAN_POINT('Ctrl Pts',(-364.643019791066,18.7901264115802,500.));
#4030=CARTESIAN_POINT('Ctrl Pts',(-366.652506554504,18.549887959007,500.));
#4031=CARTESIAN_POINT('Ctrl Pts',(-368.655577575834,18.3099170770748,500.));
#4032=CARTESIAN_POINT('Ctrl Pts',(-370.652140380883,18.0701775508651,500.));
#4033=CARTESIAN_POINT('Ctrl Pts',(-372.642102313345,17.8306280891418,500.));
#4034=CARTESIAN_POINT('Ctrl Pts',(-374.62537386464,17.5912360727895,500.));
#4035=CARTESIAN_POINT('Ctrl Pts',(-376.601871501034,17.351989553427,500.));
#4036=CARTESIAN_POINT('Ctrl Pts',(-378.571521690375,17.1129131866246,500.));
#4037=CARTESIAN_POINT('Ctrl Pts',(-380.534257355167,16.8740595347621,500.));
#4038=CARTESIAN_POINT('Ctrl Pts',(-382.490012495931,16.6354942824439,500.));
#4039=CARTESIAN_POINT('Ctrl Pts',(-384.438717141511,16.3972828333878,500.));
#4040=CARTESIAN_POINT('Ctrl Pts',(-386.38029281874,16.1594778509156,500.));
#4041=CARTESIAN_POINT('Ctrl Pts',(-388.314646168224,15.92210261017,500.));
#4042=CARTESIAN_POINT('Ctrl Pts',(-390.241670520952,15.6851527842267,500.));
#4043=CARTESIAN_POINT('Ctrl Pts',(-392.161253047647,15.4486112527139,500.));
#4044=CARTESIAN_POINT('Ctrl Pts',(-394.073280590298,15.2124597239651,500.));
#4045=CARTESIAN_POINT('Ctrl Pts',(-395.977645331284,14.9766902510823,500.));
#4046=CARTESIAN_POINT('Ctrl Pts',(-397.874252253831,14.741320256712,500.));
#4047=CARTESIAN_POINT('Ctrl Pts',(-399.763019289058,14.5063929086173,500.));
#4048=CARTESIAN_POINT('Ctrl Pts',(-401.643869247815,14.2719611152193,500.));
#4049=CARTESIAN_POINT('Ctrl Pts',(-403.516723616208,14.0380750420755,500.));
#4050=CARTESIAN_POINT('Ctrl Pts',(-405.381496238766,13.8047699137619,500.));
#4051=CARTESIAN_POINT('Ctrl Pts',(-407.238085474603,13.5720495083016,500.));
#4052=CARTESIAN_POINT('Ctrl Pts',(-409.08637297192,13.3398872898858,500.));
#4053=CARTESIAN_POINT('Ctrl Pts',(-410.926230116153,13.1082474534266,500.));
#4054=CARTESIAN_POINT('Ctrl Pts',(-412.757522690132,12.8771018608621,500.));
#4055=CARTESIAN_POINT('Ctrl Pts',(-414.580115774761,12.6464462458163,500.));
#4056=CARTESIAN_POINT('Ctrl Pts',(-416.393879751837,12.4163226691169,500.));
#4057=CARTESIAN_POINT('Ctrl Pts',(-418.19869058801,12.1868135227358,500.));
#4058=CARTESIAN_POINT('Ctrl Pts',(-419.994425748901,11.9580145443498,500.));
#4059=CARTESIAN_POINT('Ctrl Pts',(-421.780961298706,11.7300129843773,500.));
#4060=CARTESIAN_POINT('Ctrl Pts',(-423.558168725024,11.5028658316154,500.));
#4061=CARTESIAN_POINT('Ctrl Pts',(-425.325911329533,11.2765723783532,500.));
#4062=CARTESIAN_POINT('Ctrl Pts',(-427.084044864084,11.0510908975105,500.));
#4063=CARTESIAN_POINT('Ctrl Pts',(-428.832419352143,10.8263676015632,500.));
#4064=CARTESIAN_POINT('Ctrl Pts',(-430.570880485317,10.6023606064263,500.));
#4065=CARTESIAN_POINT('Ctrl Pts',(-432.299271242267,10.3790678458184,500.));
#4066=CARTESIAN_POINT('Ctrl Pts',(-434.017433278336,10.1565479782477,500.));
#4067=CARTESIAN_POINT('Ctrl Pts',(-435.725206708334,9.93489173570238,500.));
#4068=CARTESIAN_POINT('Ctrl Pts',(-437.422430175488,9.71419612887672,500.));
#4069=CARTESIAN_POINT('Ctrl Pts',(-439.108940501294,9.49454058630937,500.));
#4070=CARTESIAN_POINT('Ctrl Pts',(-440.784573272955,9.27595489145206,500.));
#4071=CARTESIAN_POINT('Ctrl Pts',(-442.449159687986,9.05842275318827,500.));
#4072=CARTESIAN_POINT('Ctrl Pts',(-444.102520355464,8.84191335613646,500.));
#4073=CARTESIAN_POINT('Ctrl Pts',(-445.744460320567,8.62640376915967,500.));
#4074=CARTESIAN_POINT('Ctrl Pts',(-447.37476282171,8.41190736777804,500.));
#4075=CARTESIAN_POINT('Ctrl Pts',(-448.99318581017,8.198493118477,500.));
#4076=CARTESIAN_POINT('Ctrl Pts',(-450.599474208419,7.98625790320711,500.));
#4077=CARTESIAN_POINT('Ctrl Pts',(-452.193370852731,7.77530317245309,500.));
#4078=CARTESIAN_POINT('Ctrl Pts',(-453.77462709388,7.56571136308158,500.));
#4079=CARTESIAN_POINT('Ctrl Pts',(-455.343015761161,7.35751870332373,500.));
#4080=CARTESIAN_POINT('Ctrl Pts',(-456.898318785638,7.15072995864217,500.));
#4081=CARTESIAN_POINT('Ctrl Pts',(-458.440310122791,6.94534077766375,500.));
#4082=CARTESIAN_POINT('Ctrl Pts',(-459.968741760235,6.74135548953678,500.));
#4083=CARTESIAN_POINT('Ctrl Pts',(-461.483324887418,6.53881144025925,500.));
#4084=CARTESIAN_POINT('Ctrl Pts',(-462.983734068721,6.3377730482831,500.));
#4085=CARTESIAN_POINT('Ctrl Pts',(-464.469620660006,6.1383134812444,500.));
#4086=CARTESIAN_POINT('Ctrl Pts',(-465.940622223986,5.94050215942622,500.));
#4087=CARTESIAN_POINT('Ctrl Pts',(-467.396376071723,5.74438536988476,500.));
#4088=CARTESIAN_POINT('Ctrl Pts',(-468.836516686082,5.54999633087544,500.));
#4089=CARTESIAN_POINT('Ctrl Pts',(-470.260667422876,5.35737692597701,500.));
#4090=CARTESIAN_POINT('Ctrl Pts',(-471.668433973583,5.16659407390503,500.));
#4091=CARTESIAN_POINT('Ctrl Pts',(-473.059397283095,4.97776235008074,500.));
#4092=CARTESIAN_POINT('Ctrl Pts',(-474.433105197793,4.79102049000308,500.));
#4093=CARTESIAN_POINT('Ctrl Pts',(-475.789064240634,4.60650351678988,500.));
#4094=CARTESIAN_POINT('Ctrl Pts',(-477.126730398577,4.42431326902252,500.));
#4095=CARTESIAN_POINT('Ctrl Pts',(-478.445503422163,4.24449871128643,500.));
#4096=CARTESIAN_POINT('Ctrl Pts',(-479.744745892535,4.06708421594034,500.));
#4097=CARTESIAN_POINT('Ctrl Pts',(-481.023792481625,3.89209164688477,500.));
#4098=CARTESIAN_POINT('Ctrl Pts',(-482.28197715063,3.71956378012898,500.));
#4099=CARTESIAN_POINT('Ctrl Pts',(-483.518585397391,3.54958887167987,500.));
#4100=CARTESIAN_POINT('Ctrl Pts',(-484.732793898068,3.38231643928277,500.));
#4101=CARTESIAN_POINT('Ctrl Pts',(-485.923578577506,3.21799373782671,500.));
#4102=CARTESIAN_POINT('Ctrl Pts',(-487.089743559473,3.05693823099037,500.));
#4103=CARTESIAN_POINT('Ctrl Pts',(-488.230095160576,2.89942468601527,500.));
#4104=CARTESIAN_POINT('Ctrl Pts',(-489.34368508104,2.74555320044217,500.));
#4105=CARTESIAN_POINT('Ctrl Pts',(-490.429758261145,2.59522729683241,500.));
#4106=CARTESIAN_POINT('Ctrl Pts',(-491.487057150603,2.4484333699486,500.));
#4107=CARTESIAN_POINT('Ctrl Pts',(-492.512838769303,2.30557125302498,500.));
#4108=CARTESIAN_POINT('Ctrl Pts',(-493.503098115252,2.16747899017725,500.));
#4109=CARTESIAN_POINT('Ctrl Pts',(-494.454692435899,2.03489286568873,500.));
#4110=CARTESIAN_POINT('Ctrl Pts',(-495.368158499171,1.90782347643392,500.));
#4111=CARTESIAN_POINT('Ctrl Pts',(-496.244475398507,1.78597571799706,500.));
#4112=CARTESIAN_POINT('Ctrl Pts',(-497.075290918777,1.67015971515311,500.));
#4113=CARTESIAN_POINT('Ctrl Pts',(-497.841353281875,1.56265273532792,500.));
#4114=CARTESIAN_POINT('Ctrl Pts',(-498.535145891599,1.46470737565809,500.));
#4115=CARTESIAN_POINT('Ctrl Pts',(-499.18210905576,1.37419228472986,500.));
#4116=CARTESIAN_POINT('Ctrl Pts',(-499.628044652568,1.31258638886703,500.));
#4117=CARTESIAN_POINT('Ctrl Pts',(-499.856400803058,1.28061837272794,500.));
#4118=CARTESIAN_POINT('Ctrl Pts',(-499.960172049728,1.26579604789698,500.));
#4119=CARTESIAN_POINT('Ctrl Pts',(-500.,1.26000000000012,500.));
#4120=CARTESIAN_POINT('',(-500.,-1.25999999999988,0.));
#4121=CARTESIAN_POINT('Origin',(-500.,1.26000000000012,0.));
#4122=CARTESIAN_POINT('',(-500.,1.26000000000012,500.));
#4123=CARTESIAN_POINT('Origin',(0.00839816778338331,1.3944401189292E-12,
500.));
#4124=UNCERTAINTY_MEASURE_WITH_UNIT(LENGTH_MEASURE(0.01),#4128,
'DISTANCE_ACCURACY_VALUE',
'Maximum model space distance between geometric entities at asserted c
onnectivities');
#4125=UNCERTAINTY_MEASURE_WITH_UNIT(LENGTH_MEASURE(0.01),#4128,
'DISTANCE_ACCURACY_VALUE',
'Maximum model space distance between geometric entities at asserted c
onnectivities');
#4126=(
GEOMETRIC_REPRESENTATION_CONTEXT(3)
GLOBAL_UNCERTAINTY_ASSIGNED_CONTEXT((#4124))
GLOBAL_UNIT_ASSIGNED_CONTEXT((#4128,#4130,#4131))
REPRESENTATION_CONTEXT('','3D')
);
#4127=(
GEOMETRIC_REPRESENTATION_CONTEXT(3)
GLOBAL_UNCERTAINTY_ASSIGNED_CONTEXT((#4125))
GLOBAL_UNIT_ASSIGNED_CONTEXT((#4128,#4130,#4131))
REPRESENTATION_CONTEXT('','3D')
);
#4128=(
LENGTH_UNIT()
NAMED_UNIT(*)
SI_UNIT(.MILLI.,.METRE.)
);
#4129=(
LENGTH_UNIT()
NAMED_UNIT(*)
SI_UNIT($,.METRE.)
);
#4130=(
NAMED_UNIT(*)
PLANE_ANGLE_UNIT()
SI_UNIT($,.RADIAN.)
);
#4131=(
NAMED_UNIT(*)
SI_UNIT($,.STERADIAN.)
SOLID_ANGLE_UNIT()
);
#4132=SHAPE_DEFINITION_REPRESENTATION(#4133,#4134);
#4133=PRODUCT_DEFINITION_SHAPE('',$,#4136);
#4134=SHAPE_REPRESENTATION('',(#76),#4126);
#4135=PRODUCT_DEFINITION_CONTEXT('part definition',#4140,'design');
#4136=PRODUCT_DEFINITION('(Unsaved)','(Unsaved)',#4137,#4135);
#4137=PRODUCT_DEFINITION_FORMATION('',$,#4142);
#4138=PRODUCT_RELATED_PRODUCT_CATEGORY('(Unsaved)','(Unsaved)',(#4142));
#4139=APPLICATION_PROTOCOL_DEFINITION('international standard',
'automotive_design',2009,#4140);
#4140=APPLICATION_CONTEXT(
'Core Data for Automotive Mechanical Design Process');
#4141=PRODUCT_CONTEXT('part definition',#4140,'mechanical');
#4142=PRODUCT('(Unsaved)','(Unsaved)',$,(#4141));
#4143=PRESENTATION_STYLE_ASSIGNMENT((#4144));
#4144=SURFACE_STYLE_USAGE(.BOTH.,#4145);
#4145=SURFACE_SIDE_STYLE('',(#4146));
#4146=SURFACE_STYLE_FILL_AREA(#4147);
#4147=FILL_AREA_STYLE('Steel - Satin',(#4148));
#4148=FILL_AREA_STYLE_COLOUR('Steel - Satin',#4149);
#4149=COLOUR_RGB('Steel - Satin',0.627450980392157,0.627450980392157,0.627450980392157);
ENDSEC;
END-ISO-10303-21;
